<?xml version="1.0" encoding="utf-8"?>
<COLLADA xmlns="http://www.collada.org/2005/11/COLLADASchema" version="1.4.1">
	<asset>
		<contributor>
			<author>Mecabricks User</author>
			<authoring_tool>Mecabricks 6.0</authoring_tool>
		</contributor>
		<created>2025-11-00 T 21:10:10</created>
		<modified>2025-11-00 T 21:10:10</modified>
		<unit name="millimeter" meter="0.001"/>
		<up_axis>Y_UP</up_axis>
	</asset>
	<library_effects>
		<effect id="MB|423-effect">
			<profile_COMMON>
				<technique sid="common">
					<phong>
						<diffuse>
							<color sid="diffuse">0.08865558627723595 0.04970656597728775 0.033104766565152086 1</color>
						</diffuse>
						<index_of_refraction>
							<float sid="index_of_refraction">0</float>
						</index_of_refraction>
					</phong>
				</technique>
			</profile_COMMON>
		</effect>
	</library_effects>
	<library_materials>
		<material id="MB|423-material" name="MB|423">
			<instance_effect url="#MB|423-effect"/>
		</material>
	</library_materials>
	<library_geometries>
		<geometry id="D16CA340-4DC7-4567-ABC3-1AD1C12A89D7-mesh" name="D16CA340-4DC7-4567-ABC3-1AD1C12A89D7">
			<mesh>
				<source id="D16CA340-4DC7-4567-ABC3-1AD1C12A89D7-mesh-positions">
					<float_array id="D16CA340-4DC7-4567-ABC3-1AD1C12A89D7-mesh-positions-array" count="10824">15.96 0.02 11.96 14.4 0.02 10.4 14.4 2.1 10.4 14.4 15.96 10.4 14.4 3.18 9.2 5.478 2.1 0.612 5.131 2.1 1.131 4.612 2.1 1.478 4 2.1 1.6 3.388 2.1 1.478 2.869 2.1 1.131 2.522 2.1 0.612 2.522 3.18 0.612 2.869 3.18 1.131 3.388 3.18 1.478 4 3.18 1.6 4.612 3.18 1.478 5.131 3.18 1.131 5.478 3.18 0.612 15.96 9.6 5 15.96 13 5 14.4 13 5 14.4 9.6 5 6.4 3.18 9.2 6.4 3.18 10.4 1.6 3.18 10.4 1.6 3.18 9.2 1.6 17.8 9.2 1.6 17.8 10.4 6.4 17.8 10.4 6.4 17.8 9.2 14.4 17.8 9.2 14.4 17.8 10.4 9.6 17.8 10.4 9.6 17.8 9.2 9.6 3.18 9.2 9.6 3.18 10.4 8 0.02 11.96 8 0.02 11.4 15.96 15.96 11.96 8 15.96 11.96 8 10.7 11.9 8 10.7 11.7 8 5.4 11.6 8 5.4 11.4 1.6 15.96 10.4 6.4 15.96 10.4 9.6 15.96 10.4 14.4 15.96 9.2 6.4 15.96 9.2 1.6 15.96 9.2 9.6 15.96 9.2 -15.96 0.02 11.96 -14.4 0.02 10.4 -14.4 2.1 10.4 -14.4 15.96 10.4 -14.4 3.18 9.2 -5.478 2.1 0.612 -5.131 2.1 1.131 -4.612 2.1 1.478 -4 2.1 1.6 -3.388 2.1 1.478 -2.869 2.1 1.131 -2.522 2.1 0.612 -2.522 3.18 0.612 -2.869 3.18 1.131 -3.388 3.18 1.478 -4 3.18 1.6 -4.612 3.18 1.478 -5.131 3.18 1.131 -5.478 3.18 0.612 -15.96 9.6 5 -15.96 13 5 -14.4 13 5 -14.4 9.6 5 -6.4 3.18 9.2 -6.4 3.18 10.4 -1.6 3.18 10.4 -1.6 3.18 9.2 -1.6 17.8 9.2 -1.6 17.8 10.4 -6.4 17.8 10.4 -6.4 17.8 9.2 -14.4 17.8 9.2 -14.4 17.8 10.4 -9.6 17.8 10.4 -9.6 17.8 9.2 -9.6 3.18 9.2 -9.6 3.18 10.4 -8 0.02 11.96 -8 0.02 11.4 -15.96 15.96 11.96 -8 15.96 11.96 -8 10.7 11.9 -8 10.7 11.7 -8 5.4 11.6 -8 5.4 11.4 -1.6 15.96 10.4 -6.4 15.96 10.4 -9.6 15.96 10.4 -14.4 15.96 9.2 0 3.18 9.2 -6.4 15.96 9.2 -1.6 15.96 9.2 -9.6 15.96 9.2 0 0.02 11.4 0 0.02 10.4 0 2.1 10.4 0 15.96 10.4 0 3.18 10.4 0 2.1 1.286 0 2.1 2.624 0 2.1 3.88 0 10.7 11.9 0 15.96 11.96 0 10.7 11.7 0 5.4 11.6 0 5.4 11.4 0 3.18 2.229 0 3.18 4.707 15.96 0.02 -11.96 14.4 0.02 -10.4 14.4 2.1 -10.4 14.4 15.96 -10.4 14.4 3.18 -9.2 5.478 2.1 -0.612 5.131 2.1 -1.131 4.612 2.1 -1.478 4 2.1 -1.6 3.388 2.1 -1.478 2.869 2.1 -1.131 2.522 2.1 -0.612 2.522 3.18 -0.612 2.869 3.18 -1.131 3.388 3.18 -1.478 4 3.18 -1.6 4.612 3.18 -1.478 5.131 3.18 -1.131 5.478 3.18 -0.612 15.96 9.6 -5 15.96 13 -5 14.4 13 -5 14.4 9.6 -5 6.4 3.18 -9.2 6.4 3.18 -10.4 1.6 3.18 -10.4 1.6 3.18 -9.2 1.6 17.8 -9.2 1.6 17.8 -10.4 6.4 17.8 -10.4 6.4 17.8 -9.2 14.4 17.8 -9.2 14.4 17.8 -10.4 9.6 17.8 -10.4 9.6 17.8 -9.2 9.6 3.18 -9.2 9.6 3.18 -10.4 8 0.02 -11.96 8 0.02 -11.4 15.96 15.96 -11.96 8 15.96 -11.96 8 10.7 -11.9 8 10.7 -11.7 8 5.4 -11.6 8 5.4 -11.4 1.6 15.96 -10.4 6.4 15.96 -10.4 9.6 15.96 -10.4 14.4 15.96 -9.2 6.4 15.96 -9.2 1.6 15.96 -9.2 9.6 15.96 -9.2 5.6 2.1 0 2.4 2.1 0 2.4 3.18 0 5.6 3.18 0 15.96 15.96 0 14.4 15.96 0 15.96 13 0 14.4 13 0 15.96 0.02 0 14.4 0.02 0 14.4 2.1 0 14.4 3.18 0 15.96 9.6 0 14.4 9.6 0 -15.96 0.02 -11.96 -14.4 0.02 -10.4 -14.4 2.1 -10.4 -14.4 15.96 -10.4 -14.4 3.18 -9.2 -5.478 2.1 -0.612 -5.131 2.1 -1.131 -4.612 2.1 -1.478 -4 2.1 -1.6 -3.388 2.1 -1.478 -2.869 2.1 -1.131 -2.522 2.1 -0.612 -2.522 3.18 -0.612 -2.869 3.18 -1.131 -3.388 3.18 -1.478 -4 3.18 -1.6 -4.612 3.18 -1.478 -5.131 3.18 -1.131 -5.478 3.18 -0.612 -15.96 9.6 -5 -15.96 13 -5 -14.4 13 -5 -14.4 9.6 -5 -6.4 3.18 -9.2 -6.4 3.18 -10.4 -1.6 3.18 -10.4 -1.6 3.18 -9.2 -1.6 17.8 -9.2 -1.6 17.8 -10.4 -6.4 17.8 -10.4 -6.4 17.8 -9.2 -14.4 17.8 -9.2 -14.4 17.8 -10.4 -9.6 17.8 -10.4 -9.6 17.8 -9.2 -9.6 3.18 -9.2 -9.6 3.18 -10.4 -8 0.02 -11.96 -8 0.02 -11.4 -15.96 15.96 -11.96 -8 15.96 -11.96 -8 10.7 -11.9 -8 10.7 -11.7 -8 5.4 -11.6 -8 5.4 -11.4 -1.6 15.96 -10.4 -6.4 15.96 -10.4 -9.6 15.96 -10.4 -14.4 15.96 -9.2 0 3.18 -9.2 -6.4 15.96 -9.2 -1.6 15.96 -9.2 -9.6 15.96 -9.2 0 0.02 -11.4 0 0.02 -10.4 0 2.1 -10.4 0 15.96 -10.4 0 3.18 -10.4 0 2.1 -1.286 0 2.1 -2.624 0 2.1 -3.88 0 10.7 -11.9 0 15.96 -11.96 0 10.7 -11.7 0 5.4 -11.6 0 5.4 -11.4 -5.6 2.1 0 -2.4 2.1 0 -2.4 3.18 0 -5.6 3.18 0 -15.96 15.96 0 -14.4 15.96 0 -15.96 13 0 -14.4 13 0 -15.96 0.02 0 -14.4 0.02 0 -14.4 2.1 0 -14.4 3.18 0 -15.96 9.6 0 -14.4 9.6 0 0 2.1 0 0 3.18 0 0 3.18 -2.229 0 3.18 -4.707 15.96 0.02 0 15.96 0.02 11.96 15.96 0.02 11.96 14.4 0.02 10.4 14.4 0.02 10.4 14.4 2.1 10.4 14.4 2.1 10.4 14.4 2.1 0 14.4 15.96 9.2 14.4 15.96 9.2 14.4 15.96 9.2 14.4 15.96 0 5.6 2.1 0 5.478 2.1 0.612 5.131 2.1 1.131 4.612 2.1 1.478 4 2.1 1.6 3.388 2.1 1.478 2.869 2.1 1.131 2.522 2.1 0.612 2.4 2.1 0 2.4 3.18 0 2.522 3.18 0.612 2.869 3.18 1.131 3.388 3.18 1.478 4 3.18 1.6 4.612 3.18 1.478 5.131 3.18 1.131 5.478 3.18 0.612 5.6 3.18 0 8 15.96 11.96 8 15.96 11.96 8 15.96 11.96 0 15.96 11.96 0 5.4 11.4 8 5.4 11.4 8 5.4 11.4 15.96 15.96 11.96 15.96 15.96 11.96 0 10.7 11.7 8 10.7 11.7 8 10.7 11.7 14.4 3.18 9.2 14.4 3.18 9.2 1.6 3.18 9.2 1.6 3.18 9.2 1.6 15.96 9.2 6.4 3.18 9.2 6.4 3.18 9.2 6.4 15.96 9.2 9.6 17.8 9.2 9.6 17.8 9.2 9.6 15.96 9.2 15.96 9.6 5 15.96 9.6 5 15.96 13 5 15.96 13 5 15.96 9.6 0 14.4 13 5 14.4 13 5 14.4 13 0 14.4 9.6 5 14.4 9.6 5 6.4 3.18 10.4 6.4 3.18 10.4 1.6 3.18 10.4 1.6 3.18 10.4 1.6 17.8 9.2 1.6 17.8 9.2 1.6 17.8 10.4 1.6 17.8 10.4 1.6 15.96 10.4 1.6 15.96 10.4 1.6 15.96 10.4 6.4 17.8 9.2 6.4 17.8 9.2 6.4 15.96 10.4 6.4 15.96 10.4 6.4 15.96 10.4 6.4 17.8 10.4 6.4 17.8 10.4 14.4 17.8 10.4 14.4 17.8 10.4 9.6 17.8 10.4 9.6 17.8 10.4 14.4 17.8 9.2 14.4 17.8 9.2 14.4 15.96 10.4 14.4 15.96 10.4 9.6 15.96 10.4 9.6 15.96 10.4 9.6 15.96 10.4 9.6 3.18 10.4 9.6 3.18 10.4 9.6 3.18 9.2 9.6 3.18 9.2 0 0.02 10.4 8 0.02 11.96 8 0.02 11.96 8 0.02 11.4 8 0.02 11.4 8 10.7 11.9 8 10.7 11.9 8 5.4 11.6 8 5.4 11.6 15.96 13 0 14.4 0.02 0 14.4 3.18 0 14.4 9.6 0 0 3.18 10.4 0 15.96 10.4 0 0.02 11.4 0 2.1 10.4 15.96 15.96 0 0 10.7 11.9 0 5.4 11.6 -15.96 0.02 0 -15.96 0.02 11.96 -15.96 0.02 11.96 -14.4 0.02 10.4 -14.4 0.02 10.4 -14.4 2.1 10.4 -14.4 2.1 10.4 -14.4 2.1 0 -14.4 15.96 9.2 -14.4 15.96 9.2 -14.4 15.96 9.2 -14.4 15.96 0 -5.6 2.1 0 -5.478 2.1 0.612 -5.131 2.1 1.131 -4.612 2.1 1.478 -4 2.1 1.6 -3.388 2.1 1.478 -2.869 2.1 1.131 -2.522 2.1 0.612 -2.4 2.1 0 -2.4 3.18 0 -2.522 3.18 0.612 -2.869 3.18 1.131 -3.388 3.18 1.478 -4 3.18 1.6 -4.612 3.18 1.478 -5.131 3.18 1.131 -5.478 3.18 0.612 -5.6 3.18 0 -8 15.96 11.96 -8 15.96 11.96 -8 15.96 11.96 -8 5.4 11.4 -8 5.4 11.4 -15.96 15.96 11.96 -15.96 15.96 11.96 -8 10.7 11.7 -8 10.7 11.7 -14.4 3.18 9.2 -14.4 3.18 9.2 -1.6 3.18 9.2 -1.6 3.18 9.2 -1.6 15.96 9.2 -6.4 3.18 9.2 -6.4 3.18 9.2 -6.4 15.96 9.2 -9.6 17.8 9.2 -9.6 17.8 9.2 -9.6 15.96 9.2 -15.96 9.6 5 -15.96 9.6 5 -15.96 13 5 -15.96 13 5 -15.96 9.6 0 -14.4 13 5 -14.4 13 5 -14.4 13 0 -14.4 9.6 5 -14.4 9.6 5 -6.4 3.18 10.4 -6.4 3.18 10.4 -1.6 3.18 10.4 -1.6 3.18 10.4 -1.6 17.8 9.2 -1.6 17.8 9.2 -1.6 17.8 10.4 -1.6 17.8 10.4 -1.6 15.96 10.4 -1.6 15.96 10.4 -1.6 15.96 10.4 -6.4 17.8 9.2 -6.4 17.8 9.2 -6.4 15.96 10.4 -6.4 15.96 10.4 -6.4 15.96 10.4 -6.4 17.8 10.4 -6.4 17.8 10.4 -14.4 17.8 10.4 -14.4 17.8 10.4 -9.6 17.8 10.4 -9.6 17.8 10.4 -14.4 17.8 9.2 -14.4 17.8 9.2 -14.4 15.96 10.4 -14.4 15.96 10.4 -9.6 15.96 10.4 -9.6 15.96 10.4 -9.6 15.96 10.4 -9.6 3.18 10.4 -9.6 3.18 10.4 -9.6 3.18 9.2 -9.6 3.18 9.2 -8 0.02 11.96 -8 0.02 11.96 -8 0.02 11.4 -8 0.02 11.4 -8 10.7 11.9 -8 10.7 11.9 -8 5.4 11.6 -8 5.4 11.6 -15.96 13 0 -14.4 0.02 0 -14.4 3.18 0 -14.4 9.6 0 -15.96 15.96 0 15.96 0.02 -11.96 15.96 0.02 -11.96 14.4 0.02 -10.4 14.4 0.02 -10.4 14.4 2.1 -10.4 14.4 2.1 -10.4 14.4 15.96 -9.2 14.4 15.96 -9.2 14.4 15.96 -9.2 5.478 2.1 -0.612 5.131 2.1 -1.131 4.612 2.1 -1.478 4 2.1 -1.6 3.388 2.1 -1.478 2.869 2.1 -1.131 2.522 2.1 -0.612 2.522 3.18 -0.612 2.869 3.18 -1.131 3.388 3.18 -1.478 4 3.18 -1.6 4.612 3.18 -1.478 5.131 3.18 -1.131 5.478 3.18 -0.612 8 15.96 -11.96 8 15.96 -11.96 8 15.96 -11.96 0 15.96 -11.96 0 5.4 -11.4 8 5.4 -11.4 8 5.4 -11.4 15.96 15.96 -11.96 15.96 15.96 -11.96 0 10.7 -11.7 8 10.7 -11.7 8 10.7 -11.7 14.4 3.18 -9.2 14.4 3.18 -9.2 1.6 3.18 -9.2 1.6 3.18 -9.2 1.6 15.96 -9.2 6.4 3.18 -9.2 6.4 3.18 -9.2 6.4 15.96 -9.2 9.6 17.8 -9.2 9.6 17.8 -9.2 9.6 15.96 -9.2 15.96 9.6 -5 15.96 9.6 -5 15.96 13 -5 15.96 13 -5 14.4 13 -5 14.4 13 -5 14.4 9.6 -5 14.4 9.6 -5 6.4 3.18 -10.4 6.4 3.18 -10.4 1.6 3.18 -10.4 1.6 3.18 -10.4 1.6 17.8 -9.2 1.6 17.8 -9.2 1.6 17.8 -10.4 1.6 17.8 -10.4 1.6 15.96 -10.4 1.6 15.96 -10.4 1.6 15.96 -10.4 6.4 17.8 -9.2 6.4 17.8 -9.2 6.4 15.96 -10.4 6.4 15.96 -10.4 6.4 15.96 -10.4 6.4 17.8 -10.4 6.4 17.8 -10.4 14.4 17.8 -10.4 14.4 17.8 -10.4 9.6 17.8 -10.4 9.6 17.8 -10.4 14.4 17.8 -9.2 14.4 17.8 -9.2 14.4 15.96 -10.4 14.4 15.96 -10.4 9.6 15.96 -10.4 9.6 15.96 -10.4 9.6 15.96 -10.4 9.6 3.18 -10.4 9.6 3.18 -10.4 9.6 3.18 -9.2 9.6 3.18 -9.2 0 0.02 -10.4 8 0.02 -11.96 8 0.02 -11.96 8 0.02 -11.4 8 0.02 -11.4 8 10.7 -11.9 8 10.7 -11.9 8 5.4 -11.6 8 5.4 -11.6 0 3.18 -10.4 0 15.96 -10.4 0 0.02 -11.4 0 2.1 -10.4 0 10.7 -11.9 0 5.4 -11.6 -15.96 0.02 -11.96 -15.96 0.02 -11.96 -14.4 0.02 -10.4 -14.4 0.02 -10.4 -14.4 2.1 -10.4 -14.4 2.1 -10.4 -14.4 15.96 -9.2 -14.4 15.96 -9.2 -14.4 15.96 -9.2 -5.478 2.1 -0.612 -5.131 2.1 -1.131 -4.612 2.1 -1.478 -4 2.1 -1.6 -3.388 2.1 -1.478 -2.869 2.1 -1.131 -2.522 2.1 -0.612 -2.522 3.18 -0.612 -2.869 3.18 -1.131 -3.388 3.18 -1.478 -4 3.18 -1.6 -4.612 3.18 -1.478 -5.131 3.18 -1.131 -5.478 3.18 -0.612 -8 15.96 -11.96 -8 15.96 -11.96 -8 15.96 -11.96 -8 5.4 -11.4 -8 5.4 -11.4 -15.96 15.96 -11.96 -15.96 15.96 -11.96 -8 10.7 -11.7 -8 10.7 -11.7 -14.4 3.18 -9.2 -14.4 3.18 -9.2 -1.6 3.18 -9.2 -1.6 3.18 -9.2 -1.6 15.96 -9.2 -6.4 3.18 -9.2 -6.4 3.18 -9.2 -6.4 15.96 -9.2 -9.6 17.8 -9.2 -9.6 17.8 -9.2 -9.6 15.96 -9.2 -15.96 9.6 -5 -15.96 9.6 -5 -15.96 13 -5 -15.96 13 -5 -14.4 13 -5 -14.4 13 -5 -14.4 9.6 -5 -14.4 9.6 -5 -6.4 3.18 -10.4 -6.4 3.18 -10.4 -1.6 3.18 -10.4 -1.6 3.18 -10.4 -1.6 17.8 -9.2 -1.6 17.8 -9.2 -1.6 17.8 -10.4 -1.6 17.8 -10.4 -1.6 15.96 -10.4 -1.6 15.96 -10.4 -1.6 15.96 -10.4 -6.4 17.8 -9.2 -6.4 17.8 -9.2 -6.4 15.96 -10.4 -6.4 15.96 -10.4 -6.4 15.96 -10.4 -6.4 17.8 -10.4 -6.4 17.8 -10.4 -14.4 17.8 -10.4 -14.4 17.8 -10.4 -9.6 17.8 -10.4 -9.6 17.8 -10.4 -14.4 17.8 -9.2 -14.4 17.8 -9.2 -14.4 15.96 -10.4 -14.4 15.96 -10.4 -9.6 15.96 -10.4 -9.6 15.96 -10.4 -9.6 15.96 -10.4 -9.6 3.18 -10.4 -9.6 3.18 -10.4 -9.6 3.18 -9.2 -9.6 3.18 -9.2 -8 0.02 -11.96 -8 0.02 -11.96 -8 0.02 -11.4 -8 0.02 -11.4 -8 10.7 -11.9 -8 10.7 -11.9 -8 5.4 -11.6 -8 5.4 -11.6 -7.082 4.75 -6.217 -7.179 5 -5.982 -7.11 4.927 -6.148 -6.483 5 -5.517 -6.303 4.75 -5.697 -6.356 4.927 -5.644 -5.783 4.75 -4.918 -6.018 5 -4.821 -5.852 4.927 -4.89 -5.855 5 -4 -5.6 4.75 -4 -5.675 4.927 -4 -5.783 4.75 -3.082 -6.018 5 -3.179 -5.852 4.927 -3.11 -6.303 4.75 -2.303 -6.483 5 -2.483 -6.356 4.927 -2.356 -7.082 4.75 -1.783 -7.179 5 -2.018 -7.11 4.927 -1.852 -8 4.75 -1.6 -8 5 -1.855 -8 4.927 -1.675 -8.821 5 -2.018 -8.918 4.75 -1.783 -8.89 4.927 -1.852 -9.697 4.75 -2.303 -9.517 5 -2.483 -9.644 4.927 -2.356 -10.217 4.75 -3.082 -9.982 5 -3.179 -10.148 4.927 -3.11 -10.4 4.75 -4 -10.145 5 -4 -10.325 4.927 -4 -10.217 4.75 -4.918 -9.982 5 -4.821 -10.148 4.927 -4.89 -9.517 5 -5.517 -9.697 4.75 -5.697 -9.644 4.927 -5.644 -8.918 4.75 -6.217 -8.821 5 -5.982 -8.89 4.927 -6.148 -8 4.75 -6.4 -8 5 -6.145 -8 4.927 -6.325 -6.937 5 -2.986 -6.836 5 -4 -6.937 5 -5.014 -8 5 -2.903 -8 5 -4 -8 5 -5.097 -9.063 5 -2.986 -9.164 5 -4 -9.063 5 -5.014 -8 3.33 -6.4 -8 3.18 -6.553 -8 3.224 -6.445 -8.977 3.18 -6.359 -8.918 3.33 -6.217 -8.936 3.224 -6.259 -9.805 3.18 -5.805 -9.697 3.33 -5.697 -9.729 3.224 -5.729 -10.359 3.18 -4.977 -10.217 3.33 -4.918 -10.259 3.224 -4.936 -10.553 3.18 -4 -10.4 3.33 -4 -10.445 3.224 -4 -10.359 3.18 -3.023 -10.217 3.33 -3.082 -10.259 3.224 -3.064 -9.805 3.18 -2.195 -9.697 3.33 -2.303 -9.729 3.224 -2.271 -8.977 3.18 -1.641 -8.918 3.33 -1.783 -8.936 3.224 -1.741 -8 3.18 -1.447 -8 3.33 -1.6 -8 3.224 -1.555 -7.023 3.18 -1.641 -7.082 3.33 -1.783 -7.064 3.224 -1.741 -6.195 3.18 -2.195 -6.303 3.33 -2.303 -6.271 3.224 -2.271 -5.641 3.18 -3.023 -5.783 3.33 -3.082 -5.741 3.224 -3.064 -5.447 3.18 -4 -5.6 3.33 -4 -5.555 3.224 -4 -5.641 3.18 -4.977 -5.783 3.33 -4.918 -5.741 3.224 -4.936 -6.195 3.18 -5.805 -6.303 3.33 -5.697 -6.271 3.224 -5.729 -7.023 3.18 -6.359 -7.082 3.33 -6.217 -7.064 3.224 -6.259 -7.082 4.75 1.783 -7.179 5 2.018 -7.11 4.927 1.852 -6.483 5 2.483 -6.303 4.75 2.303 -6.356 4.927 2.356 -5.783 4.75 3.082 -6.018 5 3.179 -5.852 4.927 3.11 -5.855 5 4 -5.6 4.75 4 -5.675 4.927 4 -5.783 4.75 4.918 -6.018 5 4.821 -5.852 4.927 4.89 -6.303 4.75 5.697 -6.483 5 5.517 -6.356 4.927 5.644 -7.082 4.75 6.217 -7.179 5 5.982 -7.11 4.927 6.148 -8 4.75 6.4 -8 5 6.145 -8 4.927 6.325 -8.821 5 5.982 -8.918 4.75 6.217 -8.89 4.927 6.148 -9.697 4.75 5.697 -9.517 5 5.517 -9.644 4.927 5.644 -10.217 4.75 4.918 -9.982 5 4.821 -10.148 4.927 4.89 -10.4 4.75 4 -10.145 5 4 -10.325 4.927 4 -10.217 4.75 3.082 -9.982 5 3.179 -10.148 4.927 3.11 -9.517 5 2.483 -9.697 4.75 2.303 -9.644 4.927 2.356 -8.918 4.75 1.783 -8.821 5 2.018 -8.89 4.927 1.852 -8 4.75 1.6 -8 5 1.855 -8 4.927 1.675 -6.937 5 5.014 -6.836 5 4 -6.937 5 2.986 -8 5 5.097 -8 5 4 -8 5 2.903 -9.063 5 5.014 -9.164 5 4 -9.063 5 2.986 -8 3.33 1.6 -8 3.18 1.447 -8 3.224 1.555 -8.977 3.18 1.641 -8.918 3.33 1.783 -8.936 3.224 1.741 -9.805 3.18 2.195 -9.697 3.33 2.303 -9.729 3.224 2.271 -10.359 3.18 3.023 -10.217 3.33 3.082 -10.259 3.224 3.064 -10.553 3.18 4 -10.4 3.33 4 -10.445 3.224 4 -10.359 3.18 4.977 -10.217 3.33 4.918 -10.259 3.224 4.936 -9.805 3.18 5.805 -9.697 3.33 5.697 -9.729 3.224 5.729 -8.977 3.18 6.359 -8.918 3.33 6.217 -8.936 3.224 6.259 -8 3.18 6.553 -8 3.33 6.4 -8 3.224 6.445 -7.023 3.18 6.359 -7.082 3.33 6.217 -7.064 3.224 6.259 -6.195 3.18 5.805 -6.303 3.33 5.697 -6.271 3.224 5.729 -5.641 3.18 4.977 -5.783 3.33 4.918 -5.741 3.224 4.936 -5.447 3.18 4 -5.6 3.33 4 -5.555 3.224 4 -5.641 3.18 3.023 -5.783 3.33 3.082 -5.741 3.224 3.064 -6.195 3.18 2.195 -6.303 3.33 2.303 -6.271 3.224 2.271 -7.023 3.18 1.641 -7.082 3.33 1.783 -7.064 3.224 1.741 0.918 4.75 -6.217 0.821 5 -5.982 0.89 4.927 -6.148 1.517 5 -5.517 1.697 4.75 -5.697 1.644 4.927 -5.644 2.217 4.75 -4.918 1.982 5 -4.821 2.148 4.927 -4.89 2.145 5 -4 2.4 4.75 -4 2.325 4.927 -4 2.217 4.75 -3.082 1.982 5 -3.179 2.148 4.927 -3.11 1.697 4.75 -2.303 1.517 5 -2.483 1.644 4.927 -2.356 0.918 4.75 -1.783 0.821 5 -2.018 0.89 4.927 -1.852 0 4.75 -1.6 0 5 -1.855 0 4.927 -1.675 -0.821 5 -2.018 -0.918 4.75 -1.783 -0.89 4.927 -1.852 -1.697 4.75 -2.303 -1.517 5 -2.483 -1.644 4.927 -2.356 -2.217 4.75 -3.082 -1.982 5 -3.179 -2.148 4.927 -3.11 -2.4 4.75 -4 -2.145 5 -4 -2.325 4.927 -4 -2.217 4.75 -4.918 -1.982 5 -4.821 -2.148 4.927 -4.89 -1.517 5 -5.517 -1.697 4.75 -5.697 -1.644 4.927 -5.644 -0.918 4.75 -6.217 -0.821 5 -5.982 -0.89 4.927 -6.148 0 4.75 -6.4 0 5 -6.145 0 4.927 -6.325 1.063 5 -2.986 1.164 5 -4 1.063 5 -5.014 0 5 -2.903 0 5 -4 0 5 -5.097 -1.063 5 -2.986 -1.164 5 -4 -1.063 5 -5.014 0 3.33 -6.4 0 3.18 -6.553 0 3.224 -6.445 -0.977 3.18 -6.359 -0.918 3.33 -6.217 -0.936 3.224 -6.259 -1.805 3.18 -5.805 -1.697 3.33 -5.697 -1.729 3.224 -5.729 -2.359 3.18 -4.977 -2.217 3.33 -4.918 -2.259 3.224 -4.936 -2.553 3.18 -4 -2.4 3.33 -4 -2.445 3.224 -4 -2.359 3.18 -3.023 -2.217 3.33 -3.082 -2.259 3.224 -3.064 -1.805 3.18 -2.195 -1.697 3.33 -2.303 -1.729 3.224 -2.271 -0.977 3.18 -1.641 -0.918 3.33 -1.783 -0.936 3.224 -1.741 0 3.18 -1.447 0 3.33 -1.6 0 3.224 -1.555 0.977 3.18 -1.641 0.918 3.33 -1.783 0.936 3.224 -1.741 1.805 3.18 -2.195 1.697 3.33 -2.303 1.729 3.224 -2.271 2.359 3.18 -3.023 2.217 3.33 -3.082 2.259 3.224 -3.064 2.553 3.18 -4 2.4 3.33 -4 2.445 3.224 -4 2.359 3.18 -4.977 2.217 3.33 -4.918 2.259 3.224 -4.936 1.805 3.18 -5.805 1.697 3.33 -5.697 1.729 3.224 -5.729 0.977 3.18 -6.359 0.918 3.33 -6.217 0.936 3.224 -6.259 0.918 4.75 1.783 0.821 5 2.018 0.89 4.927 1.852 1.517 5 2.483 1.697 4.75 2.303 1.644 4.927 2.356 2.217 4.75 3.082 1.982 5 3.179 2.148 4.927 3.11 2.145 5 4 2.4 4.75 4 2.325 4.927 4 2.217 4.75 4.918 1.982 5 4.821 2.148 4.927 4.89 1.697 4.75 5.697 1.517 5 5.517 1.644 4.927 5.644 0.918 4.75 6.217 0.821 5 5.982 0.89 4.927 6.148 0 4.75 6.4 0 5 6.145 0 4.927 6.325 -0.821 5 5.982 -0.918 4.75 6.217 -0.89 4.927 6.148 -1.697 4.75 5.697 -1.517 5 5.517 -1.644 4.927 5.644 -2.217 4.75 4.918 -1.982 5 4.821 -2.148 4.927 4.89 -2.4 4.75 4 -2.145 5 4 -2.325 4.927 4 -2.217 4.75 3.082 -1.982 5 3.179 -2.148 4.927 3.11 -1.517 5 2.483 -1.697 4.75 2.303 -1.644 4.927 2.356 -0.918 4.75 1.783 -0.821 5 2.018 -0.89 4.927 1.852 0 4.75 1.6 0 5 1.855 0 4.927 1.675 1.063 5 5.014 1.164 5 4 1.063 5 2.986 0 5 5.097 0 5 4 0 5 2.903 -1.063 5 5.014 -1.164 5 4 -1.063 5 2.986 0 3.33 1.6 0 3.18 1.447 0 3.224 1.555 -0.977 3.18 1.641 -0.918 3.33 1.783 -0.936 3.224 1.741 -1.805 3.18 2.195 -1.697 3.33 2.303 -1.729 3.224 2.271 -2.359 3.18 3.023 -2.217 3.33 3.082 -2.259 3.224 3.064 -2.553 3.18 4 -2.4 3.33 4 -2.445 3.224 4 -2.359 3.18 4.977 -2.217 3.33 4.918 -2.259 3.224 4.936 -1.805 3.18 5.805 -1.697 3.33 5.697 -1.729 3.224 5.729 -0.977 3.18 6.359 -0.918 3.33 6.217 -0.936 3.224 6.259 0 3.18 6.553 0 3.33 6.4 0 3.224 6.445 0.977 3.18 6.359 0.918 3.33 6.217 0.936 3.224 6.259 1.805 3.18 5.805 1.697 3.33 5.697 1.729 3.224 5.729 2.359 3.18 4.977 2.217 3.33 4.918 2.259 3.224 4.936 2.553 3.18 4 2.4 3.33 4 2.445 3.224 4 2.359 3.18 3.023 2.217 3.33 3.082 2.259 3.224 3.064 1.805 3.18 2.195 1.697 3.33 2.303 1.729 3.224 2.271 0.977 3.18 1.641 0.918 3.33 1.783 0.936 3.224 1.741 8.918 4.75 -6.217 8.821 5 -5.982 8.89 4.927 -6.148 9.517 5 -5.517 9.697 4.75 -5.697 9.644 4.927 -5.644 10.217 4.75 -4.918 9.982 5 -4.821 10.148 4.927 -4.89 10.145 5 -4 10.4 4.75 -4 10.325 4.927 -4 10.217 4.75 -3.082 9.982 5 -3.179 10.148 4.927 -3.11 9.697 4.75 -2.303 9.517 5 -2.483 9.644 4.927 -2.356 8.918 4.75 -1.783 8.821 5 -2.018 8.89 4.927 -1.852 8 4.75 -1.6 8 5 -1.855 8 4.927 -1.675 7.179 5 -2.018 7.082 4.75 -1.783 7.11 4.927 -1.852 6.303 4.75 -2.303 6.483 5 -2.483 6.356 4.927 -2.356 5.783 4.75 -3.082 6.018 5 -3.179 5.852 4.927 -3.11 5.6 4.75 -4 5.855 5 -4 5.675 4.927 -4 5.783 4.75 -4.918 6.018 5 -4.821 5.852 4.927 -4.89 6.483 5 -5.517 6.303 4.75 -5.697 6.356 4.927 -5.644 7.082 4.75 -6.217 7.179 5 -5.982 7.11 4.927 -6.148 8 4.75 -6.4 8 5 -6.145 8 4.927 -6.325 9.063 5 -2.986 9.164 5 -4 9.063 5 -5.014 8 5 -2.903 8 5 -4 8 5 -5.097 6.937 5 -2.986 6.836 5 -4 6.937 5 -5.014 8 3.33 -6.4 8 3.18 -6.553 8 3.224 -6.445 7.023 3.18 -6.359 7.082 3.33 -6.217 7.064 3.224 -6.259 6.195 3.18 -5.805 6.303 3.33 -5.697 6.271 3.224 -5.729 5.641 3.18 -4.977 5.783 3.33 -4.918 5.741 3.224 -4.936 5.447 3.18 -4 5.6 3.33 -4 5.555 3.224 -4 5.641 3.18 -3.023 5.783 3.33 -3.082 5.741 3.224 -3.064 6.195 3.18 -2.195 6.303 3.33 -2.303 6.271 3.224 -2.271 7.023 3.18 -1.641 7.082 3.33 -1.783 7.064 3.224 -1.741 8 3.18 -1.447 8 3.33 -1.6 8 3.224 -1.555 8.977 3.18 -1.641 8.918 3.33 -1.783 8.936 3.224 -1.741 9.805 3.18 -2.195 9.697 3.33 -2.303 9.729 3.224 -2.271 10.359 3.18 -3.023 10.217 3.33 -3.082 10.259 3.224 -3.064 10.553 3.18 -4 10.4 3.33 -4 10.445 3.224 -4 10.359 3.18 -4.977 10.217 3.33 -4.918 10.259 3.224 -4.936 9.805 3.18 -5.805 9.697 3.33 -5.697 9.729 3.224 -5.729 8.977 3.18 -6.359 8.918 3.33 -6.217 8.936 3.224 -6.259 8.918 4.75 1.783 8.821 5 2.018 8.89 4.927 1.852 9.517 5 2.483 9.697 4.75 2.303 9.644 4.927 2.356 10.217 4.75 3.082 9.982 5 3.179 10.148 4.927 3.11 10.145 5 4 10.4 4.75 4 10.325 4.927 4 10.217 4.75 4.918 9.982 5 4.821 10.148 4.927 4.89 9.697 4.75 5.697 9.517 5 5.517 9.644 4.927 5.644 8.918 4.75 6.217 8.821 5 5.982 8.89 4.927 6.148 8 4.75 6.4 8 5 6.145 8 4.927 6.325 7.179 5 5.982 7.082 4.75 6.217 7.11 4.927 6.148 6.303 4.75 5.697 6.483 5 5.517 6.356 4.927 5.644 5.783 4.75 4.918 6.018 5 4.821 5.852 4.927 4.89 5.6 4.75 4 5.855 5 4 5.675 4.927 4 5.783 4.75 3.082 6.018 5 3.179 5.852 4.927 3.11 6.483 5 2.483 6.303 4.75 2.303 6.356 4.927 2.356 7.082 4.75 1.783 7.179 5 2.018 7.11 4.927 1.852 8 4.75 1.6 8 5 1.855 8 4.927 1.675 9.063 5 5.014 9.164 5 4 9.063 5 2.986 8 5 5.097 8 5 4 8 5 2.903 6.937 5 5.014 6.836 5 4 6.937 5 2.986 8 3.33 1.6 8 3.18 1.447 8 3.224 1.555 7.023 3.18 1.641 7.082 3.33 1.783 7.064 3.224 1.741 6.195 3.18 2.195 6.303 3.33 2.303 6.271 3.224 2.271 5.641 3.18 3.023 5.783 3.33 3.082 5.741 3.224 3.064 5.447 3.18 4 5.6 3.33 4 5.555 3.224 4 5.641 3.18 4.977 5.783 3.33 4.918 5.741 3.224 4.936 6.195 3.18 5.805 6.303 3.33 5.697 6.271 3.224 5.729 7.023 3.18 6.359 7.082 3.33 6.217 7.064 3.224 6.259 8 3.18 6.553 8 3.33 6.4 8 3.224 6.445 8.977 3.18 6.359 8.918 3.33 6.217 8.936 3.224 6.259 9.805 3.18 5.805 9.697 3.33 5.697 9.729 3.224 5.729 10.359 3.18 4.977 10.217 3.33 4.918 10.259 3.224 4.936 10.553 3.18 4 10.4 3.33 4 10.445 3.224 4 10.359 3.18 3.023 10.217 3.33 3.082 10.259 3.224 3.064 9.805 3.18 2.195 9.697 3.33 2.303 9.729 3.224 2.271 8.977 3.18 1.641 8.918 3.33 1.783 8.936 3.224 1.741 -8 2.1 -7.25 -9.244 2.1 -7.003 -10.298 2.1 -6.298 -11.003 2.1 -5.244 -11.25 2.1 -4 -11.003 2.1 -2.756 -10.298 2.1 -1.702 -9.244 2.1 -0.997 -8 2.1 -0.75 -6.756 2.1 -0.997 -5.702 2.1 -1.702 -4.997 2.1 -2.756 -4.75 2.1 -4 -4.997 2.1 -5.244 -5.702 2.1 -6.298 -6.756 2.1 -7.003 -8 2.1 -6.4 -8.918 2.1 -6.217 -9.697 2.1 -5.697 -10.217 2.1 -4.918 -10.4 2.1 -4 -10.217 2.1 -3.082 -9.697 2.1 -2.303 -8.918 2.1 -1.783 -8 2.1 -1.6 -7.082 2.1 -1.783 -6.303 2.1 -2.303 -5.783 2.1 -3.082 -5.6 2.1 -4 -5.783 2.1 -4.918 -6.303 2.1 -5.697 -7.082 2.1 -6.217 -8 0.17 -7.25 -8 0.02 -7.097 -8 0.064 -7.205 -9.185 0.02 -6.861 -9.244 0.17 -7.003 -9.227 0.064 -6.961 -10.19 0.02 -6.19 -10.298 0.17 -6.298 -10.266 0.064 -6.266 -10.861 0.02 -5.185 -11.003 0.17 -5.244 -10.961 0.064 -5.227 -11.097 0.02 -4 -11.25 0.17 -4 -11.205 0.064 -4 -10.861 0.02 -2.815 -11.003 0.17 -2.756 -10.961 0.064 -2.773 -10.19 0.02 -1.81 -10.298 0.17 -1.702 -10.266 0.064 -1.734 -9.185 0.02 -1.139 -9.244 0.17 -0.997 -9.227 0.064 -1.039 -8 0.02 -0.903 -8 0.17 -0.75 -8 0.064 -0.795 -6.815 0.02 -1.139 -6.756 0.17 -0.997 -6.773 0.064 -1.039 -5.81 0.02 -1.81 -5.702 0.17 -1.702 -5.734 0.064 -1.734 -5.139 0.02 -2.815 -4.997 0.17 -2.756 -5.039 0.064 -2.773 -4.903 0.02 -4 -4.75 0.17 -4 -4.795 0.064 -4 -5.139 0.02 -5.185 -4.997 0.17 -5.244 -5.039 0.064 -5.227 -5.81 0.02 -6.19 -5.702 0.17 -6.298 -5.734 0.064 -6.266 -6.815 0.02 -6.861 -6.756 0.17 -7.003 -6.773 0.064 -6.961 -8 0.02 -6.553 -8 0.17 -6.4 -8 0.064 -6.445 -8.918 0.17 -6.217 -8.977 0.02 -6.359 -8.936 0.064 -6.259 -9.697 0.17 -5.697 -9.805 0.02 -5.805 -9.729 0.064 -5.729 -10.217 0.17 -4.918 -10.359 0.02 -4.977 -10.259 0.064 -4.936 -10.4 0.17 -4 -10.553 0.02 -4 -10.445 0.064 -4 -10.217 0.17 -3.082 -10.359 0.02 -3.023 -10.259 0.064 -3.064 -9.697 0.17 -2.303 -9.805 0.02 -2.195 -9.729 0.064 -2.271 -8.918 0.17 -1.783 -8.977 0.02 -1.641 -8.936 0.064 -1.741 -8 0.17 -1.6 -8 0.02 -1.447 -8 0.064 -1.555 -7.082 0.17 -1.783 -7.023 0.02 -1.641 -7.064 0.064 -1.741 -6.303 0.17 -2.303 -6.195 0.02 -2.195 -6.271 0.064 -2.271 -5.783 0.17 -3.082 -5.641 0.02 -3.023 -5.741 0.064 -3.064 -5.6 0.17 -4 -5.447 0.02 -4 -5.555 0.064 -4 -5.783 0.17 -4.918 -5.641 0.02 -4.977 -5.741 0.064 -4.936 -6.303 0.17 -5.697 -6.195 0.02 -5.805 -6.271 0.064 -5.729 -7.082 0.17 -6.217 -7.023 0.02 -6.359 -7.064 0.064 -6.259 -8 2.1 0.75 -9.244 2.1 0.997 -10.298 2.1 1.702 -11.003 2.1 2.756 -11.25 2.1 4 -11.003 2.1 5.244 -10.298 2.1 6.298 -9.244 2.1 7.003 -8 2.1 7.25 -6.756 2.1 7.003 -5.702 2.1 6.298 -4.997 2.1 5.244 -4.75 2.1 4 -4.997 2.1 2.756 -5.702 2.1 1.702 -6.756 2.1 0.997 -8 2.1 1.6 -8.918 2.1 1.783 -9.697 2.1 2.303 -10.217 2.1 3.082 -10.4 2.1 4 -10.217 2.1 4.918 -9.697 2.1 5.697 -8.918 2.1 6.217 -8 2.1 6.4 -7.082 2.1 6.217 -6.303 2.1 5.697 -5.783 2.1 4.918 -5.6 2.1 4 -5.783 2.1 3.082 -6.303 2.1 2.303 -7.082 2.1 1.783 -8 0.17 0.75 -8 0.02 0.903 -8 0.064 0.795 -9.185 0.02 1.139 -9.244 0.17 0.997 -9.227 0.064 1.039 -10.19 0.02 1.81 -10.298 0.17 1.702 -10.266 0.064 1.734 -10.861 0.02 2.815 -11.003 0.17 2.756 -10.961 0.064 2.773 -11.097 0.02 4 -11.25 0.17 4 -11.205 0.064 4 -10.861 0.02 5.185 -11.003 0.17 5.244 -10.961 0.064 5.227 -10.19 0.02 6.19 -10.298 0.17 6.298 -10.266 0.064 6.266 -9.185 0.02 6.861 -9.244 0.17 7.003 -9.227 0.064 6.961 -8 0.02 7.097 -8 0.17 7.25 -8 0.064 7.205 -6.815 0.02 6.861 -6.756 0.17 7.003 -6.773 0.064 6.961 -5.81 0.02 6.19 -5.702 0.17 6.298 -5.734 0.064 6.266 -5.139 0.02 5.185 -4.997 0.17 5.244 -5.039 0.064 5.227 -4.903 0.02 4 -4.75 0.17 4 -4.795 0.064 4 -5.139 0.02 2.815 -4.997 0.17 2.756 -5.039 0.064 2.773 -5.81 0.02 1.81 -5.702 0.17 1.702 -5.734 0.064 1.734 -6.815 0.02 1.139 -6.756 0.17 0.997 -6.773 0.064 1.039 -8 0.02 1.447 -8 0.17 1.6 -8 0.064 1.555 -8.918 0.17 1.783 -8.977 0.02 1.641 -8.936 0.064 1.741 -9.697 0.17 2.303 -9.805 0.02 2.195 -9.729 0.064 2.271 -10.217 0.17 3.082 -10.359 0.02 3.023 -10.259 0.064 3.064 -10.4 0.17 4 -10.553 0.02 4 -10.445 0.064 4 -10.217 0.17 4.918 -10.359 0.02 4.977 -10.259 0.064 4.936 -9.697 0.17 5.697 -9.805 0.02 5.805 -9.729 0.064 5.729 -8.918 0.17 6.217 -8.977 0.02 6.359 -8.936 0.064 6.259 -8 0.17 6.4 -8 0.02 6.553 -8 0.064 6.445 -7.082 0.17 6.217 -7.023 0.02 6.359 -7.064 0.064 6.259 -6.303 0.17 5.697 -6.195 0.02 5.805 -6.271 0.064 5.729 -5.783 0.17 4.918 -5.641 0.02 4.977 -5.741 0.064 4.936 -5.6 0.17 4 -5.447 0.02 4 -5.555 0.064 4 -5.783 0.17 3.082 -5.641 0.02 3.023 -5.741 0.064 3.064 -6.303 0.17 2.303 -6.195 0.02 2.195 -6.271 0.064 2.271 -7.082 0.17 1.783 -7.023 0.02 1.641 -7.064 0.064 1.741 0 2.1 -7.25 -1.244 2.1 -7.003 -2.298 2.1 -6.298 -3.003 2.1 -5.244 -3.25 2.1 -4 -3.003 2.1 -2.756 -2.298 2.1 -1.702 -1.244 2.1 -0.997 0 2.1 -0.75 1.244 2.1 -0.997 2.298 2.1 -1.702 3.003 2.1 -2.756 3.25 2.1 -4 3.003 2.1 -5.244 2.298 2.1 -6.298 1.244 2.1 -7.003 0 2.1 -6.4 -0.918 2.1 -6.217 -1.697 2.1 -5.697 -2.217 2.1 -4.918 -2.4 2.1 -4 -2.217 2.1 -3.082 -1.697 2.1 -2.303 -0.918 2.1 -1.783 0 2.1 -1.6 0.918 2.1 -1.783 1.697 2.1 -2.303 2.217 2.1 -3.082 2.4 2.1 -4 2.217 2.1 -4.918 1.697 2.1 -5.697 0.918 2.1 -6.217 0 0.17 -7.25 0 0.02 -7.097 0 0.064 -7.205 -1.185 0.02 -6.861 -1.244 0.17 -7.003 -1.227 0.064 -6.961 -2.19 0.02 -6.19 -2.298 0.17 -6.298 -2.266 0.064 -6.266 -2.861 0.02 -5.185 -3.003 0.17 -5.244 -2.961 0.064 -5.227 -3.097 0.02 -4 -3.25 0.17 -4 -3.205 0.064 -4 -2.861 0.02 -2.815 -3.003 0.17 -2.756 -2.961 0.064 -2.773 -2.19 0.02 -1.81 -2.298 0.17 -1.702 -2.266 0.064 -1.734 -1.185 0.02 -1.139 -1.244 0.17 -0.997 -1.227 0.064 -1.039 0 0.02 -0.903 0 0.17 -0.75 0 0.064 -0.795 1.185 0.02 -1.139 1.244 0.17 -0.997 1.227 0.064 -1.039 2.19 0.02 -1.81 2.298 0.17 -1.702 2.266 0.064 -1.734 2.861 0.02 -2.815 3.003 0.17 -2.756 2.961 0.064 -2.773 3.097 0.02 -4 3.25 0.17 -4 3.205 0.064 -4 2.861 0.02 -5.185 3.003 0.17 -5.244 2.961 0.064 -5.227 2.19 0.02 -6.19 2.298 0.17 -6.298 2.266 0.064 -6.266 1.185 0.02 -6.861 1.244 0.17 -7.003 1.227 0.064 -6.961 0 0.02 -6.553 0 0.17 -6.4 0 0.064 -6.445 -0.918 0.17 -6.217 -0.977 0.02 -6.359 -0.936 0.064 -6.259 -1.697 0.17 -5.697 -1.805 0.02 -5.805 -1.729 0.064 -5.729 -2.217 0.17 -4.918 -2.359 0.02 -4.977 -2.259 0.064 -4.936 -2.4 0.17 -4 -2.553 0.02 -4 -2.445 0.064 -4 -2.217 0.17 -3.082 -2.359 0.02 -3.023 -2.259 0.064 -3.064 -1.697 0.17 -2.303 -1.805 0.02 -2.195 -1.729 0.064 -2.271 -0.918 0.17 -1.783 -0.977 0.02 -1.641 -0.936 0.064 -1.741 0 0.17 -1.6 0 0.02 -1.447 0 0.064 -1.555 0.918 0.17 -1.783 0.977 0.02 -1.641 0.936 0.064 -1.741 1.697 0.17 -2.303 1.805 0.02 -2.195 1.729 0.064 -2.271 2.217 0.17 -3.082 2.359 0.02 -3.023 2.259 0.064 -3.064 2.4 0.17 -4 2.553 0.02 -4 2.445 0.064 -4 2.217 0.17 -4.918 2.359 0.02 -4.977 2.259 0.064 -4.936 1.697 0.17 -5.697 1.805 0.02 -5.805 1.729 0.064 -5.729 0.918 0.17 -6.217 0.977 0.02 -6.359 0.936 0.064 -6.259 0 2.1 0.75 -1.244 2.1 0.997 -2.298 2.1 1.702 -3.003 2.1 2.756 -3.25 2.1 4 -3.003 2.1 5.244 -2.298 2.1 6.298 -1.244 2.1 7.003 0 2.1 7.25 1.244 2.1 7.003 2.298 2.1 6.298 3.003 2.1 5.244 3.25 2.1 4 3.003 2.1 2.756 2.298 2.1 1.702 1.244 2.1 0.997 0 2.1 1.6 -0.918 2.1 1.783 -1.697 2.1 2.303 -2.217 2.1 3.082 -2.4 2.1 4 -2.217 2.1 4.918 -1.697 2.1 5.697 -0.918 2.1 6.217 0 2.1 6.4 0.918 2.1 6.217 1.697 2.1 5.697 2.217 2.1 4.918 2.4 2.1 4 2.217 2.1 3.082 1.697 2.1 2.303 0.918 2.1 1.783 0 0.17 0.75 0 0.02 0.903 0 0.064 0.795 -1.185 0.02 1.139 -1.244 0.17 0.997 -1.227 0.064 1.039 -2.19 0.02 1.81 -2.298 0.17 1.702 -2.266 0.064 1.734 -2.861 0.02 2.815 -3.003 0.17 2.756 -2.961 0.064 2.773 -3.097 0.02 4 -3.25 0.17 4 -3.205 0.064 4 -2.861 0.02 5.185 -3.003 0.17 5.244 -2.961 0.064 5.227 -2.19 0.02 6.19 -2.298 0.17 6.298 -2.266 0.064 6.266 -1.185 0.02 6.861 -1.244 0.17 7.003 -1.227 0.064 6.961 0 0.02 7.097 0 0.17 7.25 0 0.064 7.205 1.185 0.02 6.861 1.244 0.17 7.003 1.227 0.064 6.961 2.19 0.02 6.19 2.298 0.17 6.298 2.266 0.064 6.266 2.861 0.02 5.185 3.003 0.17 5.244 2.961 0.064 5.227 3.097 0.02 4 3.25 0.17 4 3.205 0.064 4 2.861 0.02 2.815 3.003 0.17 2.756 2.961 0.064 2.773 2.19 0.02 1.81 2.298 0.17 1.702 2.266 0.064 1.734 1.185 0.02 1.139 1.244 0.17 0.997 1.227 0.064 1.039 0 0.02 1.447 0 0.17 1.6 0 0.064 1.555 -0.918 0.17 1.783 -0.977 0.02 1.641 -0.936 0.064 1.741 -1.697 0.17 2.303 -1.805 0.02 2.195 -1.729 0.064 2.271 -2.217 0.17 3.082 -2.359 0.02 3.023 -2.259 0.064 3.064 -2.4 0.17 4 -2.553 0.02 4 -2.445 0.064 4 -2.217 0.17 4.918 -2.359 0.02 4.977 -2.259 0.064 4.936 -1.697 0.17 5.697 -1.805 0.02 5.805 -1.729 0.064 5.729 -0.918 0.17 6.217 -0.977 0.02 6.359 -0.936 0.064 6.259 0 0.17 6.4 0 0.02 6.553 0 0.064 6.445 0.918 0.17 6.217 0.977 0.02 6.359 0.936 0.064 6.259 1.697 0.17 5.697 1.805 0.02 5.805 1.729 0.064 5.729 2.217 0.17 4.918 2.359 0.02 4.977 2.259 0.064 4.936 2.4 0.17 4 2.553 0.02 4 2.445 0.064 4 2.217 0.17 3.082 2.359 0.02 3.023 2.259 0.064 3.064 1.697 0.17 2.303 1.805 0.02 2.195 1.729 0.064 2.271 0.918 0.17 1.783 0.977 0.02 1.641 0.936 0.064 1.741 8 2.1 -7.25 6.756 2.1 -7.003 5.702 2.1 -6.298 4.997 2.1 -5.244 4.75 2.1 -4 4.997 2.1 -2.756 5.702 2.1 -1.702 6.756 2.1 -0.997 8 2.1 -0.75 9.244 2.1 -0.997 10.298 2.1 -1.702 11.003 2.1 -2.756 11.25 2.1 -4 11.003 2.1 -5.244 10.298 2.1 -6.298 9.244 2.1 -7.003 8 2.1 -6.4 7.082 2.1 -6.217 6.303 2.1 -5.697 5.783 2.1 -4.918 5.6 2.1 -4 5.783 2.1 -3.082 6.303 2.1 -2.303 7.082 2.1 -1.783 8 2.1 -1.6 8.918 2.1 -1.783 9.697 2.1 -2.303 10.217 2.1 -3.082 10.4 2.1 -4 10.217 2.1 -4.918 9.697 2.1 -5.697 8.918 2.1 -6.217 8 0.17 -7.25 8 0.02 -7.097 8 0.064 -7.205 6.815 0.02 -6.861 6.756 0.17 -7.003 6.773 0.064 -6.961 5.81 0.02 -6.19 5.702 0.17 -6.298 5.734 0.064 -6.266 5.139 0.02 -5.185 4.997 0.17 -5.244 5.039 0.064 -5.227 4.903 0.02 -4 4.75 0.17 -4 4.795 0.064 -4 5.139 0.02 -2.815 4.997 0.17 -2.756 5.039 0.064 -2.773 5.81 0.02 -1.81 5.702 0.17 -1.702 5.734 0.064 -1.734 6.815 0.02 -1.139 6.756 0.17 -0.997 6.773 0.064 -1.039 8 0.02 -0.903 8 0.17 -0.75 8 0.064 -0.795 9.185 0.02 -1.139 9.244 0.17 -0.997 9.227 0.064 -1.039 10.19 0.02 -1.81 10.298 0.17 -1.702 10.266 0.064 -1.734 10.861 0.02 -2.815 11.003 0.17 -2.756 10.961 0.064 -2.773 11.097 0.02 -4 11.25 0.17 -4 11.205 0.064 -4 10.861 0.02 -5.185 11.003 0.17 -5.244 10.961 0.064 -5.227 10.19 0.02 -6.19 10.298 0.17 -6.298 10.266 0.064 -6.266 9.185 0.02 -6.861 9.244 0.17 -7.003 9.227 0.064 -6.961 8 0.02 -6.553 8 0.17 -6.4 8 0.064 -6.445 7.082 0.17 -6.217 7.023 0.02 -6.359 7.064 0.064 -6.259 6.303 0.17 -5.697 6.195 0.02 -5.805 6.271 0.064 -5.729 5.783 0.17 -4.918 5.641 0.02 -4.977 5.741 0.064 -4.936 5.6 0.17 -4 5.447 0.02 -4 5.555 0.064 -4 5.783 0.17 -3.082 5.641 0.02 -3.023 5.741 0.064 -3.064 6.303 0.17 -2.303 6.195 0.02 -2.195 6.271 0.064 -2.271 7.082 0.17 -1.783 7.023 0.02 -1.641 7.064 0.064 -1.741 8 0.17 -1.6 8 0.02 -1.447 8 0.064 -1.555 8.918 0.17 -1.783 8.977 0.02 -1.641 8.936 0.064 -1.741 9.697 0.17 -2.303 9.805 0.02 -2.195 9.729 0.064 -2.271 10.217 0.17 -3.082 10.359 0.02 -3.023 10.259 0.064 -3.064 10.4 0.17 -4 10.553 0.02 -4 10.445 0.064 -4 10.217 0.17 -4.918 10.359 0.02 -4.977 10.259 0.064 -4.936 9.697 0.17 -5.697 9.805 0.02 -5.805 9.729 0.064 -5.729 8.918 0.17 -6.217 8.977 0.02 -6.359 8.936 0.064 -6.259 8 2.1 0.75 6.756 2.1 0.997 5.702 2.1 1.702 4.997 2.1 2.756 4.75 2.1 4 4.997 2.1 5.244 5.702 2.1 6.298 6.756 2.1 7.003 8 2.1 7.25 9.244 2.1 7.003 10.298 2.1 6.298 11.003 2.1 5.244 11.25 2.1 4 11.003 2.1 2.756 10.298 2.1 1.702 9.244 2.1 0.997 8 2.1 1.6 7.082 2.1 1.783 6.303 2.1 2.303 5.783 2.1 3.082 5.6 2.1 4 5.783 2.1 4.918 6.303 2.1 5.697 7.082 2.1 6.217 8 2.1 6.4 8.918 2.1 6.217 9.697 2.1 5.697 10.217 2.1 4.918 10.4 2.1 4 10.217 2.1 3.082 9.697 2.1 2.303 8.918 2.1 1.783 8 0.17 0.75 8 0.02 0.903 8 0.064 0.795 6.815 0.02 1.139 6.756 0.17 0.997 6.773 0.064 1.039 5.81 0.02 1.81 5.702 0.17 1.702 5.734 0.064 1.734 5.139 0.02 2.815 4.997 0.17 2.756 5.039 0.064 2.773 4.903 0.02 4 4.75 0.17 4 4.795 0.064 4 5.139 0.02 5.185 4.997 0.17 5.244 5.039 0.064 5.227 5.81 0.02 6.19 5.702 0.17 6.298 5.734 0.064 6.266 6.815 0.02 6.861 6.756 0.17 7.003 6.773 0.064 6.961 8 0.02 7.097 8 0.17 7.25 8 0.064 7.205 9.185 0.02 6.861 9.244 0.17 7.003 9.227 0.064 6.961 10.19 0.02 6.19 10.298 0.17 6.298 10.266 0.064 6.266 10.861 0.02 5.185 11.003 0.17 5.244 10.961 0.064 5.227 11.097 0.02 4 11.25 0.17 4 11.205 0.064 4 10.861 0.02 2.815 11.003 0.17 2.756 10.961 0.064 2.773 10.19 0.02 1.81 10.298 0.17 1.702 10.266 0.064 1.734 9.185 0.02 1.139 9.244 0.17 0.997 9.227 0.064 1.039 8 0.02 1.447 8 0.17 1.6 8 0.064 1.555 7.082 0.17 1.783 7.023 0.02 1.641 7.064 0.064 1.741 6.303 0.17 2.303 6.195 0.02 2.195 6.271 0.064 2.271 5.783 0.17 3.082 5.641 0.02 3.023 5.741 0.064 3.064 5.6 0.17 4 5.447 0.02 4 5.555 0.064 4 5.783 0.17 4.918 5.641 0.02 4.977 5.741 0.064 4.936 6.303 0.17 5.697 6.195 0.02 5.805 6.271 0.064 5.729 7.082 0.17 6.217 7.023 0.02 6.359 7.064 0.064 6.259 8 0.17 6.4 8 0.02 6.553 8 0.064 6.445 8.918 0.17 6.217 8.977 0.02 6.359 8.936 0.064 6.259 9.697 0.17 5.697 9.805 0.02 5.805 9.729 0.064 5.729 10.217 0.17 4.918 10.359 0.02 4.977 10.259 0.064 4.936 10.4 0.17 4 10.553 0.02 4 10.445 0.064 4 10.217 0.17 3.082 10.359 0.02 3.023 10.259 0.064 3.064 9.697 0.17 2.303 9.805 0.02 2.195 9.729 0.064 2.271 8.918 0.17 1.783 8.977 0.02 1.641 8.936 0.064 1.741 -7.156 5.12 -3.675 -7.206 5 -3.675 -7.206 5 -3.205 -7.156 5.12 -3.142 -7.933 5 -3.372 -7.983 5.12 -3.333 -7.933 5 -3.672 -8.083 5 -3.672 -8.034 5.12 -3.672 -8.083 5 -3.407 -8.034 5.12 -3.344 -8.811 5 -3.574 -8.86 5.12 -3.535 -8.86 5.12 -4.079 -8.961 5 -4.079 -8.911 5.12 -4.079 -8.961 5 -3.515 -8.911 5.12 -3.515 -8.034 5.12 -3.292 -8.034 5 -3.241 -7.055 5 -3.111 -7.105 5.12 -3.111 -7.055 5 -3.675 -7.105 5.12 -3.675 -7.11 5.12 -3.69 -7.07 5 -3.719 -7.107 5 -3.747 -7.123 5.12 -3.699 -7.138 5.12 -3.699 -7.154 5 -3.747 -7.191 5 -3.719 -7.151 5.12 -3.69 -8.947 5 -4.123 -8.906 5.12 -4.094 -8.909 5 -4.151 -8.894 5.12 -4.103 -8.863 5 -4.151 -8.878 5.12 -4.103 -8.825 5 -4.123 -8.865 5.12 -4.094 -8.811 5 -4.079 -8.957 5 -3.49 -8.91 5.12 -3.506 -8.945 5 -3.468 -8.906 5.12 -3.499 -8.926 5 -3.451 -8.899 5.12 -3.493 -8.903 5 -3.441 -8.892 5.12 -3.49 -7.983 5 -3.23 -7.983 5.12 -3.281 -8.069 5 -3.716 -8.029 5.12 -3.687 -8.031 5 -3.743 -8.016 5.12 -3.696 -7.985 5 -3.743 -8 5.12 -3.696 -7.947 5 -3.716 -7.988 5.12 -3.687 -7.983 5.12 -3.672 -7.063 5 -3.078 -7.108 5.12 -3.099 -7.084 5 -3.052 -7.115 5.12 -3.091 -7.114 5 -3.037 -7.125 5.12 -3.086 -7.148 5 -3.037 -7.136 5.12 -3.086 -8.678 5.12 -5.178 -8.689 5 -5.13 -7.485 5 -4.853 -7.327 5 -5.535 -7.339 5.12 -5.486 -8.666 5.12 -5.227 -7.35 5.12 -5.437 -8.655 5 -5.276 -7.452 5 -4.999 -7.361 5 -5.389 -8.565 5 -5.666 -8.815 5.12 -5.251 -8.849 5 -5.215 -8.78 5.12 -5.288 -8.747 5 -5.325 -8.897 5.12 -5.383 -8.945 5 -5.369 -8.849 5.12 -5.398 -8.801 5 -5.412 -8.903 5.12 -5.539 -8.951 5 -5.55 -8.853 5.12 -5.527 -8.805 5 -5.516 -8.83 5.12 -5.676 -8.866 5 -5.71 -8.793 5.12 -5.641 -8.756 5 -5.607 -8.698 5.12 -5.758 -8.712 5 -5.806 -8.683 5.12 -5.71 -8.668 5 -5.662 -8.542 5.12 -5.763 -8.531 5 -5.812 -8.554 5.12 -5.714 -7.168 5 -5.45 -7.201 5.12 -5.413 -7.236 5.12 -5.376 -7.27 5 -5.34 -7.072 5 -5.296 -7.119 5.12 -5.281 -7.168 5.12 -5.267 -7.215 5 -5.252 -7.065 5 -5.115 -7.114 5.12 -5.126 -7.163 5.12 -5.137 -7.212 5 -5.149 -7.151 5 -4.955 -7.187 5.12 -4.989 -7.224 5.12 -5.023 -7.26 5 -5.057 -7.304 5 -4.859 -7.319 5.12 -4.906 -7.334 5.12 -4.955 -7.348 5 -5.002 -7.474 5.12 -4.901 -7.463 5.12 -4.95 -7.463 5.12 -4.078 -7.452 5 -4.127 -8.592 5 -4.798 -8.587 5.12 -4.847 -8.578 5 -4.947 -8.583 5.12 -4.897 -7.485 5 -3.98 -7.474 5.12 -4.029 -7.337 5.119 -4.614 -7.992 4.999 -4.815 -8.083 5 -4.742 -8.034 5.12 -4.742 -8.083 5 -4.537 -8.034 5.12 -4.537 -7.933 5 -4.537 -7.983 5.12 -4.537 -7.933 5 -4.648 -7.983 5.12 -4.71 -7.348 5.119 -4.565 -8.536 5 -4.929 -8.568 5.12 -4.891 -8.512 5 -4.889 -8.56 5.12 -4.878 -8.516 5 -4.843 -8.562 5.12 -4.862 -8.547 5 -4.808 -8.572 5.12 -4.851 -8.678 5.12 -4.306 -8.689 5 -4.257 -8.666 5.12 -4.355 -8.655 5 -4.404 -8.815 5.121 -4.379 -8.849 5.001 -4.343 -8.78 5.121 -4.416 -8.747 5.001 -4.452 -8.897 5.122 -4.512 -8.945 5.002 -4.496 -8.848 5.121 -4.526 -8.801 5.001 -4.54 -8.902 5.122 -4.667 -8.951 5.002 -4.677 -8.852 5.121 -4.656 -8.805 5.001 -4.644 -8.828 5.121 -4.804 -8.866 5.001 -4.837 -8.791 5.121 -4.77 -8.756 5.001 -4.735 -8.696 5.12 -4.886 -8.712 5 -4.933 -8.681 5.12 -4.838 -8.668 5 -4.79 -7.333 5.119 -4.082 -7.348 4.999 -4.13 -7.304 4.999 -3.987 -7.319 5.119 -4.034 -7.223 5.118 -4.15 -7.26 4.999 -4.185 -7.151 4.998 -4.083 -7.186 5.118 -4.116 -7.162 5.118 -4.264 -7.212 4.998 -4.276 -7.065 4.997 -4.242 -7.113 5.117 -4.253 -7.166 5.118 -4.394 -7.215 4.998 -4.38 -7.072 4.997 -4.424 -7.118 5.118 -4.408 -7.234 5.118 -4.504 -7.27 4.999 -4.468 -7.168 4.998 -4.577 -7.2 5.118 -4.541 -7.361 4.999 -4.516 -7.327 4.999 -4.662 -7.948 5 -4.492 -7.988 5.12 -4.522 -7.986 5 -4.465 -8 5.12 -4.513 -8.033 5.001 -4.465 -8.016 5.12 -4.513 -8.071 5.001 -4.492 -8.029 5.12 -4.522 -8.076 5 -4.774 -8.031 5.12 -4.753 -8.055 5 -4.8 -8.024 5.12 -4.762 -8.025 5 -4.815 -8.014 5.12 -4.767 -8.003 5.12 -4.767 -7.156 5.12 -2.81 -7.206 5 -2.81 -7.206 5 -2.34 -7.156 5.12 -2.277 -8.869 5 -2.722 -8.88 5.12 -2.674 -8.908 5.12 -2.662 -8.95 5 -2.688 -8.961 5 -2.643 -8.911 5.12 -2.647 -8.905 5.12 -2.633 -8.942 5 -2.6 -8.903 5 -2.576 -8.892 5.12 -2.625 -7.055 5 -2.245 -7.105 5.12 -2.245 -7.151 5.12 -2.825 -7.191 5 -2.854 -7.138 5.12 -2.834 -7.154 5 -2.881 -7.123 5.12 -2.834 -7.107 5 -2.881 -7.11 5.12 -2.825 -7.07 5 -2.854 -7.105 5.12 -2.81 -7.055 5 -2.81 -8.896 5.12 -2.673 -8.915 5 -2.718 -7.063 5 -2.213 -7.108 5.12 -2.234 -7.084 5 -2.186 -7.115 5.12 -2.225 -7.114 5 -2.172 -7.125 5.12 -2.221 -7.148 5 -2.172 -7.136 5.12 -2.221 -7.206 5 -3.205 -7.933 5 -3.372 -8.083 5 -3.407 -8.811 5 -3.574 -7.933 5 -4.648 -7.206 5 -2.34 -7.156 5.12 4.325 -7.206 5 4.325 -7.206 5 4.795 -7.156 5.12 4.858 -7.933 5 4.628 -7.983 5.12 4.667 -7.933 5 4.328 -8.083 5 4.328 -8.034 5.12 4.328 -8.083 5 4.593 -8.034 5.12 4.656 -8.811 5 4.426 -8.86 5.12 4.465 -8.86 5.12 3.921 -8.961 5 3.921 -8.911 5.12 3.921 -8.961 5 4.485 -8.911 5.12 4.485 -8.034 5.12 4.708 -8.034 5 4.759 -7.055 5 4.889 -7.105 5.12 4.889 -7.055 5 4.325 -7.105 5.12 4.325 -7.11 5.12 4.31 -7.07 5 4.281 -7.107 5 4.253 -7.123 5.12 4.301 -7.138 5.12 4.301 -7.154 5 4.253 -7.191 5 4.281 -7.151 5.12 4.31 -8.947 5 3.877 -8.906 5.12 3.906 -8.909 5 3.849 -8.894 5.12 3.897 -8.863 5 3.849 -8.878 5.12 3.897 -8.825 5 3.877 -8.865 5.12 3.906 -8.811 5 3.921 -8.957 5 4.51 -8.91 5.12 4.494 -8.945 5 4.532 -8.906 5.12 4.501 -8.926 5 4.549 -8.899 5.12 4.507 -8.903 5 4.559 -8.892 5.12 4.51 -7.983 5 4.77 -7.983 5.12 4.719 -8.069 5 4.284 -8.029 5.12 4.313 -8.031 5 4.257 -8.016 5.12 4.304 -7.985 5 4.257 -8 5.12 4.304 -7.947 5 4.284 -7.988 5.12 4.313 -7.983 5.12 4.328 -7.063 5 4.922 -7.108 5.12 4.901 -7.084 5 4.948 -7.115 5.12 4.909 -7.114 5 4.963 -7.125 5.12 4.914 -7.148 5 4.963 -7.136 5.12 4.914 -8.678 5.12 2.822 -8.689 5 2.87 -7.485 5 3.147 -7.327 5 2.465 -7.339 5.12 2.514 -8.666 5.12 2.773 -7.35 5.12 2.563 -8.655 5 2.724 -7.452 5 3.001 -7.361 5 2.611 -8.565 5 2.334 -8.815 5.12 2.749 -8.849 5 2.785 -8.78 5.12 2.712 -8.747 5 2.675 -8.897 5.12 2.617 -8.945 5 2.631 -8.849 5.12 2.602 -8.801 5 2.588 -8.903 5.12 2.461 -8.951 5 2.45 -8.853 5.12 2.473 -8.805 5 2.484 -8.83 5.12 2.324 -8.866 5 2.29 -8.793 5.12 2.359 -8.756 5 2.393 -8.698 5.12 2.242 -8.712 5 2.194 -8.683 5.12 2.29 -8.668 5 2.338 -8.542 5.12 2.237 -8.531 5 2.188 -8.554 5.12 2.286 -7.168 5 2.55 -7.201 5.12 2.587 -7.236 5.12 2.624 -7.27 5 2.66 -7.072 5 2.704 -7.119 5.12 2.719 -7.168 5.12 2.733 -7.215 5 2.748 -7.065 5 2.885 -7.114 5.12 2.874 -7.163 5.12 2.863 -7.212 5 2.851 -7.151 5 3.045 -7.187 5.12 3.011 -7.224 5.12 2.977 -7.26 5 2.943 -7.304 5 3.141 -7.319 5.12 3.094 -7.334 5.12 3.045 -7.348 5 2.998 -7.474 5.12 3.099 -7.463 5.12 3.05 -7.463 5.12 3.922 -7.452 5 3.873 -8.592 5 3.202 -8.587 5.12 3.153 -8.578 5 3.053 -8.583 5.12 3.103 -7.485 5 4.02 -7.474 5.12 3.971 -7.337 5.119 3.386 -7.992 4.999 3.185 -8.083 5 3.258 -8.034 5.12 3.258 -8.083 5 3.463 -8.034 5.12 3.463 -7.933 5 3.463 -7.983 5.12 3.463 -7.933 5 3.352 -7.983 5.12 3.29 -7.348 5.119 3.435 -8.536 5 3.071 -8.568 5.12 3.109 -8.512 5 3.111 -8.56 5.12 3.122 -8.516 5 3.157 -8.562 5.12 3.138 -8.547 5 3.192 -8.572 5.12 3.149 -8.678 5.12 3.694 -8.689 5 3.743 -8.666 5.12 3.645 -8.655 5 3.596 -8.815 5.121 3.621 -8.849 5.001 3.657 -8.78 5.121 3.584 -8.747 5.001 3.548 -8.897 5.122 3.488 -8.945 5.002 3.504 -8.848 5.121 3.474 -8.801 5.001 3.46 -8.902 5.122 3.333 -8.951 5.002 3.323 -8.852 5.121 3.344 -8.805 5.001 3.356 -8.828 5.121 3.196 -8.866 5.001 3.163 -8.791 5.121 3.23 -8.756 5.001 3.265 -8.696 5.12 3.114 -8.712 5 3.067 -8.681 5.12 3.162 -8.668 5 3.21 -7.333 5.119 3.918 -7.348 4.999 3.87 -7.304 4.999 4.013 -7.319 5.119 3.966 -7.223 5.118 3.85 -7.26 4.999 3.815 -7.151 4.998 3.917 -7.186 5.118 3.884 -7.162 5.118 3.736 -7.212 4.998 3.724 -7.065 4.997 3.758 -7.113 5.117 3.747 -7.166 5.118 3.606 -7.215 4.998 3.62 -7.072 4.997 3.576 -7.118 5.118 3.592 -7.234 5.118 3.496 -7.27 4.999 3.532 -7.168 4.998 3.423 -7.2 5.118 3.459 -7.361 4.999 3.484 -7.327 4.999 3.338 -7.948 5 3.508 -7.988 5.12 3.478 -7.986 5 3.535 -8 5.12 3.487 -8.033 5.001 3.535 -8.016 5.12 3.487 -8.071 5.001 3.508 -8.029 5.12 3.478 -8.076 5 3.226 -8.031 5.12 3.247 -8.055 5 3.2 -8.024 5.12 3.238 -8.025 5 3.185 -8.014 5.12 3.233 -8.003 5.12 3.233 -7.156 5.12 5.19 -7.206 5 5.19 -7.206 5 5.66 -7.156 5.12 5.723 -8.869 5 5.278 -8.88 5.12 5.326 -8.908 5.12 5.338 -8.95 5 5.312 -8.961 5 5.357 -8.911 5.12 5.353 -8.905 5.12 5.367 -8.942 5 5.4 -8.903 5 5.424 -8.892 5.12 5.375 -7.055 5 5.755 -7.105 5.12 5.755 -7.151 5.12 5.175 -7.191 5 5.146 -7.138 5.12 5.166 -7.154 5 5.119 -7.123 5.12 5.166 -7.107 5 5.119 -7.11 5.12 5.175 -7.07 5 5.146 -7.105 5.12 5.19 -7.055 5 5.19 -8.896 5.12 5.327 -8.915 5 5.282 -7.063 5 5.787 -7.108 5.12 5.766 -7.084 5 5.814 -7.115 5.12 5.775 -7.114 5 5.828 -7.125 5.12 5.779 -7.148 5 5.828 -7.136 5.12 5.779 -7.206 5 4.795 -7.933 5 4.628 -8.083 5 4.593 -8.811 5 4.426 -7.933 5 3.352 -7.206 5 5.66 0.844 5.12 -3.675 0.794 5 -3.675 0.794 5 -3.205 0.844 5.12 -3.142 0.067 5 -3.372 0.017 5.12 -3.333 0.067 5 -3.672 -0.083 5 -3.672 -0.034 5.12 -3.672 -0.083 5 -3.407 -0.034 5.12 -3.344 -0.811 5 -3.574 -0.86 5.12 -3.535 -0.86 5.12 -4.079 -0.961 5 -4.079 -0.911 5.12 -4.079 -0.961 5 -3.515 -0.911 5.12 -3.515 -0.034 5.12 -3.292 -0.034 5 -3.241 0.945 5 -3.111 0.895 5.12 -3.111 0.945 5 -3.675 0.895 5.12 -3.675 0.89 5.12 -3.69 0.93 5 -3.719 0.893 5 -3.747 0.877 5.12 -3.699 0.862 5.12 -3.699 0.846 5 -3.747 0.809 5 -3.719 0.849 5.12 -3.69 -0.947 5 -4.123 -0.906 5.12 -4.094 -0.909 5 -4.151 -0.894 5.12 -4.103 -0.863 5 -4.151 -0.878 5.12 -4.103 -0.825 5 -4.123 -0.865 5.12 -4.094 -0.811 5 -4.079 -0.957 5 -3.49 -0.91 5.12 -3.506 -0.945 5 -3.468 -0.906 5.12 -3.499 -0.926 5 -3.451 -0.899 5.12 -3.493 -0.903 5 -3.441 -0.892 5.12 -3.49 0.017 5 -3.23 0.017 5.12 -3.281 -0.069 5 -3.716 -0.029 5.12 -3.687 -0.031 5 -3.743 -0.016 5.12 -3.696 0.015 5 -3.743 0 5.12 -3.696 0.053 5 -3.716 0.012 5.12 -3.687 0.017 5.12 -3.672 0.937 5 -3.078 0.892 5.12 -3.099 0.916 5 -3.052 0.885 5.12 -3.091 0.886 5 -3.037 0.875 5.12 -3.086 0.852 5 -3.037 0.864 5.12 -3.086 -0.678 5.12 -5.178 -0.689 5 -5.13 0.515 5 -4.853 0.673 5 -5.535 0.661 5.12 -5.486 -0.666 5.12 -5.227 0.65 5.12 -5.437 -0.655 5 -5.276 0.548 5 -4.999 0.639 5 -5.389 -0.565 5 -5.666 -0.815 5.12 -5.251 -0.849 5 -5.215 -0.78 5.12 -5.288 -0.747 5 -5.325 -0.897 5.12 -5.383 -0.945 5 -5.369 -0.849 5.12 -5.398 -0.801 5 -5.412 -0.903 5.12 -5.539 -0.951 5 -5.55 -0.853 5.12 -5.527 -0.805 5 -5.516 -0.83 5.12 -5.676 -0.866 5 -5.71 -0.793 5.12 -5.641 -0.756 5 -5.607 -0.698 5.12 -5.758 -0.712 5 -5.806 -0.683 5.12 -5.71 -0.668 5 -5.662 -0.542 5.12 -5.763 -0.531 5 -5.812 -0.554 5.12 -5.714 0.832 5 -5.45 0.799 5.12 -5.413 0.764 5.12 -5.376 0.73 5 -5.34 0.928 5 -5.296 0.881 5.12 -5.281 0.832 5.12 -5.267 0.785 5 -5.252 0.935 5 -5.115 0.886 5.12 -5.126 0.837 5.12 -5.137 0.788 5 -5.149 0.849 5 -4.955 0.813 5.12 -4.989 0.776 5.12 -5.023 0.74 5 -5.057 0.696 5 -4.859 0.681 5.12 -4.906 0.666 5.12 -4.955 0.652 5 -5.002 0.526 5.12 -4.901 0.537 5.12 -4.95 0.537 5.12 -4.078 0.548 5 -4.127 -0.592 5 -4.798 -0.587 5.12 -4.847 -0.578 5 -4.947 -0.583 5.12 -4.897 0.515 5 -3.98 0.526 5.12 -4.029 0.663 5.119 -4.614 0.008 4.999 -4.815 -0.083 5 -4.742 -0.034 5.12 -4.742 -0.083 5 -4.537 -0.034 5.12 -4.537 0.067 5 -4.537 0.017 5.12 -4.537 0.067 5 -4.648 0.017 5.12 -4.71 0.652 5.119 -4.565 -0.536 5 -4.929 -0.568 5.12 -4.891 -0.512 5 -4.889 -0.56 5.12 -4.878 -0.516 5 -4.843 -0.562 5.12 -4.862 -0.547 5 -4.808 -0.572 5.12 -4.851 -0.678 5.12 -4.306 -0.689 5 -4.257 -0.666 5.12 -4.355 -0.655 5 -4.404 -0.815 5.121 -4.379 -0.849 5.001 -4.343 -0.78 5.121 -4.416 -0.747 5.001 -4.452 -0.897 5.122 -4.512 -0.945 5.002 -4.496 -0.848 5.121 -4.526 -0.801 5.001 -4.54 -0.902 5.122 -4.667 -0.951 5.002 -4.677 -0.852 5.121 -4.656 -0.805 5.001 -4.644 -0.828 5.121 -4.804 -0.866 5.001 -4.837 -0.791 5.121 -4.77 -0.756 5.001 -4.735 -0.696 5.12 -4.886 -0.712 5 -4.933 -0.681 5.12 -4.838 -0.668 5 -4.79 0.667 5.119 -4.082 0.652 4.999 -4.13 0.696 4.999 -3.987 0.681 5.119 -4.034 0.777 5.118 -4.15 0.74 4.999 -4.185 0.849 4.998 -4.083 0.814 5.118 -4.116 0.838 5.118 -4.264 0.788 4.998 -4.276 0.935 4.997 -4.242 0.887 5.117 -4.253 0.834 5.118 -4.394 0.785 4.998 -4.38 0.928 4.997 -4.424 0.882 5.118 -4.408 0.766 5.118 -4.504 0.73 4.999 -4.468 0.832 4.998 -4.577 0.8 5.118 -4.541 0.639 4.999 -4.516 0.673 4.999 -4.662 0.052 5 -4.492 0.012 5.12 -4.522 0.014 5 -4.465 0 5.12 -4.513 -0.033 5.001 -4.465 -0.016 5.12 -4.513 -0.071 5.001 -4.492 -0.029 5.12 -4.522 -0.076 5 -4.774 -0.031 5.12 -4.753 -0.055 5 -4.8 -0.024 5.12 -4.762 -0.025 5 -4.815 -0.014 5.12 -4.767 -0.003 5.12 -4.767 0.844 5.12 -2.81 0.794 5 -2.81 0.794 5 -2.34 0.844 5.12 -2.277 -0.869 5 -2.722 -0.88 5.12 -2.674 -0.908 5.12 -2.662 -0.95 5 -2.688 -0.961 5 -2.643 -0.911 5.12 -2.647 -0.905 5.12 -2.633 -0.942 5 -2.6 -0.903 5 -2.576 -0.892 5.12 -2.625 0.945 5 -2.245 0.895 5.12 -2.245 0.849 5.12 -2.825 0.809 5 -2.854 0.862 5.12 -2.834 0.846 5 -2.881 0.877 5.12 -2.834 0.893 5 -2.881 0.89 5.12 -2.825 0.93 5 -2.854 0.895 5.12 -2.81 0.945 5 -2.81 -0.896 5.12 -2.673 -0.915 5 -2.718 0.937 5 -2.213 0.892 5.12 -2.234 0.916 5 -2.186 0.885 5.12 -2.225 0.886 5 -2.172 0.875 5.12 -2.221 0.852 5 -2.172 0.864 5.12 -2.221 0.794 5 -3.205 0.067 5 -3.372 -0.083 5 -3.407 -0.811 5 -3.574 0.067 5 -4.648 0.794 5 -2.34 0.844 5.12 4.325 0.794 5 4.325 0.794 5 4.795 0.844 5.12 4.858 0.067 5 4.628 0.017 5.12 4.667 0.067 5 4.328 -0.083 5 4.328 -0.034 5.12 4.328 -0.083 5 4.593 -0.034 5.12 4.656 -0.811 5 4.426 -0.86 5.12 4.465 -0.86 5.12 3.921 -0.961 5 3.921 -0.911 5.12 3.921 -0.961 5 4.485 -0.911 5.12 4.485 -0.034 5.12 4.708 -0.034 5 4.759 0.945 5 4.889 0.895 5.12 4.889 0.945 5 4.325 0.895 5.12 4.325 0.89 5.12 4.31 0.93 5 4.281 0.893 5 4.253 0.877 5.12 4.301 0.862 5.12 4.301 0.846 5 4.253 0.809 5 4.281 0.849 5.12 4.31 -0.947 5 3.877 -0.906 5.12 3.906 -0.909 5 3.849 -0.894 5.12 3.897 -0.863 5 3.849 -0.878 5.12 3.897 -0.825 5 3.877 -0.865 5.12 3.906 -0.811 5 3.921 -0.957 5 4.51 -0.91 5.12 4.494 -0.945 5 4.532 -0.906 5.12 4.501 -0.926 5 4.549 -0.899 5.12 4.507 -0.903 5 4.559 -0.892 5.12 4.51 0.017 5 4.77 0.017 5.12 4.719 -0.069 5 4.284 -0.029 5.12 4.313 -0.031 5 4.257 -0.016 5.12 4.304 0.015 5 4.257 0 5.12 4.304 0.053 5 4.284 0.012 5.12 4.313 0.017 5.12 4.328 0.937 5 4.922 0.892 5.12 4.901 0.916 5 4.948 0.885 5.12 4.909 0.886 5 4.963 0.875 5.12 4.914 0.852 5 4.963 0.864 5.12 4.914 -0.678 5.12 2.822 -0.689 5 2.87 0.515 5 3.147 0.673 5 2.465 0.661 5.12 2.514 -0.666 5.12 2.773 0.65 5.12 2.563 -0.655 5 2.724 0.548 5 3.001 0.639 5 2.611 -0.565 5 2.334 -0.815 5.12 2.749 -0.849 5 2.785 -0.78 5.12 2.712 -0.747 5 2.675 -0.897 5.12 2.617 -0.945 5 2.631 -0.849 5.12 2.602 -0.801 5 2.588 -0.903 5.12 2.461 -0.951 5 2.45 -0.853 5.12 2.473 -0.805 5 2.484 -0.83 5.12 2.324 -0.866 5 2.29 -0.793 5.12 2.359 -0.756 5 2.393 -0.698 5.12 2.242 -0.712 5 2.194 -0.683 5.12 2.29 -0.668 5 2.338 -0.542 5.12 2.237 -0.531 5 2.188 -0.554 5.12 2.286 0.832 5 2.55 0.799 5.12 2.587 0.764 5.12 2.624 0.73 5 2.66 0.928 5 2.704 0.881 5.12 2.719 0.832 5.12 2.733 0.785 5 2.748 0.935 5 2.885 0.886 5.12 2.874 0.837 5.12 2.863 0.788 5 2.851 0.849 5 3.045 0.813 5.12 3.011 0.776 5.12 2.977 0.74 5 2.943 0.696 5 3.141 0.681 5.12 3.094 0.666 5.12 3.045 0.652 5 2.998 0.526 5.12 3.099 0.537 5.12 3.05 0.537 5.12 3.922 0.548 5 3.873 -0.592 5 3.202 -0.587 5.12 3.153 -0.578 5 3.053 -0.583 5.12 3.103 0.515 5 4.02 0.526 5.12 3.971 0.663 5.119 3.386 0.008 4.999 3.185 -0.083 5 3.258 -0.034 5.12 3.258 -0.083 5 3.463 -0.034 5.12 3.463 0.067 5 3.463 0.017 5.12 3.463 0.067 5 3.352 0.017 5.12 3.29 0.652 5.119 3.435 -0.536 5 3.071 -0.568 5.12 3.109 -0.512 5 3.111 -0.56 5.12 3.122 -0.516 5 3.157 -0.562 5.12 3.138 -0.547 5 3.192 -0.572 5.12 3.149 -0.678 5.12 3.694 -0.689 5 3.743 -0.666 5.12 3.645 -0.655 5 3.596 -0.815 5.121 3.621 -0.849 5.001 3.657 -0.78 5.121 3.584 -0.747 5.001 3.548 -0.897 5.122 3.488 -0.945 5.002 3.504 -0.848 5.121 3.474 -0.801 5.001 3.46 -0.902 5.122 3.333 -0.951 5.002 3.323 -0.852 5.121 3.344 -0.805 5.001 3.356 -0.828 5.121 3.196 -0.866 5.001 3.163 -0.791 5.121 3.23 -0.756 5.001 3.265 -0.696 5.12 3.114 -0.712 5 3.067 -0.681 5.12 3.162 -0.668 5 3.21 0.667 5.119 3.918 0.652 4.999 3.87 0.696 4.999 4.013 0.681 5.119 3.966 0.777 5.118 3.85 0.74 4.999 3.815 0.849 4.998 3.917 0.814 5.118 3.884 0.838 5.118 3.736 0.788 4.998 3.724 0.935 4.997 3.758 0.887 5.117 3.747 0.834 5.118 3.606 0.785 4.998 3.62 0.928 4.997 3.576 0.882 5.118 3.592 0.766 5.118 3.496 0.73 4.999 3.532 0.832 4.998 3.423 0.8 5.118 3.459 0.639 4.999 3.484 0.673 4.999 3.338 0.052 5 3.508 0.012 5.12 3.478 0.014 5 3.535 0 5.12 3.487 -0.033 5.001 3.535 -0.016 5.12 3.487 -0.071 5.001 3.508 -0.029 5.12 3.478 -0.076 5 3.226 -0.031 5.12 3.247 -0.055 5 3.2 -0.024 5.12 3.238 -0.025 5 3.185 -0.014 5.12 3.233 -0.003 5.12 3.233 0.844 5.12 5.19 0.794 5 5.19 0.794 5 5.66 0.844 5.12 5.723 -0.869 5 5.278 -0.88 5.12 5.326 -0.908 5.12 5.338 -0.95 5 5.312 -0.961 5 5.357 -0.911 5.12 5.353 -0.905 5.12 5.367 -0.942 5 5.4 -0.903 5 5.424 -0.892 5.12 5.375 0.945 5 5.755 0.895 5.12 5.755 0.849 5.12 5.175 0.809 5 5.146 0.862 5.12 5.166 0.846 5 5.119 0.877 5.12 5.166 0.893 5 5.119 0.89 5.12 5.175 0.93 5 5.146 0.895 5.12 5.19 0.945 5 5.19 -0.896 5.12 5.327 -0.915 5 5.282 0.937 5 5.787 0.892 5.12 5.766 0.916 5 5.814 0.885 5.12 5.775 0.886 5 5.828 0.875 5.12 5.779 0.852 5 5.828 0.864 5.12 5.779 0.794 5 4.795 0.067 5 4.628 -0.083 5 4.593 -0.811 5 4.426 0.067 5 3.352 0.794 5 5.66 8.844 5.12 -3.675 8.794 5 -3.675 8.794 5 -3.205 8.844 5.12 -3.142 8.067 5 -3.372 8.017 5.12 -3.333 8.067 5 -3.672 7.917 5 -3.672 7.966 5.12 -3.672 7.917 5 -3.407 7.966 5.12 -3.344 7.189 5 -3.574 7.14 5.12 -3.535 7.14 5.12 -4.079 7.039 5 -4.079 7.089 5.12 -4.079 7.039 5 -3.515 7.089 5.12 -3.515 7.966 5.12 -3.292 7.966 5 -3.241 8.945 5 -3.111 8.895 5.12 -3.111 8.945 5 -3.675 8.895 5.12 -3.675 8.89 5.12 -3.69 8.93 5 -3.719 8.893 5 -3.747 8.877 5.12 -3.699 8.862 5.12 -3.699 8.846 5 -3.747 8.809 5 -3.719 8.849 5.12 -3.69 7.053 5 -4.123 7.094 5.12 -4.094 7.091 5 -4.151 7.106 5.12 -4.103 7.137 5 -4.151 7.122 5.12 -4.103 7.175 5 -4.123 7.135 5.12 -4.094 7.189 5 -4.079 7.043 5 -3.49 7.09 5.12 -3.506 7.055 5 -3.468 7.094 5.12 -3.499 7.074 5 -3.451 7.101 5.12 -3.493 7.097 5 -3.441 7.108 5.12 -3.49 8.017 5 -3.23 8.017 5.12 -3.281 7.931 5 -3.716 7.971 5.12 -3.687 7.969 5 -3.743 7.984 5.12 -3.696 8.015 5 -3.743 8 5.12 -3.696 8.053 5 -3.716 8.012 5.12 -3.687 8.017 5.12 -3.672 8.937 5 -3.078 8.892 5.12 -3.099 8.916 5 -3.052 8.885 5.12 -3.091 8.886 5 -3.037 8.875 5.12 -3.086 8.852 5 -3.037 8.864 5.12 -3.086 7.322 5.12 -5.178 7.311 5 -5.13 8.515 5 -4.853 8.673 5 -5.535 8.661 5.12 -5.486 7.334 5.12 -5.227 8.65 5.12 -5.437 7.345 5 -5.276 8.548 5 -4.999 8.639 5 -5.389 7.435 5 -5.666 7.185 5.12 -5.251 7.151 5 -5.215 7.22 5.12 -5.288 7.253 5 -5.325 7.103 5.12 -5.383 7.055 5 -5.369 7.151 5.12 -5.398 7.199 5 -5.412 7.097 5.12 -5.539 7.049 5 -5.55 7.147 5.12 -5.527 7.195 5 -5.516 7.17 5.12 -5.676 7.134 5 -5.71 7.207 5.12 -5.641 7.244 5 -5.607 7.302 5.12 -5.758 7.288 5 -5.806 7.317 5.12 -5.71 7.332 5 -5.662 7.458 5.12 -5.763 7.469 5 -5.812 7.446 5.12 -5.714 8.832 5 -5.45 8.799 5.12 -5.413 8.764 5.12 -5.376 8.73 5 -5.34 8.928 5 -5.296 8.881 5.12 -5.281 8.832 5.12 -5.267 8.785 5 -5.252 8.935 5 -5.115 8.886 5.12 -5.126 8.837 5.12 -5.137 8.788 5 -5.149 8.849 5 -4.955 8.813 5.12 -4.989 8.776 5.12 -5.023 8.74 5 -5.057 8.696 5 -4.859 8.681 5.12 -4.906 8.666 5.12 -4.955 8.652 5 -5.002 8.526 5.12 -4.901 8.537 5.12 -4.95 8.537 5.12 -4.078 8.548 5 -4.127 7.408 5 -4.798 7.413 5.12 -4.847 7.422 5 -4.947 7.417 5.12 -4.897 8.515 5 -3.98 8.526 5.12 -4.029 8.663 5.119 -4.614 8.008 4.999 -4.815 7.917 5 -4.742 7.966 5.12 -4.742 7.917 5 -4.537 7.966 5.12 -4.537 8.067 5 -4.537 8.017 5.12 -4.537 8.067 5 -4.648 8.017 5.12 -4.71 8.652 5.119 -4.565 7.464 5 -4.929 7.432 5.12 -4.891 7.488 5 -4.889 7.44 5.12 -4.878 7.484 5 -4.843 7.438 5.12 -4.862 7.453 5 -4.808 7.428 5.12 -4.851 7.322 5.12 -4.306 7.311 5 -4.257 7.334 5.12 -4.355 7.345 5 -4.404 7.185 5.121 -4.379 7.151 5.001 -4.343 7.22 5.121 -4.416 7.253 5.001 -4.452 7.103 5.122 -4.512 7.055 5.002 -4.496 7.152 5.121 -4.526 7.199 5.001 -4.54 7.098 5.122 -4.667 7.049 5.002 -4.677 7.148 5.121 -4.656 7.195 5.001 -4.644 7.172 5.121 -4.804 7.134 5.001 -4.837 7.209 5.121 -4.77 7.244 5.001 -4.735 7.304 5.12 -4.886 7.288 5 -4.933 7.319 5.12 -4.838 7.332 5 -4.79 8.667 5.119 -4.082 8.652 4.999 -4.13 8.696 4.999 -3.987 8.681 5.119 -4.034 8.777 5.118 -4.15 8.74 4.999 -4.185 8.849 4.998 -4.083 8.814 5.118 -4.116 8.838 5.118 -4.264 8.788 4.998 -4.276 8.935 4.997 -4.242 8.887 5.117 -4.253 8.834 5.118 -4.394 8.785 4.998 -4.38 8.928 4.997 -4.424 8.882 5.118 -4.408 8.766 5.118 -4.504 8.73 4.999 -4.468 8.832 4.998 -4.577 8.8 5.118 -4.541 8.639 4.999 -4.516 8.673 4.999 -4.662 8.052 5 -4.492 8.012 5.12 -4.522 8.014 5 -4.465 8 5.12 -4.513 7.967 5.001 -4.465 7.984 5.12 -4.513 7.929 5.001 -4.492 7.971 5.12 -4.522 7.924 5 -4.774 7.969 5.12 -4.753 7.945 5 -4.8 7.976 5.12 -4.762 7.975 5 -4.815 7.986 5.12 -4.767 7.997 5.12 -4.767 8.844 5.12 -2.81 8.794 5 -2.81 8.794 5 -2.34 8.844 5.12 -2.277 7.131 5 -2.722 7.12 5.12 -2.674 7.092 5.12 -2.662 7.05 5 -2.688 7.039 5 -2.643 7.089 5.12 -2.647 7.095 5.12 -2.633 7.058 5 -2.6 7.097 5 -2.576 7.108 5.12 -2.625 8.945 5 -2.245 8.895 5.12 -2.245 8.849 5.12 -2.825 8.809 5 -2.854 8.862 5.12 -2.834 8.846 5 -2.881 8.877 5.12 -2.834 8.893 5 -2.881 8.89 5.12 -2.825 8.93 5 -2.854 8.895 5.12 -2.81 8.945 5 -2.81 7.104 5.12 -2.673 7.085 5 -2.718 8.937 5 -2.213 8.892 5.12 -2.234 8.916 5 -2.186 8.885 5.12 -2.225 8.886 5 -2.172 8.875 5.12 -2.221 8.852 5 -2.172 8.864 5.12 -2.221 8.794 5 -3.205 8.067 5 -3.372 7.917 5 -3.407 7.189 5 -3.574 8.067 5 -4.648 8.794 5 -2.34 8.844 5.12 4.325 8.794 5 4.325 8.794 5 4.795 8.844 5.12 4.858 8.067 5 4.628 8.017 5.12 4.667 8.067 5 4.328 7.917 5 4.328 7.966 5.12 4.328 7.917 5 4.593 7.966 5.12 4.656 7.189 5 4.426 7.14 5.12 4.465 7.14 5.12 3.921 7.039 5 3.921 7.089 5.12 3.921 7.039 5 4.485 7.089 5.12 4.485 7.966 5.12 4.708 7.966 5 4.759 8.945 5 4.889 8.895 5.12 4.889 8.945 5 4.325 8.895 5.12 4.325 8.89 5.12 4.31 8.93 5 4.281 8.893 5 4.253 8.877 5.12 4.301 8.862 5.12 4.301 8.846 5 4.253 8.809 5 4.281 8.849 5.12 4.31 7.053 5 3.877 7.094 5.12 3.906 7.091 5 3.849 7.106 5.12 3.897 7.137 5 3.849 7.122 5.12 3.897 7.175 5 3.877 7.135 5.12 3.906 7.189 5 3.921 7.043 5 4.51 7.09 5.12 4.494 7.055 5 4.532 7.094 5.12 4.501 7.074 5 4.549 7.101 5.12 4.507 7.097 5 4.559 7.108 5.12 4.51 8.017 5 4.77 8.017 5.12 4.719 7.931 5 4.284 7.971 5.12 4.313 7.969 5 4.257 7.984 5.12 4.304 8.015 5 4.257 8 5.12 4.304 8.053 5 4.284 8.012 5.12 4.313 8.017 5.12 4.328 8.937 5 4.922 8.892 5.12 4.901 8.916 5 4.948 8.885 5.12 4.909 8.886 5 4.963 8.875 5.12 4.914 8.852 5 4.963 8.864 5.12 4.914 7.322 5.12 2.822 7.311 5 2.87 8.515 5 3.147 8.673 5 2.465 8.661 5.12 2.514 7.334 5.12 2.773 8.65 5.12 2.563 7.345 5 2.724 8.548 5 3.001 8.639 5 2.611 7.435 5 2.334 7.185 5.12 2.749 7.151 5 2.785 7.22 5.12 2.712 7.253 5 2.675 7.103 5.12 2.617 7.055 5 2.631 7.151 5.12 2.602 7.199 5 2.588 7.097 5.12 2.461 7.049 5 2.45 7.147 5.12 2.473 7.195 5 2.484 7.17 5.12 2.324 7.134 5 2.29 7.207 5.12 2.359 7.244 5 2.393 7.302 5.12 2.242 7.288 5 2.194 7.317 5.12 2.29 7.332 5 2.338 7.458 5.12 2.237 7.469 5 2.188 7.446 5.12 2.286 8.832 5 2.55 8.799 5.12 2.587 8.764 5.12 2.624 8.73 5 2.66 8.928 5 2.704 8.881 5.12 2.719 8.832 5.12 2.733 8.785 5 2.748 8.935 5 2.885 8.886 5.12 2.874 8.837 5.12 2.863 8.788 5 2.851 8.849 5 3.045 8.813 5.12 3.011 8.776 5.12 2.977 8.74 5 2.943 8.696 5 3.141 8.681 5.12 3.094 8.666 5.12 3.045 8.652 5 2.998 8.526 5.12 3.099 8.537 5.12 3.05 8.537 5.12 3.922 8.548 5 3.873 7.408 5 3.202 7.413 5.12 3.153 7.422 5 3.053 7.417 5.12 3.103 8.515 5 4.02 8.526 5.12 3.971 8.663 5.119 3.386 8.008 4.999 3.185 7.917 5 3.258 7.966 5.12 3.258 7.917 5 3.463 7.966 5.12 3.463 8.067 5 3.463 8.017 5.12 3.463 8.067 5 3.352 8.017 5.12 3.29 8.652 5.119 3.435 7.464 5 3.071 7.432 5.12 3.109 7.488 5 3.111 7.44 5.12 3.122 7.484 5 3.157 7.438 5.12 3.138 7.453 5 3.192 7.428 5.12 3.149 7.322 5.12 3.694 7.311 5 3.743 7.334 5.12 3.645 7.345 5 3.596 7.185 5.121 3.621 7.151 5.001 3.657 7.22 5.121 3.584 7.253 5.001 3.548 7.103 5.122 3.488 7.055 5.002 3.504 7.152 5.121 3.474 7.199 5.001 3.46 7.098 5.122 3.333 7.049 5.002 3.323 7.148 5.121 3.344 7.195 5.001 3.356 7.172 5.121 3.196 7.134 5.001 3.163 7.209 5.121 3.23 7.244 5.001 3.265 7.304 5.12 3.114 7.288 5 3.067 7.319 5.12 3.162 7.332 5 3.21 8.667 5.119 3.918 8.652 4.999 3.87 8.696 4.999 4.013 8.681 5.119 3.966 8.777 5.118 3.85 8.74 4.999 3.815 8.849 4.998 3.917 8.814 5.118 3.884 8.838 5.118 3.736 8.788 4.998 3.724 8.935 4.997 3.758 8.887 5.117 3.747 8.834 5.118 3.606 8.785 4.998 3.62 8.928 4.997 3.576 8.882 5.118 3.592 8.766 5.118 3.496 8.73 4.999 3.532 8.832 4.998 3.423 8.8 5.118 3.459 8.639 4.999 3.484 8.673 4.999 3.338 8.052 5 3.508 8.012 5.12 3.478 8.014 5 3.535 8 5.12 3.487 7.967 5.001 3.535 7.984 5.12 3.487 7.929 5.001 3.508 7.971 5.12 3.478 7.924 5 3.226 7.969 5.12 3.247 7.945 5 3.2 7.976 5.12 3.238 7.975 5 3.185 7.986 5.12 3.233 7.997 5.12 3.233 8.844 5.12 5.19 8.794 5 5.19 8.794 5 5.66 8.844 5.12 5.723 7.131 5 5.278 7.12 5.12 5.326 7.092 5.12 5.338 7.05 5 5.312 7.039 5 5.357 7.089 5.12 5.353 7.095 5.12 5.367 7.058 5 5.4 7.097 5 5.424 7.108 5.12 5.375 8.945 5 5.755 8.895 5.12 5.755 8.849 5.12 5.175 8.809 5 5.146 8.862 5.12 5.166 8.846 5 5.119 8.877 5.12 5.166 8.893 5 5.119 8.89 5.12 5.175 8.93 5 5.146 8.895 5.12 5.19 8.945 5 5.19 7.104 5.12 5.327 7.085 5 5.282 8.937 5 5.787 8.892 5.12 5.766 8.916 5 5.814 8.885 5.12 5.775 8.886 5 5.828 8.875 5.12 5.779 8.852 5 5.828 8.864 5.12 5.779 8.794 5 4.795 8.067 5 4.628 7.917 5 4.593 7.189 5 4.426 8.067 5 3.352 8.794 5 5.66</float_array>
					<technique_common>
						<accessor source="#D16CA340-4DC7-4567-ABC3-1AD1C12A89D7-mesh-positions-array" count="3608" stride="3">
							<param name="X" type="float"/>
							<param name="Y" type="float"/>
							<param name="Z" type="float"/>
						</accessor>
					</technique_common>
				</source>
				<source id="D16CA340-4DC7-4567-ABC3-1AD1C12A89D7-mesh-normals">
					<float_array id="D16CA340-4DC7-4567-ABC3-1AD1C12A89D7-mesh-normals-array" count="10824">0 0 1 0 0 -1 0 0 -1 1 0 0 -1 0 0 0 -1 0 -0.707 0 -0.707 -0.383 0 -0.924 0 -1 0 0 -1 0 0.707 0 -0.707 0.924 0 -0.383 0 1 0 0 1 0 0 1 0 0 1 0 0 1 0 0 1 0 -0.924 0 -0.383 0 0 -1 0 0 -1 -1 0 0 -1 0 0 0 0 -1 0 1 0 0 0 -1 -1 0 0 0 1 0 0 1 0 1 0 0 1 0 0 0 0 -1 1 0 0 0 0 1 0 0 -1 -1 0 0 0 1 0 0 -1 0 0 0 1 0 0 1 0 -0.011 1 0 -0.011 1 -1 0 0 0 -1 0 0 0 1 0 0 1 0 0 -1 0 0 -1 1 0 0 1 0 0 -1 0 0 -1 0 0 0 0 1 0 0 -1 0 0 -1 -1 0 0 1 0 0 0 -1 0 0.707 0 -0.707 0.383 0 -0.924 0 -1 0 0 -1 0 -0.707 0 -0.707 -0.924 0 -0.383 0 1 0 0 1 0 0 1 0 0 1 0 0 1 0 0 1 0 0.924 0 -0.383 0 0 -1 0 0 -1 1 0 0 1 0 0 0 0 -1 0 1 0 0 0 -1 1 0 0 0 1 0 0 1 0 -1 0 0 -1 0 0 0 0 -1 -1 0 0 0 0 1 0 0 -1 1 0 0 0 1 0 0 -1 0 0 0 1 0 0 1 0 -0.011 1 0 -0.011 1 1 0 0 0 -1 0 0 0 1 0 0 1 0 0 -1 0 0 -1 -1 0 0 0 1 0 -1 0 0 1 0 0 1 0 0 0 -1 0 0 -1 0 0 0 -1 0 0 -1 0 1 0 0 -1 0 0 -1 0 0 -1 0 0 -0.011 1 0 -0.011 1 0 -1 0 0 -0.019 1 0 0 1 0 1 0 0 1 0 0 0 -1 0 0 1 0 0 1 1 0 0 -1 0 0 0 -1 0 -0.707 0 0.707 -0.383 0 0.924 0 -1 0 0 -1 0 0.707 0 0.707 0.924 0 0.383 0 1 0 0 1 0 0 1 0 0 1 0 0 1 0 0 1 0 -0.924 0 0.383 0 0 1 0 0 1 -1 0 0 -1 0 0 0 0 1 0 1 0 0 0 1 -1 0 0 0 1 0 0 1 0 1 0 0 1 0 0 0 0 1 1 0 0 0 0 -1 0 0 1 -1 0 0 0 1 0 0 -1 0 0 0 -1 0 0 -1 0 -0.011 -1 0 -0.011 -1 -1 0 0 0 -1 0 0 0 -1 0 0 -1 0 0 1 0 0 1 1 0 0 1 0 0 -1 0 0 -1 0 0 0 -1 0 0 -1 0 0 1 0 0 1 0 0 1 0 -1 0 0 1 0 0 -1 0 0 1 0 0 -1 0 0 0 -1 0 0 1 0 1 0 0 0 1 0 0 0 -1 0 0 1 0 0 1 -1 0 0 1 0 0 0 -1 0 0.707 0 0.707 0.383 0 0.924 0 -1 0 0 -1 0 -0.707 0 0.707 -0.924 0 0.383 0 1 0 0 1 0 0 1 0 0 1 0 0 1 0 0 1 0 0.924 0 0.383 0 0 1 0 0 1 1 0 0 1 0 0 0 0 1 0 1 0 0 0 1 1 0 0 0 1 0 0 1 0 -1 0 0 -1 0 0 0 0 1 -1 0 0 0 0 -1 0 0 1 1 0 0 0 1 0 0 -1 0 0 0 -1 0 0 -1 0 -0.011 -1 0 -0.011 -1 1 0 0 0 -1 0 0 0 -1 0 0 -1 0 0 1 0 0 1 -1 0 0 0 1 0 -1 0 0 1 0 0 1 0 0 0 -1 0 0 -1 0 0 0 1 0 0 1 0 1 0 0 -1 0 0 -1 0 0 -1 0 0 -0.011 -1 0 -0.011 -1 0 -1 0 0 -0.019 -1 0 0 -1 0 -1 0 0 -1 0 0 1 0 0 1 0 0 1 0 1 0 0 -1 0 0 1 0 0 -1 0 0 1 0 0 0 -1 0 0 1 0 -1 0 0 0 1 0 0 -1 0 0 1 0 0 1 0 0 1 0 0 -1 0 0 -1 0 1 0 0 0 -1 0 -1 0 0 -1 0 0 0 -1 0 -1 0 0 0 1 0 0 0 -1 -1 0 0 0 1 0 -1 0 0 -0.924 0 -0.383 0 -1 0 0 -1 0 0 0 -1 0.383 0 -0.924 0 -1 0 0 -1 0 1 0 0 1 0 0 0.924 0 -0.383 0.707 0 -0.707 0.383 0 -0.924 0 0 -1 -0.383 0 -0.924 -0.707 0 -0.707 0 1 0 -1 0 0 0 1 0 0 0 1 -1 0 0 0 1 0 0 -1 0 0 -1 0 -1 0 0 1 0 0 0 1 0 0 -0.019 1 0 -0.019 1 0 -1 0 0 1 0 0 0 -1 0 0 -1 0 1 0 0 0 -1 0 1 0 1 0 0 0 0 -1 -1 0 0 0 1 0 0 0 -1 1 0 0 0 1 0 1 0 0 0 -1 0 0 1 0 0 -1 0 0 0 -1 0 -1 0 0 1 0 0 0 -1 1 0 0 0 0 -1 0 1 0 -1 0 0 0 0 -1 -1 0 0 -1 0 0 0 0 1 -1 0 0 0 1 0 0 0 -1 0 0 -1 0 1 0 1 0 0 0 0 1 0 1 0 0 0 1 0 1 0 0 1 0 0 0 1 0 1 0 -1 0 0 0 1 0 1 0 0 0 1 0 0 0 1 -1 0 0 0 1 0 0 0 1 -1 0 0 0 0 -1 0 1 0 0 0 -1 0 0 -1 -1 0 0 0 0 1 0 -1 0 -1 0 0 -1 0 0 0 -1 0 -1 0 0 0 -0.019 1 0 -1 0 0 -1 0 -1 0 0 -1 0 0 0 0 -1 0 1 0 0 0 1 0 -1 0 1 0 0 0 -1 0 0 -1 0 0 -1 0 0 -1 0 -1 0 0 0 -1 0 1 0 0 1 0 0 0 -1 0 1 0 0 0 1 0 0 0 -1 1 0 0 0 1 0 1 0 0 0.924 0 -0.383 0 -1 0 0 -1 0 0 0 -1 -0.383 0 -0.924 0 -1 0 0 -1 0 -1 0 0 -1 0 0 -0.924 0 -0.383 -0.707 0 -0.707 -0.383 0 -0.924 0 0 -1 0.383 0 -0.924 0.707 0 -0.707 0 1 0 1 0 0 0 1 0 0 0 1 1 0 0 0 -1 0 1 0 0 -1 0 0 0 1 0 0 -0.019 1 0 -1 0 0 1 0 0 0 -1 0 0 -1 0 1 0 0 0 -1 0 1 0 -1 0 0 0 0 -1 1 0 0 0 1 0 0 0 -1 -1 0 0 0 1 0 -1 0 0 0 -1 0 0 1 0 0 -1 0 0 0 -1 0 -1 0 0 1 0 0 0 -1 -1 0 0 0 0 -1 0 1 0 1 0 0 0 0 -1 1 0 0 1 0 0 0 0 1 1 0 0 0 1 0 0 0 -1 0 0 -1 0 1 0 -1 0 0 0 0 1 0 1 0 0 0 1 0 1 0 0 1 0 0 0 1 0 1 0 1 0 0 0 1 0 -1 0 0 0 1 0 0 0 1 1 0 0 0 1 0 0 0 1 1 0 0 0 0 -1 0 1 0 0 0 -1 1 0 0 0 0 1 0 -1 0 1 0 0 1 0 0 0 -1 0 1 0 0 0 -0.019 1 0 -1 0 0 -1 0 1 0 0 1 0 0 -1 0 0 0 -1 0 1 0 0 0 -1 0 -1 0 0 -1 0 0 0 -1 0 0 1 0 0 0 1 -1 0 0 -0.924 0 0.383 0 -1 0 0 -1 0 0 0 1 0.383 0 0.924 0 -1 0 0 -1 0 0.924 0 0.383 0.707 0 0.707 0.383 0 0.924 0 0 1 -0.383 0 0.924 -0.707 0 0.707 0 1 0 0 1 0 0 0 -1 -1 0 0 0 1 0 0 -1 0 0 -1 0 -1 0 0 1 0 0 0 1 0 0 -0.019 -1 0 -0.019 -1 0 -1 0 0 1 0 0 0 1 0 0 1 0 1 0 0 0 1 0 1 0 1 0 0 0 0 1 -1 0 0 0 1 0 0 0 1 1 0 0 0 1 0 1 0 0 0 -1 0 0 -1 0 0 0 1 0 1 0 0 0 1 1 0 0 0 0 1 0 1 0 -1 0 0 0 0 1 -1 0 0 -1 0 0 0 0 -1 -1 0 0 0 1 0 0 0 1 0 0 1 0 1 0 1 0 0 0 0 -1 0 1 0 0 0 -1 0 1 0 0 1 0 0 0 -1 0 1 0 -1 0 0 0 1 0 1 0 0 0 1 0 0 0 -1 -1 0 0 0 1 0 0 0 -1 -1 0 0 0 0 1 0 1 0 0 0 1 0 0 1 -1 0 0 0 0 -1 0 -1 0 -1 0 0 -1 0 0 0 -1 0 -1 0 0 0 -0.019 -1 0 0 1 0 1 0 0 0 -1 0 -1 0 0 -1 0 0 -1 0 0 -1 0 -1 0 0 0 -1 0 1 0 0 1 0 0 0 -1 0 0 1 0 0 0 1 1 0 0 0.924 0 0.383 0 -1 0 0 -1 0 0 0 1 -0.383 0 0.924 0 -1 0 0 -1 0 -0.924 0 0.383 -0.707 0 0.707 -0.383 0 0.924 0 0 1 0.383 0 0.924 0.707 0 0.707 0 1 0 0 1 0 0 0 -1 1 0 0 0 -1 0 1 0 0 -1 0 0 0 1 0 0 -0.019 -1 0 -1 0 0 1 0 0 0 1 0 0 1 0 1 0 0 0 1 0 1 0 -1 0 0 0 0 1 1 0 0 0 1 0 0 0 1 -1 0 0 0 1 0 -1 0 0 0 -1 0 0 -1 0 0 0 1 0 1 0 0 0 1 -1 0 0 0 0 1 0 1 0 1 0 0 0 0 1 1 0 0 1 0 0 0 0 -1 1 0 0 0 1 0 0 0 1 0 0 1 0 1 0 -1 0 0 0 0 -1 0 1 0 0 0 -1 0 1 0 0 1 0 0 0 -1 0 1 0 1 0 0 0 1 0 -1 0 0 0 1 0 0 0 -1 1 0 0 0 1 0 0 0 -1 1 0 0 0 0 1 0 1 0 0 0 1 1 0 0 0 0 -1 0 -1 0 1 0 0 1 0 0 0 -1 0 1 0 0 0 -0.019 -1 0.38291 0 -0.92379 0 1 0 0.27695 0.68888 -0.66988 0 1 0 0.70711 0 -0.70711 0.51273 0.68864 -0.51273 0.92379 0 -0.38291 0 1 0 0.66988 0.68888 -0.27695 0 1 0 1 0 0 0.72487 0.68888 0 0.92379 0 0.38291 0 1 0 0.66988 0.68888 0.27695 0.70711 0 0.70711 0 1 0 0.51273 0.68864 0.51273 0.38291 0 0.92379 0 1 0 0.27695 0.68888 0.66988 0 0 1 0 1 0 0 0.68888 0.72487 0 1 0 -0.38291 0 0.92379 -0.27695 0.68888 0.66988 -0.70711 0 0.70711 0 1 0 -0.51273 0.68864 0.51273 -0.92379 0 0.38291 0 1 0 -0.66988 0.68888 0.27695 -1 0 0 0 1 0 -0.72487 0.68888 0 -0.92379 0 -0.38291 0 1 0 -0.66988 0.68888 -0.27695 0 1 0 -0.70711 0 -0.70711 -0.51273 0.68864 -0.51273 -0.38291 0 -0.92379 0 1 0 -0.27695 0.68888 -0.66988 0 0 -1 0 1 0 0 0.68888 -0.72487 0 1 0 0 1 0 0 1 0 0 1 0 0 1 0 0 1 0 0 1 0 0 1 0 0 1 0 0 0 -1 0 1 0 0 0.73695 -0.67595 0 1 0 -0.38291 0 -0.92379 -0.25889 0.73668 -0.62473 0 1 0 -0.70711 0 -0.70711 -0.47797 0.73695 -0.47797 0 1 0 -0.92379 0 -0.38291 -0.62473 0.73668 -0.25889 0 1 0 -1 0 0 -0.67595 0.73695 0 0 1 0 -0.92379 0 0.38291 -0.62473 0.73668 0.25889 0 1 0 -0.70711 0 0.70711 -0.47797 0.73695 0.47797 0 1 0 -0.38291 0 0.92379 -0.25889 0.73668 0.62473 0 1 0 0 0 1 0 0.73695 0.67595 0 1 0 0.38291 0 0.92379 0.25889 0.73668 0.62473 0 1 0 0.70711 0 0.70711 0.47797 0.73695 0.47797 0 1 0 0.92379 0 0.38291 0.62473 0.73668 0.25889 0 1 0 1 0 0 0.67595 0.73695 0 0 1 0 0.92379 0 -0.38291 0.62473 0.73668 -0.25889 0 1 0 0.70711 0 -0.70711 0.47797 0.73695 -0.47797 0 1 0 0.38291 0 -0.92379 0.25889 0.73668 -0.62473 0.38291 0 -0.92379 0 1 0 0.27695 0.68888 -0.66988 0 1 0 0.70711 0 -0.70711 0.51273 0.68864 -0.51273 0.92379 0 -0.38291 0 1 0 0.66988 0.68888 -0.27695 0 1 0 1 0 0 0.72487 0.68888 0 0.92379 0 0.38291 0 1 0 0.66988 0.68888 0.27695 0.70711 0 0.70711 0 1 0 0.51273 0.68864 0.51273 0.38291 0 0.92379 0 1 0 0.27695 0.68888 0.66988 0 0 1 0 1 0 0 0.68888 0.72487 0 1 0 -0.38291 0 0.92379 -0.27695 0.68888 0.66988 -0.70711 0 0.70711 0 1 0 -0.51273 0.68864 0.51273 -0.92379 0 0.38291 0 1 0 -0.66988 0.68888 0.27695 -1 0 0 0 1 0 -0.72487 0.68888 0 -0.92379 0 -0.38291 0 1 0 -0.66988 0.68888 -0.27695 0 1 0 -0.70711 0 -0.70711 -0.51273 0.68864 -0.51273 -0.38291 0 -0.92379 0 1 0 -0.27695 0.68888 -0.66988 0 0 -1 0 1 0 0 0.68888 -0.72487 0 1 0 0 1 0 0 1 0 0 1 0 0 1 0 0 1 0 0 1 0 0 1 0 0 1 0 0 0 -1 0 1 0 0 0.73695 -0.67595 0 1 0 -0.38291 0 -0.92379 -0.25889 0.73668 -0.62473 0 1 0 -0.70711 0 -0.70711 -0.47797 0.73695 -0.47797 0 1 0 -0.92379 0 -0.38291 -0.62473 0.73668 -0.25889 0 1 0 -1 0 0 -0.67595 0.73695 0 0 1 0 -0.92379 0 0.38291 -0.62473 0.73668 0.25889 0 1 0 -0.70711 0 0.70711 -0.47797 0.73695 0.47797 0 1 0 -0.38291 0 0.92379 -0.25889 0.73668 0.62473 0 1 0 0 0 1 0 0.73695 0.67595 0 1 0 0.38291 0 0.92379 0.25889 0.73668 0.62473 0 1 0 0.70711 0 0.70711 0.47797 0.73695 0.47797 0 1 0 0.92379 0 0.38291 0.62473 0.73668 0.25889 0 1 0 1 0 0 0.67595 0.73695 0 0 1 0 0.92379 0 -0.38291 0.62473 0.73668 -0.25889 0 1 0 0.70711 0 -0.70711 0.47797 0.73695 -0.47797 0 1 0 0.38291 0 -0.92379 0.25889 0.73668 -0.62473 0.38291 0 -0.92379 0 1 0 0.27695 0.68888 -0.66988 0 1 0 0.70711 0 -0.70711 0.51273 0.68864 -0.51273 0.92379 0 -0.38291 0 1 0 0.66988 0.68888 -0.27695 0 1 0 1 0 0 0.72487 0.68888 0 0.92379 0 0.38291 0 1 0 0.66988 0.68888 0.27695 0.70711 0 0.70711 0 1 0 0.51273 0.68864 0.51273 0.38291 0 0.92379 0 1 0 0.27695 0.68888 0.66988 0 0 1 0 1 0 0 0.68888 0.72487 0 1 0 -0.38291 0 0.92379 -0.27695 0.68888 0.66988 -0.70711 0 0.70711 0 1 0 -0.51273 0.68864 0.51273 -0.92379 0 0.38291 0 1 0 -0.66988 0.68888 0.27695 -1 0 0 0 1 0 -0.72487 0.68888 0 -0.92379 0 -0.38291 0 1 0 -0.66988 0.68888 -0.27695 0 1 0 -0.70711 0 -0.70711 -0.51273 0.68864 -0.51273 -0.38291 0 -0.92379 0 1 0 -0.27695 0.68888 -0.66988 0 0 -1 0 1 0 0 0.68888 -0.72487 0 1 0 0 1 0 0 1 0 0 1 0 0 1 0 0 1 0 0 1 0 0 1 0 0 1 0 0 0 -1 0 1 0 0 0.73695 -0.67595 0 1 0 -0.38291 0 -0.92379 -0.25889 0.73668 -0.62473 0 1 0 -0.70711 0 -0.70711 -0.47797 0.73695 -0.47797 0 1 0 -0.92379 0 -0.38291 -0.62473 0.73668 -0.25889 0 1 0 -1 0 0 -0.67595 0.73695 0 0 1 0 -0.92379 0 0.38291 -0.62473 0.73668 0.25889 0 1 0 -0.70711 0 0.70711 -0.47797 0.73695 0.47797 0 1 0 -0.38291 0 0.92379 -0.25889 0.73668 0.62473 0 1 0 0 0 1 0 0.73695 0.67595 0 1 0 0.38291 0 0.92379 0.25889 0.73668 0.62473 0 1 0 0.70711 0 0.70711 0.47797 0.73695 0.47797 0 1 0 0.92379 0 0.38291 0.62473 0.73668 0.25889 0 1 0 1 0 0 0.67595 0.73695 0 0 1 0 0.92379 0 -0.38291 0.62473 0.73668 -0.25889 0 1 0 0.70711 0 -0.70711 0.47797 0.73695 -0.47797 0 1 0 0.38291 0 -0.92379 0.25889 0.73668 -0.62473 0.38291 0 -0.92379 0 1 0 0.27695 0.68888 -0.66988 0 1 0 0.70711 0 -0.70711 0.51273 0.68864 -0.51273 0.92379 0 -0.38291 0 1 0 0.66988 0.68888 -0.27695 0 1 0 1 0 0 0.72487 0.68888 0 0.92379 0 0.38291 0 1 0 0.66988 0.68888 0.27695 0.70711 0 0.70711 0 1 0 0.51273 0.68864 0.51273 0.38291 0 0.92379 0 1 0 0.27695 0.68888 0.66988 0 0 1 0 1 0 0 0.68888 0.72487 0 1 0 -0.38291 0 0.92379 -0.27695 0.68888 0.66988 -0.70711 0 0.70711 0 1 0 -0.51273 0.68864 0.51273 -0.92379 0 0.38291 0 1 0 -0.66988 0.68888 0.27695 -1 0 0 0 1 0 -0.72487 0.68888 0 -0.92379 0 -0.38291 0 1 0 -0.66988 0.68888 -0.27695 0 1 0 -0.70711 0 -0.70711 -0.51273 0.68864 -0.51273 -0.38291 0 -0.92379 0 1 0 -0.27695 0.68888 -0.66988 0 0 -1 0 1 0 0 0.68888 -0.72487 0 1 0 0 1 0 0 1 0 0 1 0 0 1 0 0 1 0 0 1 0 0 1 0 0 1 0 0 0 -1 0 1 0 0 0.73695 -0.67595 0 1 0 -0.38291 0 -0.92379 -0.25889 0.73668 -0.62473 0 1 0 -0.70711 0 -0.70711 -0.47797 0.73695 -0.47797 0 1 0 -0.92379 0 -0.38291 -0.62473 0.73668 -0.25889 0 1 0 -1 0 0 -0.67595 0.73695 0 0 1 0 -0.92379 0 0.38291 -0.62473 0.73668 0.25889 0 1 0 -0.70711 0 0.70711 -0.47797 0.73695 0.47797 0 1 0 -0.38291 0 0.92379 -0.25889 0.73668 0.62473 0 1 0 0 0 1 0 0.73695 0.67595 0 1 0 0.38291 0 0.92379 0.25889 0.73668 0.62473 0 1 0 0.70711 0 0.70711 0.47797 0.73695 0.47797 0 1 0 0.92379 0 0.38291 0.62473 0.73668 0.25889 0 1 0 1 0 0 0.67595 0.73695 0 0 1 0 0.92379 0 -0.38291 0.62473 0.73668 -0.25889 0 1 0 0.70711 0 -0.70711 0.47797 0.73695 -0.47797 0 1 0 0.38291 0 -0.92379 0.25889 0.73668 -0.62473 0.38291 0 -0.92379 0 1 0 0.27695 0.68888 -0.66988 0 1 0 0.70711 0 -0.70711 0.51273 0.68864 -0.51273 0.92379 0 -0.38291 0 1 0 0.66988 0.68888 -0.27695 0 1 0 1 0 0 0.72487 0.68888 0 0.92379 0 0.38291 0 1 0 0.66988 0.68888 0.27695 0.70711 0 0.70711 0 1 0 0.51273 0.68864 0.51273 0.38291 0 0.92379 0 1 0 0.27695 0.68888 0.66988 0 0 1 0 1 0 0 0.68888 0.72487 0 1 0 -0.38291 0 0.92379 -0.27695 0.68888 0.66988 -0.70711 0 0.70711 0 1 0 -0.51273 0.68864 0.51273 -0.92379 0 0.38291 0 1 0 -0.66988 0.68888 0.27695 -1 0 0 0 1 0 -0.72487 0.68888 0 -0.92379 0 -0.38291 0 1 0 -0.66988 0.68888 -0.27695 0 1 0 -0.70711 0 -0.70711 -0.51273 0.68864 -0.51273 -0.38291 0 -0.92379 0 1 0 -0.27695 0.68888 -0.66988 0 0 -1 0 1 0 0 0.68888 -0.72487 0 1 0 0 1 0 0 1 0 0 1 0 0 1 0 0 1 0 0 1 0 0 1 0 0 1 0 0 0 -1 0 1 0 0 0.73695 -0.67595 0 1 0 -0.38291 0 -0.92379 -0.25889 0.73668 -0.62473 0 1 0 -0.70711 0 -0.70711 -0.47797 0.73695 -0.47797 0 1 0 -0.92379 0 -0.38291 -0.62473 0.73668 -0.25889 0 1 0 -1 0 0 -0.67595 0.73695 0 0 1 0 -0.92379 0 0.38291 -0.62473 0.73668 0.25889 0 1 0 -0.70711 0 0.70711 -0.47797 0.73695 0.47797 0 1 0 -0.38291 0 0.92379 -0.25889 0.73668 0.62473 0 1 0 0 0 1 0 0.73695 0.67595 0 1 0 0.38291 0 0.92379 0.25889 0.73668 0.62473 0 1 0 0.70711 0 0.70711 0.47797 0.73695 0.47797 0 1 0 0.92379 0 0.38291 0.62473 0.73668 0.25889 0 1 0 1 0 0 0.67595 0.73695 0 0 1 0 0.92379 0 -0.38291 0.62473 0.73668 -0.25889 0 1 0 0.70711 0 -0.70711 0.47797 0.73695 -0.47797 0 1 0 0.38291 0 -0.92379 0.25889 0.73668 -0.62473 0.38291 0 -0.92379 0 1 0 0.27695 0.68888 -0.66988 0 1 0 0.70711 0 -0.70711 0.51273 0.68864 -0.51273 0.92379 0 -0.38291 0 1 0 0.66988 0.68888 -0.27695 0 1 0 1 0 0 0.72487 0.68888 0 0.92379 0 0.38291 0 1 0 0.66988 0.68888 0.27695 0.70711 0 0.70711 0 1 0 0.51273 0.68864 0.51273 0.38291 0 0.92379 0 1 0 0.27695 0.68888 0.66988 0 0 1 0 1 0 0 0.68888 0.72487 0 1 0 -0.38291 0 0.92379 -0.27695 0.68888 0.66988 -0.70711 0 0.70711 0 1 0 -0.51273 0.68864 0.51273 -0.92379 0 0.38291 0 1 0 -0.66988 0.68888 0.27695 -1 0 0 0 1 0 -0.72487 0.68888 0 -0.92379 0 -0.38291 0 1 0 -0.66988 0.68888 -0.27695 0 1 0 -0.70711 0 -0.70711 -0.51273 0.68864 -0.51273 -0.38291 0 -0.92379 0 1 0 -0.27695 0.68888 -0.66988 0 0 -1 0 1 0 0 0.68888 -0.72487 0 1 0 0 1 0 0 1 0 0 1 0 0 1 0 0 1 0 0 1 0 0 1 0 0 1 0 0 0 -1 0 1 0 0 0.73695 -0.67595 0 1 0 -0.38291 0 -0.92379 -0.25889 0.73668 -0.62473 0 1 0 -0.70711 0 -0.70711 -0.47797 0.73695 -0.47797 0 1 0 -0.92379 0 -0.38291 -0.62473 0.73668 -0.25889 0 1 0 -1 0 0 -0.67595 0.73695 0 0 1 0 -0.92379 0 0.38291 -0.62473 0.73668 0.25889 0 1 0 -0.70711 0 0.70711 -0.47797 0.73695 0.47797 0 1 0 -0.38291 0 0.92379 -0.25889 0.73668 0.62473 0 1 0 0 0 1 0 0.73695 0.67595 0 1 0 0.38291 0 0.92379 0.25889 0.73668 0.62473 0 1 0 0.70711 0 0.70711 0.47797 0.73695 0.47797 0 1 0 0.92379 0 0.38291 0.62473 0.73668 0.25889 0 1 0 1 0 0 0.67595 0.73695 0 0 1 0 0.92379 0 -0.38291 0.62473 0.73668 -0.25889 0 1 0 0.70711 0 -0.70711 0.47797 0.73695 -0.47797 0 1 0 0.38291 0 -0.92379 0.25889 0.73668 -0.62473 0 0 -1 -0.38291 0 -0.92379 -0.70711 0 -0.70711 -0.92379 0 -0.38291 -1 0 0 -0.92379 0 0.38291 -0.70711 0 0.70711 -0.38291 0 0.92379 0 0 1 0.38291 0 0.92379 0.70711 0 0.70711 0.92379 0 0.38291 1 0 0 0.92379 0 -0.38291 0.70711 0 -0.70711 0.38291 0 -0.92379 0 0 1 0.38291 0 0.92379 0.70711 0 0.70711 0.92379 0 0.38291 1 0 0 0.92379 0 -0.38291 0.70711 0 -0.70711 0.38291 0 -0.92379 0 0 -1 -0.38291 0 -0.92379 -0.70711 0 -0.70711 -0.92379 0 -0.38291 -1 0 0 -0.92379 0 0.38291 -0.70711 0 0.70711 -0.38291 0 0.92379 0 0 -1 0 -1 0 0 -0.68888 -0.72487 0 -1 0 -0.38291 0 -0.92379 -0.27695 -0.68888 -0.66988 0 -1 0 -0.70711 0 -0.70711 -0.51273 -0.68864 -0.51273 0 -1 0 -0.92379 0 -0.38291 -0.66988 -0.68888 -0.27695 0 -1 0 -1 0 0 -0.72487 -0.68888 0 0 -1 0 -0.92379 0 0.38291 -0.66988 -0.68888 0.27695 0 -1 0 -0.70711 0 0.70711 -0.51273 -0.68864 0.51273 0 -1 0 -0.38291 0 0.92379 -0.27695 -0.68888 0.66988 0 -1 0 0 0 1 0 -0.68888 0.72487 0 -1 0 0.38291 0 0.92379 0.27695 -0.68888 0.66988 0 -1 0 0.70711 0 0.70711 0.51273 -0.68864 0.51273 0 -1 0 0.92379 0 0.38291 0.66988 -0.68888 0.27695 0 -1 0 1 0 0 0.72487 -0.68888 0 0 -1 0 0.92379 0 -0.38291 0.66988 -0.68888 -0.27695 0 -1 0 0.70711 0 -0.70711 0.51273 -0.68864 -0.51273 0 -1 0 0.38291 0 -0.92379 0.27695 -0.68888 -0.66988 0 -1 0 0 0 1 0 -0.73695 0.67595 0.38291 0 0.92379 0 -1 0 0.25889 -0.73668 0.62473 0.70711 0 0.70711 0 -1 0 0.47797 -0.73695 0.47797 0.92379 0 0.38291 0 -1 0 0.62473 -0.73668 0.25889 1 0 0 0 -1 0 0.67595 -0.73695 0 0.92379 0 -0.38291 0 -1 0 0.62473 -0.73668 -0.25889 0.70711 0 -0.70711 0 -1 0 0.47797 -0.73695 -0.47797 0.38291 0 -0.92379 0 -1 0 0.25889 -0.73668 -0.62473 0 0 -1 0 -1 0 0 -0.73695 -0.67595 -0.38291 0 -0.92379 0 -1 0 -0.25889 -0.73668 -0.62473 -0.70711 0 -0.70711 0 -1 0 -0.47797 -0.73695 -0.47797 -0.92379 0 -0.38291 0 -1 0 -0.62473 -0.73668 -0.25889 -1 0 0 0 -1 0 -0.67595 -0.73695 0 -0.92379 0 0.38291 0 -1 0 -0.62473 -0.73668 0.25889 -0.70711 0 0.70711 0 -1 0 -0.47797 -0.73695 0.47797 -0.38291 0 0.92379 0 -1 0 -0.25889 -0.73668 0.62473 0 0 -1 -0.38291 0 -0.92379 -0.70711 0 -0.70711 -0.92379 0 -0.38291 -1 0 0 -0.92379 0 0.38291 -0.70711 0 0.70711 -0.38291 0 0.92379 0 0 1 0.38291 0 0.92379 0.70711 0 0.70711 0.92379 0 0.38291 1 0 0 0.92379 0 -0.38291 0.70711 0 -0.70711 0.38291 0 -0.92379 0 0 1 0.38291 0 0.92379 0.70711 0 0.70711 0.92379 0 0.38291 1 0 0 0.92379 0 -0.38291 0.70711 0 -0.70711 0.38291 0 -0.92379 0 0 -1 -0.38291 0 -0.92379 -0.70711 0 -0.70711 -0.92379 0 -0.38291 -1 0 0 -0.92379 0 0.38291 -0.70711 0 0.70711 -0.38291 0 0.92379 0 0 -1 0 -1 0 0 -0.68888 -0.72487 0 -1 0 -0.38291 0 -0.92379 -0.27695 -0.68888 -0.66988 0 -1 0 -0.70711 0 -0.70711 -0.51273 -0.68864 -0.51273 0 -1 0 -0.92379 0 -0.38291 -0.66988 -0.68888 -0.27695 0 -1 0 -1 0 0 -0.72487 -0.68888 0 0 -1 0 -0.92379 0 0.38291 -0.66988 -0.68888 0.27695 0 -1 0 -0.70711 0 0.70711 -0.51273 -0.68864 0.51273 0 -1 0 -0.38291 0 0.92379 -0.27695 -0.68888 0.66988 0 -1 0 0 0 1 0 -0.68888 0.72487 0 -1 0 0.38291 0 0.92379 0.27695 -0.68888 0.66988 0 -1 0 0.70711 0 0.70711 0.51273 -0.68864 0.51273 0 -1 0 0.92379 0 0.38291 0.66988 -0.68888 0.27695 0 -1 0 1 0 0 0.72487 -0.68888 0 0 -1 0 0.92379 0 -0.38291 0.66988 -0.68888 -0.27695 0 -1 0 0.70711 0 -0.70711 0.51273 -0.68864 -0.51273 0 -1 0 0.38291 0 -0.92379 0.27695 -0.68888 -0.66988 0 -1 0 0 0 1 0 -0.73695 0.67595 0.38291 0 0.92379 0 -1 0 0.25889 -0.73668 0.62473 0.70711 0 0.70711 0 -1 0 0.47797 -0.73695 0.47797 0.92379 0 0.38291 0 -1 0 0.62473 -0.73668 0.25889 1 0 0 0 -1 0 0.67595 -0.73695 0 0.92379 0 -0.38291 0 -1 0 0.62473 -0.73668 -0.25889 0.70711 0 -0.70711 0 -1 0 0.47797 -0.73695 -0.47797 0.38291 0 -0.92379 0 -1 0 0.25889 -0.73668 -0.62473 0 0 -1 0 -1 0 0 -0.73695 -0.67595 -0.38291 0 -0.92379 0 -1 0 -0.25889 -0.73668 -0.62473 -0.70711 0 -0.70711 0 -1 0 -0.47797 -0.73695 -0.47797 -0.92379 0 -0.38291 0 -1 0 -0.62473 -0.73668 -0.25889 -1 0 0 0 -1 0 -0.67595 -0.73695 0 -0.92379 0 0.38291 0 -1 0 -0.62473 -0.73668 0.25889 -0.70711 0 0.70711 0 -1 0 -0.47797 -0.73695 0.47797 -0.38291 0 0.92379 0 -1 0 -0.25889 -0.73668 0.62473 0 0 -1 -0.38291 0 -0.92379 -0.70711 0 -0.70711 -0.92379 0 -0.38291 -1 0 0 -0.92379 0 0.38291 -0.70711 0 0.70711 -0.38291 0 0.92379 0 0 1 0.38291 0 0.92379 0.70711 0 0.70711 0.92379 0 0.38291 1 0 0 0.92379 0 -0.38291 0.70711 0 -0.70711 0.38291 0 -0.92379 0 0 1 0.38291 0 0.92379 0.70711 0 0.70711 0.92379 0 0.38291 1 0 0 0.92379 0 -0.38291 0.70711 0 -0.70711 0.38291 0 -0.92379 0 0 -1 -0.38291 0 -0.92379 -0.70711 0 -0.70711 -0.92379 0 -0.38291 -1 0 0 -0.92379 0 0.38291 -0.70711 0 0.70711 -0.38291 0 0.92379 0 0 -1 0 -1 0 0 -0.68888 -0.72487 0 -1 0 -0.38291 0 -0.92379 -0.27695 -0.68888 -0.66988 0 -1 0 -0.70711 0 -0.70711 -0.51273 -0.68864 -0.51273 0 -1 0 -0.92379 0 -0.38291 -0.66988 -0.68888 -0.27695 0 -1 0 -1 0 0 -0.72487 -0.68888 0 0 -1 0 -0.92379 0 0.38291 -0.66988 -0.68888 0.27695 0 -1 0 -0.70711 0 0.70711 -0.51273 -0.68864 0.51273 0 -1 0 -0.38291 0 0.92379 -0.27695 -0.68888 0.66988 0 -1 0 0 0 1 0 -0.68888 0.72487 0 -1 0 0.38291 0 0.92379 0.27695 -0.68888 0.66988 0 -1 0 0.70711 0 0.70711 0.51273 -0.68864 0.51273 0 -1 0 0.92379 0 0.38291 0.66988 -0.68888 0.27695 0 -1 0 1 0 0 0.72487 -0.68888 0 0 -1 0 0.92379 0 -0.38291 0.66988 -0.68888 -0.27695 0 -1 0 0.70711 0 -0.70711 0.51273 -0.68864 -0.51273 0 -1 0 0.38291 0 -0.92379 0.27695 -0.68888 -0.66988 0 -1 0 0 0 1 0 -0.73695 0.67595 0.38291 0 0.92379 0 -1 0 0.25889 -0.73668 0.62473 0.70711 0 0.70711 0 -1 0 0.47797 -0.73695 0.47797 0.92379 0 0.38291 0 -1 0 0.62473 -0.73668 0.25889 1 0 0 0 -1 0 0.67595 -0.73695 0 0.92379 0 -0.38291 0 -1 0 0.62473 -0.73668 -0.25889 0.70711 0 -0.70711 0 -1 0 0.47797 -0.73695 -0.47797 0.38291 0 -0.92379 0 -1 0 0.25889 -0.73668 -0.62473 0 0 -1 0 -1 0 0 -0.73695 -0.67595 -0.38291 0 -0.92379 0 -1 0 -0.25889 -0.73668 -0.62473 -0.70711 0 -0.70711 0 -1 0 -0.47797 -0.73695 -0.47797 -0.92379 0 -0.38291 0 -1 0 -0.62473 -0.73668 -0.25889 -1 0 0 0 -1 0 -0.67595 -0.73695 0 -0.92379 0 0.38291 0 -1 0 -0.62473 -0.73668 0.25889 -0.70711 0 0.70711 0 -1 0 -0.47797 -0.73695 0.47797 -0.38291 0 0.92379 0 -1 0 -0.25889 -0.73668 0.62473 0 0 -1 -0.38291 0 -0.92379 -0.70711 0 -0.70711 -0.92379 0 -0.38291 -1 0 0 -0.92379 0 0.38291 -0.70711 0 0.70711 -0.38291 0 0.92379 0 0 1 0.38291 0 0.92379 0.70711 0 0.70711 0.92379 0 0.38291 1 0 0 0.92379 0 -0.38291 0.70711 0 -0.70711 0.38291 0 -0.92379 0 0 1 0.38291 0 0.92379 0.70711 0 0.70711 0.92379 0 0.38291 1 0 0 0.92379 0 -0.38291 0.70711 0 -0.70711 0.38291 0 -0.92379 0 0 -1 -0.38291 0 -0.92379 -0.70711 0 -0.70711 -0.92379 0 -0.38291 -1 0 0 -0.92379 0 0.38291 -0.70711 0 0.70711 -0.38291 0 0.92379 0 0 -1 0 -1 0 0 -0.68888 -0.72487 0 -1 0 -0.38291 0 -0.92379 -0.27695 -0.68888 -0.66988 0 -1 0 -0.70711 0 -0.70711 -0.51273 -0.68864 -0.51273 0 -1 0 -0.92379 0 -0.38291 -0.66988 -0.68888 -0.27695 0 -1 0 -1 0 0 -0.72487 -0.68888 0 0 -1 0 -0.92379 0 0.38291 -0.66988 -0.68888 0.27695 0 -1 0 -0.70711 0 0.70711 -0.51273 -0.68864 0.51273 0 -1 0 -0.38291 0 0.92379 -0.27695 -0.68888 0.66988 0 -1 0 0 0 1 0 -0.68888 0.72487 0 -1 0 0.38291 0 0.92379 0.27695 -0.68888 0.66988 0 -1 0 0.70711 0 0.70711 0.51273 -0.68864 0.51273 0 -1 0 0.92379 0 0.38291 0.66988 -0.68888 0.27695 0 -1 0 1 0 0 0.72487 -0.68888 0 0 -1 0 0.92379 0 -0.38291 0.66988 -0.68888 -0.27695 0 -1 0 0.70711 0 -0.70711 0.51273 -0.68864 -0.51273 0 -1 0 0.38291 0 -0.92379 0.27695 -0.68888 -0.66988 0 -1 0 0 0 1 0 -0.73695 0.67595 0.38291 0 0.92379 0 -1 0 0.25889 -0.73668 0.62473 0.70711 0 0.70711 0 -1 0 0.47797 -0.73695 0.47797 0.92379 0 0.38291 0 -1 0 0.62473 -0.73668 0.25889 1 0 0 0 -1 0 0.67595 -0.73695 0 0.92379 0 -0.38291 0 -1 0 0.62473 -0.73668 -0.25889 0.70711 0 -0.70711 0 -1 0 0.47797 -0.73695 -0.47797 0.38291 0 -0.92379 0 -1 0 0.25889 -0.73668 -0.62473 0 0 -1 0 -1 0 0 -0.73695 -0.67595 -0.38291 0 -0.92379 0 -1 0 -0.25889 -0.73668 -0.62473 -0.70711 0 -0.70711 0 -1 0 -0.47797 -0.73695 -0.47797 -0.92379 0 -0.38291 0 -1 0 -0.62473 -0.73668 -0.25889 -1 0 0 0 -1 0 -0.67595 -0.73695 0 -0.92379 0 0.38291 0 -1 0 -0.62473 -0.73668 0.25889 -0.70711 0 0.70711 0 -1 0 -0.47797 -0.73695 0.47797 -0.38291 0 0.92379 0 -1 0 -0.25889 -0.73668 0.62473 0 0 -1 -0.38291 0 -0.92379 -0.70711 0 -0.70711 -0.92379 0 -0.38291 -1 0 0 -0.92379 0 0.38291 -0.70711 0 0.70711 -0.38291 0 0.92379 0 0 1 0.38291 0 0.92379 0.70711 0 0.70711 0.92379 0 0.38291 1 0 0 0.92379 0 -0.38291 0.70711 0 -0.70711 0.38291 0 -0.92379 0 0 1 0.38291 0 0.92379 0.70711 0 0.70711 0.92379 0 0.38291 1 0 0 0.92379 0 -0.38291 0.70711 0 -0.70711 0.38291 0 -0.92379 0 0 -1 -0.38291 0 -0.92379 -0.70711 0 -0.70711 -0.92379 0 -0.38291 -1 0 0 -0.92379 0 0.38291 -0.70711 0 0.70711 -0.38291 0 0.92379 0 0 -1 0 -1 0 0 -0.68888 -0.72487 0 -1 0 -0.38291 0 -0.92379 -0.27695 -0.68888 -0.66988 0 -1 0 -0.70711 0 -0.70711 -0.51273 -0.68864 -0.51273 0 -1 0 -0.92379 0 -0.38291 -0.66988 -0.68888 -0.27695 0 -1 0 -1 0 0 -0.72487 -0.68888 0 0 -1 0 -0.92379 0 0.38291 -0.66988 -0.68888 0.27695 0 -1 0 -0.70711 0 0.70711 -0.51273 -0.68864 0.51273 0 -1 0 -0.38291 0 0.92379 -0.27695 -0.68888 0.66988 0 -1 0 0 0 1 0 -0.68888 0.72487 0 -1 0 0.38291 0 0.92379 0.27695 -0.68888 0.66988 0 -1 0 0.70711 0 0.70711 0.51273 -0.68864 0.51273 0 -1 0 0.92379 0 0.38291 0.66988 -0.68888 0.27695 0 -1 0 1 0 0 0.72487 -0.68888 0 0 -1 0 0.92379 0 -0.38291 0.66988 -0.68888 -0.27695 0 -1 0 0.70711 0 -0.70711 0.51273 -0.68864 -0.51273 0 -1 0 0.38291 0 -0.92379 0.27695 -0.68888 -0.66988 0 -1 0 0 0 1 0 -0.73695 0.67595 0.38291 0 0.92379 0 -1 0 0.25889 -0.73668 0.62473 0.70711 0 0.70711 0 -1 0 0.47797 -0.73695 0.47797 0.92379 0 0.38291 0 -1 0 0.62473 -0.73668 0.25889 1 0 0 0 -1 0 0.67595 -0.73695 0 0.92379 0 -0.38291 0 -1 0 0.62473 -0.73668 -0.25889 0.70711 0 -0.70711 0 -1 0 0.47797 -0.73695 -0.47797 0.38291 0 -0.92379 0 -1 0 0.25889 -0.73668 -0.62473 0 0 -1 0 -1 0 0 -0.73695 -0.67595 -0.38291 0 -0.92379 0 -1 0 -0.25889 -0.73668 -0.62473 -0.70711 0 -0.70711 0 -1 0 -0.47797 -0.73695 -0.47797 -0.92379 0 -0.38291 0 -1 0 -0.62473 -0.73668 -0.25889 -1 0 0 0 -1 0 -0.67595 -0.73695 0 -0.92379 0 0.38291 0 -1 0 -0.62473 -0.73668 0.25889 -0.70711 0 0.70711 0 -1 0 -0.47797 -0.73695 0.47797 -0.38291 0 0.92379 0 -1 0 -0.25889 -0.73668 0.62473 0 0 -1 -0.38291 0 -0.92379 -0.70711 0 -0.70711 -0.92379 0 -0.38291 -1 0 0 -0.92379 0 0.38291 -0.70711 0 0.70711 -0.38291 0 0.92379 0 0 1 0.38291 0 0.92379 0.70711 0 0.70711 0.92379 0 0.38291 1 0 0 0.92379 0 -0.38291 0.70711 0 -0.70711 0.38291 0 -0.92379 0 0 1 0.38291 0 0.92379 0.70711 0 0.70711 0.92379 0 0.38291 1 0 0 0.92379 0 -0.38291 0.70711 0 -0.70711 0.38291 0 -0.92379 0 0 -1 -0.38291 0 -0.92379 -0.70711 0 -0.70711 -0.92379 0 -0.38291 -1 0 0 -0.92379 0 0.38291 -0.70711 0 0.70711 -0.38291 0 0.92379 0 0 -1 0 -1 0 0 -0.68888 -0.72487 0 -1 0 -0.38291 0 -0.92379 -0.27695 -0.68888 -0.66988 0 -1 0 -0.70711 0 -0.70711 -0.51273 -0.68864 -0.51273 0 -1 0 -0.92379 0 -0.38291 -0.66988 -0.68888 -0.27695 0 -1 0 -1 0 0 -0.72487 -0.68888 0 0 -1 0 -0.92379 0 0.38291 -0.66988 -0.68888 0.27695 0 -1 0 -0.70711 0 0.70711 -0.51273 -0.68864 0.51273 0 -1 0 -0.38291 0 0.92379 -0.27695 -0.68888 0.66988 0 -1 0 0 0 1 0 -0.68888 0.72487 0 -1 0 0.38291 0 0.92379 0.27695 -0.68888 0.66988 0 -1 0 0.70711 0 0.70711 0.51273 -0.68864 0.51273 0 -1 0 0.92379 0 0.38291 0.66988 -0.68888 0.27695 0 -1 0 1 0 0 0.72487 -0.68888 0 0 -1 0 0.92379 0 -0.38291 0.66988 -0.68888 -0.27695 0 -1 0 0.70711 0 -0.70711 0.51273 -0.68864 -0.51273 0 -1 0 0.38291 0 -0.92379 0.27695 -0.68888 -0.66988 0 -1 0 0 0 1 0 -0.73695 0.67595 0.38291 0 0.92379 0 -1 0 0.25889 -0.73668 0.62473 0.70711 0 0.70711 0 -1 0 0.47797 -0.73695 0.47797 0.92379 0 0.38291 0 -1 0 0.62473 -0.73668 0.25889 1 0 0 0 -1 0 0.67595 -0.73695 0 0.92379 0 -0.38291 0 -1 0 0.62473 -0.73668 -0.25889 0.70711 0 -0.70711 0 -1 0 0.47797 -0.73695 -0.47797 0.38291 0 -0.92379 0 -1 0 0.25889 -0.73668 -0.62473 0 0 -1 0 -1 0 0 -0.73695 -0.67595 -0.38291 0 -0.92379 0 -1 0 -0.25889 -0.73668 -0.62473 -0.70711 0 -0.70711 0 -1 0 -0.47797 -0.73695 -0.47797 -0.92379 0 -0.38291 0 -1 0 -0.62473 -0.73668 -0.25889 -1 0 0 0 -1 0 -0.67595 -0.73695 0 -0.92379 0 0.38291 0 -1 0 -0.62473 -0.73668 0.25889 -0.70711 0 0.70711 0 -1 0 -0.47797 -0.73695 0.47797 -0.38291 0 0.92379 0 -1 0 -0.25889 -0.73668 0.62473 -0.64474 0.7577 -0.10095 -0.96024 0.27907 -0.00699 0.20704 0.38309 -0.90021 -0.13502 0.97615 -0.17002 0.92328 0.38412 -0.00001 0.2499 0.94762 -0.19892 0.93087 0.27196 -0.24397 -0.96024 0.27907 -0.00799 -0.64416 0.75819 -0.10102 0.20704 0.38309 -0.90021 -0.13502 0.97615 -0.17002 0.92328 0.38412 -0.00001 0.2499 0.94762 -0.19892 0.58793 0.80891 0.00199 -0.95997 0.27999 -0.00799 -0.64416 0.75819 -0.10102 -0.94668 0.2939 0.13196 -0.57304 0.81806 -0.049 -0.17587 0.83043 0.52863 -0.13801 0.29605 0.94515 0.94677 0.32093 0.02499 0.62803 0.77504 0.07 0.93087 0.27196 -0.24397 0.58793 0.80891 0.00199 0.53398 0.79199 -0.296 0.67891 0.28197 -0.67792 0.15091 0.28186 -0.94751 0.25589 0.79168 -0.55477 -0.2559 0.79168 -0.55477 -0.43506 0.28203 -0.85509 -0.85473 0.28191 -0.43585 -0.55076 0.73268 -0.39982 -0.85408 0.28203 -0.43703 -0.55076 0.73268 -0.39982 -0.43425 0.28216 -0.85546 -0.20999 0.73394 -0.64594 0.15203 0.28208 -0.94727 0.20998 0.73394 -0.64594 0.67937 0.28216 -0.67738 0.55075 0.73268 -0.39983 0.93087 0.27196 -0.24397 -0.88235 0.29312 0.36816 -0.5789 0.80887 0.10299 -0.71205 0.29303 0.63806 -0.5149 0.80886 0.28395 -0.46124 0.29316 0.83745 -0.38894 0.80889 0.44094 -0.21205 0.29309 0.93227 -0.19101 0.77606 0.60104 -0.13801 0.29605 0.94515 -0.12896 0.85877 0.49586 -0.85408 0.28203 -0.43703 -0.55076 0.73268 -0.39982 -0.43425 0.28216 -0.85546 -0.20999 0.73394 -0.64594 0.15106 0.28212 -0.94741 0.20998 0.73394 -0.64594 0.67937 0.28216 -0.67738 0.55075 0.73268 -0.39983 0.5879 0.80887 0.00999 0.88539 0.32214 0.33514 0.58816 0.75721 0.28407 0.65221 0.3221 0.6862 0.40807 0.75513 0.51308 0.28915 0.32216 0.90144 0.14404 0.75717 0.63714 -0.054 0.31907 0.94619 -0.11999 0.81496 0.56697 -0.21306 0.79627 0.56619 -0.29104 0.36306 0.88515 -0.04199 0.32703 0.94408 0.26393 0.33692 -0.90378 0.21299 0.795 -0.56799 0.16995 0.88675 -0.42988 -0.17398 0.87491 0.45195 0.28693 0.37893 -0.87982 0.02699 0.42694 -0.90387 -0.25806 0.3801 0.88822 -0.05301 0.40613 0.91228 -0.39972 0.79246 0.46069 -0.60823 0.36614 0.70427 0.38886 0.86471 -0.31789 0.60105 0.38004 -0.70307 -0.57593 0.79291 0.19898 -0.87889 0.36596 0.30597 0.4958 0.86466 -0.08097 0.87188 0.37995 -0.30897 -0.59867 0.79256 -0.11593 -0.91417 0.36607 -0.17402 0.46981 0.86465 0.17792 0.90935 0.38015 0.16906 -0.46069 0.79246 -0.39972 -0.70427 0.36614 -0.60823 0.31789 0.86471 0.38886 0.70307 0.38004 0.60105 -0.19898 0.79291 -0.57593 -0.30597 0.36596 -0.87889 0.08097 0.86466 0.4958 0.30897 0.37995 0.87188 0.07496 0.81063 -0.58073 0.06602 0.35518 -0.93246 -0.00499 0.84872 0.52882 0.58882 0.3389 -0.73379 0.39804 0.79309 -0.46105 -0.36883 0.86862 0.33086 -0.57894 0.37897 0.72194 0.87685 0.33895 -0.34095 0.57581 0.79275 -0.19994 -0.4848 0.86866 0.10196 -0.86218 0.37908 0.33608 0.92987 0.33896 0.14297 0.5988 0.79275 0.11396 -0.47083 0.86869 -0.15394 -0.91479 0.37891 -0.13996 0.73379 0.3389 0.58882 0.46105 0.79309 0.39804 -0.33086 0.86862 -0.36883 -0.72194 0.37897 -0.57894 0.34095 0.33895 0.87685 0.19994 0.79275 0.57581 -0.10196 0.86866 -0.4848 -0.33608 0.37908 -0.86218 -0.08598 0.81086 0.57889 0.00599 0.84871 -0.52882 0.063 0.82607 -0.56004 0.07803 0.45224 -0.88847 0.23111 0.36616 0.90139 0.09605 0.78635 0.61027 0.06299 0.32698 -0.94293 0.13298 0.79493 -0.59195 -0.05698 0.31991 0.94573 -0.09295 0.81163 0.57673 0.21992 0.78673 -0.5768 0.055 0.31305 -0.94814 -0.94675 0.32092 -0.02598 -0.62798 0.77498 -0.07099 -0.93354 0.27587 0.2289 -0.58965 0.80752 -0.01499 0.96024 0.27907 0.00699 0.645 0.758 0.09699 -0.206 0.38402 0.90005 0.13703 0.97621 0.16803 -0.22209 0.85138 0.47521 0.61402 0.19801 -0.76405 0.44999 0.73099 -0.51299 0.94592 0.19799 -0.25699 0.66377 0.73275 -0.14995 0.91629 0.19806 0.3481 0.62552 0.73244 0.26879 0.5363 0.19811 0.82045 0.34908 0.73116 0.58612 -0.20906 0.80226 0.55918 -0.30215 0.3772 0.87546 0.21689 0.8496 -0.48077 0.30997 0.37898 -0.87195 -0.41495 0.79193 0.44796 -0.62788 0.38593 0.67588 0.33694 0.87287 -0.35295 0.63319 0.38012 -0.67422 -0.58287 0.79284 0.17797 -0.88139 0.38774 0.26982 0.46901 0.87203 -0.14001 0.88589 0.37796 -0.26898 -0.59297 0.79296 -0.13999 -0.89772 0.38788 -0.20893 0.47699 0.872 0.10999 0.90192 0.37797 0.20897 -0.44302 0.79204 -0.42001 -0.67298 0.38599 -0.63097 0.3589 0.87275 0.3309 0.6767 0.37983 0.63071 -0.19398 0.79489 -0.57491 -0.29693 0.3829 -0.87477 0.16203 0.86816 0.46908 0.30212 0.38214 0.87332 -0.18105 0.87025 -0.45813 -0.26099 0.45397 -0.85194 0.31687 0.31787 0.89362 0.17296 0.81378 0.55484 -0.38492 0.87182 -0.30293 -0.65191 0.45594 -0.60591 0.72109 0.31504 0.61707 0.42797 0.81195 0.39697 -0.48421 0.87238 -0.06702 -0.86689 0.45794 -0.19697 0.93314 0.31405 0.17502 0.56998 0.81098 0.13199 -0.45207 0.87215 0.18703 -0.84866 0.45782 0.2649 0.89599 0.314 -0.31401 0.56081 0.81073 -0.16795 -0.29703 0.87112 0.39105 -0.60218 0.45615 0.65521 0.619 0.31601 -0.71901 0.40286 0.81173 -0.42286 -0.26594 0.42991 0.86282 0.27908 0.3231 -0.90428 0.85486 0.28295 0.43492 0.55394 0.73292 0.39495 0.43612 0.28607 0.85321 0.21406 0.7352 0.64317 -0.14792 0.28987 0.94557 -0.20402 0.73811 0.64309 -0.68672 0.29189 0.66574 -0.55005 0.74107 0.38504 -0.88509 0.32203 -0.33602 -0.58717 0.75722 -0.28608 -0.65115 0.32008 -0.68815 -0.40587 0.75376 -0.51683 -0.28691 0.31789 -0.90368 -0.13999 0.7539 -0.64191 0.13199 0.81098 -0.56998 -0.64416 0.75819 -0.10102 -0.96024 0.27907 -0.00699 0.20704 0.38309 -0.90021 -0.13502 0.97615 -0.17002 -0.04599 0.2739 -0.96066 0.045 0.76613 -0.64111 -0.57027 0.74635 -0.34315 -0.88918 0.28106 -0.36106 -0.93177 0.28093 0.22995 -0.66318 0.74621 0.05802 -0.49814 0.78924 0.35911 -0.61872 0.28088 0.73368 -0.22395 0.27895 0.93383 -0.27486 0.80761 0.52175 0.94677 0.32093 0.02499 0.62803 0.77504 0.07 -0.55076 0.73268 -0.39982 -0.85473 0.28191 -0.43585 -0.20999 0.73394 -0.64594 -0.43506 0.28203 -0.85509 0.20998 0.73394 -0.64594 0.15091 0.28186 -0.94751 0.55075 0.73268 -0.39983 0.67891 0.28197 -0.67792 0.58792 0.8089 -0.006 0.93087 0.27196 -0.24397 -0.18811 0.78943 -0.58431 -0.50695 0.28097 -0.8149 0.88539 0.32214 0.33514 0.58816 0.75721 0.28407 0.65221 0.3221 0.6862 0.40807 0.75513 0.51308 0.28915 0.32216 0.90144 0.14404 0.75717 0.63714 -0.054 0.31907 0.94619 -0.12393 0.81456 0.56669 -0.92328 0.38412 0.00001 0.20704 0.38309 -0.90021 -0.92328 0.38412 0.00001 0.20704 0.38309 -0.90021 0.92328 0.38412 -0.00001 -0.92328 0.38412 0.00001 -0.64474 0.7577 -0.10095 -0.96024 0.27907 -0.00699 0.20704 0.38309 -0.90021 -0.13502 0.97615 -0.17002 0.92328 0.38412 -0.00001 0.2499 0.94762 -0.19892 0.93087 0.27196 -0.24397 -0.96024 0.27907 -0.00799 -0.64416 0.75819 -0.10102 0.20704 0.38309 -0.90021 -0.13502 0.97615 -0.17002 0.92328 0.38412 -0.00001 0.2499 0.94762 -0.19892 0.58793 0.80891 0.00199 -0.95997 0.27999 -0.00799 -0.64416 0.75819 -0.10102 -0.94668 0.2939 0.13196 -0.57304 0.81806 -0.049 -0.17587 0.83043 0.52863 -0.13801 0.29605 0.94515 0.94677 0.32093 0.02499 0.62803 0.77504 0.07 0.93087 0.27196 -0.24397 0.58793 0.80891 0.00199 0.53398 0.79199 -0.296 0.67891 0.28197 -0.67792 0.15091 0.28186 -0.94751 0.25589 0.79168 -0.55477 -0.2559 0.79168 -0.55477 -0.43506 0.28203 -0.85509 -0.85473 0.28191 -0.43585 -0.55076 0.73268 -0.39982 -0.85408 0.28203 -0.43703 -0.55076 0.73268 -0.39982 -0.43425 0.28216 -0.85546 -0.20999 0.73394 -0.64594 0.15203 0.28208 -0.94727 0.20998 0.73394 -0.64594 0.67937 0.28216 -0.67738 0.55075 0.73268 -0.39983 0.93087 0.27196 -0.24397 -0.88235 0.29312 0.36816 -0.5789 0.80887 0.10299 -0.71205 0.29303 0.63806 -0.5149 0.80886 0.28395 -0.46124 0.29316 0.83745 -0.38894 0.80889 0.44094 -0.21205 0.29309 0.93227 -0.19101 0.77606 0.60104 -0.13801 0.29605 0.94515 -0.12896 0.85877 0.49586 -0.85408 0.28203 -0.43703 -0.55076 0.73268 -0.39982 -0.43425 0.28216 -0.85546 -0.20999 0.73394 -0.64594 0.15106 0.28212 -0.94741 0.20998 0.73394 -0.64594 0.67937 0.28216 -0.67738 0.55075 0.73268 -0.39983 0.5879 0.80887 0.00999 0.88539 0.32214 0.33514 0.58816 0.75721 0.28407 0.65221 0.3221 0.6862 0.40807 0.75513 0.51308 0.28915 0.32216 0.90144 0.14404 0.75717 0.63714 -0.054 0.31907 0.94619 -0.11999 0.81496 0.56697 -0.21306 0.79627 0.56619 -0.29104 0.36306 0.88515 -0.04199 0.32703 0.94408 0.26393 0.33692 -0.90378 0.21299 0.795 -0.56799 0.16995 0.88675 -0.42988 -0.17398 0.87491 0.45195 0.28693 0.37893 -0.87982 0.02699 0.42694 -0.90387 -0.25806 0.3801 0.88822 -0.05301 0.40613 0.91228 -0.39972 0.79246 0.46069 -0.60823 0.36614 0.70427 0.38886 0.86471 -0.31789 0.60105 0.38004 -0.70307 -0.57593 0.79291 0.19898 -0.87889 0.36596 0.30597 0.4958 0.86466 -0.08097 0.87188 0.37995 -0.30897 -0.59867 0.79256 -0.11593 -0.91417 0.36607 -0.17402 0.46981 0.86465 0.17792 0.90935 0.38015 0.16906 -0.46069 0.79246 -0.39972 -0.70427 0.36614 -0.60823 0.31789 0.86471 0.38886 0.70307 0.38004 0.60105 -0.19898 0.79291 -0.57593 -0.30597 0.36596 -0.87889 0.08097 0.86466 0.4958 0.30897 0.37995 0.87188 0.07496 0.81063 -0.58073 0.06602 0.35518 -0.93246 -0.00499 0.84872 0.52882 0.58882 0.3389 -0.73379 0.39804 0.79309 -0.46105 -0.36883 0.86862 0.33086 -0.57894 0.37897 0.72194 0.87685 0.33895 -0.34095 0.57581 0.79275 -0.19994 -0.4848 0.86866 0.10196 -0.86218 0.37908 0.33608 0.92987 0.33896 0.14297 0.5988 0.79275 0.11396 -0.47083 0.86869 -0.15394 -0.91479 0.37891 -0.13996 0.73379 0.3389 0.58882 0.46105 0.79309 0.39804 -0.33086 0.86862 -0.36883 -0.72194 0.37897 -0.57894 0.34095 0.33895 0.87685 0.19994 0.79275 0.57581 -0.10196 0.86866 -0.4848 -0.33608 0.37908 -0.86218 -0.08598 0.81086 0.57889 0.00599 0.84871 -0.52882 0.063 0.82607 -0.56004 0.07803 0.45224 -0.88847 0.23111 0.36616 0.90139 0.09605 0.78635 0.61027 0.06299 0.32698 -0.94293 0.13298 0.79493 -0.59195 -0.05698 0.31991 0.94573 -0.09295 0.81163 0.57673 0.21992 0.78673 -0.5768 0.055 0.31305 -0.94814 -0.94675 0.32092 -0.02598 -0.62798 0.77498 -0.07099 -0.93354 0.27587 0.2289 -0.58965 0.80752 -0.01499 0.96024 0.27907 0.00699 0.645 0.758 0.09699 -0.206 0.38402 0.90005 0.13703 0.97621 0.16803 -0.22209 0.85138 0.47521 0.61402 0.19801 -0.76405 0.44999 0.73099 -0.51299 0.94592 0.19799 -0.25699 0.66377 0.73275 -0.14995 0.91629 0.19806 0.3481 0.62552 0.73244 0.26879 0.5363 0.19811 0.82045 0.34908 0.73116 0.58612 -0.20906 0.80226 0.55918 -0.30215 0.3772 0.87546 0.21689 0.8496 -0.48077 0.30997 0.37898 -0.87195 -0.41495 0.79193 0.44796 -0.62788 0.38593 0.67588 0.33694 0.87287 -0.35295 0.63319 0.38012 -0.67422 -0.58287 0.79284 0.17797 -0.88139 0.38774 0.26982 0.46901 0.87203 -0.14001 0.88589 0.37796 -0.26898 -0.59297 0.79296 -0.13999 -0.89772 0.38788 -0.20893 0.47699 0.872 0.10999 0.90192 0.37797 0.20897 -0.44302 0.79204 -0.42001 -0.67298 0.38599 -0.63097 0.3589 0.87275 0.3309 0.6767 0.37983 0.63071 -0.19398 0.79489 -0.57491 -0.29693 0.3829 -0.87477 0.16203 0.86816 0.46908 0.30212 0.38214 0.87332 -0.18105 0.87025 -0.45813 -0.26099 0.45397 -0.85194 0.31687 0.31787 0.89362 0.17296 0.81378 0.55484 -0.38492 0.87182 -0.30293 -0.65191 0.45594 -0.60591 0.72109 0.31504 0.61707 0.42797 0.81195 0.39697 -0.48421 0.87238 -0.06702 -0.86689 0.45794 -0.19697 0.93314 0.31405 0.17502 0.56998 0.81098 0.13199 -0.45207 0.87215 0.18703 -0.84866 0.45782 0.2649 0.89599 0.314 -0.31401 0.56081 0.81073 -0.16795 -0.29703 0.87112 0.39105 -0.60218 0.45615 0.65521 0.619 0.31601 -0.71901 0.40286 0.81173 -0.42286 -0.26594 0.42991 0.86282 0.27908 0.3231 -0.90428 0.85486 0.28295 0.43492 0.55394 0.73292 0.39495 0.43612 0.28607 0.85321 0.21406 0.7352 0.64317 -0.14792 0.28987 0.94557 -0.20402 0.73811 0.64309 -0.68672 0.29189 0.66574 -0.55005 0.74107 0.38504 -0.88509 0.32203 -0.33602 -0.58717 0.75722 -0.28608 -0.65115 0.32008 -0.68815 -0.40587 0.75376 -0.51683 -0.28691 0.31789 -0.90368 -0.13999 0.7539 -0.64191 0.13199 0.81098 -0.56998 -0.64416 0.75819 -0.10102 -0.96024 0.27907 -0.00699 0.20704 0.38309 -0.90021 -0.13502 0.97615 -0.17002 -0.04599 0.2739 -0.96066 0.045 0.76613 -0.64111 -0.57027 0.74635 -0.34315 -0.88918 0.28106 -0.36106 -0.93177 0.28093 0.22995 -0.66318 0.74621 0.05802 -0.49814 0.78924 0.35911 -0.61872 0.28088 0.73368 -0.22395 0.27895 0.93383 -0.27486 0.80761 0.52175 0.94677 0.32093 0.02499 0.62803 0.77504 0.07 -0.55076 0.73268 -0.39982 -0.85473 0.28191 -0.43585 -0.20999 0.73394 -0.64594 -0.43506 0.28203 -0.85509 0.20998 0.73394 -0.64594 0.15091 0.28186 -0.94751 0.55075 0.73268 -0.39983 0.67891 0.28197 -0.67792 0.58792 0.8089 -0.006 0.93087 0.27196 -0.24397 -0.18811 0.78943 -0.58431 -0.50695 0.28097 -0.8149 0.88539 0.32214 0.33514 0.58816 0.75721 0.28407 0.65221 0.3221 0.6862 0.40807 0.75513 0.51308 0.28915 0.32216 0.90144 0.14404 0.75717 0.63714 -0.054 0.31907 0.94619 -0.12393 0.81456 0.56669 -0.92328 0.38412 0.00001 0.20704 0.38309 -0.90021 -0.92328 0.38412 0.00001 0.20704 0.38309 -0.90021 0.92328 0.38412 -0.00001 -0.92328 0.38412 0.00001 -0.64474 0.7577 -0.10095 -0.96024 0.27907 -0.00699 0.20704 0.38309 -0.90021 -0.13502 0.97615 -0.17002 0.92328 0.38412 -0.00001 0.2499 0.94762 -0.19892 0.93087 0.27196 -0.24397 -0.96024 0.27907 -0.00799 -0.64416 0.75819 -0.10102 0.20704 0.38309 -0.90021 -0.13502 0.97615 -0.17002 0.92328 0.38412 -0.00001 0.2499 0.94762 -0.19892 0.58793 0.80891 0.00199 -0.95997 0.27999 -0.00799 -0.64416 0.75819 -0.10102 -0.94668 0.2939 0.13196 -0.57304 0.81806 -0.049 -0.17587 0.83043 0.52863 -0.13801 0.29605 0.94515 0.94677 0.32093 0.02499 0.62803 0.77504 0.07 0.93087 0.27196 -0.24397 0.58793 0.80891 0.00199 0.53398 0.79199 -0.296 0.67891 0.28197 -0.67792 0.15091 0.28186 -0.94751 0.25589 0.79168 -0.55477 -0.2559 0.79168 -0.55477 -0.43506 0.28203 -0.85509 -0.85473 0.28191 -0.43585 -0.55076 0.73268 -0.39982 -0.85408 0.28203 -0.43703 -0.55076 0.73268 -0.39982 -0.43425 0.28216 -0.85546 -0.20999 0.73394 -0.64594 0.15203 0.28208 -0.94727 0.20998 0.73394 -0.64594 0.67937 0.28216 -0.67738 0.55075 0.73268 -0.39983 0.93087 0.27196 -0.24397 -0.88235 0.29312 0.36816 -0.5789 0.80887 0.10299 -0.71205 0.29303 0.63806 -0.5149 0.80886 0.28395 -0.46124 0.29316 0.83745 -0.38894 0.80889 0.44094 -0.21205 0.29309 0.93227 -0.19101 0.77606 0.60104 -0.13801 0.29605 0.94515 -0.12896 0.85877 0.49586 -0.85408 0.28203 -0.43703 -0.55076 0.73268 -0.39982 -0.43425 0.28216 -0.85546 -0.20999 0.73394 -0.64594 0.15106 0.28212 -0.94741 0.20998 0.73394 -0.64594 0.67937 0.28216 -0.67738 0.55075 0.73268 -0.39983 0.5879 0.80887 0.00999 0.88539 0.32214 0.33514 0.58816 0.75721 0.28407 0.65221 0.3221 0.6862 0.40807 0.75513 0.51308 0.28915 0.32216 0.90144 0.14404 0.75717 0.63714 -0.054 0.31907 0.94619 -0.11999 0.81496 0.56697 -0.21306 0.79627 0.56619 -0.29104 0.36306 0.88515 -0.04199 0.32703 0.94408 0.26393 0.33692 -0.90378 0.21299 0.795 -0.56799 0.16995 0.88675 -0.42988 -0.17398 0.87491 0.45195 0.28693 0.37893 -0.87982 0.02699 0.42694 -0.90387 -0.25806 0.3801 0.88822 -0.05301 0.40613 0.91228 -0.39972 0.79246 0.46069 -0.60823 0.36614 0.70427 0.38886 0.86471 -0.31789 0.60105 0.38004 -0.70307 -0.57593 0.79291 0.19898 -0.87889 0.36596 0.30597 0.4958 0.86466 -0.08097 0.87188 0.37995 -0.30897 -0.59867 0.79256 -0.11593 -0.91417 0.36607 -0.17402 0.46981 0.86465 0.17792 0.90935 0.38015 0.16906 -0.46069 0.79246 -0.39972 -0.70427 0.36614 -0.60823 0.31789 0.86471 0.38886 0.70307 0.38004 0.60105 -0.19898 0.79291 -0.57593 -0.30597 0.36596 -0.87889 0.08097 0.86466 0.4958 0.30897 0.37995 0.87188 0.07496 0.81063 -0.58073 0.06602 0.35518 -0.93246 -0.00499 0.84872 0.52882 0.58882 0.3389 -0.73379 0.39804 0.79309 -0.46105 -0.36883 0.86862 0.33086 -0.57894 0.37897 0.72194 0.87685 0.33895 -0.34095 0.57581 0.79275 -0.19994 -0.4848 0.86866 0.10196 -0.86218 0.37908 0.33608 0.92987 0.33896 0.14297 0.5988 0.79275 0.11396 -0.47083 0.86869 -0.15394 -0.91479 0.37891 -0.13996 0.73379 0.3389 0.58882 0.46105 0.79309 0.39804 -0.33086 0.86862 -0.36883 -0.72194 0.37897 -0.57894 0.34095 0.33895 0.87685 0.19994 0.79275 0.57581 -0.10196 0.86866 -0.4848 -0.33608 0.37908 -0.86218 -0.08598 0.81086 0.57889 0.00599 0.84871 -0.52882 0.063 0.82607 -0.56004 0.07803 0.45224 -0.88847 0.23111 0.36616 0.90139 0.09605 0.78635 0.61027 0.06299 0.32698 -0.94293 0.13298 0.79493 -0.59195 -0.05698 0.31991 0.94573 -0.09295 0.81163 0.57673 0.21992 0.78673 -0.5768 0.055 0.31305 -0.94814 -0.94675 0.32092 -0.02598 -0.62798 0.77498 -0.07099 -0.93354 0.27587 0.2289 -0.58965 0.80752 -0.01499 0.96024 0.27907 0.00699 0.645 0.758 0.09699 -0.206 0.38402 0.90005 0.13703 0.97621 0.16803 -0.22209 0.85138 0.47521 0.61402 0.19801 -0.76405 0.44999 0.73099 -0.51299 0.94592 0.19799 -0.25699 0.66377 0.73275 -0.14995 0.91629 0.19806 0.3481 0.62552 0.73244 0.26879 0.5363 0.19811 0.82045 0.34908 0.73116 0.58612 -0.20906 0.80226 0.55918 -0.30215 0.3772 0.87546 0.21689 0.8496 -0.48077 0.30997 0.37898 -0.87195 -0.41495 0.79193 0.44796 -0.62788 0.38593 0.67588 0.33694 0.87287 -0.35295 0.63319 0.38012 -0.67422 -0.58287 0.79284 0.17797 -0.88139 0.38774 0.26982 0.46901 0.87203 -0.14001 0.88589 0.37796 -0.26898 -0.59297 0.79296 -0.13999 -0.89772 0.38788 -0.20893 0.47699 0.872 0.10999 0.90192 0.37797 0.20897 -0.44302 0.79204 -0.42001 -0.67298 0.38599 -0.63097 0.3589 0.87275 0.3309 0.6767 0.37983 0.63071 -0.19398 0.79489 -0.57491 -0.29693 0.3829 -0.87477 0.16203 0.86816 0.46908 0.30212 0.38214 0.87332 -0.18105 0.87025 -0.45813 -0.26099 0.45397 -0.85194 0.31687 0.31787 0.89362 0.17296 0.81378 0.55484 -0.38492 0.87182 -0.30293 -0.65191 0.45594 -0.60591 0.72109 0.31504 0.61707 0.42797 0.81195 0.39697 -0.48421 0.87238 -0.06702 -0.86689 0.45794 -0.19697 0.93314 0.31405 0.17502 0.56998 0.81098 0.13199 -0.45207 0.87215 0.18703 -0.84866 0.45782 0.2649 0.89599 0.314 -0.31401 0.56081 0.81073 -0.16795 -0.29703 0.87112 0.39105 -0.60218 0.45615 0.65521 0.619 0.31601 -0.71901 0.40286 0.81173 -0.42286 -0.26594 0.42991 0.86282 0.27908 0.3231 -0.90428 0.85486 0.28295 0.43492 0.55394 0.73292 0.39495 0.43612 0.28607 0.85321 0.21406 0.7352 0.64317 -0.14792 0.28987 0.94557 -0.20402 0.73811 0.64309 -0.68672 0.29189 0.66574 -0.55005 0.74107 0.38504 -0.88509 0.32203 -0.33602 -0.58717 0.75722 -0.28608 -0.65115 0.32008 -0.68815 -0.40587 0.75376 -0.51683 -0.28691 0.31789 -0.90368 -0.13999 0.7539 -0.64191 0.13199 0.81098 -0.56998 -0.64416 0.75819 -0.10102 -0.96024 0.27907 -0.00699 0.20704 0.38309 -0.90021 -0.13502 0.97615 -0.17002 -0.04599 0.2739 -0.96066 0.045 0.76613 -0.64111 -0.57027 0.74635 -0.34315 -0.88918 0.28106 -0.36106 -0.93177 0.28093 0.22995 -0.66318 0.74621 0.05802 -0.49814 0.78924 0.35911 -0.61872 0.28088 0.73368 -0.22395 0.27895 0.93383 -0.27486 0.80761 0.52175 0.94677 0.32093 0.02499 0.62803 0.77504 0.07 -0.55076 0.73268 -0.39982 -0.85473 0.28191 -0.43585 -0.20999 0.73394 -0.64594 -0.43506 0.28203 -0.85509 0.20998 0.73394 -0.64594 0.15091 0.28186 -0.94751 0.55075 0.73268 -0.39983 0.67891 0.28197 -0.67792 0.58792 0.8089 -0.006 0.93087 0.27196 -0.24397 -0.18811 0.78943 -0.58431 -0.50695 0.28097 -0.8149 0.88539 0.32214 0.33514 0.58816 0.75721 0.28407 0.65221 0.3221 0.6862 0.40807 0.75513 0.51308 0.28915 0.32216 0.90144 0.14404 0.75717 0.63714 -0.054 0.31907 0.94619 -0.12393 0.81456 0.56669 -0.92328 0.38412 0.00001 0.20704 0.38309 -0.90021 -0.92328 0.38412 0.00001 0.20704 0.38309 -0.90021 0.92328 0.38412 -0.00001 -0.92328 0.38412 0.00001 -0.64474 0.7577 -0.10095 -0.96024 0.27907 -0.00699 0.20704 0.38309 -0.90021 -0.13502 0.97615 -0.17002 0.92328 0.38412 -0.00001 0.2499 0.94762 -0.19892 0.93087 0.27196 -0.24397 -0.96024 0.27907 -0.00799 -0.64416 0.75819 -0.10102 0.20704 0.38309 -0.90021 -0.13502 0.97615 -0.17002 0.92328 0.38412 -0.00001 0.2499 0.94762 -0.19892 0.58793 0.80891 0.00199 -0.95997 0.27999 -0.00799 -0.64416 0.75819 -0.10102 -0.94668 0.2939 0.13196 -0.57304 0.81806 -0.049 -0.17587 0.83043 0.52863 -0.13801 0.29605 0.94515 0.94677 0.32093 0.02499 0.62803 0.77504 0.07 0.93087 0.27196 -0.24397 0.58793 0.80891 0.00199 0.53398 0.79199 -0.296 0.67891 0.28197 -0.67792 0.15091 0.28186 -0.94751 0.25589 0.79168 -0.55477 -0.2559 0.79168 -0.55477 -0.43506 0.28203 -0.85509 -0.85473 0.28191 -0.43585 -0.55076 0.73268 -0.39982 -0.85408 0.28203 -0.43703 -0.55076 0.73268 -0.39982 -0.43425 0.28216 -0.85546 -0.20999 0.73394 -0.64594 0.15203 0.28208 -0.94727 0.20998 0.73394 -0.64594 0.67937 0.28216 -0.67738 0.55075 0.73268 -0.39983 0.93087 0.27196 -0.24397 -0.88235 0.29312 0.36816 -0.5789 0.80887 0.10299 -0.71205 0.29303 0.63806 -0.5149 0.80886 0.28395 -0.46124 0.29316 0.83745 -0.38894 0.80889 0.44094 -0.21205 0.29309 0.93227 -0.19101 0.77606 0.60104 -0.13801 0.29605 0.94515 -0.12896 0.85877 0.49586 -0.85408 0.28203 -0.43703 -0.55076 0.73268 -0.39982 -0.43425 0.28216 -0.85546 -0.20999 0.73394 -0.64594 0.15106 0.28212 -0.94741 0.20998 0.73394 -0.64594 0.67937 0.28216 -0.67738 0.55075 0.73268 -0.39983 0.5879 0.80887 0.00999 0.88539 0.32214 0.33514 0.58816 0.75721 0.28407 0.65221 0.3221 0.6862 0.40807 0.75513 0.51308 0.28915 0.32216 0.90144 0.14404 0.75717 0.63714 -0.054 0.31907 0.94619 -0.11999 0.81496 0.56697 -0.21306 0.79627 0.56619 -0.29104 0.36306 0.88515 -0.04199 0.32703 0.94408 0.26393 0.33692 -0.90378 0.21299 0.795 -0.56799 0.16995 0.88675 -0.42988 -0.17398 0.87491 0.45195 0.28693 0.37893 -0.87982 0.02699 0.42694 -0.90387 -0.25806 0.3801 0.88822 -0.05301 0.40613 0.91228 -0.39972 0.79246 0.46069 -0.60823 0.36614 0.70427 0.38886 0.86471 -0.31789 0.60105 0.38004 -0.70307 -0.57593 0.79291 0.19898 -0.87889 0.36596 0.30597 0.4958 0.86466 -0.08097 0.87188 0.37995 -0.30897 -0.59867 0.79256 -0.11593 -0.91417 0.36607 -0.17402 0.46981 0.86465 0.17792 0.90935 0.38015 0.16906 -0.46069 0.79246 -0.39972 -0.70427 0.36614 -0.60823 0.31789 0.86471 0.38886 0.70307 0.38004 0.60105 -0.19898 0.79291 -0.57593 -0.30597 0.36596 -0.87889 0.08097 0.86466 0.4958 0.30897 0.37995 0.87188 0.07496 0.81063 -0.58073 0.06602 0.35518 -0.93246 -0.00499 0.84872 0.52882 0.58882 0.3389 -0.73379 0.39804 0.79309 -0.46105 -0.36883 0.86862 0.33086 -0.57894 0.37897 0.72194 0.87685 0.33895 -0.34095 0.57581 0.79275 -0.19994 -0.4848 0.86866 0.10196 -0.86218 0.37908 0.33608 0.92987 0.33896 0.14297 0.5988 0.79275 0.11396 -0.47083 0.86869 -0.15394 -0.91479 0.37891 -0.13996 0.73379 0.3389 0.58882 0.46105 0.79309 0.39804 -0.33086 0.86862 -0.36883 -0.72194 0.37897 -0.57894 0.34095 0.33895 0.87685 0.19994 0.79275 0.57581 -0.10196 0.86866 -0.4848 -0.33608 0.37908 -0.86218 -0.08598 0.81086 0.57889 0.00599 0.84871 -0.52882 0.063 0.82607 -0.56004 0.07803 0.45224 -0.88847 0.23111 0.36616 0.90139 0.09605 0.78635 0.61027 0.06299 0.32698 -0.94293 0.13298 0.79493 -0.59195 -0.05698 0.31991 0.94573 -0.09295 0.81163 0.57673 0.21992 0.78673 -0.5768 0.055 0.31305 -0.94814 -0.94675 0.32092 -0.02598 -0.62798 0.77498 -0.07099 -0.93354 0.27587 0.2289 -0.58965 0.80752 -0.01499 0.96024 0.27907 0.00699 0.645 0.758 0.09699 -0.206 0.38402 0.90005 0.13703 0.97621 0.16803 -0.22209 0.85138 0.47521 0.61402 0.19801 -0.76405 0.44999 0.73099 -0.51299 0.94592 0.19799 -0.25699 0.66377 0.73275 -0.14995 0.91629 0.19806 0.3481 0.62552 0.73244 0.26879 0.5363 0.19811 0.82045 0.34908 0.73116 0.58612 -0.20906 0.80226 0.55918 -0.30215 0.3772 0.87546 0.21689 0.8496 -0.48077 0.30997 0.37898 -0.87195 -0.41495 0.79193 0.44796 -0.62788 0.38593 0.67588 0.33694 0.87287 -0.35295 0.63319 0.38012 -0.67422 -0.58287 0.79284 0.17797 -0.88139 0.38774 0.26982 0.46901 0.87203 -0.14001 0.88589 0.37796 -0.26898 -0.59297 0.79296 -0.13999 -0.89772 0.38788 -0.20893 0.47699 0.872 0.10999 0.90192 0.37797 0.20897 -0.44302 0.79204 -0.42001 -0.67298 0.38599 -0.63097 0.3589 0.87275 0.3309 0.6767 0.37983 0.63071 -0.19398 0.79489 -0.57491 -0.29693 0.3829 -0.87477 0.16203 0.86816 0.46908 0.30212 0.38214 0.87332 -0.18105 0.87025 -0.45813 -0.26099 0.45397 -0.85194 0.31687 0.31787 0.89362 0.17296 0.81378 0.55484 -0.38492 0.87182 -0.30293 -0.65191 0.45594 -0.60591 0.72109 0.31504 0.61707 0.42797 0.81195 0.39697 -0.48421 0.87238 -0.06702 -0.86689 0.45794 -0.19697 0.93314 0.31405 0.17502 0.56998 0.81098 0.13199 -0.45207 0.87215 0.18703 -0.84866 0.45782 0.2649 0.89599 0.314 -0.31401 0.56081 0.81073 -0.16795 -0.29703 0.87112 0.39105 -0.60218 0.45615 0.65521 0.619 0.31601 -0.71901 0.40286 0.81173 -0.42286 -0.26594 0.42991 0.86282 0.27908 0.3231 -0.90428 0.85486 0.28295 0.43492 0.55394 0.73292 0.39495 0.43612 0.28607 0.85321 0.21406 0.7352 0.64317 -0.14792 0.28987 0.94557 -0.20402 0.73811 0.64309 -0.68672 0.29189 0.66574 -0.55005 0.74107 0.38504 -0.88509 0.32203 -0.33602 -0.58717 0.75722 -0.28608 -0.65115 0.32008 -0.68815 -0.40587 0.75376 -0.51683 -0.28691 0.31789 -0.90368 -0.13999 0.7539 -0.64191 0.13199 0.81098 -0.56998 -0.64416 0.75819 -0.10102 -0.96024 0.27907 -0.00699 0.20704 0.38309 -0.90021 -0.13502 0.97615 -0.17002 -0.04599 0.2739 -0.96066 0.045 0.76613 -0.64111 -0.57027 0.74635 -0.34315 -0.88918 0.28106 -0.36106 -0.93177 0.28093 0.22995 -0.66318 0.74621 0.05802 -0.49814 0.78924 0.35911 -0.61872 0.28088 0.73368 -0.22395 0.27895 0.93383 -0.27486 0.80761 0.52175 0.94677 0.32093 0.02499 0.62803 0.77504 0.07 -0.55076 0.73268 -0.39982 -0.85473 0.28191 -0.43585 -0.20999 0.73394 -0.64594 -0.43506 0.28203 -0.85509 0.20998 0.73394 -0.64594 0.15091 0.28186 -0.94751 0.55075 0.73268 -0.39983 0.67891 0.28197 -0.67792 0.58792 0.8089 -0.006 0.93087 0.27196 -0.24397 -0.18811 0.78943 -0.58431 -0.50695 0.28097 -0.8149 0.88539 0.32214 0.33514 0.58816 0.75721 0.28407 0.65221 0.3221 0.6862 0.40807 0.75513 0.51308 0.28915 0.32216 0.90144 0.14404 0.75717 0.63714 -0.054 0.31907 0.94619 -0.12393 0.81456 0.56669 -0.92328 0.38412 0.00001 0.20704 0.38309 -0.90021 -0.92328 0.38412 0.00001 0.20704 0.38309 -0.90021 0.92328 0.38412 -0.00001 -0.92328 0.38412 0.00001 -0.64474 0.7577 -0.10095 -0.96024 0.27907 -0.00699 0.20704 0.38309 -0.90021 -0.13502 0.97615 -0.17002 0.92328 0.38412 -0.00001 0.2499 0.94762 -0.19892 0.93087 0.27196 -0.24397 -0.96024 0.27907 -0.00799 -0.64416 0.75819 -0.10102 0.20704 0.38309 -0.90021 -0.13502 0.97615 -0.17002 0.92328 0.38412 -0.00001 0.2499 0.94762 -0.19892 0.58793 0.80891 0.00199 -0.95997 0.27999 -0.00799 -0.64416 0.75819 -0.10102 -0.94668 0.2939 0.13196 -0.57304 0.81806 -0.049 -0.17587 0.83043 0.52863 -0.13801 0.29605 0.94515 0.94677 0.32093 0.02499 0.62803 0.77504 0.07 0.93087 0.27196 -0.24397 0.58793 0.80891 0.00199 0.53398 0.79199 -0.296 0.67891 0.28197 -0.67792 0.15091 0.28186 -0.94751 0.25589 0.79168 -0.55477 -0.2559 0.79168 -0.55477 -0.43506 0.28203 -0.85509 -0.85473 0.28191 -0.43585 -0.55076 0.73268 -0.39982 -0.85408 0.28203 -0.43703 -0.55076 0.73268 -0.39982 -0.43425 0.28216 -0.85546 -0.20999 0.73394 -0.64594 0.15203 0.28208 -0.94727 0.20998 0.73394 -0.64594 0.67937 0.28216 -0.67738 0.55075 0.73268 -0.39983 0.93087 0.27196 -0.24397 -0.88235 0.29312 0.36816 -0.5789 0.80887 0.10299 -0.71205 0.29303 0.63806 -0.5149 0.80886 0.28395 -0.46124 0.29316 0.83745 -0.38894 0.80889 0.44094 -0.21205 0.29309 0.93227 -0.19101 0.77606 0.60104 -0.13801 0.29605 0.94515 -0.12896 0.85877 0.49586 -0.85408 0.28203 -0.43703 -0.55076 0.73268 -0.39982 -0.43425 0.28216 -0.85546 -0.20999 0.73394 -0.64594 0.15106 0.28212 -0.94741 0.20998 0.73394 -0.64594 0.67937 0.28216 -0.67738 0.55075 0.73268 -0.39983 0.5879 0.80887 0.00999 0.88539 0.32214 0.33514 0.58816 0.75721 0.28407 0.65221 0.3221 0.6862 0.40807 0.75513 0.51308 0.28915 0.32216 0.90144 0.14404 0.75717 0.63714 -0.054 0.31907 0.94619 -0.11999 0.81496 0.56697 -0.21306 0.79627 0.56619 -0.29104 0.36306 0.88515 -0.04199 0.32703 0.94408 0.26393 0.33692 -0.90378 0.21299 0.795 -0.56799 0.16995 0.88675 -0.42988 -0.17398 0.87491 0.45195 0.28693 0.37893 -0.87982 0.02699 0.42694 -0.90387 -0.25806 0.3801 0.88822 -0.05301 0.40613 0.91228 -0.39972 0.79246 0.46069 -0.60823 0.36614 0.70427 0.38886 0.86471 -0.31789 0.60105 0.38004 -0.70307 -0.57593 0.79291 0.19898 -0.87889 0.36596 0.30597 0.4958 0.86466 -0.08097 0.87188 0.37995 -0.30897 -0.59867 0.79256 -0.11593 -0.91417 0.36607 -0.17402 0.46981 0.86465 0.17792 0.90935 0.38015 0.16906 -0.46069 0.79246 -0.39972 -0.70427 0.36614 -0.60823 0.31789 0.86471 0.38886 0.70307 0.38004 0.60105 -0.19898 0.79291 -0.57593 -0.30597 0.36596 -0.87889 0.08097 0.86466 0.4958 0.30897 0.37995 0.87188 0.07496 0.81063 -0.58073 0.06602 0.35518 -0.93246 -0.00499 0.84872 0.52882 0.58882 0.3389 -0.73379 0.39804 0.79309 -0.46105 -0.36883 0.86862 0.33086 -0.57894 0.37897 0.72194 0.87685 0.33895 -0.34095 0.57581 0.79275 -0.19994 -0.4848 0.86866 0.10196 -0.86218 0.37908 0.33608 0.92987 0.33896 0.14297 0.5988 0.79275 0.11396 -0.47083 0.86869 -0.15394 -0.91479 0.37891 -0.13996 0.73379 0.3389 0.58882 0.46105 0.79309 0.39804 -0.33086 0.86862 -0.36883 -0.72194 0.37897 -0.57894 0.34095 0.33895 0.87685 0.19994 0.79275 0.57581 -0.10196 0.86866 -0.4848 -0.33608 0.37908 -0.86218 -0.08598 0.81086 0.57889 0.00599 0.84871 -0.52882 0.063 0.82607 -0.56004 0.07803 0.45224 -0.88847 0.23111 0.36616 0.90139 0.09605 0.78635 0.61027 0.06299 0.32698 -0.94293 0.13298 0.79493 -0.59195 -0.05698 0.31991 0.94573 -0.09295 0.81163 0.57673 0.21992 0.78673 -0.5768 0.055 0.31305 -0.94814 -0.94675 0.32092 -0.02598 -0.62798 0.77498 -0.07099 -0.93354 0.27587 0.2289 -0.58965 0.80752 -0.01499 0.96024 0.27907 0.00699 0.645 0.758 0.09699 -0.206 0.38402 0.90005 0.13703 0.97621 0.16803 -0.22209 0.85138 0.47521 0.61402 0.19801 -0.76405 0.44999 0.73099 -0.51299 0.94592 0.19799 -0.25699 0.66377 0.73275 -0.14995 0.91629 0.19806 0.3481 0.62552 0.73244 0.26879 0.5363 0.19811 0.82045 0.34908 0.73116 0.58612 -0.20906 0.80226 0.55918 -0.30215 0.3772 0.87546 0.21689 0.8496 -0.48077 0.30997 0.37898 -0.87195 -0.41495 0.79193 0.44796 -0.62788 0.38593 0.67588 0.33694 0.87287 -0.35295 0.63319 0.38012 -0.67422 -0.58287 0.79284 0.17797 -0.88139 0.38774 0.26982 0.46901 0.87203 -0.14001 0.88589 0.37796 -0.26898 -0.59297 0.79296 -0.13999 -0.89772 0.38788 -0.20893 0.47699 0.872 0.10999 0.90192 0.37797 0.20897 -0.44302 0.79204 -0.42001 -0.67298 0.38599 -0.63097 0.3589 0.87275 0.3309 0.6767 0.37983 0.63071 -0.19398 0.79489 -0.57491 -0.29693 0.3829 -0.87477 0.16203 0.86816 0.46908 0.30212 0.38214 0.87332 -0.18105 0.87025 -0.45813 -0.26099 0.45397 -0.85194 0.31687 0.31787 0.89362 0.17296 0.81378 0.55484 -0.38492 0.87182 -0.30293 -0.65191 0.45594 -0.60591 0.72109 0.31504 0.61707 0.42797 0.81195 0.39697 -0.48421 0.87238 -0.06702 -0.86689 0.45794 -0.19697 0.93314 0.31405 0.17502 0.56998 0.81098 0.13199 -0.45207 0.87215 0.18703 -0.84866 0.45782 0.2649 0.89599 0.314 -0.31401 0.56081 0.81073 -0.16795 -0.29703 0.87112 0.39105 -0.60218 0.45615 0.65521 0.619 0.31601 -0.71901 0.40286 0.81173 -0.42286 -0.26594 0.42991 0.86282 0.27908 0.3231 -0.90428 0.85486 0.28295 0.43492 0.55394 0.73292 0.39495 0.43612 0.28607 0.85321 0.21406 0.7352 0.64317 -0.14792 0.28987 0.94557 -0.20402 0.73811 0.64309 -0.68672 0.29189 0.66574 -0.55005 0.74107 0.38504 -0.88509 0.32203 -0.33602 -0.58717 0.75722 -0.28608 -0.65115 0.32008 -0.68815 -0.40587 0.75376 -0.51683 -0.28691 0.31789 -0.90368 -0.13999 0.7539 -0.64191 0.13199 0.81098 -0.56998 -0.64416 0.75819 -0.10102 -0.96024 0.27907 -0.00699 0.20704 0.38309 -0.90021 -0.13502 0.97615 -0.17002 -0.04599 0.2739 -0.96066 0.045 0.76613 -0.64111 -0.57027 0.74635 -0.34315 -0.88918 0.28106 -0.36106 -0.93177 0.28093 0.22995 -0.66318 0.74621 0.05802 -0.49814 0.78924 0.35911 -0.61872 0.28088 0.73368 -0.22395 0.27895 0.93383 -0.27486 0.80761 0.52175 0.94677 0.32093 0.02499 0.62803 0.77504 0.07 -0.55076 0.73268 -0.39982 -0.85473 0.28191 -0.43585 -0.20999 0.73394 -0.64594 -0.43506 0.28203 -0.85509 0.20998 0.73394 -0.64594 0.15091 0.28186 -0.94751 0.55075 0.73268 -0.39983 0.67891 0.28197 -0.67792 0.58792 0.8089 -0.006 0.93087 0.27196 -0.24397 -0.18811 0.78943 -0.58431 -0.50695 0.28097 -0.8149 0.88539 0.32214 0.33514 0.58816 0.75721 0.28407 0.65221 0.3221 0.6862 0.40807 0.75513 0.51308 0.28915 0.32216 0.90144 0.14404 0.75717 0.63714 -0.054 0.31907 0.94619 -0.12393 0.81456 0.56669 -0.92328 0.38412 0.00001 0.20704 0.38309 -0.90021 -0.92328 0.38412 0.00001 0.20704 0.38309 -0.90021 0.92328 0.38412 -0.00001 -0.92328 0.38412 0.00001 -0.64474 0.7577 -0.10095 -0.96024 0.27907 -0.00699 0.20704 0.38309 -0.90021 -0.13502 0.97615 -0.17002 0.92328 0.38412 -0.00001 0.2499 0.94762 -0.19892 0.93087 0.27196 -0.24397 -0.96024 0.27907 -0.00799 -0.64416 0.75819 -0.10102 0.20704 0.38309 -0.90021 -0.13502 0.97615 -0.17002 0.92328 0.38412 -0.00001 0.2499 0.94762 -0.19892 0.58793 0.80891 0.00199 -0.95997 0.27999 -0.00799 -0.64416 0.75819 -0.10102 -0.94668 0.2939 0.13196 -0.57304 0.81806 -0.049 -0.17587 0.83043 0.52863 -0.13801 0.29605 0.94515 0.94677 0.32093 0.02499 0.62803 0.77504 0.07 0.93087 0.27196 -0.24397 0.58793 0.80891 0.00199 0.53398 0.79199 -0.296 0.67891 0.28197 -0.67792 0.15091 0.28186 -0.94751 0.25589 0.79168 -0.55477 -0.2559 0.79168 -0.55477 -0.43506 0.28203 -0.85509 -0.85473 0.28191 -0.43585 -0.55076 0.73268 -0.39982 -0.85408 0.28203 -0.43703 -0.55076 0.73268 -0.39982 -0.43425 0.28216 -0.85546 -0.20999 0.73394 -0.64594 0.15203 0.28208 -0.94727 0.20998 0.73394 -0.64594 0.67937 0.28216 -0.67738 0.55075 0.73268 -0.39983 0.93087 0.27196 -0.24397 -0.88235 0.29312 0.36816 -0.5789 0.80887 0.10299 -0.71205 0.29303 0.63806 -0.5149 0.80886 0.28395 -0.46124 0.29316 0.83745 -0.38894 0.80889 0.44094 -0.21205 0.29309 0.93227 -0.19101 0.77606 0.60104 -0.13801 0.29605 0.94515 -0.12896 0.85877 0.49586 -0.85408 0.28203 -0.43703 -0.55076 0.73268 -0.39982 -0.43425 0.28216 -0.85546 -0.20999 0.73394 -0.64594 0.15106 0.28212 -0.94741 0.20998 0.73394 -0.64594 0.67937 0.28216 -0.67738 0.55075 0.73268 -0.39983 0.5879 0.80887 0.00999 0.88539 0.32214 0.33514 0.58816 0.75721 0.28407 0.65221 0.3221 0.6862 0.40807 0.75513 0.51308 0.28915 0.32216 0.90144 0.14404 0.75717 0.63714 -0.054 0.31907 0.94619 -0.11999 0.81496 0.56697 -0.21306 0.79627 0.56619 -0.29104 0.36306 0.88515 -0.04199 0.32703 0.94408 0.26393 0.33692 -0.90378 0.21299 0.795 -0.56799 0.16995 0.88675 -0.42988 -0.17398 0.87491 0.45195 0.28693 0.37893 -0.87982 0.02699 0.42694 -0.90387 -0.25806 0.3801 0.88822 -0.05301 0.40613 0.91228 -0.39972 0.79246 0.46069 -0.60823 0.36614 0.70427 0.38886 0.86471 -0.31789 0.60105 0.38004 -0.70307 -0.57593 0.79291 0.19898 -0.87889 0.36596 0.30597 0.4958 0.86466 -0.08097 0.87188 0.37995 -0.30897 -0.59867 0.79256 -0.11593 -0.91417 0.36607 -0.17402 0.46981 0.86465 0.17792 0.90935 0.38015 0.16906 -0.46069 0.79246 -0.39972 -0.70427 0.36614 -0.60823 0.31789 0.86471 0.38886 0.70307 0.38004 0.60105 -0.19898 0.79291 -0.57593 -0.30597 0.36596 -0.87889 0.08097 0.86466 0.4958 0.30897 0.37995 0.87188 0.07496 0.81063 -0.58073 0.06602 0.35518 -0.93246 -0.00499 0.84872 0.52882 0.58882 0.3389 -0.73379 0.39804 0.79309 -0.46105 -0.36883 0.86862 0.33086 -0.57894 0.37897 0.72194 0.87685 0.33895 -0.34095 0.57581 0.79275 -0.19994 -0.4848 0.86866 0.10196 -0.86218 0.37908 0.33608 0.92987 0.33896 0.14297 0.5988 0.79275 0.11396 -0.47083 0.86869 -0.15394 -0.91479 0.37891 -0.13996 0.73379 0.3389 0.58882 0.46105 0.79309 0.39804 -0.33086 0.86862 -0.36883 -0.72194 0.37897 -0.57894 0.34095 0.33895 0.87685 0.19994 0.79275 0.57581 -0.10196 0.86866 -0.4848 -0.33608 0.37908 -0.86218 -0.08598 0.81086 0.57889 0.00599 0.84871 -0.52882 0.063 0.82607 -0.56004 0.07803 0.45224 -0.88847 0.23111 0.36616 0.90139 0.09605 0.78635 0.61027 0.06299 0.32698 -0.94293 0.13298 0.79493 -0.59195 -0.05698 0.31991 0.94573 -0.09295 0.81163 0.57673 0.21992 0.78673 -0.5768 0.055 0.31305 -0.94814 -0.94675 0.32092 -0.02598 -0.62798 0.77498 -0.07099 -0.93354 0.27587 0.2289 -0.58965 0.80752 -0.01499 0.96024 0.27907 0.00699 0.645 0.758 0.09699 -0.206 0.38402 0.90005 0.13703 0.97621 0.16803 -0.22209 0.85138 0.47521 0.61402 0.19801 -0.76405 0.44999 0.73099 -0.51299 0.94592 0.19799 -0.25699 0.66377 0.73275 -0.14995 0.91629 0.19806 0.3481 0.62552 0.73244 0.26879 0.5363 0.19811 0.82045 0.34908 0.73116 0.58612 -0.20906 0.80226 0.55918 -0.30215 0.3772 0.87546 0.21689 0.8496 -0.48077 0.30997 0.37898 -0.87195 -0.41495 0.79193 0.44796 -0.62788 0.38593 0.67588 0.33694 0.87287 -0.35295 0.63319 0.38012 -0.67422 -0.58287 0.79284 0.17797 -0.88139 0.38774 0.26982 0.46901 0.87203 -0.14001 0.88589 0.37796 -0.26898 -0.59297 0.79296 -0.13999 -0.89772 0.38788 -0.20893 0.47699 0.872 0.10999 0.90192 0.37797 0.20897 -0.44302 0.79204 -0.42001 -0.67298 0.38599 -0.63097 0.3589 0.87275 0.3309 0.6767 0.37983 0.63071 -0.19398 0.79489 -0.57491 -0.29693 0.3829 -0.87477 0.16203 0.86816 0.46908 0.30212 0.38214 0.87332 -0.18105 0.87025 -0.45813 -0.26099 0.45397 -0.85194 0.31687 0.31787 0.89362 0.17296 0.81378 0.55484 -0.38492 0.87182 -0.30293 -0.65191 0.45594 -0.60591 0.72109 0.31504 0.61707 0.42797 0.81195 0.39697 -0.48421 0.87238 -0.06702 -0.86689 0.45794 -0.19697 0.93314 0.31405 0.17502 0.56998 0.81098 0.13199 -0.45207 0.87215 0.18703 -0.84866 0.45782 0.2649 0.89599 0.314 -0.31401 0.56081 0.81073 -0.16795 -0.29703 0.87112 0.39105 -0.60218 0.45615 0.65521 0.619 0.31601 -0.71901 0.40286 0.81173 -0.42286 -0.26594 0.42991 0.86282 0.27908 0.3231 -0.90428 0.85486 0.28295 0.43492 0.55394 0.73292 0.39495 0.43612 0.28607 0.85321 0.21406 0.7352 0.64317 -0.14792 0.28987 0.94557 -0.20402 0.73811 0.64309 -0.68672 0.29189 0.66574 -0.55005 0.74107 0.38504 -0.88509 0.32203 -0.33602 -0.58717 0.75722 -0.28608 -0.65115 0.32008 -0.68815 -0.40587 0.75376 -0.51683 -0.28691 0.31789 -0.90368 -0.13999 0.7539 -0.64191 0.13199 0.81098 -0.56998 -0.64416 0.75819 -0.10102 -0.96024 0.27907 -0.00699 0.20704 0.38309 -0.90021 -0.13502 0.97615 -0.17002 -0.04599 0.2739 -0.96066 0.045 0.76613 -0.64111 -0.57027 0.74635 -0.34315 -0.88918 0.28106 -0.36106 -0.93177 0.28093 0.22995 -0.66318 0.74621 0.05802 -0.49814 0.78924 0.35911 -0.61872 0.28088 0.73368 -0.22395 0.27895 0.93383 -0.27486 0.80761 0.52175 0.94677 0.32093 0.02499 0.62803 0.77504 0.07 -0.55076 0.73268 -0.39982 -0.85473 0.28191 -0.43585 -0.20999 0.73394 -0.64594 -0.43506 0.28203 -0.85509 0.20998 0.73394 -0.64594 0.15091 0.28186 -0.94751 0.55075 0.73268 -0.39983 0.67891 0.28197 -0.67792 0.58792 0.8089 -0.006 0.93087 0.27196 -0.24397 -0.18811 0.78943 -0.58431 -0.50695 0.28097 -0.8149 0.88539 0.32214 0.33514 0.58816 0.75721 0.28407 0.65221 0.3221 0.6862 0.40807 0.75513 0.51308 0.28915 0.32216 0.90144 0.14404 0.75717 0.63714 -0.054 0.31907 0.94619 -0.12393 0.81456 0.56669 -0.92328 0.38412 0.00001 0.20704 0.38309 -0.90021 -0.92328 0.38412 0.00001 0.20704 0.38309 -0.90021 0.92328 0.38412 -0.00001 -0.92328 0.38412 0.00001</float_array>
					<technique_common>
						<accessor source="#D16CA340-4DC7-4567-ABC3-1AD1C12A89D7-mesh-normals-array" count="3608" stride="3">
							<param name="X" type="float"/>
							<param name="Y" type="float"/>
							<param name="Z" type="float"/>
						</accessor>
					</technique_common>
				</source>
				<source id="D16CA340-4DC7-4567-ABC3-1AD1C12A89D7-mesh-map-0">
					<float_array id="D16CA340-4DC7-4567-ABC3-1AD1C12A89D7-mesh-map-0-array" count="31464">0.642 0.542 0.607 0.542 0.642 0.307 0.607 0.542 0.607 0.271 0.642 0.307 0.614 0.256 0.587 0.256 0.552 0.221 0.372 0.973 0.582 0.764 0.593 0.772 0.372 0.973 0.574 0.752 0.582 0.764 0.417 0.437 0.53 0.437 0.322 0.583 0.53 0.437 0.53 0.583 0.322 0.583 0.578 0.648 0.593 0.705 0.548 0.648 0.593 0.705 0.582 0.712 0.548 0.648 0.548 0.648 0.582 0.712 0.519 0.648 0.582 0.712 0.574 0.724 0.519 0.648 0.482 0.6 0.482 0.624 0.467 0.6 0.482 0.624 0.467 0.624 0.467 0.6 0.467 0.6 0.467 0.624 0.453 0.6 0.467 0.624 0.453 0.624 0.453 0.6 0.453 0.6 0.453 0.624 0.439 0.6 0.453 0.624 0.439 0.624 0.439 0.6 0.439 0.6 0.439 0.624 0.425 0.6 0.439 0.624 0.425 0.624 0.425 0.6 0.425 0.6 0.425 0.624 0.411 0.6 0.425 0.624 0.411 0.624 0.411 0.6 0.411 0.6 0.411 0.624 0.397 0.6 0.411 0.624 0.397 0.624 0.397 0.6 0.397 0.6 0.397 0.624 0.383 0.6 0.397 0.624 0.383 0.624 0.383 0.6 0.383 0.6 0.383 0.624 0.369 0.6 0.383 0.624 0.369 0.624 0.369 0.6 0.614 0.256 0.552 0.221 0.823 0.256 0.552 0.221 0.823 0.221 0.823 0.256 0.91 0.484 0.922 0.476 0.987 0.659 0.922 0.476 0.987 0.557 0.987 0.659 0.883 0.484 0.896 0.487 0.842 0.659 0.896 0.487 0.951 0.659 0.842 0.659 0.77 0.659 0.661 0.659 0.871 0.476 0.661 0.659 0.863 0.464 0.871 0.476 0.587 0.546 0.552 0.582 0.587 0.437 0.552 0.582 0.552 0.401 0.587 0.437 0.177 0.143 0.29 0.143 0.177 0.179 0.29 0.143 0.29 0.179 0.177 0.179 0.118 0.929 0.01 0.929 0.118 0.639 0.01 0.929 0.01 0.639 0.118 0.639 0.945 0.434 0.945 0.325 0.987 0.434 0.945 0.325 0.987 0.325 0.987 0.434 0.694 0.096 0.694 0.123 0.404 0.096 0.694 0.123 0.404 0.123 0.404 0.096 0.096 0.098 0.386 0.098 0.096 0.125 0.386 0.098 0.386 0.125 0.096 0.125 0.055 0.098 0.096 0.098 0.055 0.125 0.096 0.098 0.096 0.125 0.055 0.125 0.987 0.703 0.77 0.86 0.626 0.703 0.77 0.86 0.693 0.86 0.626 0.703 0.987 0.973 0.77 0.973 0.987 0.703 0.77 0.973 0.77 0.86 0.987 0.703 0.066 0.315 0.066 0.202 0.101 0.315 0.066 0.202 0.101 0.202 0.101 0.315 0.715 0.958 0.715 0.881 0.75 0.958 0.715 0.881 0.75 0.881 0.75 0.958 0.322 0.583 0.322 0.293 0.417 0.437 0.322 0.293 0.417 0.36 0.417 0.437 0.951 0.659 0.987 0.659 0.951 0.686 0.987 0.659 0.987 0.686 0.951 0.686 0.656 0.325 0.945 0.325 0.656 0.434 0.945 0.325 0.945 0.434 0.656 0.434 0.735 0.079 0.694 0.079 0.735 0.052 0.694 0.079 0.694 0.052 0.735 0.052 0.118 0.207 0.16 0.207 0.118 0.316 0.16 0.207 0.16 0.316 0.118 0.316 0.75 0.039 0.859 0.039 0.75 0.067 0.859 0.039 0.859 0.067 0.75 0.067 0.984 0.067 0.876 0.067 0.984 0.039 0.876 0.067 0.876 0.039 0.984 0.039 0.839 0.262 0.839 0.22 0.948 0.262 0.839 0.22 0.948 0.22 0.948 0.262 0.45 0.411 0.45 0.384 0.492 0.411 0.45 0.384 0.492 0.384 0.492 0.411 0.552 0.582 0.587 0.546 0.587 0.582 0.35 0.972 0.17 0.972 0.35 0.611 0.17 0.972 0.17 0.611 0.35 0.611 0.587 0.365 0.587 0.437 0.552 0.401 0.53 0.293 0.53 0.36 0.322 0.293 0.53 0.36 0.417 0.36 0.322 0.293 0.626 0.703 0.693 0.86 0.626 0.973 0.693 0.86 0.693 0.973 0.626 0.973 0.751 0.13 0.751 0.083 0.986 0.13 0.751 0.083 0.986 0.083 0.986 0.13 0.139 0.971 0.147 0.855 0.151 0.971 0.147 0.855 0.151 0.855 0.151 0.971 0.607 0.702 0.593 0.705 0.607 0.648 0.593 0.705 0.578 0.648 0.607 0.648 0.119 0.328 0.119 0.617 0.047 0.328 0.119 0.617 0.047 0.617 0.047 0.328 0.55 0.204 0.55 0.157 0.876 0.204 0.55 0.157 0.876 0.157 0.876 0.204 0.018 0.303 0.018 0.484 0.013 0.303 0.018 0.484 0.013 0.484 0.013 0.303 0.296 0.398 0.296 0.579 0.176 0.398 0.296 0.579 0.176 0.579 0.176 0.398 0.733 0.033 0.551 0.033 0.733 0.029 0.551 0.033 0.551 0.029 0.733 0.029 0.694 0.079 0.404 0.079 0.694 0.052 0.404 0.079 0.404 0.052 0.694 0.052 0.388 0.087 0.099 0.087 0.388 0.051 0.099 0.087 0.099 0.051 0.388 0.051 0.694 0.123 0.694 0.096 0.735 0.123 0.694 0.096 0.735 0.096 0.735 0.123 0.01 0.929 0.118 0.929 0.01 0.97 0.118 0.929 0.118 0.97 0.01 0.97 0.987 0.501 0.93 0.464 0.987 0.451 0.93 0.464 0.933 0.451 0.987 0.451 0.91 0.484 0.987 0.659 0.896 0.487 0.987 0.659 0.951 0.659 0.896 0.487 0.883 0.484 0.842 0.659 0.871 0.476 0.842 0.659 0.77 0.659 0.871 0.476 0.987 0.557 0.922 0.476 0.987 0.501 0.922 0.476 0.93 0.464 0.987 0.501 0.787 0.284 0.968 0.284 0.642 0.307 0.968 0.284 0.968 0.307 0.642 0.307 0.842 0.686 0.77 0.686 0.842 0.659 0.77 0.686 0.77 0.659 0.842 0.659 0.587 0.256 0.587 0.365 0.552 0.221 0.587 0.365 0.552 0.401 0.552 0.221 0.141 0.741 0.139 0.971 0.139 0.511 0.787 0.284 0.642 0.307 0.787 0.271 0.642 0.307 0.607 0.271 0.787 0.271 0.294 0.377 0.175 0.377 0.294 0.196 0.175 0.377 0.175 0.196 0.294 0.196 0.372 0.973 0.593 0.772 0.607 0.973 0.593 0.772 0.607 0.774 0.607 0.973 0.145 0.741 0.147 0.855 0.141 0.741 0.147 0.855 0.139 0.971 0.141 0.741 0.349 0.273 0.349 0.152 0.53 0.273 0.349 0.152 0.53 0.152 0.53 0.273 0.574 0.724 0.571 0.738 0.519 0.648 0.571 0.738 0.372 0.648 0.519 0.648 0.863 0.464 0.661 0.659 0.86 0.451 0.661 0.659 0.661 0.451 0.86 0.451 0.372 0.973 0.372 0.648 0.574 0.752 0.372 0.648 0.571 0.738 0.574 0.752 0.642 0.542 0.642 0.307 0.607 0.542 0.642 0.307 0.607 0.271 0.607 0.542 0.614 0.256 0.552 0.221 0.587 0.256 0.372 0.973 0.593 0.772 0.582 0.764 0.372 0.973 0.582 0.764 0.574 0.752 0.417 0.437 0.322 0.583 0.53 0.437 0.322 0.583 0.53 0.583 0.53 0.437 0.578 0.648 0.548 0.648 0.593 0.705 0.548 0.648 0.582 0.712 0.593 0.705 0.548 0.648 0.519 0.648 0.582 0.712 0.519 0.648 0.574 0.724 0.582 0.712 0.482 0.6 0.467 0.6 0.482 0.624 0.467 0.6 0.467 0.624 0.482 0.624 0.467 0.6 0.453 0.6 0.467 0.624 0.453 0.6 0.453 0.624 0.467 0.624 0.453 0.6 0.439 0.6 0.453 0.624 0.439 0.6 0.439 0.624 0.453 0.624 0.439 0.6 0.425 0.6 0.439 0.624 0.425 0.6 0.425 0.624 0.439 0.624 0.425 0.6 0.411 0.6 0.425 0.624 0.411 0.6 0.411 0.624 0.425 0.624 0.411 0.6 0.397 0.6 0.411 0.624 0.397 0.6 0.397 0.624 0.411 0.624 0.397 0.6 0.383 0.6 0.397 0.624 0.383 0.6 0.383 0.624 0.397 0.624 0.383 0.6 0.369 0.6 0.383 0.624 0.369 0.6 0.369 0.624 0.383 0.624 0.614 0.256 0.823 0.256 0.552 0.221 0.823 0.256 0.823 0.221 0.552 0.221 0.91 0.484 0.987 0.659 0.922 0.476 0.987 0.659 0.987 0.557 0.922 0.476 0.883 0.484 0.842 0.659 0.896 0.487 0.842 0.659 0.951 0.659 0.896 0.487 0.77 0.659 0.871 0.476 0.661 0.659 0.871 0.476 0.863 0.464 0.661 0.659 0.587 0.546 0.587 0.437 0.552 0.582 0.587 0.437 0.552 0.401 0.552 0.582 0.177 0.143 0.177 0.179 0.29 0.143 0.177 0.179 0.29 0.179 0.29 0.143 0.118 0.929 0.118 0.639 0.01 0.929 0.118 0.639 0.01 0.639 0.01 0.929 0.945 0.434 0.987 0.434 0.945 0.325 0.987 0.434 0.987 0.325 0.945 0.325 0.694 0.096 0.404 0.096 0.694 0.123 0.404 0.096 0.404 0.123 0.694 0.123 0.096 0.098 0.096 0.125 0.386 0.098 0.096 0.125 0.386 0.125 0.386 0.098 0.055 0.098 0.055 0.125 0.096 0.098 0.055 0.125 0.096 0.125 0.096 0.098 0.987 0.703 0.626 0.703 0.77 0.86 0.626 0.703 0.693 0.86 0.77 0.86 0.987 0.973 0.987 0.703 0.77 0.973 0.987 0.703 0.77 0.86 0.77 0.973 0.066 0.315 0.101 0.315 0.066 0.202 0.101 0.315 0.101 0.202 0.066 0.202 0.715 0.958 0.75 0.958 0.715 0.881 0.75 0.958 0.75 0.881 0.715 0.881 0.322 0.583 0.417 0.437 0.322 0.293 0.417 0.437 0.417 0.36 0.322 0.293 0.951 0.659 0.951 0.686 0.987 0.659 0.951 0.686 0.987 0.686 0.987 0.659 0.656 0.325 0.656 0.434 0.945 0.325 0.656 0.434 0.945 0.434 0.945 0.325 0.735 0.079 0.735 0.052 0.694 0.079 0.735 0.052 0.694 0.052 0.694 0.079 0.118 0.207 0.118 0.316 0.16 0.207 0.118 0.316 0.16 0.316 0.16 0.207 0.75 0.039 0.75 0.067 0.859 0.039 0.75 0.067 0.859 0.067 0.859 0.039 0.984 0.067 0.984 0.039 0.876 0.067 0.984 0.039 0.876 0.039 0.876 0.067 0.839 0.262 0.948 0.262 0.839 0.22 0.948 0.262 0.948 0.22 0.839 0.22 0.45 0.411 0.492 0.411 0.45 0.384 0.492 0.411 0.492 0.384 0.45 0.384 0.552 0.582 0.587 0.582 0.587 0.546 0.35 0.972 0.35 0.611 0.17 0.972 0.35 0.611 0.17 0.611 0.17 0.972 0.587 0.365 0.552 0.401 0.587 0.437 0.53 0.293 0.322 0.293 0.53 0.36 0.322 0.293 0.417 0.36 0.53 0.36 0.626 0.703 0.626 0.973 0.693 0.86 0.626 0.973 0.693 0.973 0.693 0.86 0.751 0.13 0.986 0.13 0.751 0.083 0.986 0.13 0.986 0.083 0.751 0.083 0.139 0.971 0.151 0.971 0.147 0.855 0.151 0.971 0.151 0.855 0.147 0.855 0.607 0.702 0.607 0.648 0.593 0.705 0.607 0.648 0.578 0.648 0.593 0.705 0.119 0.328 0.047 0.328 0.119 0.617 0.047 0.328 0.047 0.617 0.119 0.617 0.55 0.204 0.876 0.204 0.55 0.157 0.876 0.204 0.876 0.157 0.55 0.157 0.018 0.303 0.013 0.303 0.018 0.484 0.013 0.303 0.013 0.484 0.018 0.484 0.296 0.398 0.176 0.398 0.296 0.579 0.176 0.398 0.176 0.579 0.296 0.579 0.733 0.033 0.733 0.029 0.551 0.033 0.733 0.029 0.551 0.029 0.551 0.033 0.694 0.079 0.694 0.052 0.404 0.079 0.694 0.052 0.404 0.052 0.404 0.079 0.388 0.087 0.388 0.051 0.099 0.087 0.388 0.051 0.099 0.051 0.099 0.087 0.694 0.123 0.735 0.123 0.694 0.096 0.735 0.123 0.735 0.096 0.694 0.096 0.01 0.929 0.01 0.97 0.118 0.929 0.01 0.97 0.118 0.97 0.118 0.929 0.987 0.501 0.987 0.451 0.93 0.464 0.987 0.451 0.933 0.451 0.93 0.464 0.91 0.484 0.896 0.487 0.987 0.659 0.896 0.487 0.951 0.659 0.987 0.659 0.883 0.484 0.871 0.476 0.842 0.659 0.871 0.476 0.77 0.659 0.842 0.659 0.987 0.557 0.987 0.501 0.922 0.476 0.987 0.501 0.93 0.464 0.922 0.476 0.787 0.284 0.642 0.307 0.968 0.284 0.642 0.307 0.968 0.307 0.968 0.284 0.842 0.686 0.842 0.659 0.77 0.686 0.842 0.659 0.77 0.659 0.77 0.686 0.587 0.256 0.552 0.221 0.587 0.365 0.552 0.221 0.552 0.401 0.587 0.365 0.141 0.741 0.139 0.511 0.139 0.971 0.787 0.284 0.787 0.271 0.642 0.307 0.787 0.271 0.607 0.271 0.642 0.307 0.294 0.377 0.294 0.196 0.175 0.377 0.294 0.196 0.175 0.196 0.175 0.377 0.372 0.973 0.607 0.973 0.593 0.772 0.607 0.973 0.607 0.774 0.593 0.772 0.145 0.741 0.141 0.741 0.147 0.855 0.141 0.741 0.139 0.971 0.147 0.855 0.349 0.273 0.53 0.273 0.349 0.152 0.53 0.273 0.53 0.152 0.349 0.152 0.574 0.724 0.519 0.648 0.571 0.738 0.519 0.648 0.372 0.648 0.571 0.738 0.863 0.464 0.86 0.451 0.661 0.659 0.86 0.451 0.661 0.451 0.661 0.659 0.372 0.973 0.574 0.752 0.372 0.648 0.574 0.752 0.571 0.738 0.372 0.648 0.642 0.542 0.642 0.307 0.607 0.542 0.642 0.307 0.607 0.271 0.607 0.542 0.614 0.256 0.552 0.221 0.587 0.256 0.372 0.973 0.593 0.772 0.582 0.764 0.372 0.973 0.582 0.764 0.574 0.752 0.417 0.437 0.322 0.583 0.53 0.437 0.322 0.583 0.53 0.583 0.53 0.437 0.578 0.648 0.548 0.648 0.593 0.705 0.548 0.648 0.582 0.712 0.593 0.705 0.548 0.648 0.519 0.648 0.582 0.712 0.519 0.648 0.574 0.724 0.582 0.712 0.482 0.6 0.467 0.6 0.482 0.624 0.467 0.6 0.467 0.624 0.482 0.624 0.467 0.6 0.453 0.6 0.467 0.624 0.453 0.6 0.453 0.624 0.467 0.624 0.453 0.6 0.439 0.6 0.453 0.624 0.439 0.6 0.439 0.624 0.453 0.624 0.439 0.6 0.425 0.6 0.439 0.624 0.425 0.6 0.425 0.624 0.439 0.624 0.425 0.6 0.411 0.6 0.425 0.624 0.411 0.6 0.411 0.624 0.425 0.624 0.411 0.6 0.397 0.6 0.411 0.624 0.397 0.6 0.397 0.624 0.411 0.624 0.397 0.6 0.383 0.6 0.397 0.624 0.383 0.6 0.383 0.624 0.397 0.624 0.383 0.6 0.369 0.6 0.383 0.624 0.369 0.6 0.369 0.624 0.383 0.624 0.614 0.256 0.823 0.256 0.552 0.221 0.823 0.256 0.823 0.221 0.552 0.221 0.91 0.484 0.987 0.659 0.922 0.476 0.987 0.659 0.987 0.557 0.922 0.476 0.883 0.484 0.842 0.659 0.896 0.487 0.842 0.659 0.951 0.659 0.896 0.487 0.77 0.659 0.871 0.476 0.661 0.659 0.871 0.476 0.863 0.464 0.661 0.659 0.587 0.546 0.587 0.437 0.552 0.582 0.587 0.437 0.552 0.401 0.552 0.582 0.177 0.143 0.177 0.179 0.29 0.143 0.177 0.179 0.29 0.179 0.29 0.143 0.118 0.929 0.118 0.639 0.01 0.929 0.118 0.639 0.01 0.639 0.01 0.929 0.945 0.434 0.987 0.434 0.945 0.325 0.987 0.434 0.987 0.325 0.945 0.325 0.694 0.096 0.404 0.096 0.694 0.123 0.404 0.096 0.404 0.123 0.694 0.123 0.096 0.098 0.096 0.125 0.386 0.098 0.096 0.125 0.386 0.125 0.386 0.098 0.055 0.098 0.055 0.125 0.096 0.098 0.055 0.125 0.096 0.125 0.096 0.098 0.987 0.703 0.626 0.703 0.77 0.86 0.626 0.703 0.693 0.86 0.77 0.86 0.987 0.973 0.987 0.703 0.77 0.973 0.987 0.703 0.77 0.86 0.77 0.973 0.066 0.315 0.101 0.315 0.066 0.202 0.101 0.315 0.101 0.202 0.066 0.202 0.715 0.958 0.75 0.958 0.715 0.881 0.75 0.958 0.75 0.881 0.715 0.881 0.322 0.583 0.417 0.437 0.322 0.293 0.417 0.437 0.417 0.36 0.322 0.293 0.951 0.659 0.951 0.686 0.987 0.659 0.951 0.686 0.987 0.686 0.987 0.659 0.656 0.325 0.656 0.434 0.945 0.325 0.656 0.434 0.945 0.434 0.945 0.325 0.735 0.079 0.735 0.052 0.694 0.079 0.735 0.052 0.694 0.052 0.694 0.079 0.118 0.207 0.118 0.316 0.16 0.207 0.118 0.316 0.16 0.316 0.16 0.207 0.75 0.039 0.75 0.067 0.859 0.039 0.75 0.067 0.859 0.067 0.859 0.039 0.984 0.067 0.984 0.039 0.876 0.067 0.984 0.039 0.876 0.039 0.876 0.067 0.839 0.262 0.948 0.262 0.839 0.22 0.948 0.262 0.948 0.22 0.839 0.22 0.45 0.411 0.492 0.411 0.45 0.384 0.492 0.411 0.492 0.384 0.45 0.384 0.552 0.582 0.587 0.582 0.587 0.546 0.35 0.972 0.35 0.611 0.17 0.972 0.35 0.611 0.17 0.611 0.17 0.972 0.587 0.365 0.552 0.401 0.587 0.437 0.53 0.293 0.322 0.293 0.53 0.36 0.322 0.293 0.417 0.36 0.53 0.36 0.626 0.703 0.626 0.973 0.693 0.86 0.626 0.973 0.693 0.973 0.693 0.86 0.751 0.13 0.986 0.13 0.751 0.083 0.986 0.13 0.986 0.083 0.751 0.083 0.139 0.971 0.151 0.971 0.147 0.855 0.151 0.971 0.151 0.855 0.147 0.855 0.607 0.702 0.607 0.648 0.593 0.705 0.607 0.648 0.578 0.648 0.593 0.705 0.119 0.328 0.047 0.328 0.119 0.617 0.047 0.328 0.047 0.617 0.119 0.617 0.55 0.204 0.876 0.204 0.55 0.157 0.876 0.204 0.876 0.157 0.55 0.157 0.018 0.303 0.013 0.303 0.018 0.484 0.013 0.303 0.013 0.484 0.018 0.484 0.296 0.398 0.176 0.398 0.296 0.579 0.176 0.398 0.176 0.579 0.296 0.579 0.733 0.033 0.733 0.029 0.551 0.033 0.733 0.029 0.551 0.029 0.551 0.033 0.694 0.079 0.694 0.052 0.404 0.079 0.694 0.052 0.404 0.052 0.404 0.079 0.388 0.087 0.388 0.051 0.099 0.087 0.388 0.051 0.099 0.051 0.099 0.087 0.694 0.123 0.735 0.123 0.694 0.096 0.735 0.123 0.735 0.096 0.694 0.096 0.01 0.929 0.01 0.97 0.118 0.929 0.01 0.97 0.118 0.97 0.118 0.929 0.987 0.501 0.987 0.451 0.93 0.464 0.987 0.451 0.933 0.451 0.93 0.464 0.91 0.484 0.896 0.487 0.987 0.659 0.896 0.487 0.951 0.659 0.987 0.659 0.883 0.484 0.871 0.476 0.842 0.659 0.871 0.476 0.77 0.659 0.842 0.659 0.987 0.557 0.987 0.501 0.922 0.476 0.987 0.501 0.93 0.464 0.922 0.476 0.787 0.284 0.642 0.307 0.968 0.284 0.642 0.307 0.968 0.307 0.968 0.284 0.842 0.686 0.842 0.659 0.77 0.686 0.842 0.659 0.77 0.659 0.77 0.686 0.587 0.256 0.552 0.221 0.587 0.365 0.552 0.221 0.552 0.401 0.587 0.365 0.141 0.741 0.139 0.511 0.139 0.971 0.787 0.284 0.787 0.271 0.642 0.307 0.787 0.271 0.607 0.271 0.642 0.307 0.294 0.377 0.294 0.196 0.175 0.377 0.294 0.196 0.175 0.196 0.175 0.377 0.372 0.973 0.607 0.973 0.593 0.772 0.607 0.973 0.607 0.774 0.593 0.772 0.145 0.741 0.141 0.741 0.147 0.855 0.141 0.741 0.139 0.971 0.147 0.855 0.349 0.273 0.53 0.273 0.349 0.152 0.53 0.273 0.53 0.152 0.349 0.152 0.574 0.724 0.519 0.648 0.571 0.738 0.519 0.648 0.372 0.648 0.571 0.738 0.863 0.464 0.86 0.451 0.661 0.659 0.86 0.451 0.661 0.451 0.661 0.659 0.372 0.973 0.574 0.752 0.372 0.648 0.574 0.752 0.571 0.738 0.372 0.648 0.642 0.542 0.607 0.542 0.642 0.307 0.607 0.542 0.607 0.271 0.642 0.307 0.614 0.256 0.587 0.256 0.552 0.221 0.372 0.973 0.582 0.764 0.593 0.772 0.372 0.973 0.574 0.752 0.582 0.764 0.417 0.437 0.53 0.437 0.322 0.583 0.53 0.437 0.53 0.583 0.322 0.583 0.578 0.648 0.593 0.705 0.548 0.648 0.593 0.705 0.582 0.712 0.548 0.648 0.548 0.648 0.582 0.712 0.519 0.648 0.582 0.712 0.574 0.724 0.519 0.648 0.482 0.6 0.482 0.624 0.467 0.6 0.482 0.624 0.467 0.624 0.467 0.6 0.467 0.6 0.467 0.624 0.453 0.6 0.467 0.624 0.453 0.624 0.453 0.6 0.453 0.6 0.453 0.624 0.439 0.6 0.453 0.624 0.439 0.624 0.439 0.6 0.439 0.6 0.439 0.624 0.425 0.6 0.439 0.624 0.425 0.624 0.425 0.6 0.425 0.6 0.425 0.624 0.411 0.6 0.425 0.624 0.411 0.624 0.411 0.6 0.411 0.6 0.411 0.624 0.397 0.6 0.411 0.624 0.397 0.624 0.397 0.6 0.397 0.6 0.397 0.624 0.383 0.6 0.397 0.624 0.383 0.624 0.383 0.6 0.383 0.6 0.383 0.624 0.369 0.6 0.383 0.624 0.369 0.624 0.369 0.6 0.614 0.256 0.552 0.221 0.823 0.256 0.552 0.221 0.823 0.221 0.823 0.256 0.91 0.484 0.922 0.476 0.987 0.659 0.922 0.476 0.987 0.557 0.987 0.659 0.883 0.484 0.896 0.487 0.842 0.659 0.896 0.487 0.951 0.659 0.842 0.659 0.77 0.659 0.661 0.659 0.871 0.476 0.661 0.659 0.863 0.464 0.871 0.476 0.587 0.546 0.552 0.582 0.587 0.437 0.552 0.582 0.552 0.401 0.587 0.437 0.177 0.143 0.29 0.143 0.177 0.179 0.29 0.143 0.29 0.179 0.177 0.179 0.118 0.929 0.01 0.929 0.118 0.639 0.01 0.929 0.01 0.639 0.118 0.639 0.945 0.434 0.945 0.325 0.987 0.434 0.945 0.325 0.987 0.325 0.987 0.434 0.694 0.096 0.694 0.123 0.404 0.096 0.694 0.123 0.404 0.123 0.404 0.096 0.096 0.098 0.386 0.098 0.096 0.125 0.386 0.098 0.386 0.125 0.096 0.125 0.055 0.098 0.096 0.098 0.055 0.125 0.096 0.098 0.096 0.125 0.055 0.125 0.987 0.703 0.77 0.86 0.626 0.703 0.77 0.86 0.693 0.86 0.626 0.703 0.987 0.973 0.77 0.973 0.987 0.703 0.77 0.973 0.77 0.86 0.987 0.703 0.066 0.315 0.066 0.202 0.101 0.315 0.066 0.202 0.101 0.202 0.101 0.315 0.715 0.958 0.715 0.881 0.75 0.958 0.715 0.881 0.75 0.881 0.75 0.958 0.322 0.583 0.322 0.293 0.417 0.437 0.322 0.293 0.417 0.36 0.417 0.437 0.951 0.659 0.987 0.659 0.951 0.686 0.987 0.659 0.987 0.686 0.951 0.686 0.656 0.325 0.945 0.325 0.656 0.434 0.945 0.325 0.945 0.434 0.656 0.434 0.735 0.079 0.694 0.079 0.735 0.052 0.694 0.079 0.694 0.052 0.735 0.052 0.118 0.207 0.16 0.207 0.118 0.316 0.16 0.207 0.16 0.316 0.118 0.316 0.75 0.039 0.859 0.039 0.75 0.067 0.859 0.039 0.859 0.067 0.75 0.067 0.984 0.067 0.876 0.067 0.984 0.039 0.876 0.067 0.876 0.039 0.984 0.039 0.839 0.262 0.839 0.22 0.948 0.262 0.839 0.22 0.948 0.22 0.948 0.262 0.45 0.411 0.45 0.384 0.492 0.411 0.45 0.384 0.492 0.384 0.492 0.411 0.552 0.582 0.587 0.546 0.587 0.582 0.35 0.972 0.17 0.972 0.35 0.611 0.17 0.972 0.17 0.611 0.35 0.611 0.587 0.365 0.587 0.437 0.552 0.401 0.53 0.293 0.53 0.36 0.322 0.293 0.53 0.36 0.417 0.36 0.322 0.293 0.626 0.703 0.693 0.86 0.626 0.973 0.693 0.86 0.693 0.973 0.626 0.973 0.751 0.13 0.751 0.083 0.986 0.13 0.751 0.083 0.986 0.083 0.986 0.13 0.139 0.971 0.147 0.855 0.151 0.971 0.147 0.855 0.151 0.855 0.151 0.971 0.607 0.702 0.593 0.705 0.607 0.648 0.593 0.705 0.578 0.648 0.607 0.648 0.119 0.328 0.119 0.617 0.047 0.328 0.119 0.617 0.047 0.617 0.047 0.328 0.55 0.204 0.55 0.157 0.876 0.204 0.55 0.157 0.876 0.157 0.876 0.204 0.018 0.303 0.018 0.484 0.013 0.303 0.018 0.484 0.013 0.484 0.013 0.303 0.296 0.398 0.296 0.579 0.176 0.398 0.296 0.579 0.176 0.579 0.176 0.398 0.733 0.033 0.551 0.033 0.733 0.029 0.551 0.033 0.551 0.029 0.733 0.029 0.694 0.079 0.404 0.079 0.694 0.052 0.404 0.079 0.404 0.052 0.694 0.052 0.388 0.087 0.099 0.087 0.388 0.051 0.099 0.087 0.099 0.051 0.388 0.051 0.694 0.123 0.694 0.096 0.735 0.123 0.694 0.096 0.735 0.096 0.735 0.123 0.01 0.929 0.118 0.929 0.01 0.97 0.118 0.929 0.118 0.97 0.01 0.97 0.987 0.501 0.93 0.464 0.987 0.451 0.93 0.464 0.933 0.451 0.987 0.451 0.91 0.484 0.987 0.659 0.896 0.487 0.987 0.659 0.951 0.659 0.896 0.487 0.883 0.484 0.842 0.659 0.871 0.476 0.842 0.659 0.77 0.659 0.871 0.476 0.987 0.557 0.922 0.476 0.987 0.501 0.922 0.476 0.93 0.464 0.987 0.501 0.787 0.284 0.968 0.284 0.642 0.307 0.968 0.284 0.968 0.307 0.642 0.307 0.842 0.686 0.77 0.686 0.842 0.659 0.77 0.686 0.77 0.659 0.842 0.659 0.587 0.256 0.587 0.365 0.552 0.221 0.587 0.365 0.552 0.401 0.552 0.221 0.141 0.741 0.139 0.971 0.139 0.511 0.787 0.284 0.642 0.307 0.787 0.271 0.642 0.307 0.607 0.271 0.787 0.271 0.294 0.377 0.175 0.377 0.294 0.196 0.175 0.377 0.175 0.196 0.294 0.196 0.372 0.973 0.593 0.772 0.607 0.973 0.593 0.772 0.607 0.774 0.607 0.973 0.145 0.741 0.147 0.855 0.141 0.741 0.147 0.855 0.139 0.971 0.141 0.741 0.349 0.273 0.349 0.152 0.53 0.273 0.349 0.152 0.53 0.152 0.53 0.273 0.574 0.724 0.571 0.738 0.519 0.648 0.571 0.738 0.372 0.648 0.519 0.648 0.863 0.464 0.661 0.659 0.86 0.451 0.661 0.659 0.661 0.451 0.86 0.451 0.372 0.973 0.372 0.648 0.574 0.752 0.372 0.648 0.571 0.738 0.574 0.752 0.000834 0.000692 0.000735 0.000712 0.000853 0.000603 0.000735 0.000712 0.000746 0.000602 0.000853 0.000603 0.000367 0.000707 0.000425 0.000796 0.000154 0.000801 0.000425 0.000796 0.000264 0.000962 0.000154 0.000801 0.000495 0.000602 0.000389 0.000602 0.000506 0.000493 0.000389 0.000602 0.000407 0.000514 0.000506 0.000493 0.00062 0.000484 0.000506 0.000493 0.00062 0.00037 0.000506 0.000493 0.000531 0.000388 0.00062 0.00037 0.000456 0.000765 0.000407 0.00069 0.000531 0.000816 0.000407 0.00069 0.000506 0.000712 0.000531 0.000816 0.00062 0.000835 0.00062 0.000721 0.000709 0.000817 0.00062 0.000721 0.000735 0.000712 0.000709 0.000817 0.000506 0.000493 0.000407 0.000514 0.000531 0.000388 0.000407 0.000514 0.000456 0.000439 0.000531 0.000388 0.000835 0.000513 0.000735 0.000492 0.000785 0.000438 0.000735 0.000492 0.000709 0.000387 0.000785 0.000438 0.000531 0.000816 0.000506 0.000712 0.00062 0.000835 0.000506 0.000712 0.00062 0.000721 0.00062 0.000835 0.000506 0.000712 0.000407 0.00069 0.000495 0.000602 0.000407 0.00069 0.000389 0.000602 0.000495 0.000602 0.000709 0.000817 0.000735 0.000712 0.000783 0.000766 0.000735 0.000712 0.000834 0.000692 0.000783 0.000766 0.000853 0.000603 0.000746 0.000602 0.000835 0.000513 0.000746 0.000602 0.000735 0.000492 0.000835 0.000513 0.000735 0.000492 0.00062 0.000484 0.000709 0.000387 0.00062 0.000484 0.00062 0.00037 0.000709 0.000387 0.000813 0.000797 0.000798 0.000781 0.000874 0.000709 0.000798 0.000781 0.000854 0.0007 0.000874 0.000709 0.000798 0.000781 0.000783 0.000766 0.000854 0.0007 0.000783 0.000766 0.000834 0.000692 0.000854 0.0007 0.000897 0.000604 0.000874 0.000603 0.000876 0.000497 0.000874 0.000603 0.000856 0.000505 0.000876 0.000497 0.000874 0.000603 0.000853 0.000603 0.000856 0.000505 0.000853 0.000603 0.000835 0.000513 0.000856 0.000505 0.000514 0.000348 0.000523 0.000369 0.000426 0.000408 0.000523 0.000369 0.000441 0.000424 0.000426 0.000408 0.000523 0.000369 0.000531 0.000388 0.000441 0.000424 0.000531 0.000388 0.000456 0.000439 0.000441 0.000424 0.000876 0.000497 0.000856 0.000505 0.000816 0.000407 0.000856 0.000505 0.0008 0.000422 0.000816 0.000407 0.000856 0.000505 0.000835 0.000513 0.0008 0.000422 0.000835 0.000513 0.000785 0.000438 0.0008 0.000422 0.000816 0.000407 0.0008 0.000422 0.000726 0.000347 0.0008 0.000422 0.000717 0.000367 0.000726 0.000347 0.0008 0.000422 0.000785 0.000438 0.000717 0.000367 0.000785 0.000438 0.000709 0.000387 0.000717 0.000367 0.000426 0.000408 0.000441 0.000424 0.000367 0.000497 0.000441 0.000424 0.000387 0.000506 0.000367 0.000497 0.000441 0.000424 0.000456 0.000439 0.000387 0.000506 0.000456 0.000439 0.000407 0.000514 0.000387 0.000506 0.000367 0.000497 0.000387 0.000506 0.000346 0.000602 0.000387 0.000506 0.000368 0.000602 0.000346 0.000602 0.000387 0.000506 0.000407 0.000514 0.000368 0.000602 0.000407 0.000514 0.000389 0.000602 0.000368 0.000602 0.000425 0.000796 0.000441 0.00078 0.000513 0.000857 0.000441 0.00078 0.000522 0.000836 0.000513 0.000857 0.000441 0.00078 0.000456 0.000765 0.000522 0.000836 0.000456 0.000765 0.000531 0.000816 0.000522 0.000836 0.000726 0.000347 0.000717 0.000367 0.00062 0.000326 0.000717 0.000367 0.00062 0.000349 0.00062 0.000326 0.000717 0.000367 0.000709 0.000387 0.00062 0.000349 0.000709 0.000387 0.00062 0.00037 0.00062 0.000349 0.00062 0.000326 0.00062 0.000349 0.000514 0.000348 0.00062 0.000349 0.000523 0.000369 0.000514 0.000348 0.00062 0.000349 0.00062 0.00037 0.000523 0.000369 0.00062 0.00037 0.000531 0.000388 0.000523 0.000369 0.000346 0.000602 0.000368 0.000602 0.000367 0.000707 0.000368 0.000602 0.000387 0.000699 0.000367 0.000707 0.000368 0.000602 0.000389 0.000602 0.000387 0.000699 0.000389 0.000602 0.000407 0.00069 0.000387 0.000699 0.000367 0.000707 0.000387 0.000699 0.000425 0.000796 0.000387 0.000699 0.000441 0.00078 0.000425 0.000796 0.000387 0.000699 0.000407 0.00069 0.000441 0.00078 0.000407 0.00069 0.000456 0.000765 0.000441 0.00078 0.000513 0.000857 0.000522 0.000836 0.000619 0.00088 0.000522 0.000836 0.00062 0.000857 0.000619 0.00088 0.000522 0.000836 0.000531 0.000816 0.00062 0.000857 0.000531 0.000816 0.00062 0.000835 0.00062 0.000857 0.000874 0.000709 0.000854 0.0007 0.000897 0.000604 0.000854 0.0007 0.000874 0.000603 0.000897 0.000604 0.000854 0.0007 0.000834 0.000692 0.000874 0.000603 0.000834 0.000692 0.000853 0.000603 0.000874 0.000603 0.000619 0.00088 0.00062 0.000857 0.000725 0.000857 0.00062 0.000857 0.000717 0.000837 0.000725 0.000857 0.00062 0.000857 0.00062 0.000835 0.000717 0.000837 0.00062 0.000835 0.000709 0.000817 0.000717 0.000837 0.000725 0.000857 0.000717 0.000837 0.000813 0.000797 0.000717 0.000837 0.000798 0.000781 0.000813 0.000797 0.000717 0.000837 0.000709 0.000817 0.000798 0.000781 0.000709 0.000817 0.000783 0.000766 0.000798 0.000781 0.000746 0.000602 0.00062 0.000602 0.000735 0.000492 0.00062 0.000602 0.00062 0.000484 0.000735 0.000492 0.00062 0.000602 0.000495 0.000602 0.00062 0.000484 0.000495 0.000602 0.000506 0.000493 0.00062 0.000484 0.000735 0.000712 0.00062 0.000721 0.000746 0.000602 0.00062 0.000721 0.00062 0.000602 0.000746 0.000602 0.00062 0.000721 0.000506 0.000712 0.00062 0.000602 0.000506 0.000712 0.000495 0.000602 0.00062 0.000602 0.000426 0.001068 0.000617 0.001107 0.000417 0.00109 0.000617 0.001107 0.000616 0.001131 0.000417 0.00109 0.000417 0.00109 0.000616 0.001131 0.000408 0.001113 0.000616 0.001131 0.000615 0.001156 0.000408 0.001113 0.000264 0.000962 0.000426 0.001068 0.000248 0.000979 0.000426 0.001068 0.000417 0.00109 0.000248 0.000979 0.000248 0.000979 0.000417 0.00109 0.00023 0.000996 0.000417 0.00109 0.000408 0.001113 0.00023 0.000996 0.000154 0.000801 0.000264 0.000962 0.000131 0.000811 0.000264 0.000962 0.000248 0.000979 0.000131 0.000811 0.000131 0.000811 0.000248 0.000979 0.000109 0.00082 0.000248 0.000979 0.00023 0.000996 0.000109 0.00082 0.000112 0.000609 0.000154 0.000801 0.000087 0.00061 0.000154 0.000801 0.000131 0.000811 0.000087 0.00061 0.000087 0.00061 0.000131 0.000811 0.000062 0.00061 0.000131 0.000811 0.000109 0.00082 0.000062 0.00061 0.000146 0.000414 0.000112 0.000609 0.000123 0.000405 0.000112 0.000609 0.000087 0.00061 0.000123 0.000405 0.000123 0.000405 0.000087 0.00061 0.0001 0.000396 0.000087 0.00061 0.000062 0.00061 0.0001 0.000396 0.000252 0.000246 0.000146 0.000414 0.000234 0.000229 0.000146 0.000414 0.000123 0.000405 0.000234 0.000229 0.000234 0.000229 0.000123 0.000405 0.000216 0.000212 0.000123 0.000405 0.0001 0.000396 0.000216 0.000212 0.000415 0.000131 0.000252 0.000246 0.000405 0.000108 0.000252 0.000246 0.000234 0.000229 0.000405 0.000108 0.000405 0.000108 0.000234 0.000229 0.000395 0.000085 0.000234 0.000229 0.000216 0.000212 0.000395 0.000085 0.000611 0.000087 0.000415 0.000131 0.000611 0.000062 0.000415 0.000131 0.000405 0.000108 0.000611 0.000062 0.000611 0.000062 0.000405 0.000108 0.00061 0.000036 0.000405 0.000108 0.000395 0.000085 0.00061 0.000036 0.00081 0.000121 0.000611 0.000087 0.000819 0.000098 0.000611 0.000087 0.000611 0.000062 0.000819 0.000098 0.000819 0.000098 0.000611 0.000062 0.000829 0.000074 0.000611 0.000062 0.00061 0.000036 0.000829 0.000074 0.000982 0.00023 0.00081 0.000121 0.000999 0.000212 0.00081 0.000121 0.000819 0.000098 0.000999 0.000212 0.000999 0.000212 0.000819 0.000098 0.001017 0.000193 0.000819 0.000098 0.000829 0.000074 0.001017 0.000193 0.001099 0.000397 0.000982 0.00023 0.001123 0.000387 0.000982 0.00023 0.000999 0.000212 0.001123 0.000387 0.001123 0.000387 0.000999 0.000212 0.001147 0.000377 0.000999 0.000212 0.001017 0.000193 0.001147 0.000377 0.001143 0.000599 0.001099 0.000397 0.001169 0.000598 0.001099 0.000397 0.001123 0.000387 0.001169 0.000598 0.001169 0.000598 0.001123 0.000387 0.001195 0.000598 0.001123 0.000387 0.001147 0.000377 0.001195 0.000598 0.001105 0.000803 0.001143 0.000599 0.001129 0.000813 0.001143 0.000599 0.001169 0.000598 0.001129 0.000813 0.001129 0.000813 0.001169 0.000598 0.001154 0.000823 0.001169 0.000598 0.001195 0.000598 0.001154 0.000823 0.00099 0.000975 0.001105 0.000803 0.001007 0.000994 0.001105 0.000803 0.001129 0.000813 0.001007 0.000994 0.001007 0.000994 0.001129 0.000813 0.001025 0.001013 0.001129 0.000813 0.001154 0.000823 0.001025 0.001013 0.000814 0.001079 0.00099 0.000975 0.000822 0.001103 0.00099 0.000975 0.001007 0.000994 0.000822 0.001103 0.000822 0.001103 0.001007 0.000994 0.00083 0.001127 0.001007 0.000994 0.001025 0.001013 0.00083 0.001127 0.000617 0.001107 0.000814 0.001079 0.000616 0.001131 0.000814 0.001079 0.000822 0.001103 0.000616 0.001131 0.000616 0.001131 0.000822 0.001103 0.000615 0.001156 0.000822 0.001103 0.00083 0.001127 0.000615 0.001156 0.000816 0.000407 0.000726 0.000347 0.000982 0.00023 0.000726 0.000347 0.00081 0.000121 0.000982 0.00023 0.000425 0.000796 0.000513 0.000857 0.000264 0.000962 0.000513 0.000857 0.000426 0.001068 0.000264 0.000962 0.000726 0.000347 0.00062 0.000326 0.00081 0.000121 0.00062 0.000326 0.000611 0.000087 0.00081 0.000121 0.000617 0.001107 0.000619 0.00088 0.000814 0.001079 0.000619 0.00088 0.000725 0.000857 0.000814 0.001079 0.000513 0.000857 0.000619 0.00088 0.000426 0.001068 0.000619 0.00088 0.000617 0.001107 0.000426 0.001068 0.00062 0.000326 0.000514 0.000348 0.000611 0.000087 0.000514 0.000348 0.000415 0.000131 0.000611 0.000087 0.000814 0.001079 0.000725 0.000857 0.00099 0.000975 0.000725 0.000857 0.000813 0.000797 0.00099 0.000975 0.000514 0.000348 0.000426 0.000408 0.000415 0.000131 0.000426 0.000408 0.000252 0.000246 0.000415 0.000131 0.000813 0.000797 0.000874 0.000709 0.00099 0.000975 0.000874 0.000709 0.001105 0.000803 0.00099 0.000975 0.000426 0.000408 0.000367 0.000497 0.000252 0.000246 0.000367 0.000497 0.000146 0.000414 0.000252 0.000246 0.000874 0.000709 0.000897 0.000604 0.001105 0.000803 0.000897 0.000604 0.001143 0.000599 0.001105 0.000803 0.000367 0.000497 0.000346 0.000602 0.000146 0.000414 0.000346 0.000602 0.000112 0.000609 0.000146 0.000414 0.000897 0.000604 0.000876 0.000497 0.001143 0.000599 0.000876 0.000497 0.001099 0.000397 0.001143 0.000599 0.000346 0.000602 0.000367 0.000707 0.000112 0.000609 0.000367 0.000707 0.000154 0.000801 0.000112 0.000609 0.000876 0.000497 0.000816 0.000407 0.001099 0.000397 0.000816 0.000407 0.000982 0.00023 0.001099 0.000397 0.000834 0.000692 0.000735 0.000712 0.000853 0.000603 0.000735 0.000712 0.000746 0.000602 0.000853 0.000603 0.000367 0.000707 0.000425 0.000796 0.000154 0.000801 0.000425 0.000796 0.000264 0.000962 0.000154 0.000801 0.000495 0.000602 0.000389 0.000602 0.000506 0.000493 0.000389 0.000602 0.000407 0.000514 0.000506 0.000493 0.00062 0.000484 0.000506 0.000493 0.00062 0.00037 0.000506 0.000493 0.000531 0.000388 0.00062 0.00037 0.000456 0.000765 0.000407 0.00069 0.000531 0.000816 0.000407 0.00069 0.000506 0.000712 0.000531 0.000816 0.00062 0.000835 0.00062 0.000721 0.000709 0.000817 0.00062 0.000721 0.000735 0.000712 0.000709 0.000817 0.000506 0.000493 0.000407 0.000514 0.000531 0.000388 0.000407 0.000514 0.000456 0.000439 0.000531 0.000388 0.000835 0.000513 0.000735 0.000492 0.000785 0.000438 0.000735 0.000492 0.000709 0.000387 0.000785 0.000438 0.000531 0.000816 0.000506 0.000712 0.00062 0.000835 0.000506 0.000712 0.00062 0.000721 0.00062 0.000835 0.000506 0.000712 0.000407 0.00069 0.000495 0.000602 0.000407 0.00069 0.000389 0.000602 0.000495 0.000602 0.000709 0.000817 0.000735 0.000712 0.000783 0.000766 0.000735 0.000712 0.000834 0.000692 0.000783 0.000766 0.000853 0.000603 0.000746 0.000602 0.000835 0.000513 0.000746 0.000602 0.000735 0.000492 0.000835 0.000513 0.000735 0.000492 0.00062 0.000484 0.000709 0.000387 0.00062 0.000484 0.00062 0.00037 0.000709 0.000387 0.000813 0.000797 0.000798 0.000781 0.000874 0.000709 0.000798 0.000781 0.000854 0.0007 0.000874 0.000709 0.000798 0.000781 0.000783 0.000766 0.000854 0.0007 0.000783 0.000766 0.000834 0.000692 0.000854 0.0007 0.000897 0.000604 0.000874 0.000603 0.000876 0.000497 0.000874 0.000603 0.000856 0.000505 0.000876 0.000497 0.000874 0.000603 0.000853 0.000603 0.000856 0.000505 0.000853 0.000603 0.000835 0.000513 0.000856 0.000505 0.000514 0.000348 0.000523 0.000369 0.000426 0.000408 0.000523 0.000369 0.000441 0.000424 0.000426 0.000408 0.000523 0.000369 0.000531 0.000388 0.000441 0.000424 0.000531 0.000388 0.000456 0.000439 0.000441 0.000424 0.000876 0.000497 0.000856 0.000505 0.000816 0.000407 0.000856 0.000505 0.0008 0.000422 0.000816 0.000407 0.000856 0.000505 0.000835 0.000513 0.0008 0.000422 0.000835 0.000513 0.000785 0.000438 0.0008 0.000422 0.000816 0.000407 0.0008 0.000422 0.000726 0.000347 0.0008 0.000422 0.000717 0.000367 0.000726 0.000347 0.0008 0.000422 0.000785 0.000438 0.000717 0.000367 0.000785 0.000438 0.000709 0.000387 0.000717 0.000367 0.000426 0.000408 0.000441 0.000424 0.000367 0.000497 0.000441 0.000424 0.000387 0.000506 0.000367 0.000497 0.000441 0.000424 0.000456 0.000439 0.000387 0.000506 0.000456 0.000439 0.000407 0.000514 0.000387 0.000506 0.000367 0.000497 0.000387 0.000506 0.000346 0.000602 0.000387 0.000506 0.000368 0.000602 0.000346 0.000602 0.000387 0.000506 0.000407 0.000514 0.000368 0.000602 0.000407 0.000514 0.000389 0.000602 0.000368 0.000602 0.000425 0.000796 0.000441 0.00078 0.000513 0.000857 0.000441 0.00078 0.000522 0.000836 0.000513 0.000857 0.000441 0.00078 0.000456 0.000765 0.000522 0.000836 0.000456 0.000765 0.000531 0.000816 0.000522 0.000836 0.000726 0.000347 0.000717 0.000367 0.00062 0.000326 0.000717 0.000367 0.00062 0.000349 0.00062 0.000326 0.000717 0.000367 0.000709 0.000387 0.00062 0.000349 0.000709 0.000387 0.00062 0.00037 0.00062 0.000349 0.00062 0.000326 0.00062 0.000349 0.000514 0.000348 0.00062 0.000349 0.000523 0.000369 0.000514 0.000348 0.00062 0.000349 0.00062 0.00037 0.000523 0.000369 0.00062 0.00037 0.000531 0.000388 0.000523 0.000369 0.000346 0.000602 0.000368 0.000602 0.000367 0.000707 0.000368 0.000602 0.000387 0.000699 0.000367 0.000707 0.000368 0.000602 0.000389 0.000602 0.000387 0.000699 0.000389 0.000602 0.000407 0.00069 0.000387 0.000699 0.000367 0.000707 0.000387 0.000699 0.000425 0.000796 0.000387 0.000699 0.000441 0.00078 0.000425 0.000796 0.000387 0.000699 0.000407 0.00069 0.000441 0.00078 0.000407 0.00069 0.000456 0.000765 0.000441 0.00078 0.000513 0.000857 0.000522 0.000836 0.000619 0.00088 0.000522 0.000836 0.00062 0.000857 0.000619 0.00088 0.000522 0.000836 0.000531 0.000816 0.00062 0.000857 0.000531 0.000816 0.00062 0.000835 0.00062 0.000857 0.000874 0.000709 0.000854 0.0007 0.000897 0.000604 0.000854 0.0007 0.000874 0.000603 0.000897 0.000604 0.000854 0.0007 0.000834 0.000692 0.000874 0.000603 0.000834 0.000692 0.000853 0.000603 0.000874 0.000603 0.000619 0.00088 0.00062 0.000857 0.000725 0.000857 0.00062 0.000857 0.000717 0.000837 0.000725 0.000857 0.00062 0.000857 0.00062 0.000835 0.000717 0.000837 0.00062 0.000835 0.000709 0.000817 0.000717 0.000837 0.000725 0.000857 0.000717 0.000837 0.000813 0.000797 0.000717 0.000837 0.000798 0.000781 0.000813 0.000797 0.000717 0.000837 0.000709 0.000817 0.000798 0.000781 0.000709 0.000817 0.000783 0.000766 0.000798 0.000781 0.000746 0.000602 0.00062 0.000602 0.000735 0.000492 0.00062 0.000602 0.00062 0.000484 0.000735 0.000492 0.00062 0.000602 0.000495 0.000602 0.00062 0.000484 0.000495 0.000602 0.000506 0.000493 0.00062 0.000484 0.000735 0.000712 0.00062 0.000721 0.000746 0.000602 0.00062 0.000721 0.00062 0.000602 0.000746 0.000602 0.00062 0.000721 0.000506 0.000712 0.00062 0.000602 0.000506 0.000712 0.000495 0.000602 0.00062 0.000602 0.000426 0.001068 0.000617 0.001107 0.000417 0.00109 0.000617 0.001107 0.000616 0.001131 0.000417 0.00109 0.000417 0.00109 0.000616 0.001131 0.000408 0.001113 0.000616 0.001131 0.000615 0.001156 0.000408 0.001113 0.000264 0.000962 0.000426 0.001068 0.000248 0.000979 0.000426 0.001068 0.000417 0.00109 0.000248 0.000979 0.000248 0.000979 0.000417 0.00109 0.00023 0.000996 0.000417 0.00109 0.000408 0.001113 0.00023 0.000996 0.000154 0.000801 0.000264 0.000962 0.000131 0.000811 0.000264 0.000962 0.000248 0.000979 0.000131 0.000811 0.000131 0.000811 0.000248 0.000979 0.000109 0.00082 0.000248 0.000979 0.00023 0.000996 0.000109 0.00082 0.000112 0.000609 0.000154 0.000801 0.000087 0.00061 0.000154 0.000801 0.000131 0.000811 0.000087 0.00061 0.000087 0.00061 0.000131 0.000811 0.000062 0.00061 0.000131 0.000811 0.000109 0.00082 0.000062 0.00061 0.000146 0.000414 0.000112 0.000609 0.000123 0.000405 0.000112 0.000609 0.000087 0.00061 0.000123 0.000405 0.000123 0.000405 0.000087 0.00061 0.0001 0.000396 0.000087 0.00061 0.000062 0.00061 0.0001 0.000396 0.000252 0.000246 0.000146 0.000414 0.000234 0.000229 0.000146 0.000414 0.000123 0.000405 0.000234 0.000229 0.000234 0.000229 0.000123 0.000405 0.000216 0.000212 0.000123 0.000405 0.0001 0.000396 0.000216 0.000212 0.000415 0.000131 0.000252 0.000246 0.000405 0.000108 0.000252 0.000246 0.000234 0.000229 0.000405 0.000108 0.000405 0.000108 0.000234 0.000229 0.000395 0.000085 0.000234 0.000229 0.000216 0.000212 0.000395 0.000085 0.000611 0.000087 0.000415 0.000131 0.000611 0.000062 0.000415 0.000131 0.000405 0.000108 0.000611 0.000062 0.000611 0.000062 0.000405 0.000108 0.00061 0.000036 0.000405 0.000108 0.000395 0.000085 0.00061 0.000036 0.00081 0.000121 0.000611 0.000087 0.000819 0.000098 0.000611 0.000087 0.000611 0.000062 0.000819 0.000098 0.000819 0.000098 0.000611 0.000062 0.000829 0.000074 0.000611 0.000062 0.00061 0.000036 0.000829 0.000074 0.000982 0.00023 0.00081 0.000121 0.000999 0.000212 0.00081 0.000121 0.000819 0.000098 0.000999 0.000212 0.000999 0.000212 0.000819 0.000098 0.001017 0.000193 0.000819 0.000098 0.000829 0.000074 0.001017 0.000193 0.001099 0.000397 0.000982 0.00023 0.001123 0.000387 0.000982 0.00023 0.000999 0.000212 0.001123 0.000387 0.001123 0.000387 0.000999 0.000212 0.001147 0.000377 0.000999 0.000212 0.001017 0.000193 0.001147 0.000377 0.001143 0.000599 0.001099 0.000397 0.001169 0.000598 0.001099 0.000397 0.001123 0.000387 0.001169 0.000598 0.001169 0.000598 0.001123 0.000387 0.001195 0.000598 0.001123 0.000387 0.001147 0.000377 0.001195 0.000598 0.001105 0.000803 0.001143 0.000599 0.001129 0.000813 0.001143 0.000599 0.001169 0.000598 0.001129 0.000813 0.001129 0.000813 0.001169 0.000598 0.001154 0.000823 0.001169 0.000598 0.001195 0.000598 0.001154 0.000823 0.00099 0.000975 0.001105 0.000803 0.001007 0.000994 0.001105 0.000803 0.001129 0.000813 0.001007 0.000994 0.001007 0.000994 0.001129 0.000813 0.001025 0.001013 0.001129 0.000813 0.001154 0.000823 0.001025 0.001013 0.000814 0.001079 0.00099 0.000975 0.000822 0.001103 0.00099 0.000975 0.001007 0.000994 0.000822 0.001103 0.000822 0.001103 0.001007 0.000994 0.00083 0.001127 0.001007 0.000994 0.001025 0.001013 0.00083 0.001127 0.000617 0.001107 0.000814 0.001079 0.000616 0.001131 0.000814 0.001079 0.000822 0.001103 0.000616 0.001131 0.000616 0.001131 0.000822 0.001103 0.000615 0.001156 0.000822 0.001103 0.00083 0.001127 0.000615 0.001156 0.000816 0.000407 0.000726 0.000347 0.000982 0.00023 0.000726 0.000347 0.00081 0.000121 0.000982 0.00023 0.000425 0.000796 0.000513 0.000857 0.000264 0.000962 0.000513 0.000857 0.000426 0.001068 0.000264 0.000962 0.000726 0.000347 0.00062 0.000326 0.00081 0.000121 0.00062 0.000326 0.000611 0.000087 0.00081 0.000121 0.000617 0.001107 0.000619 0.00088 0.000814 0.001079 0.000619 0.00088 0.000725 0.000857 0.000814 0.001079 0.000513 0.000857 0.000619 0.00088 0.000426 0.001068 0.000619 0.00088 0.000617 0.001107 0.000426 0.001068 0.00062 0.000326 0.000514 0.000348 0.000611 0.000087 0.000514 0.000348 0.000415 0.000131 0.000611 0.000087 0.000814 0.001079 0.000725 0.000857 0.00099 0.000975 0.000725 0.000857 0.000813 0.000797 0.00099 0.000975 0.000514 0.000348 0.000426 0.000408 0.000415 0.000131 0.000426 0.000408 0.000252 0.000246 0.000415 0.000131 0.000813 0.000797 0.000874 0.000709 0.00099 0.000975 0.000874 0.000709 0.001105 0.000803 0.00099 0.000975 0.000426 0.000408 0.000367 0.000497 0.000252 0.000246 0.000367 0.000497 0.000146 0.000414 0.000252 0.000246 0.000874 0.000709 0.000897 0.000604 0.001105 0.000803 0.000897 0.000604 0.001143 0.000599 0.001105 0.000803 0.000367 0.000497 0.000346 0.000602 0.000146 0.000414 0.000346 0.000602 0.000112 0.000609 0.000146 0.000414 0.000897 0.000604 0.000876 0.000497 0.001143 0.000599 0.000876 0.000497 0.001099 0.000397 0.001143 0.000599 0.000346 0.000602 0.000367 0.000707 0.000112 0.000609 0.000367 0.000707 0.000154 0.000801 0.000112 0.000609 0.000876 0.000497 0.000816 0.000407 0.001099 0.000397 0.000816 0.000407 0.000982 0.00023 0.001099 0.000397 0.000834 0.000692 0.000735 0.000712 0.000853 0.000603 0.000735 0.000712 0.000746 0.000602 0.000853 0.000603 0.000367 0.000707 0.000425 0.000796 0.000154 0.000801 0.000425 0.000796 0.000264 0.000962 0.000154 0.000801 0.000495 0.000602 0.000389 0.000602 0.000506 0.000493 0.000389 0.000602 0.000407 0.000514 0.000506 0.000493 0.00062 0.000484 0.000506 0.000493 0.00062 0.00037 0.000506 0.000493 0.000531 0.000388 0.00062 0.00037 0.000456 0.000765 0.000407 0.00069 0.000531 0.000816 0.000407 0.00069 0.000506 0.000712 0.000531 0.000816 0.00062 0.000835 0.00062 0.000721 0.000709 0.000817 0.00062 0.000721 0.000735 0.000712 0.000709 0.000817 0.000506 0.000493 0.000407 0.000514 0.000531 0.000388 0.000407 0.000514 0.000456 0.000439 0.000531 0.000388 0.000835 0.000513 0.000735 0.000492 0.000785 0.000438 0.000735 0.000492 0.000709 0.000387 0.000785 0.000438 0.000531 0.000816 0.000506 0.000712 0.00062 0.000835 0.000506 0.000712 0.00062 0.000721 0.00062 0.000835 0.000506 0.000712 0.000407 0.00069 0.000495 0.000602 0.000407 0.00069 0.000389 0.000602 0.000495 0.000602 0.000709 0.000817 0.000735 0.000712 0.000783 0.000766 0.000735 0.000712 0.000834 0.000692 0.000783 0.000766 0.000853 0.000603 0.000746 0.000602 0.000835 0.000513 0.000746 0.000602 0.000735 0.000492 0.000835 0.000513 0.000735 0.000492 0.00062 0.000484 0.000709 0.000387 0.00062 0.000484 0.00062 0.00037 0.000709 0.000387 0.000813 0.000797 0.000798 0.000781 0.000874 0.000709 0.000798 0.000781 0.000854 0.0007 0.000874 0.000709 0.000798 0.000781 0.000783 0.000766 0.000854 0.0007 0.000783 0.000766 0.000834 0.000692 0.000854 0.0007 0.000897 0.000604 0.000874 0.000603 0.000876 0.000497 0.000874 0.000603 0.000856 0.000505 0.000876 0.000497 0.000874 0.000603 0.000853 0.000603 0.000856 0.000505 0.000853 0.000603 0.000835 0.000513 0.000856 0.000505 0.000514 0.000348 0.000523 0.000369 0.000426 0.000408 0.000523 0.000369 0.000441 0.000424 0.000426 0.000408 0.000523 0.000369 0.000531 0.000388 0.000441 0.000424 0.000531 0.000388 0.000456 0.000439 0.000441 0.000424 0.000876 0.000497 0.000856 0.000505 0.000816 0.000407 0.000856 0.000505 0.0008 0.000422 0.000816 0.000407 0.000856 0.000505 0.000835 0.000513 0.0008 0.000422 0.000835 0.000513 0.000785 0.000438 0.0008 0.000422 0.000816 0.000407 0.0008 0.000422 0.000726 0.000347 0.0008 0.000422 0.000717 0.000367 0.000726 0.000347 0.0008 0.000422 0.000785 0.000438 0.000717 0.000367 0.000785 0.000438 0.000709 0.000387 0.000717 0.000367 0.000426 0.000408 0.000441 0.000424 0.000367 0.000497 0.000441 0.000424 0.000387 0.000506 0.000367 0.000497 0.000441 0.000424 0.000456 0.000439 0.000387 0.000506 0.000456 0.000439 0.000407 0.000514 0.000387 0.000506 0.000367 0.000497 0.000387 0.000506 0.000346 0.000602 0.000387 0.000506 0.000368 0.000602 0.000346 0.000602 0.000387 0.000506 0.000407 0.000514 0.000368 0.000602 0.000407 0.000514 0.000389 0.000602 0.000368 0.000602 0.000425 0.000796 0.000441 0.00078 0.000513 0.000857 0.000441 0.00078 0.000522 0.000836 0.000513 0.000857 0.000441 0.00078 0.000456 0.000765 0.000522 0.000836 0.000456 0.000765 0.000531 0.000816 0.000522 0.000836 0.000726 0.000347 0.000717 0.000367 0.00062 0.000326 0.000717 0.000367 0.00062 0.000349 0.00062 0.000326 0.000717 0.000367 0.000709 0.000387 0.00062 0.000349 0.000709 0.000387 0.00062 0.00037 0.00062 0.000349 0.00062 0.000326 0.00062 0.000349 0.000514 0.000348 0.00062 0.000349 0.000523 0.000369 0.000514 0.000348 0.00062 0.000349 0.00062 0.00037 0.000523 0.000369 0.00062 0.00037 0.000531 0.000388 0.000523 0.000369 0.000346 0.000602 0.000368 0.000602 0.000367 0.000707 0.000368 0.000602 0.000387 0.000699 0.000367 0.000707 0.000368 0.000602 0.000389 0.000602 0.000387 0.000699 0.000389 0.000602 0.000407 0.00069 0.000387 0.000699 0.000367 0.000707 0.000387 0.000699 0.000425 0.000796 0.000387 0.000699 0.000441 0.00078 0.000425 0.000796 0.000387 0.000699 0.000407 0.00069 0.000441 0.00078 0.000407 0.00069 0.000456 0.000765 0.000441 0.00078 0.000513 0.000857 0.000522 0.000836 0.000619 0.00088 0.000522 0.000836 0.00062 0.000857 0.000619 0.00088 0.000522 0.000836 0.000531 0.000816 0.00062 0.000857 0.000531 0.000816 0.00062 0.000835 0.00062 0.000857 0.000874 0.000709 0.000854 0.0007 0.000897 0.000604 0.000854 0.0007 0.000874 0.000603 0.000897 0.000604 0.000854 0.0007 0.000834 0.000692 0.000874 0.000603 0.000834 0.000692 0.000853 0.000603 0.000874 0.000603 0.000619 0.00088 0.00062 0.000857 0.000725 0.000857 0.00062 0.000857 0.000717 0.000837 0.000725 0.000857 0.00062 0.000857 0.00062 0.000835 0.000717 0.000837 0.00062 0.000835 0.000709 0.000817 0.000717 0.000837 0.000725 0.000857 0.000717 0.000837 0.000813 0.000797 0.000717 0.000837 0.000798 0.000781 0.000813 0.000797 0.000717 0.000837 0.000709 0.000817 0.000798 0.000781 0.000709 0.000817 0.000783 0.000766 0.000798 0.000781 0.000746 0.000602 0.00062 0.000602 0.000735 0.000492 0.00062 0.000602 0.00062 0.000484 0.000735 0.000492 0.00062 0.000602 0.000495 0.000602 0.00062 0.000484 0.000495 0.000602 0.000506 0.000493 0.00062 0.000484 0.000735 0.000712 0.00062 0.000721 0.000746 0.000602 0.00062 0.000721 0.00062 0.000602 0.000746 0.000602 0.00062 0.000721 0.000506 0.000712 0.00062 0.000602 0.000506 0.000712 0.000495 0.000602 0.00062 0.000602 0.000426 0.001068 0.000617 0.001107 0.000417 0.00109 0.000617 0.001107 0.000616 0.001131 0.000417 0.00109 0.000417 0.00109 0.000616 0.001131 0.000408 0.001113 0.000616 0.001131 0.000615 0.001156 0.000408 0.001113 0.000264 0.000962 0.000426 0.001068 0.000248 0.000979 0.000426 0.001068 0.000417 0.00109 0.000248 0.000979 0.000248 0.000979 0.000417 0.00109 0.00023 0.000996 0.000417 0.00109 0.000408 0.001113 0.00023 0.000996 0.000154 0.000801 0.000264 0.000962 0.000131 0.000811 0.000264 0.000962 0.000248 0.000979 0.000131 0.000811 0.000131 0.000811 0.000248 0.000979 0.000109 0.00082 0.000248 0.000979 0.00023 0.000996 0.000109 0.00082 0.000112 0.000609 0.000154 0.000801 0.000087 0.00061 0.000154 0.000801 0.000131 0.000811 0.000087 0.00061 0.000087 0.00061 0.000131 0.000811 0.000062 0.00061 0.000131 0.000811 0.000109 0.00082 0.000062 0.00061 0.000146 0.000414 0.000112 0.000609 0.000123 0.000405 0.000112 0.000609 0.000087 0.00061 0.000123 0.000405 0.000123 0.000405 0.000087 0.00061 0.0001 0.000396 0.000087 0.00061 0.000062 0.00061 0.0001 0.000396 0.000252 0.000246 0.000146 0.000414 0.000234 0.000229 0.000146 0.000414 0.000123 0.000405 0.000234 0.000229 0.000234 0.000229 0.000123 0.000405 0.000216 0.000212 0.000123 0.000405 0.0001 0.000396 0.000216 0.000212 0.000415 0.000131 0.000252 0.000246 0.000405 0.000108 0.000252 0.000246 0.000234 0.000229 0.000405 0.000108 0.000405 0.000108 0.000234 0.000229 0.000395 0.000085 0.000234 0.000229 0.000216 0.000212 0.000395 0.000085 0.000611 0.000087 0.000415 0.000131 0.000611 0.000062 0.000415 0.000131 0.000405 0.000108 0.000611 0.000062 0.000611 0.000062 0.000405 0.000108 0.00061 0.000036 0.000405 0.000108 0.000395 0.000085 0.00061 0.000036 0.00081 0.000121 0.000611 0.000087 0.000819 0.000098 0.000611 0.000087 0.000611 0.000062 0.000819 0.000098 0.000819 0.000098 0.000611 0.000062 0.000829 0.000074 0.000611 0.000062 0.00061 0.000036 0.000829 0.000074 0.000982 0.00023 0.00081 0.000121 0.000999 0.000212 0.00081 0.000121 0.000819 0.000098 0.000999 0.000212 0.000999 0.000212 0.000819 0.000098 0.001017 0.000193 0.000819 0.000098 0.000829 0.000074 0.001017 0.000193 0.001099 0.000397 0.000982 0.00023 0.001123 0.000387 0.000982 0.00023 0.000999 0.000212 0.001123 0.000387 0.001123 0.000387 0.000999 0.000212 0.001147 0.000377 0.000999 0.000212 0.001017 0.000193 0.001147 0.000377 0.001143 0.000599 0.001099 0.000397 0.001169 0.000598 0.001099 0.000397 0.001123 0.000387 0.001169 0.000598 0.001169 0.000598 0.001123 0.000387 0.001195 0.000598 0.001123 0.000387 0.001147 0.000377 0.001195 0.000598 0.001105 0.000803 0.001143 0.000599 0.001129 0.000813 0.001143 0.000599 0.001169 0.000598 0.001129 0.000813 0.001129 0.000813 0.001169 0.000598 0.001154 0.000823 0.001169 0.000598 0.001195 0.000598 0.001154 0.000823 0.00099 0.000975 0.001105 0.000803 0.001007 0.000994 0.001105 0.000803 0.001129 0.000813 0.001007 0.000994 0.001007 0.000994 0.001129 0.000813 0.001025 0.001013 0.001129 0.000813 0.001154 0.000823 0.001025 0.001013 0.000814 0.001079 0.00099 0.000975 0.000822 0.001103 0.00099 0.000975 0.001007 0.000994 0.000822 0.001103 0.000822 0.001103 0.001007 0.000994 0.00083 0.001127 0.001007 0.000994 0.001025 0.001013 0.00083 0.001127 0.000617 0.001107 0.000814 0.001079 0.000616 0.001131 0.000814 0.001079 0.000822 0.001103 0.000616 0.001131 0.000616 0.001131 0.000822 0.001103 0.000615 0.001156 0.000822 0.001103 0.00083 0.001127 0.000615 0.001156 0.000816 0.000407 0.000726 0.000347 0.000982 0.00023 0.000726 0.000347 0.00081 0.000121 0.000982 0.00023 0.000425 0.000796 0.000513 0.000857 0.000264 0.000962 0.000513 0.000857 0.000426 0.001068 0.000264 0.000962 0.000726 0.000347 0.00062 0.000326 0.00081 0.000121 0.00062 0.000326 0.000611 0.000087 0.00081 0.000121 0.000617 0.001107 0.000619 0.00088 0.000814 0.001079 0.000619 0.00088 0.000725 0.000857 0.000814 0.001079 0.000513 0.000857 0.000619 0.00088 0.000426 0.001068 0.000619 0.00088 0.000617 0.001107 0.000426 0.001068 0.00062 0.000326 0.000514 0.000348 0.000611 0.000087 0.000514 0.000348 0.000415 0.000131 0.000611 0.000087 0.000814 0.001079 0.000725 0.000857 0.00099 0.000975 0.000725 0.000857 0.000813 0.000797 0.00099 0.000975 0.000514 0.000348 0.000426 0.000408 0.000415 0.000131 0.000426 0.000408 0.000252 0.000246 0.000415 0.000131 0.000813 0.000797 0.000874 0.000709 0.00099 0.000975 0.000874 0.000709 0.001105 0.000803 0.00099 0.000975 0.000426 0.000408 0.000367 0.000497 0.000252 0.000246 0.000367 0.000497 0.000146 0.000414 0.000252 0.000246 0.000874 0.000709 0.000897 0.000604 0.001105 0.000803 0.000897 0.000604 0.001143 0.000599 0.001105 0.000803 0.000367 0.000497 0.000346 0.000602 0.000146 0.000414 0.000346 0.000602 0.000112 0.000609 0.000146 0.000414 0.000897 0.000604 0.000876 0.000497 0.001143 0.000599 0.000876 0.000497 0.001099 0.000397 0.001143 0.000599 0.000346 0.000602 0.000367 0.000707 0.000112 0.000609 0.000367 0.000707 0.000154 0.000801 0.000112 0.000609 0.000876 0.000497 0.000816 0.000407 0.001099 0.000397 0.000816 0.000407 0.000982 0.00023 0.001099 0.000397 0.000834 0.000692 0.000735 0.000712 0.000853 0.000603 0.000735 0.000712 0.000746 0.000602 0.000853 0.000603 0.000367 0.000707 0.000425 0.000796 0.000154 0.000801 0.000425 0.000796 0.000264 0.000962 0.000154 0.000801 0.000495 0.000602 0.000389 0.000602 0.000506 0.000493 0.000389 0.000602 0.000407 0.000514 0.000506 0.000493 0.00062 0.000484 0.000506 0.000493 0.00062 0.00037 0.000506 0.000493 0.000531 0.000388 0.00062 0.00037 0.000456 0.000765 0.000407 0.00069 0.000531 0.000816 0.000407 0.00069 0.000506 0.000712 0.000531 0.000816 0.00062 0.000835 0.00062 0.000721 0.000709 0.000817 0.00062 0.000721 0.000735 0.000712 0.000709 0.000817 0.000506 0.000493 0.000407 0.000514 0.000531 0.000388 0.000407 0.000514 0.000456 0.000439 0.000531 0.000388 0.000835 0.000513 0.000735 0.000492 0.000785 0.000438 0.000735 0.000492 0.000709 0.000387 0.000785 0.000438 0.000531 0.000816 0.000506 0.000712 0.00062 0.000835 0.000506 0.000712 0.00062 0.000721 0.00062 0.000835 0.000506 0.000712 0.000407 0.00069 0.000495 0.000602 0.000407 0.00069 0.000389 0.000602 0.000495 0.000602 0.000709 0.000817 0.000735 0.000712 0.000783 0.000766 0.000735 0.000712 0.000834 0.000692 0.000783 0.000766 0.000853 0.000603 0.000746 0.000602 0.000835 0.000513 0.000746 0.000602 0.000735 0.000492 0.000835 0.000513 0.000735 0.000492 0.00062 0.000484 0.000709 0.000387 0.00062 0.000484 0.00062 0.00037 0.000709 0.000387 0.000813 0.000797 0.000798 0.000781 0.000874 0.000709 0.000798 0.000781 0.000854 0.0007 0.000874 0.000709 0.000798 0.000781 0.000783 0.000766 0.000854 0.0007 0.000783 0.000766 0.000834 0.000692 0.000854 0.0007 0.000897 0.000604 0.000874 0.000603 0.000876 0.000497 0.000874 0.000603 0.000856 0.000505 0.000876 0.000497 0.000874 0.000603 0.000853 0.000603 0.000856 0.000505 0.000853 0.000603 0.000835 0.000513 0.000856 0.000505 0.000514 0.000348 0.000523 0.000369 0.000426 0.000408 0.000523 0.000369 0.000441 0.000424 0.000426 0.000408 0.000523 0.000369 0.000531 0.000388 0.000441 0.000424 0.000531 0.000388 0.000456 0.000439 0.000441 0.000424 0.000876 0.000497 0.000856 0.000505 0.000816 0.000407 0.000856 0.000505 0.0008 0.000422 0.000816 0.000407 0.000856 0.000505 0.000835 0.000513 0.0008 0.000422 0.000835 0.000513 0.000785 0.000438 0.0008 0.000422 0.000816 0.000407 0.0008 0.000422 0.000726 0.000347 0.0008 0.000422 0.000717 0.000367 0.000726 0.000347 0.0008 0.000422 0.000785 0.000438 0.000717 0.000367 0.000785 0.000438 0.000709 0.000387 0.000717 0.000367 0.000426 0.000408 0.000441 0.000424 0.000367 0.000497 0.000441 0.000424 0.000387 0.000506 0.000367 0.000497 0.000441 0.000424 0.000456 0.000439 0.000387 0.000506 0.000456 0.000439 0.000407 0.000514 0.000387 0.000506 0.000367 0.000497 0.000387 0.000506 0.000346 0.000602 0.000387 0.000506 0.000368 0.000602 0.000346 0.000602 0.000387 0.000506 0.000407 0.000514 0.000368 0.000602 0.000407 0.000514 0.000389 0.000602 0.000368 0.000602 0.000425 0.000796 0.000441 0.00078 0.000513 0.000857 0.000441 0.00078 0.000522 0.000836 0.000513 0.000857 0.000441 0.00078 0.000456 0.000765 0.000522 0.000836 0.000456 0.000765 0.000531 0.000816 0.000522 0.000836 0.000726 0.000347 0.000717 0.000367 0.00062 0.000326 0.000717 0.000367 0.00062 0.000349 0.00062 0.000326 0.000717 0.000367 0.000709 0.000387 0.00062 0.000349 0.000709 0.000387 0.00062 0.00037 0.00062 0.000349 0.00062 0.000326 0.00062 0.000349 0.000514 0.000348 0.00062 0.000349 0.000523 0.000369 0.000514 0.000348 0.00062 0.000349 0.00062 0.00037 0.000523 0.000369 0.00062 0.00037 0.000531 0.000388 0.000523 0.000369 0.000346 0.000602 0.000368 0.000602 0.000367 0.000707 0.000368 0.000602 0.000387 0.000699 0.000367 0.000707 0.000368 0.000602 0.000389 0.000602 0.000387 0.000699 0.000389 0.000602 0.000407 0.00069 0.000387 0.000699 0.000367 0.000707 0.000387 0.000699 0.000425 0.000796 0.000387 0.000699 0.000441 0.00078 0.000425 0.000796 0.000387 0.000699 0.000407 0.00069 0.000441 0.00078 0.000407 0.00069 0.000456 0.000765 0.000441 0.00078 0.000513 0.000857 0.000522 0.000836 0.000619 0.00088 0.000522 0.000836 0.00062 0.000857 0.000619 0.00088 0.000522 0.000836 0.000531 0.000816 0.00062 0.000857 0.000531 0.000816 0.00062 0.000835 0.00062 0.000857 0.000874 0.000709 0.000854 0.0007 0.000897 0.000604 0.000854 0.0007 0.000874 0.000603 0.000897 0.000604 0.000854 0.0007 0.000834 0.000692 0.000874 0.000603 0.000834 0.000692 0.000853 0.000603 0.000874 0.000603 0.000619 0.00088 0.00062 0.000857 0.000725 0.000857 0.00062 0.000857 0.000717 0.000837 0.000725 0.000857 0.00062 0.000857 0.00062 0.000835 0.000717 0.000837 0.00062 0.000835 0.000709 0.000817 0.000717 0.000837 0.000725 0.000857 0.000717 0.000837 0.000813 0.000797 0.000717 0.000837 0.000798 0.000781 0.000813 0.000797 0.000717 0.000837 0.000709 0.000817 0.000798 0.000781 0.000709 0.000817 0.000783 0.000766 0.000798 0.000781 0.000746 0.000602 0.00062 0.000602 0.000735 0.000492 0.00062 0.000602 0.00062 0.000484 0.000735 0.000492 0.00062 0.000602 0.000495 0.000602 0.00062 0.000484 0.000495 0.000602 0.000506 0.000493 0.00062 0.000484 0.000735 0.000712 0.00062 0.000721 0.000746 0.000602 0.00062 0.000721 0.00062 0.000602 0.000746 0.000602 0.00062 0.000721 0.000506 0.000712 0.00062 0.000602 0.000506 0.000712 0.000495 0.000602 0.00062 0.000602 0.000426 0.001068 0.000617 0.001107 0.000417 0.00109 0.000617 0.001107 0.000616 0.001131 0.000417 0.00109 0.000417 0.00109 0.000616 0.001131 0.000408 0.001113 0.000616 0.001131 0.000615 0.001156 0.000408 0.001113 0.000264 0.000962 0.000426 0.001068 0.000248 0.000979 0.000426 0.001068 0.000417 0.00109 0.000248 0.000979 0.000248 0.000979 0.000417 0.00109 0.00023 0.000996 0.000417 0.00109 0.000408 0.001113 0.00023 0.000996 0.000154 0.000801 0.000264 0.000962 0.000131 0.000811 0.000264 0.000962 0.000248 0.000979 0.000131 0.000811 0.000131 0.000811 0.000248 0.000979 0.000109 0.00082 0.000248 0.000979 0.00023 0.000996 0.000109 0.00082 0.000112 0.000609 0.000154 0.000801 0.000087 0.00061 0.000154 0.000801 0.000131 0.000811 0.000087 0.00061 0.000087 0.00061 0.000131 0.000811 0.000062 0.00061 0.000131 0.000811 0.000109 0.00082 0.000062 0.00061 0.000146 0.000414 0.000112 0.000609 0.000123 0.000405 0.000112 0.000609 0.000087 0.00061 0.000123 0.000405 0.000123 0.000405 0.000087 0.00061 0.0001 0.000396 0.000087 0.00061 0.000062 0.00061 0.0001 0.000396 0.000252 0.000246 0.000146 0.000414 0.000234 0.000229 0.000146 0.000414 0.000123 0.000405 0.000234 0.000229 0.000234 0.000229 0.000123 0.000405 0.000216 0.000212 0.000123 0.000405 0.0001 0.000396 0.000216 0.000212 0.000415 0.000131 0.000252 0.000246 0.000405 0.000108 0.000252 0.000246 0.000234 0.000229 0.000405 0.000108 0.000405 0.000108 0.000234 0.000229 0.000395 0.000085 0.000234 0.000229 0.000216 0.000212 0.000395 0.000085 0.000611 0.000087 0.000415 0.000131 0.000611 0.000062 0.000415 0.000131 0.000405 0.000108 0.000611 0.000062 0.000611 0.000062 0.000405 0.000108 0.00061 0.000036 0.000405 0.000108 0.000395 0.000085 0.00061 0.000036 0.00081 0.000121 0.000611 0.000087 0.000819 0.000098 0.000611 0.000087 0.000611 0.000062 0.000819 0.000098 0.000819 0.000098 0.000611 0.000062 0.000829 0.000074 0.000611 0.000062 0.00061 0.000036 0.000829 0.000074 0.000982 0.00023 0.00081 0.000121 0.000999 0.000212 0.00081 0.000121 0.000819 0.000098 0.000999 0.000212 0.000999 0.000212 0.000819 0.000098 0.001017 0.000193 0.000819 0.000098 0.000829 0.000074 0.001017 0.000193 0.001099 0.000397 0.000982 0.00023 0.001123 0.000387 0.000982 0.00023 0.000999 0.000212 0.001123 0.000387 0.001123 0.000387 0.000999 0.000212 0.001147 0.000377 0.000999 0.000212 0.001017 0.000193 0.001147 0.000377 0.001143 0.000599 0.001099 0.000397 0.001169 0.000598 0.001099 0.000397 0.001123 0.000387 0.001169 0.000598 0.001169 0.000598 0.001123 0.000387 0.001195 0.000598 0.001123 0.000387 0.001147 0.000377 0.001195 0.000598 0.001105 0.000803 0.001143 0.000599 0.001129 0.000813 0.001143 0.000599 0.001169 0.000598 0.001129 0.000813 0.001129 0.000813 0.001169 0.000598 0.001154 0.000823 0.001169 0.000598 0.001195 0.000598 0.001154 0.000823 0.00099 0.000975 0.001105 0.000803 0.001007 0.000994 0.001105 0.000803 0.001129 0.000813 0.001007 0.000994 0.001007 0.000994 0.001129 0.000813 0.001025 0.001013 0.001129 0.000813 0.001154 0.000823 0.001025 0.001013 0.000814 0.001079 0.00099 0.000975 0.000822 0.001103 0.00099 0.000975 0.001007 0.000994 0.000822 0.001103 0.000822 0.001103 0.001007 0.000994 0.00083 0.001127 0.001007 0.000994 0.001025 0.001013 0.00083 0.001127 0.000617 0.001107 0.000814 0.001079 0.000616 0.001131 0.000814 0.001079 0.000822 0.001103 0.000616 0.001131 0.000616 0.001131 0.000822 0.001103 0.000615 0.001156 0.000822 0.001103 0.00083 0.001127 0.000615 0.001156 0.000816 0.000407 0.000726 0.000347 0.000982 0.00023 0.000726 0.000347 0.00081 0.000121 0.000982 0.00023 0.000425 0.000796 0.000513 0.000857 0.000264 0.000962 0.000513 0.000857 0.000426 0.001068 0.000264 0.000962 0.000726 0.000347 0.00062 0.000326 0.00081 0.000121 0.00062 0.000326 0.000611 0.000087 0.00081 0.000121 0.000617 0.001107 0.000619 0.00088 0.000814 0.001079 0.000619 0.00088 0.000725 0.000857 0.000814 0.001079 0.000513 0.000857 0.000619 0.00088 0.000426 0.001068 0.000619 0.00088 0.000617 0.001107 0.000426 0.001068 0.00062 0.000326 0.000514 0.000348 0.000611 0.000087 0.000514 0.000348 0.000415 0.000131 0.000611 0.000087 0.000814 0.001079 0.000725 0.000857 0.00099 0.000975 0.000725 0.000857 0.000813 0.000797 0.00099 0.000975 0.000514 0.000348 0.000426 0.000408 0.000415 0.000131 0.000426 0.000408 0.000252 0.000246 0.000415 0.000131 0.000813 0.000797 0.000874 0.000709 0.00099 0.000975 0.000874 0.000709 0.001105 0.000803 0.00099 0.000975 0.000426 0.000408 0.000367 0.000497 0.000252 0.000246 0.000367 0.000497 0.000146 0.000414 0.000252 0.000246 0.000874 0.000709 0.000897 0.000604 0.001105 0.000803 0.000897 0.000604 0.001143 0.000599 0.001105 0.000803 0.000367 0.000497 0.000346 0.000602 0.000146 0.000414 0.000346 0.000602 0.000112 0.000609 0.000146 0.000414 0.000897 0.000604 0.000876 0.000497 0.001143 0.000599 0.000876 0.000497 0.001099 0.000397 0.001143 0.000599 0.000346 0.000602 0.000367 0.000707 0.000112 0.000609 0.000367 0.000707 0.000154 0.000801 0.000112 0.000609 0.000876 0.000497 0.000816 0.000407 0.001099 0.000397 0.000816 0.000407 0.000982 0.00023 0.001099 0.000397 0.000834 0.000692 0.000735 0.000712 0.000853 0.000603 0.000735 0.000712 0.000746 0.000602 0.000853 0.000603 0.000367 0.000707 0.000425 0.000796 0.000154 0.000801 0.000425 0.000796 0.000264 0.000962 0.000154 0.000801 0.000495 0.000602 0.000389 0.000602 0.000506 0.000493 0.000389 0.000602 0.000407 0.000514 0.000506 0.000493 0.00062 0.000484 0.000506 0.000493 0.00062 0.00037 0.000506 0.000493 0.000531 0.000388 0.00062 0.00037 0.000456 0.000765 0.000407 0.00069 0.000531 0.000816 0.000407 0.00069 0.000506 0.000712 0.000531 0.000816 0.00062 0.000835 0.00062 0.000721 0.000709 0.000817 0.00062 0.000721 0.000735 0.000712 0.000709 0.000817 0.000506 0.000493 0.000407 0.000514 0.000531 0.000388 0.000407 0.000514 0.000456 0.000439 0.000531 0.000388 0.000835 0.000513 0.000735 0.000492 0.000785 0.000438 0.000735 0.000492 0.000709 0.000387 0.000785 0.000438 0.000531 0.000816 0.000506 0.000712 0.00062 0.000835 0.000506 0.000712 0.00062 0.000721 0.00062 0.000835 0.000506 0.000712 0.000407 0.00069 0.000495 0.000602 0.000407 0.00069 0.000389 0.000602 0.000495 0.000602 0.000709 0.000817 0.000735 0.000712 0.000783 0.000766 0.000735 0.000712 0.000834 0.000692 0.000783 0.000766 0.000853 0.000603 0.000746 0.000602 0.000835 0.000513 0.000746 0.000602 0.000735 0.000492 0.000835 0.000513 0.000735 0.000492 0.00062 0.000484 0.000709 0.000387 0.00062 0.000484 0.00062 0.00037 0.000709 0.000387 0.000813 0.000797 0.000798 0.000781 0.000874 0.000709 0.000798 0.000781 0.000854 0.0007 0.000874 0.000709 0.000798 0.000781 0.000783 0.000766 0.000854 0.0007 0.000783 0.000766 0.000834 0.000692 0.000854 0.0007 0.000897 0.000604 0.000874 0.000603 0.000876 0.000497 0.000874 0.000603 0.000856 0.000505 0.000876 0.000497 0.000874 0.000603 0.000853 0.000603 0.000856 0.000505 0.000853 0.000603 0.000835 0.000513 0.000856 0.000505 0.000514 0.000348 0.000523 0.000369 0.000426 0.000408 0.000523 0.000369 0.000441 0.000424 0.000426 0.000408 0.000523 0.000369 0.000531 0.000388 0.000441 0.000424 0.000531 0.000388 0.000456 0.000439 0.000441 0.000424 0.000876 0.000497 0.000856 0.000505 0.000816 0.000407 0.000856 0.000505 0.0008 0.000422 0.000816 0.000407 0.000856 0.000505 0.000835 0.000513 0.0008 0.000422 0.000835 0.000513 0.000785 0.000438 0.0008 0.000422 0.000816 0.000407 0.0008 0.000422 0.000726 0.000347 0.0008 0.000422 0.000717 0.000367 0.000726 0.000347 0.0008 0.000422 0.000785 0.000438 0.000717 0.000367 0.000785 0.000438 0.000709 0.000387 0.000717 0.000367 0.000426 0.000408 0.000441 0.000424 0.000367 0.000497 0.000441 0.000424 0.000387 0.000506 0.000367 0.000497 0.000441 0.000424 0.000456 0.000439 0.000387 0.000506 0.000456 0.000439 0.000407 0.000514 0.000387 0.000506 0.000367 0.000497 0.000387 0.000506 0.000346 0.000602 0.000387 0.000506 0.000368 0.000602 0.000346 0.000602 0.000387 0.000506 0.000407 0.000514 0.000368 0.000602 0.000407 0.000514 0.000389 0.000602 0.000368 0.000602 0.000425 0.000796 0.000441 0.00078 0.000513 0.000857 0.000441 0.00078 0.000522 0.000836 0.000513 0.000857 0.000441 0.00078 0.000456 0.000765 0.000522 0.000836 0.000456 0.000765 0.000531 0.000816 0.000522 0.000836 0.000726 0.000347 0.000717 0.000367 0.00062 0.000326 0.000717 0.000367 0.00062 0.000349 0.00062 0.000326 0.000717 0.000367 0.000709 0.000387 0.00062 0.000349 0.000709 0.000387 0.00062 0.00037 0.00062 0.000349 0.00062 0.000326 0.00062 0.000349 0.000514 0.000348 0.00062 0.000349 0.000523 0.000369 0.000514 0.000348 0.00062 0.000349 0.00062 0.00037 0.000523 0.000369 0.00062 0.00037 0.000531 0.000388 0.000523 0.000369 0.000346 0.000602 0.000368 0.000602 0.000367 0.000707 0.000368 0.000602 0.000387 0.000699 0.000367 0.000707 0.000368 0.000602 0.000389 0.000602 0.000387 0.000699 0.000389 0.000602 0.000407 0.00069 0.000387 0.000699 0.000367 0.000707 0.000387 0.000699 0.000425 0.000796 0.000387 0.000699 0.000441 0.00078 0.000425 0.000796 0.000387 0.000699 0.000407 0.00069 0.000441 0.00078 0.000407 0.00069 0.000456 0.000765 0.000441 0.00078 0.000513 0.000857 0.000522 0.000836 0.000619 0.00088 0.000522 0.000836 0.00062 0.000857 0.000619 0.00088 0.000522 0.000836 0.000531 0.000816 0.00062 0.000857 0.000531 0.000816 0.00062 0.000835 0.00062 0.000857 0.000874 0.000709 0.000854 0.0007 0.000897 0.000604 0.000854 0.0007 0.000874 0.000603 0.000897 0.000604 0.000854 0.0007 0.000834 0.000692 0.000874 0.000603 0.000834 0.000692 0.000853 0.000603 0.000874 0.000603 0.000619 0.00088 0.00062 0.000857 0.000725 0.000857 0.00062 0.000857 0.000717 0.000837 0.000725 0.000857 0.00062 0.000857 0.00062 0.000835 0.000717 0.000837 0.00062 0.000835 0.000709 0.000817 0.000717 0.000837 0.000725 0.000857 0.000717 0.000837 0.000813 0.000797 0.000717 0.000837 0.000798 0.000781 0.000813 0.000797 0.000717 0.000837 0.000709 0.000817 0.000798 0.000781 0.000709 0.000817 0.000783 0.000766 0.000798 0.000781 0.000746 0.000602 0.00062 0.000602 0.000735 0.000492 0.00062 0.000602 0.00062 0.000484 0.000735 0.000492 0.00062 0.000602 0.000495 0.000602 0.00062 0.000484 0.000495 0.000602 0.000506 0.000493 0.00062 0.000484 0.000735 0.000712 0.00062 0.000721 0.000746 0.000602 0.00062 0.000721 0.00062 0.000602 0.000746 0.000602 0.00062 0.000721 0.000506 0.000712 0.00062 0.000602 0.000506 0.000712 0.000495 0.000602 0.00062 0.000602 0.000426 0.001068 0.000617 0.001107 0.000417 0.00109 0.000617 0.001107 0.000616 0.001131 0.000417 0.00109 0.000417 0.00109 0.000616 0.001131 0.000408 0.001113 0.000616 0.001131 0.000615 0.001156 0.000408 0.001113 0.000264 0.000962 0.000426 0.001068 0.000248 0.000979 0.000426 0.001068 0.000417 0.00109 0.000248 0.000979 0.000248 0.000979 0.000417 0.00109 0.00023 0.000996 0.000417 0.00109 0.000408 0.001113 0.00023 0.000996 0.000154 0.000801 0.000264 0.000962 0.000131 0.000811 0.000264 0.000962 0.000248 0.000979 0.000131 0.000811 0.000131 0.000811 0.000248 0.000979 0.000109 0.00082 0.000248 0.000979 0.00023 0.000996 0.000109 0.00082 0.000112 0.000609 0.000154 0.000801 0.000087 0.00061 0.000154 0.000801 0.000131 0.000811 0.000087 0.00061 0.000087 0.00061 0.000131 0.000811 0.000062 0.00061 0.000131 0.000811 0.000109 0.00082 0.000062 0.00061 0.000146 0.000414 0.000112 0.000609 0.000123 0.000405 0.000112 0.000609 0.000087 0.00061 0.000123 0.000405 0.000123 0.000405 0.000087 0.00061 0.0001 0.000396 0.000087 0.00061 0.000062 0.00061 0.0001 0.000396 0.000252 0.000246 0.000146 0.000414 0.000234 0.000229 0.000146 0.000414 0.000123 0.000405 0.000234 0.000229 0.000234 0.000229 0.000123 0.000405 0.000216 0.000212 0.000123 0.000405 0.0001 0.000396 0.000216 0.000212 0.000415 0.000131 0.000252 0.000246 0.000405 0.000108 0.000252 0.000246 0.000234 0.000229 0.000405 0.000108 0.000405 0.000108 0.000234 0.000229 0.000395 0.000085 0.000234 0.000229 0.000216 0.000212 0.000395 0.000085 0.000611 0.000087 0.000415 0.000131 0.000611 0.000062 0.000415 0.000131 0.000405 0.000108 0.000611 0.000062 0.000611 0.000062 0.000405 0.000108 0.00061 0.000036 0.000405 0.000108 0.000395 0.000085 0.00061 0.000036 0.00081 0.000121 0.000611 0.000087 0.000819 0.000098 0.000611 0.000087 0.000611 0.000062 0.000819 0.000098 0.000819 0.000098 0.000611 0.000062 0.000829 0.000074 0.000611 0.000062 0.00061 0.000036 0.000829 0.000074 0.000982 0.00023 0.00081 0.000121 0.000999 0.000212 0.00081 0.000121 0.000819 0.000098 0.000999 0.000212 0.000999 0.000212 0.000819 0.000098 0.001017 0.000193 0.000819 0.000098 0.000829 0.000074 0.001017 0.000193 0.001099 0.000397 0.000982 0.00023 0.001123 0.000387 0.000982 0.00023 0.000999 0.000212 0.001123 0.000387 0.001123 0.000387 0.000999 0.000212 0.001147 0.000377 0.000999 0.000212 0.001017 0.000193 0.001147 0.000377 0.001143 0.000599 0.001099 0.000397 0.001169 0.000598 0.001099 0.000397 0.001123 0.000387 0.001169 0.000598 0.001169 0.000598 0.001123 0.000387 0.001195 0.000598 0.001123 0.000387 0.001147 0.000377 0.001195 0.000598 0.001105 0.000803 0.001143 0.000599 0.001129 0.000813 0.001143 0.000599 0.001169 0.000598 0.001129 0.000813 0.001129 0.000813 0.001169 0.000598 0.001154 0.000823 0.001169 0.000598 0.001195 0.000598 0.001154 0.000823 0.00099 0.000975 0.001105 0.000803 0.001007 0.000994 0.001105 0.000803 0.001129 0.000813 0.001007 0.000994 0.001007 0.000994 0.001129 0.000813 0.001025 0.001013 0.001129 0.000813 0.001154 0.000823 0.001025 0.001013 0.000814 0.001079 0.00099 0.000975 0.000822 0.001103 0.00099 0.000975 0.001007 0.000994 0.000822 0.001103 0.000822 0.001103 0.001007 0.000994 0.00083 0.001127 0.001007 0.000994 0.001025 0.001013 0.00083 0.001127 0.000617 0.001107 0.000814 0.001079 0.000616 0.001131 0.000814 0.001079 0.000822 0.001103 0.000616 0.001131 0.000616 0.001131 0.000822 0.001103 0.000615 0.001156 0.000822 0.001103 0.00083 0.001127 0.000615 0.001156 0.000816 0.000407 0.000726 0.000347 0.000982 0.00023 0.000726 0.000347 0.00081 0.000121 0.000982 0.00023 0.000425 0.000796 0.000513 0.000857 0.000264 0.000962 0.000513 0.000857 0.000426 0.001068 0.000264 0.000962 0.000726 0.000347 0.00062 0.000326 0.00081 0.000121 0.00062 0.000326 0.000611 0.000087 0.00081 0.000121 0.000617 0.001107 0.000619 0.00088 0.000814 0.001079 0.000619 0.00088 0.000725 0.000857 0.000814 0.001079 0.000513 0.000857 0.000619 0.00088 0.000426 0.001068 0.000619 0.00088 0.000617 0.001107 0.000426 0.001068 0.00062 0.000326 0.000514 0.000348 0.000611 0.000087 0.000514 0.000348 0.000415 0.000131 0.000611 0.000087 0.000814 0.001079 0.000725 0.000857 0.00099 0.000975 0.000725 0.000857 0.000813 0.000797 0.00099 0.000975 0.000514 0.000348 0.000426 0.000408 0.000415 0.000131 0.000426 0.000408 0.000252 0.000246 0.000415 0.000131 0.000813 0.000797 0.000874 0.000709 0.00099 0.000975 0.000874 0.000709 0.001105 0.000803 0.00099 0.000975 0.000426 0.000408 0.000367 0.000497 0.000252 0.000246 0.000367 0.000497 0.000146 0.000414 0.000252 0.000246 0.000874 0.000709 0.000897 0.000604 0.001105 0.000803 0.000897 0.000604 0.001143 0.000599 0.001105 0.000803 0.000367 0.000497 0.000346 0.000602 0.000146 0.000414 0.000346 0.000602 0.000112 0.000609 0.000146 0.000414 0.000897 0.000604 0.000876 0.000497 0.001143 0.000599 0.000876 0.000497 0.001099 0.000397 0.001143 0.000599 0.000346 0.000602 0.000367 0.000707 0.000112 0.000609 0.000367 0.000707 0.000154 0.000801 0.000112 0.000609 0.000876 0.000497 0.000816 0.000407 0.001099 0.000397 0.000816 0.000407 0.000982 0.00023 0.001099 0.000397 0.000834 0.000692 0.000735 0.000712 0.000853 0.000603 0.000735 0.000712 0.000746 0.000602 0.000853 0.000603 0.000367 0.000707 0.000425 0.000796 0.000154 0.000801 0.000425 0.000796 0.000264 0.000962 0.000154 0.000801 0.000495 0.000602 0.000389 0.000602 0.000506 0.000493 0.000389 0.000602 0.000407 0.000514 0.000506 0.000493 0.00062 0.000484 0.000506 0.000493 0.00062 0.00037 0.000506 0.000493 0.000531 0.000388 0.00062 0.00037 0.000456 0.000765 0.000407 0.00069 0.000531 0.000816 0.000407 0.00069 0.000506 0.000712 0.000531 0.000816 0.00062 0.000835 0.00062 0.000721 0.000709 0.000817 0.00062 0.000721 0.000735 0.000712 0.000709 0.000817 0.000506 0.000493 0.000407 0.000514 0.000531 0.000388 0.000407 0.000514 0.000456 0.000439 0.000531 0.000388 0.000835 0.000513 0.000735 0.000492 0.000785 0.000438 0.000735 0.000492 0.000709 0.000387 0.000785 0.000438 0.000531 0.000816 0.000506 0.000712 0.00062 0.000835 0.000506 0.000712 0.00062 0.000721 0.00062 0.000835 0.000506 0.000712 0.000407 0.00069 0.000495 0.000602 0.000407 0.00069 0.000389 0.000602 0.000495 0.000602 0.000709 0.000817 0.000735 0.000712 0.000783 0.000766 0.000735 0.000712 0.000834 0.000692 0.000783 0.000766 0.000853 0.000603 0.000746 0.000602 0.000835 0.000513 0.000746 0.000602 0.000735 0.000492 0.000835 0.000513 0.000735 0.000492 0.00062 0.000484 0.000709 0.000387 0.00062 0.000484 0.00062 0.00037 0.000709 0.000387 0.000813 0.000797 0.000798 0.000781 0.000874 0.000709 0.000798 0.000781 0.000854 0.0007 0.000874 0.000709 0.000798 0.000781 0.000783 0.000766 0.000854 0.0007 0.000783 0.000766 0.000834 0.000692 0.000854 0.0007 0.000897 0.000604 0.000874 0.000603 0.000876 0.000497 0.000874 0.000603 0.000856 0.000505 0.000876 0.000497 0.000874 0.000603 0.000853 0.000603 0.000856 0.000505 0.000853 0.000603 0.000835 0.000513 0.000856 0.000505 0.000514 0.000348 0.000523 0.000369 0.000426 0.000408 0.000523 0.000369 0.000441 0.000424 0.000426 0.000408 0.000523 0.000369 0.000531 0.000388 0.000441 0.000424 0.000531 0.000388 0.000456 0.000439 0.000441 0.000424 0.000876 0.000497 0.000856 0.000505 0.000816 0.000407 0.000856 0.000505 0.0008 0.000422 0.000816 0.000407 0.000856 0.000505 0.000835 0.000513 0.0008 0.000422 0.000835 0.000513 0.000785 0.000438 0.0008 0.000422 0.000816 0.000407 0.0008 0.000422 0.000726 0.000347 0.0008 0.000422 0.000717 0.000367 0.000726 0.000347 0.0008 0.000422 0.000785 0.000438 0.000717 0.000367 0.000785 0.000438 0.000709 0.000387 0.000717 0.000367 0.000426 0.000408 0.000441 0.000424 0.000367 0.000497 0.000441 0.000424 0.000387 0.000506 0.000367 0.000497 0.000441 0.000424 0.000456 0.000439 0.000387 0.000506 0.000456 0.000439 0.000407 0.000514 0.000387 0.000506 0.000367 0.000497 0.000387 0.000506 0.000346 0.000602 0.000387 0.000506 0.000368 0.000602 0.000346 0.000602 0.000387 0.000506 0.000407 0.000514 0.000368 0.000602 0.000407 0.000514 0.000389 0.000602 0.000368 0.000602 0.000425 0.000796 0.000441 0.00078 0.000513 0.000857 0.000441 0.00078 0.000522 0.000836 0.000513 0.000857 0.000441 0.00078 0.000456 0.000765 0.000522 0.000836 0.000456 0.000765 0.000531 0.000816 0.000522 0.000836 0.000726 0.000347 0.000717 0.000367 0.00062 0.000326 0.000717 0.000367 0.00062 0.000349 0.00062 0.000326 0.000717 0.000367 0.000709 0.000387 0.00062 0.000349 0.000709 0.000387 0.00062 0.00037 0.00062 0.000349 0.00062 0.000326 0.00062 0.000349 0.000514 0.000348 0.00062 0.000349 0.000523 0.000369 0.000514 0.000348 0.00062 0.000349 0.00062 0.00037 0.000523 0.000369 0.00062 0.00037 0.000531 0.000388 0.000523 0.000369 0.000346 0.000602 0.000368 0.000602 0.000367 0.000707 0.000368 0.000602 0.000387 0.000699 0.000367 0.000707 0.000368 0.000602 0.000389 0.000602 0.000387 0.000699 0.000389 0.000602 0.000407 0.00069 0.000387 0.000699 0.000367 0.000707 0.000387 0.000699 0.000425 0.000796 0.000387 0.000699 0.000441 0.00078 0.000425 0.000796 0.000387 0.000699 0.000407 0.00069 0.000441 0.00078 0.000407 0.00069 0.000456 0.000765 0.000441 0.00078 0.000513 0.000857 0.000522 0.000836 0.000619 0.00088 0.000522 0.000836 0.00062 0.000857 0.000619 0.00088 0.000522 0.000836 0.000531 0.000816 0.00062 0.000857 0.000531 0.000816 0.00062 0.000835 0.00062 0.000857 0.000874 0.000709 0.000854 0.0007 0.000897 0.000604 0.000854 0.0007 0.000874 0.000603 0.000897 0.000604 0.000854 0.0007 0.000834 0.000692 0.000874 0.000603 0.000834 0.000692 0.000853 0.000603 0.000874 0.000603 0.000619 0.00088 0.00062 0.000857 0.000725 0.000857 0.00062 0.000857 0.000717 0.000837 0.000725 0.000857 0.00062 0.000857 0.00062 0.000835 0.000717 0.000837 0.00062 0.000835 0.000709 0.000817 0.000717 0.000837 0.000725 0.000857 0.000717 0.000837 0.000813 0.000797 0.000717 0.000837 0.000798 0.000781 0.000813 0.000797 0.000717 0.000837 0.000709 0.000817 0.000798 0.000781 0.000709 0.000817 0.000783 0.000766 0.000798 0.000781 0.000746 0.000602 0.00062 0.000602 0.000735 0.000492 0.00062 0.000602 0.00062 0.000484 0.000735 0.000492 0.00062 0.000602 0.000495 0.000602 0.00062 0.000484 0.000495 0.000602 0.000506 0.000493 0.00062 0.000484 0.000735 0.000712 0.00062 0.000721 0.000746 0.000602 0.00062 0.000721 0.00062 0.000602 0.000746 0.000602 0.00062 0.000721 0.000506 0.000712 0.00062 0.000602 0.000506 0.000712 0.000495 0.000602 0.00062 0.000602 0.000426 0.001068 0.000617 0.001107 0.000417 0.00109 0.000617 0.001107 0.000616 0.001131 0.000417 0.00109 0.000417 0.00109 0.000616 0.001131 0.000408 0.001113 0.000616 0.001131 0.000615 0.001156 0.000408 0.001113 0.000264 0.000962 0.000426 0.001068 0.000248 0.000979 0.000426 0.001068 0.000417 0.00109 0.000248 0.000979 0.000248 0.000979 0.000417 0.00109 0.00023 0.000996 0.000417 0.00109 0.000408 0.001113 0.00023 0.000996 0.000154 0.000801 0.000264 0.000962 0.000131 0.000811 0.000264 0.000962 0.000248 0.000979 0.000131 0.000811 0.000131 0.000811 0.000248 0.000979 0.000109 0.00082 0.000248 0.000979 0.00023 0.000996 0.000109 0.00082 0.000112 0.000609 0.000154 0.000801 0.000087 0.00061 0.000154 0.000801 0.000131 0.000811 0.000087 0.00061 0.000087 0.00061 0.000131 0.000811 0.000062 0.00061 0.000131 0.000811 0.000109 0.00082 0.000062 0.00061 0.000146 0.000414 0.000112 0.000609 0.000123 0.000405 0.000112 0.000609 0.000087 0.00061 0.000123 0.000405 0.000123 0.000405 0.000087 0.00061 0.0001 0.000396 0.000087 0.00061 0.000062 0.00061 0.0001 0.000396 0.000252 0.000246 0.000146 0.000414 0.000234 0.000229 0.000146 0.000414 0.000123 0.000405 0.000234 0.000229 0.000234 0.000229 0.000123 0.000405 0.000216 0.000212 0.000123 0.000405 0.0001 0.000396 0.000216 0.000212 0.000415 0.000131 0.000252 0.000246 0.000405 0.000108 0.000252 0.000246 0.000234 0.000229 0.000405 0.000108 0.000405 0.000108 0.000234 0.000229 0.000395 0.000085 0.000234 0.000229 0.000216 0.000212 0.000395 0.000085 0.000611 0.000087 0.000415 0.000131 0.000611 0.000062 0.000415 0.000131 0.000405 0.000108 0.000611 0.000062 0.000611 0.000062 0.000405 0.000108 0.00061 0.000036 0.000405 0.000108 0.000395 0.000085 0.00061 0.000036 0.00081 0.000121 0.000611 0.000087 0.000819 0.000098 0.000611 0.000087 0.000611 0.000062 0.000819 0.000098 0.000819 0.000098 0.000611 0.000062 0.000829 0.000074 0.000611 0.000062 0.00061 0.000036 0.000829 0.000074 0.000982 0.00023 0.00081 0.000121 0.000999 0.000212 0.00081 0.000121 0.000819 0.000098 0.000999 0.000212 0.000999 0.000212 0.000819 0.000098 0.001017 0.000193 0.000819 0.000098 0.000829 0.000074 0.001017 0.000193 0.001099 0.000397 0.000982 0.00023 0.001123 0.000387 0.000982 0.00023 0.000999 0.000212 0.001123 0.000387 0.001123 0.000387 0.000999 0.000212 0.001147 0.000377 0.000999 0.000212 0.001017 0.000193 0.001147 0.000377 0.001143 0.000599 0.001099 0.000397 0.001169 0.000598 0.001099 0.000397 0.001123 0.000387 0.001169 0.000598 0.001169 0.000598 0.001123 0.000387 0.001195 0.000598 0.001123 0.000387 0.001147 0.000377 0.001195 0.000598 0.001105 0.000803 0.001143 0.000599 0.001129 0.000813 0.001143 0.000599 0.001169 0.000598 0.001129 0.000813 0.001129 0.000813 0.001169 0.000598 0.001154 0.000823 0.001169 0.000598 0.001195 0.000598 0.001154 0.000823 0.00099 0.000975 0.001105 0.000803 0.001007 0.000994 0.001105 0.000803 0.001129 0.000813 0.001007 0.000994 0.001007 0.000994 0.001129 0.000813 0.001025 0.001013 0.001129 0.000813 0.001154 0.000823 0.001025 0.001013 0.000814 0.001079 0.00099 0.000975 0.000822 0.001103 0.00099 0.000975 0.001007 0.000994 0.000822 0.001103 0.000822 0.001103 0.001007 0.000994 0.00083 0.001127 0.001007 0.000994 0.001025 0.001013 0.00083 0.001127 0.000617 0.001107 0.000814 0.001079 0.000616 0.001131 0.000814 0.001079 0.000822 0.001103 0.000616 0.001131 0.000616 0.001131 0.000822 0.001103 0.000615 0.001156 0.000822 0.001103 0.00083 0.001127 0.000615 0.001156 0.000816 0.000407 0.000726 0.000347 0.000982 0.00023 0.000726 0.000347 0.00081 0.000121 0.000982 0.00023 0.000425 0.000796 0.000513 0.000857 0.000264 0.000962 0.000513 0.000857 0.000426 0.001068 0.000264 0.000962 0.000726 0.000347 0.00062 0.000326 0.00081 0.000121 0.00062 0.000326 0.000611 0.000087 0.00081 0.000121 0.000617 0.001107 0.000619 0.00088 0.000814 0.001079 0.000619 0.00088 0.000725 0.000857 0.000814 0.001079 0.000513 0.000857 0.000619 0.00088 0.000426 0.001068 0.000619 0.00088 0.000617 0.001107 0.000426 0.001068 0.00062 0.000326 0.000514 0.000348 0.000611 0.000087 0.000514 0.000348 0.000415 0.000131 0.000611 0.000087 0.000814 0.001079 0.000725 0.000857 0.00099 0.000975 0.000725 0.000857 0.000813 0.000797 0.00099 0.000975 0.000514 0.000348 0.000426 0.000408 0.000415 0.000131 0.000426 0.000408 0.000252 0.000246 0.000415 0.000131 0.000813 0.000797 0.000874 0.000709 0.00099 0.000975 0.000874 0.000709 0.001105 0.000803 0.00099 0.000975 0.000426 0.000408 0.000367 0.000497 0.000252 0.000246 0.000367 0.000497 0.000146 0.000414 0.000252 0.000246 0.000874 0.000709 0.000897 0.000604 0.001105 0.000803 0.000897 0.000604 0.001143 0.000599 0.001105 0.000803 0.000367 0.000497 0.000346 0.000602 0.000146 0.000414 0.000346 0.000602 0.000112 0.000609 0.000146 0.000414 0.000897 0.000604 0.000876 0.000497 0.001143 0.000599 0.000876 0.000497 0.001099 0.000397 0.001143 0.000599 0.000346 0.000602 0.000367 0.000707 0.000112 0.000609 0.000367 0.000707 0.000154 0.000801 0.000112 0.000609 0.000876 0.000497 0.000816 0.000407 0.001099 0.000397 0.000816 0.000407 0.000982 0.00023 0.001099 0.000397 0.000439 0.000501 0.000497 0.000441 0.000545 0.000566 0.000497 0.000441 0.000569 0.000541 0.000545 0.000566 0.000318 0.000683 0.000058 0.000729 0.000317 0.000563 0.000058 0.000729 0.000058 0.000506 0.000317 0.000563 0.000683 0.000921 0.000729 0.001183 0.000562 0.000922 0.000729 0.001183 0.000505 0.001182 0.000562 0.000922 0.000451 0.000877 0.000299 0.001095 0.000365 0.000793 0.000299 0.001095 0.000142 0.000936 0.000365 0.000793 0.000317 0.000563 0.000058 0.000506 0.00036 0.000451 0.000058 0.000506 0.000143 0.0003 0.00036 0.000451 0.000921 0.000554 0.001183 0.000507 0.000923 0.000675 0.001183 0.000507 0.001183 0.000732 0.000923 0.000675 0.000554 0.000316 0.000507 0.000056 0.000675 0.000314 0.000507 0.000056 0.000731 0.000055 0.000675 0.000314 0.000923 0.000675 0.001183 0.000732 0.000878 0.000788 0.001183 0.000732 0.001097 0.00094 0.000878 0.000788 0.000365 0.000793 0.000142 0.000936 0.000318 0.000683 0.000142 0.000936 0.000058 0.000729 0.000318 0.000683 0.00036 0.000451 0.000143 0.0003 0.000444 0.000364 0.000143 0.0003 0.000301 0.000142 0.000444 0.000364 0.000675 0.000314 0.000731 0.000055 0.000787 0.000359 0.000731 0.000055 0.000938 0.000141 0.000787 0.000359 0.000873 0.000443 0.001097 0.000299 0.000921 0.000554 0.001097 0.000299 0.001183 0.000507 0.000921 0.000554 0.000878 0.000788 0.001097 0.00094 0.000793 0.000874 0.001097 0.00094 0.000937 0.001098 0.000793 0.000874 0.000562 0.000922 0.000505 0.001182 0.000451 0.000877 0.000505 0.001182 0.000299 0.001095 0.000451 0.000877 0.000793 0.000874 0.000937 0.001098 0.000683 0.000921 0.000937 0.001098 0.000729 0.001183 0.000683 0.000921 0.000787 0.000359 0.000938 0.000141 0.000873 0.000443 0.000938 0.000141 0.001097 0.000299 0.000873 0.000443 0.00074 0.000797 0.000663 0.00083 0.000668 0.000697 0.000663 0.00083 0.000635 0.00071 0.000668 0.000697 0.000444 0.000364 0.000301 0.000142 0.000554 0.000316 0.000301 0.000142 0.000507 0.000056 0.000554 0.000316 0.000799 0.000736 0.00074 0.000797 0.000693 0.000672 0.00074 0.000797 0.000668 0.000697 0.000693 0.000672 0.000409 0.000579 0.000439 0.000501 0.000532 0.000598 0.000439 0.000501 0.000545 0.000566 0.000532 0.000598 0.00083 0.000658 0.000799 0.000736 0.000707 0.000638 0.000799 0.000736 0.000693 0.000672 0.000707 0.000638 0.00041 0.000663 0.000409 0.000579 0.000533 0.000634 0.000409 0.000579 0.000532 0.000598 0.000533 0.000634 0.000829 0.000574 0.00083 0.000658 0.000708 0.000602 0.00083 0.000658 0.000707 0.000638 0.000708 0.000602 0.000443 0.00074 0.00041 0.000663 0.000543 0.000668 0.00041 0.000663 0.000533 0.000634 0.000543 0.000668 0.000796 0.000496 0.000829 0.000574 0.000694 0.000569 0.000829 0.000574 0.000708 0.000602 0.000694 0.000569 0.000502 0.000799 0.000443 0.00074 0.000567 0.000695 0.000443 0.00074 0.000543 0.000668 0.000567 0.000695 0.000736 0.000438 0.000796 0.000496 0.000669 0.000543 0.000796 0.000496 0.000694 0.000569 0.000669 0.000543 0.00058 0.000831 0.000502 0.000799 0.000599 0.00071 0.000502 0.000799 0.000567 0.000695 0.000599 0.00071 0.000658 0.000407 0.000736 0.000438 0.000637 0.000529 0.000736 0.000438 0.000669 0.000543 0.000637 0.000529 0.000663 0.00083 0.00058 0.000831 0.000635 0.00071 0.00058 0.000831 0.000599 0.00071 0.000635 0.00071 0.000859 0.000775 0.000781 0.000856 0.000817 0.000748 0.000781 0.000856 0.000752 0.000814 0.000817 0.000748 0.000338 0.000567 0.000379 0.000463 0.000388 0.000576 0.000379 0.000463 0.000421 0.00049 0.000388 0.000576 0.000901 0.000671 0.000859 0.000775 0.000851 0.000662 0.000859 0.000775 0.000817 0.000748 0.000851 0.000662 0.000388 0.000576 0.000389 0.000668 0.000338 0.000567 0.000389 0.000668 0.00034 0.000678 0.000338 0.000567 0.000901 0.000671 0.000851 0.000662 0.000899 0.000559 0.000851 0.000662 0.00085 0.00057 0.000899 0.000559 0.000384 0.000781 0.00034 0.000678 0.000425 0.000752 0.00034 0.000678 0.000389 0.000668 0.000425 0.000752 0.00085 0.00057 0.000813 0.000485 0.000899 0.000559 0.000813 0.000485 0.000855 0.000456 0.000899 0.000559 0.000463 0.000859 0.000384 0.000781 0.000491 0.000817 0.000384 0.000781 0.000425 0.000752 0.000491 0.000817 0.000747 0.00042 0.000775 0.000378 0.000813 0.000485 0.000775 0.000378 0.000855 0.000456 0.000813 0.000485 0.000567 0.000901 0.000463 0.000859 0.000576 0.000851 0.000463 0.000859 0.000491 0.000817 0.000576 0.000851 0.000671 0.000336 0.000775 0.000378 0.000662 0.000386 0.000775 0.000378 0.000747 0.00042 0.000662 0.000386 0.000567 0.000901 0.000576 0.000851 0.000678 0.000899 0.000576 0.000851 0.000668 0.00085 0.000678 0.000899 0.000671 0.000336 0.000662 0.000386 0.000559 0.000338 0.000662 0.000386 0.00057 0.000387 0.000559 0.000338 0.000497 0.000441 0.000574 0.000408 0.000569 0.000541 0.000574 0.000408 0.000602 0.000528 0.000569 0.000541 0.000668 0.00085 0.000752 0.000814 0.000678 0.000899 0.000752 0.000814 0.000781 0.000856 0.000678 0.000899 0.000485 0.000424 0.000421 0.00049 0.000457 0.000383 0.000421 0.00049 0.000379 0.000463 0.000457 0.000383 0.000444 0.000364 0.000554 0.000316 0.00045 0.000374 0.000554 0.000316 0.000557 0.000327 0.00045 0.000374 0.00045 0.000374 0.000557 0.000327 0.000457 0.000383 0.000557 0.000327 0.000559 0.000338 0.000457 0.000383 0.00036 0.000451 0.000444 0.000364 0.00037 0.000457 0.000444 0.000364 0.00045 0.000374 0.00037 0.000457 0.00037 0.000457 0.00045 0.000374 0.000379 0.000463 0.00045 0.000374 0.000457 0.000383 0.000379 0.000463 0.000317 0.000563 0.00036 0.000451 0.000328 0.000565 0.00036 0.000451 0.00037 0.000457 0.000328 0.000565 0.000328 0.000565 0.00037 0.000457 0.000338 0.000567 0.00037 0.000457 0.000379 0.000463 0.000338 0.000567 0.000318 0.000683 0.000317 0.000563 0.000329 0.00068 0.000317 0.000563 0.000328 0.000565 0.000329 0.00068 0.000329 0.00068 0.000328 0.000565 0.00034 0.000678 0.000328 0.000565 0.000338 0.000567 0.00034 0.000678 0.000365 0.000793 0.000318 0.000683 0.000375 0.000787 0.000318 0.000683 0.000329 0.00068 0.000375 0.000787 0.000375 0.000787 0.000329 0.00068 0.000384 0.000781 0.000329 0.00068 0.00034 0.000678 0.000384 0.000781 0.000451 0.000877 0.000365 0.000793 0.000457 0.000868 0.000365 0.000793 0.000375 0.000787 0.000457 0.000868 0.000457 0.000868 0.000375 0.000787 0.000463 0.000859 0.000375 0.000787 0.000384 0.000781 0.000463 0.000859 0.000562 0.000922 0.000451 0.000877 0.000565 0.000911 0.000451 0.000877 0.000457 0.000868 0.000565 0.000911 0.000565 0.000911 0.000457 0.000868 0.000567 0.000901 0.000457 0.000868 0.000463 0.000859 0.000567 0.000901 0.000683 0.000921 0.000562 0.000922 0.00068 0.00091 0.000562 0.000922 0.000565 0.000911 0.00068 0.00091 0.00068 0.00091 0.000565 0.000911 0.000678 0.000899 0.000565 0.000911 0.000567 0.000901 0.000678 0.000899 0.000793 0.000874 0.000683 0.000921 0.000787 0.000865 0.000683 0.000921 0.00068 0.00091 0.000787 0.000865 0.000787 0.000865 0.00068 0.00091 0.000781 0.000856 0.00068 0.00091 0.000678 0.000899 0.000781 0.000856 0.000878 0.000788 0.000793 0.000874 0.000868 0.000781 0.000793 0.000874 0.000787 0.000865 0.000868 0.000781 0.000868 0.000781 0.000787 0.000865 0.000859 0.000775 0.000787 0.000865 0.000781 0.000856 0.000859 0.000775 0.000923 0.000675 0.000878 0.000788 0.000912 0.000673 0.000878 0.000788 0.000868 0.000781 0.000912 0.000673 0.000912 0.000673 0.000868 0.000781 0.000901 0.000671 0.000868 0.000781 0.000859 0.000775 0.000901 0.000671 0.000921 0.000554 0.000923 0.000675 0.00091 0.000557 0.000923 0.000675 0.000912 0.000673 0.00091 0.000557 0.00091 0.000557 0.000912 0.000673 0.000899 0.000559 0.000912 0.000673 0.000901 0.000671 0.000899 0.000559 0.000873 0.000443 0.000921 0.000554 0.000864 0.00045 0.000921 0.000554 0.00091 0.000557 0.000864 0.00045 0.000864 0.00045 0.00091 0.000557 0.000855 0.000456 0.00091 0.000557 0.000899 0.000559 0.000855 0.000456 0.000787 0.000359 0.000873 0.000443 0.000781 0.000369 0.000873 0.000443 0.000864 0.00045 0.000781 0.000369 0.000781 0.000369 0.000864 0.00045 0.000775 0.000378 0.000864 0.00045 0.000855 0.000456 0.000775 0.000378 0.000675 0.000314 0.000787 0.000359 0.000673 0.000326 0.000787 0.000359 0.000781 0.000369 0.000673 0.000326 0.000673 0.000326 0.000781 0.000369 0.000671 0.000336 0.000781 0.000369 0.000775 0.000378 0.000671 0.000336 0.000554 0.000316 0.000675 0.000314 0.000557 0.000327 0.000675 0.000314 0.000673 0.000326 0.000557 0.000327 0.000557 0.000327 0.000673 0.000326 0.000559 0.000338 0.000673 0.000326 0.000671 0.000336 0.000559 0.000338 0.000574 0.000408 0.000658 0.000407 0.000602 0.000528 0.000658 0.000407 0.000637 0.000529 0.000602 0.000528 0.000574 0.000408 0.000497 0.000441 0.000572 0.000398 0.000497 0.000441 0.000491 0.000433 0.000572 0.000398 0.000572 0.000398 0.000491 0.000433 0.00057 0.000387 0.000491 0.000433 0.000485 0.000424 0.00057 0.000387 0.000497 0.000441 0.000439 0.000501 0.000491 0.000433 0.000439 0.000501 0.00043 0.000496 0.000491 0.000433 0.000491 0.000433 0.00043 0.000496 0.000485 0.000424 0.00043 0.000496 0.000421 0.00049 0.000485 0.000424 0.000439 0.000501 0.000409 0.000579 0.00043 0.000496 0.000409 0.000579 0.000398 0.000577 0.00043 0.000496 0.00043 0.000496 0.000398 0.000577 0.000421 0.00049 0.000398 0.000577 0.000388 0.000576 0.000421 0.00049 0.000409 0.000579 0.00041 0.000663 0.000398 0.000577 0.00041 0.000663 0.0004 0.000665 0.000398 0.000577 0.000398 0.000577 0.0004 0.000665 0.000388 0.000576 0.0004 0.000665 0.000389 0.000668 0.000388 0.000576 0.00041 0.000663 0.000443 0.00074 0.0004 0.000665 0.000443 0.00074 0.000434 0.000746 0.0004 0.000665 0.0004 0.000665 0.000434 0.000746 0.000389 0.000668 0.000434 0.000746 0.000425 0.000752 0.000389 0.000668 0.000443 0.00074 0.000502 0.000799 0.000434 0.000746 0.000502 0.000799 0.000497 0.000808 0.000434 0.000746 0.000434 0.000746 0.000497 0.000808 0.000425 0.000752 0.000497 0.000808 0.000491 0.000817 0.000425 0.000752 0.000502 0.000799 0.00058 0.000831 0.000497 0.000808 0.00058 0.000831 0.000578 0.000841 0.000497 0.000808 0.000497 0.000808 0.000578 0.000841 0.000491 0.000817 0.000578 0.000841 0.000576 0.000851 0.000491 0.000817 0.00058 0.000831 0.000663 0.00083 0.000578 0.000841 0.000663 0.00083 0.000666 0.00084 0.000578 0.000841 0.000578 0.000841 0.000666 0.00084 0.000576 0.000851 0.000666 0.00084 0.000668 0.00085 0.000576 0.000851 0.000663 0.00083 0.00074 0.000797 0.000666 0.00084 0.00074 0.000797 0.000746 0.000805 0.000666 0.00084 0.000666 0.00084 0.000746 0.000805 0.000668 0.00085 0.000746 0.000805 0.000752 0.000814 0.000668 0.00085 0.00074 0.000797 0.000799 0.000736 0.000746 0.000805 0.000799 0.000736 0.000808 0.000742 0.000746 0.000805 0.000746 0.000805 0.000808 0.000742 0.000752 0.000814 0.000808 0.000742 0.000817 0.000748 0.000752 0.000814 0.000799 0.000736 0.00083 0.000658 0.000808 0.000742 0.00083 0.000658 0.00084 0.00066 0.000808 0.000742 0.000808 0.000742 0.00084 0.00066 0.000817 0.000748 0.00084 0.00066 0.000851 0.000662 0.000817 0.000748 0.00083 0.000658 0.000829 0.000574 0.00084 0.00066 0.000829 0.000574 0.000839 0.000572 0.00084 0.00066 0.00084 0.00066 0.000839 0.000572 0.000851 0.000662 0.000839 0.000572 0.00085 0.00057 0.000851 0.000662 0.000829 0.000574 0.000796 0.000496 0.000839 0.000572 0.000796 0.000496 0.000804 0.000491 0.000839 0.000572 0.000839 0.000572 0.000804 0.000491 0.00085 0.00057 0.000804 0.000491 0.000813 0.000485 0.00085 0.00057 0.000796 0.000496 0.000736 0.000438 0.000804 0.000491 0.000736 0.000438 0.000741 0.000429 0.000804 0.000491 0.000804 0.000491 0.000741 0.000429 0.000813 0.000485 0.000741 0.000429 0.000747 0.00042 0.000813 0.000485 0.000736 0.000438 0.000658 0.000407 0.000741 0.000429 0.000658 0.000407 0.00066 0.000396 0.000741 0.000429 0.000741 0.000429 0.00066 0.000396 0.000747 0.00042 0.00066 0.000396 0.000662 0.000386 0.000747 0.00042 0.000658 0.000407 0.000574 0.000408 0.00066 0.000396 0.000574 0.000408 0.000572 0.000398 0.00066 0.000396 0.00066 0.000396 0.000572 0.000398 0.000662 0.000386 0.000572 0.000398 0.00057 0.000387 0.000662 0.000386 0.00057 0.000387 0.000485 0.000424 0.000559 0.000338 0.000485 0.000424 0.000457 0.000383 0.000559 0.000338 0.000439 0.000501 0.000497 0.000441 0.000545 0.000566 0.000497 0.000441 0.000569 0.000541 0.000545 0.000566 0.000318 0.000683 0.000058 0.000729 0.000317 0.000563 0.000058 0.000729 0.000058 0.000506 0.000317 0.000563 0.000683 0.000921 0.000729 0.001183 0.000562 0.000922 0.000729 0.001183 0.000505 0.001182 0.000562 0.000922 0.000451 0.000877 0.000299 0.001095 0.000365 0.000793 0.000299 0.001095 0.000142 0.000936 0.000365 0.000793 0.000317 0.000563 0.000058 0.000506 0.00036 0.000451 0.000058 0.000506 0.000143 0.0003 0.00036 0.000451 0.000921 0.000554 0.001183 0.000507 0.000923 0.000675 0.001183 0.000507 0.001183 0.000732 0.000923 0.000675 0.000554 0.000316 0.000507 0.000056 0.000675 0.000314 0.000507 0.000056 0.000731 0.000055 0.000675 0.000314 0.000923 0.000675 0.001183 0.000732 0.000878 0.000788 0.001183 0.000732 0.001097 0.00094 0.000878 0.000788 0.000365 0.000793 0.000142 0.000936 0.000318 0.000683 0.000142 0.000936 0.000058 0.000729 0.000318 0.000683 0.00036 0.000451 0.000143 0.0003 0.000444 0.000364 0.000143 0.0003 0.000301 0.000142 0.000444 0.000364 0.000675 0.000314 0.000731 0.000055 0.000787 0.000359 0.000731 0.000055 0.000938 0.000141 0.000787 0.000359 0.000873 0.000443 0.001097 0.000299 0.000921 0.000554 0.001097 0.000299 0.001183 0.000507 0.000921 0.000554 0.000878 0.000788 0.001097 0.00094 0.000793 0.000874 0.001097 0.00094 0.000937 0.001098 0.000793 0.000874 0.000562 0.000922 0.000505 0.001182 0.000451 0.000877 0.000505 0.001182 0.000299 0.001095 0.000451 0.000877 0.000793 0.000874 0.000937 0.001098 0.000683 0.000921 0.000937 0.001098 0.000729 0.001183 0.000683 0.000921 0.000787 0.000359 0.000938 0.000141 0.000873 0.000443 0.000938 0.000141 0.001097 0.000299 0.000873 0.000443 0.00074 0.000797 0.000663 0.00083 0.000668 0.000697 0.000663 0.00083 0.000635 0.00071 0.000668 0.000697 0.000444 0.000364 0.000301 0.000142 0.000554 0.000316 0.000301 0.000142 0.000507 0.000056 0.000554 0.000316 0.000799 0.000736 0.00074 0.000797 0.000693 0.000672 0.00074 0.000797 0.000668 0.000697 0.000693 0.000672 0.000409 0.000579 0.000439 0.000501 0.000532 0.000598 0.000439 0.000501 0.000545 0.000566 0.000532 0.000598 0.00083 0.000658 0.000799 0.000736 0.000707 0.000638 0.000799 0.000736 0.000693 0.000672 0.000707 0.000638 0.00041 0.000663 0.000409 0.000579 0.000533 0.000634 0.000409 0.000579 0.000532 0.000598 0.000533 0.000634 0.000829 0.000574 0.00083 0.000658 0.000708 0.000602 0.00083 0.000658 0.000707 0.000638 0.000708 0.000602 0.000443 0.00074 0.00041 0.000663 0.000543 0.000668 0.00041 0.000663 0.000533 0.000634 0.000543 0.000668 0.000796 0.000496 0.000829 0.000574 0.000694 0.000569 0.000829 0.000574 0.000708 0.000602 0.000694 0.000569 0.000502 0.000799 0.000443 0.00074 0.000567 0.000695 0.000443 0.00074 0.000543 0.000668 0.000567 0.000695 0.000736 0.000438 0.000796 0.000496 0.000669 0.000543 0.000796 0.000496 0.000694 0.000569 0.000669 0.000543 0.00058 0.000831 0.000502 0.000799 0.000599 0.00071 0.000502 0.000799 0.000567 0.000695 0.000599 0.00071 0.000658 0.000407 0.000736 0.000438 0.000637 0.000529 0.000736 0.000438 0.000669 0.000543 0.000637 0.000529 0.000663 0.00083 0.00058 0.000831 0.000635 0.00071 0.00058 0.000831 0.000599 0.00071 0.000635 0.00071 0.000859 0.000775 0.000781 0.000856 0.000817 0.000748 0.000781 0.000856 0.000752 0.000814 0.000817 0.000748 0.000338 0.000567 0.000379 0.000463 0.000388 0.000576 0.000379 0.000463 0.000421 0.00049 0.000388 0.000576 0.000901 0.000671 0.000859 0.000775 0.000851 0.000662 0.000859 0.000775 0.000817 0.000748 0.000851 0.000662 0.000388 0.000576 0.000389 0.000668 0.000338 0.000567 0.000389 0.000668 0.00034 0.000678 0.000338 0.000567 0.000901 0.000671 0.000851 0.000662 0.000899 0.000559 0.000851 0.000662 0.00085 0.00057 0.000899 0.000559 0.000384 0.000781 0.00034 0.000678 0.000425 0.000752 0.00034 0.000678 0.000389 0.000668 0.000425 0.000752 0.00085 0.00057 0.000813 0.000485 0.000899 0.000559 0.000813 0.000485 0.000855 0.000456 0.000899 0.000559 0.000463 0.000859 0.000384 0.000781 0.000491 0.000817 0.000384 0.000781 0.000425 0.000752 0.000491 0.000817 0.000747 0.00042 0.000775 0.000378 0.000813 0.000485 0.000775 0.000378 0.000855 0.000456 0.000813 0.000485 0.000567 0.000901 0.000463 0.000859 0.000576 0.000851 0.000463 0.000859 0.000491 0.000817 0.000576 0.000851 0.000671 0.000336 0.000775 0.000378 0.000662 0.000386 0.000775 0.000378 0.000747 0.00042 0.000662 0.000386 0.000567 0.000901 0.000576 0.000851 0.000678 0.000899 0.000576 0.000851 0.000668 0.00085 0.000678 0.000899 0.000671 0.000336 0.000662 0.000386 0.000559 0.000338 0.000662 0.000386 0.00057 0.000387 0.000559 0.000338 0.000497 0.000441 0.000574 0.000408 0.000569 0.000541 0.000574 0.000408 0.000602 0.000528 0.000569 0.000541 0.000668 0.00085 0.000752 0.000814 0.000678 0.000899 0.000752 0.000814 0.000781 0.000856 0.000678 0.000899 0.000485 0.000424 0.000421 0.00049 0.000457 0.000383 0.000421 0.00049 0.000379 0.000463 0.000457 0.000383 0.000444 0.000364 0.000554 0.000316 0.00045 0.000374 0.000554 0.000316 0.000557 0.000327 0.00045 0.000374 0.00045 0.000374 0.000557 0.000327 0.000457 0.000383 0.000557 0.000327 0.000559 0.000338 0.000457 0.000383 0.00036 0.000451 0.000444 0.000364 0.00037 0.000457 0.000444 0.000364 0.00045 0.000374 0.00037 0.000457 0.00037 0.000457 0.00045 0.000374 0.000379 0.000463 0.00045 0.000374 0.000457 0.000383 0.000379 0.000463 0.000317 0.000563 0.00036 0.000451 0.000328 0.000565 0.00036 0.000451 0.00037 0.000457 0.000328 0.000565 0.000328 0.000565 0.00037 0.000457 0.000338 0.000567 0.00037 0.000457 0.000379 0.000463 0.000338 0.000567 0.000318 0.000683 0.000317 0.000563 0.000329 0.00068 0.000317 0.000563 0.000328 0.000565 0.000329 0.00068 0.000329 0.00068 0.000328 0.000565 0.00034 0.000678 0.000328 0.000565 0.000338 0.000567 0.00034 0.000678 0.000365 0.000793 0.000318 0.000683 0.000375 0.000787 0.000318 0.000683 0.000329 0.00068 0.000375 0.000787 0.000375 0.000787 0.000329 0.00068 0.000384 0.000781 0.000329 0.00068 0.00034 0.000678 0.000384 0.000781 0.000451 0.000877 0.000365 0.000793 0.000457 0.000868 0.000365 0.000793 0.000375 0.000787 0.000457 0.000868 0.000457 0.000868 0.000375 0.000787 0.000463 0.000859 0.000375 0.000787 0.000384 0.000781 0.000463 0.000859 0.000562 0.000922 0.000451 0.000877 0.000565 0.000911 0.000451 0.000877 0.000457 0.000868 0.000565 0.000911 0.000565 0.000911 0.000457 0.000868 0.000567 0.000901 0.000457 0.000868 0.000463 0.000859 0.000567 0.000901 0.000683 0.000921 0.000562 0.000922 0.00068 0.00091 0.000562 0.000922 0.000565 0.000911 0.00068 0.00091 0.00068 0.00091 0.000565 0.000911 0.000678 0.000899 0.000565 0.000911 0.000567 0.000901 0.000678 0.000899 0.000793 0.000874 0.000683 0.000921 0.000787 0.000865 0.000683 0.000921 0.00068 0.00091 0.000787 0.000865 0.000787 0.000865 0.00068 0.00091 0.000781 0.000856 0.00068 0.00091 0.000678 0.000899 0.000781 0.000856 0.000878 0.000788 0.000793 0.000874 0.000868 0.000781 0.000793 0.000874 0.000787 0.000865 0.000868 0.000781 0.000868 0.000781 0.000787 0.000865 0.000859 0.000775 0.000787 0.000865 0.000781 0.000856 0.000859 0.000775 0.000923 0.000675 0.000878 0.000788 0.000912 0.000673 0.000878 0.000788 0.000868 0.000781 0.000912 0.000673 0.000912 0.000673 0.000868 0.000781 0.000901 0.000671 0.000868 0.000781 0.000859 0.000775 0.000901 0.000671 0.000921 0.000554 0.000923 0.000675 0.00091 0.000557 0.000923 0.000675 0.000912 0.000673 0.00091 0.000557 0.00091 0.000557 0.000912 0.000673 0.000899 0.000559 0.000912 0.000673 0.000901 0.000671 0.000899 0.000559 0.000873 0.000443 0.000921 0.000554 0.000864 0.00045 0.000921 0.000554 0.00091 0.000557 0.000864 0.00045 0.000864 0.00045 0.00091 0.000557 0.000855 0.000456 0.00091 0.000557 0.000899 0.000559 0.000855 0.000456 0.000787 0.000359 0.000873 0.000443 0.000781 0.000369 0.000873 0.000443 0.000864 0.00045 0.000781 0.000369 0.000781 0.000369 0.000864 0.00045 0.000775 0.000378 0.000864 0.00045 0.000855 0.000456 0.000775 0.000378 0.000675 0.000314 0.000787 0.000359 0.000673 0.000326 0.000787 0.000359 0.000781 0.000369 0.000673 0.000326 0.000673 0.000326 0.000781 0.000369 0.000671 0.000336 0.000781 0.000369 0.000775 0.000378 0.000671 0.000336 0.000554 0.000316 0.000675 0.000314 0.000557 0.000327 0.000675 0.000314 0.000673 0.000326 0.000557 0.000327 0.000557 0.000327 0.000673 0.000326 0.000559 0.000338 0.000673 0.000326 0.000671 0.000336 0.000559 0.000338 0.000574 0.000408 0.000658 0.000407 0.000602 0.000528 0.000658 0.000407 0.000637 0.000529 0.000602 0.000528 0.000574 0.000408 0.000497 0.000441 0.000572 0.000398 0.000497 0.000441 0.000491 0.000433 0.000572 0.000398 0.000572 0.000398 0.000491 0.000433 0.00057 0.000387 0.000491 0.000433 0.000485 0.000424 0.00057 0.000387 0.000497 0.000441 0.000439 0.000501 0.000491 0.000433 0.000439 0.000501 0.00043 0.000496 0.000491 0.000433 0.000491 0.000433 0.00043 0.000496 0.000485 0.000424 0.00043 0.000496 0.000421 0.00049 0.000485 0.000424 0.000439 0.000501 0.000409 0.000579 0.00043 0.000496 0.000409 0.000579 0.000398 0.000577 0.00043 0.000496 0.00043 0.000496 0.000398 0.000577 0.000421 0.00049 0.000398 0.000577 0.000388 0.000576 0.000421 0.00049 0.000409 0.000579 0.00041 0.000663 0.000398 0.000577 0.00041 0.000663 0.0004 0.000665 0.000398 0.000577 0.000398 0.000577 0.0004 0.000665 0.000388 0.000576 0.0004 0.000665 0.000389 0.000668 0.000388 0.000576 0.00041 0.000663 0.000443 0.00074 0.0004 0.000665 0.000443 0.00074 0.000434 0.000746 0.0004 0.000665 0.0004 0.000665 0.000434 0.000746 0.000389 0.000668 0.000434 0.000746 0.000425 0.000752 0.000389 0.000668 0.000443 0.00074 0.000502 0.000799 0.000434 0.000746 0.000502 0.000799 0.000497 0.000808 0.000434 0.000746 0.000434 0.000746 0.000497 0.000808 0.000425 0.000752 0.000497 0.000808 0.000491 0.000817 0.000425 0.000752 0.000502 0.000799 0.00058 0.000831 0.000497 0.000808 0.00058 0.000831 0.000578 0.000841 0.000497 0.000808 0.000497 0.000808 0.000578 0.000841 0.000491 0.000817 0.000578 0.000841 0.000576 0.000851 0.000491 0.000817 0.00058 0.000831 0.000663 0.00083 0.000578 0.000841 0.000663 0.00083 0.000666 0.00084 0.000578 0.000841 0.000578 0.000841 0.000666 0.00084 0.000576 0.000851 0.000666 0.00084 0.000668 0.00085 0.000576 0.000851 0.000663 0.00083 0.00074 0.000797 0.000666 0.00084 0.00074 0.000797 0.000746 0.000805 0.000666 0.00084 0.000666 0.00084 0.000746 0.000805 0.000668 0.00085 0.000746 0.000805 0.000752 0.000814 0.000668 0.00085 0.00074 0.000797 0.000799 0.000736 0.000746 0.000805 0.000799 0.000736 0.000808 0.000742 0.000746 0.000805 0.000746 0.000805 0.000808 0.000742 0.000752 0.000814 0.000808 0.000742 0.000817 0.000748 0.000752 0.000814 0.000799 0.000736 0.00083 0.000658 0.000808 0.000742 0.00083 0.000658 0.00084 0.00066 0.000808 0.000742 0.000808 0.000742 0.00084 0.00066 0.000817 0.000748 0.00084 0.00066 0.000851 0.000662 0.000817 0.000748 0.00083 0.000658 0.000829 0.000574 0.00084 0.00066 0.000829 0.000574 0.000839 0.000572 0.00084 0.00066 0.00084 0.00066 0.000839 0.000572 0.000851 0.000662 0.000839 0.000572 0.00085 0.00057 0.000851 0.000662 0.000829 0.000574 0.000796 0.000496 0.000839 0.000572 0.000796 0.000496 0.000804 0.000491 0.000839 0.000572 0.000839 0.000572 0.000804 0.000491 0.00085 0.00057 0.000804 0.000491 0.000813 0.000485 0.00085 0.00057 0.000796 0.000496 0.000736 0.000438 0.000804 0.000491 0.000736 0.000438 0.000741 0.000429 0.000804 0.000491 0.000804 0.000491 0.000741 0.000429 0.000813 0.000485 0.000741 0.000429 0.000747 0.00042 0.000813 0.000485 0.000736 0.000438 0.000658 0.000407 0.000741 0.000429 0.000658 0.000407 0.00066 0.000396 0.000741 0.000429 0.000741 0.000429 0.00066 0.000396 0.000747 0.00042 0.00066 0.000396 0.000662 0.000386 0.000747 0.00042 0.000658 0.000407 0.000574 0.000408 0.00066 0.000396 0.000574 0.000408 0.000572 0.000398 0.00066 0.000396 0.00066 0.000396 0.000572 0.000398 0.000662 0.000386 0.000572 0.000398 0.00057 0.000387 0.000662 0.000386 0.00057 0.000387 0.000485 0.000424 0.000559 0.000338 0.000485 0.000424 0.000457 0.000383 0.000559 0.000338 0.000439 0.000501 0.000497 0.000441 0.000545 0.000566 0.000497 0.000441 0.000569 0.000541 0.000545 0.000566 0.000318 0.000683 0.000058 0.000729 0.000317 0.000563 0.000058 0.000729 0.000058 0.000506 0.000317 0.000563 0.000683 0.000921 0.000729 0.001183 0.000562 0.000922 0.000729 0.001183 0.000505 0.001182 0.000562 0.000922 0.000451 0.000877 0.000299 0.001095 0.000365 0.000793 0.000299 0.001095 0.000142 0.000936 0.000365 0.000793 0.000317 0.000563 0.000058 0.000506 0.00036 0.000451 0.000058 0.000506 0.000143 0.0003 0.00036 0.000451 0.000921 0.000554 0.001183 0.000507 0.000923 0.000675 0.001183 0.000507 0.001183 0.000732 0.000923 0.000675 0.000554 0.000316 0.000507 0.000056 0.000675 0.000314 0.000507 0.000056 0.000731 0.000055 0.000675 0.000314 0.000923 0.000675 0.001183 0.000732 0.000878 0.000788 0.001183 0.000732 0.001097 0.00094 0.000878 0.000788 0.000365 0.000793 0.000142 0.000936 0.000318 0.000683 0.000142 0.000936 0.000058 0.000729 0.000318 0.000683 0.00036 0.000451 0.000143 0.0003 0.000444 0.000364 0.000143 0.0003 0.000301 0.000142 0.000444 0.000364 0.000675 0.000314 0.000731 0.000055 0.000787 0.000359 0.000731 0.000055 0.000938 0.000141 0.000787 0.000359 0.000873 0.000443 0.001097 0.000299 0.000921 0.000554 0.001097 0.000299 0.001183 0.000507 0.000921 0.000554 0.000878 0.000788 0.001097 0.00094 0.000793 0.000874 0.001097 0.00094 0.000937 0.001098 0.000793 0.000874 0.000562 0.000922 0.000505 0.001182 0.000451 0.000877 0.000505 0.001182 0.000299 0.001095 0.000451 0.000877 0.000793 0.000874 0.000937 0.001098 0.000683 0.000921 0.000937 0.001098 0.000729 0.001183 0.000683 0.000921 0.000787 0.000359 0.000938 0.000141 0.000873 0.000443 0.000938 0.000141 0.001097 0.000299 0.000873 0.000443 0.00074 0.000797 0.000663 0.00083 0.000668 0.000697 0.000663 0.00083 0.000635 0.00071 0.000668 0.000697 0.000444 0.000364 0.000301 0.000142 0.000554 0.000316 0.000301 0.000142 0.000507 0.000056 0.000554 0.000316 0.000799 0.000736 0.00074 0.000797 0.000693 0.000672 0.00074 0.000797 0.000668 0.000697 0.000693 0.000672 0.000409 0.000579 0.000439 0.000501 0.000532 0.000598 0.000439 0.000501 0.000545 0.000566 0.000532 0.000598 0.00083 0.000658 0.000799 0.000736 0.000707 0.000638 0.000799 0.000736 0.000693 0.000672 0.000707 0.000638 0.00041 0.000663 0.000409 0.000579 0.000533 0.000634 0.000409 0.000579 0.000532 0.000598 0.000533 0.000634 0.000829 0.000574 0.00083 0.000658 0.000708 0.000602 0.00083 0.000658 0.000707 0.000638 0.000708 0.000602 0.000443 0.00074 0.00041 0.000663 0.000543 0.000668 0.00041 0.000663 0.000533 0.000634 0.000543 0.000668 0.000796 0.000496 0.000829 0.000574 0.000694 0.000569 0.000829 0.000574 0.000708 0.000602 0.000694 0.000569 0.000502 0.000799 0.000443 0.00074 0.000567 0.000695 0.000443 0.00074 0.000543 0.000668 0.000567 0.000695 0.000736 0.000438 0.000796 0.000496 0.000669 0.000543 0.000796 0.000496 0.000694 0.000569 0.000669 0.000543 0.00058 0.000831 0.000502 0.000799 0.000599 0.00071 0.000502 0.000799 0.000567 0.000695 0.000599 0.00071 0.000658 0.000407 0.000736 0.000438 0.000637 0.000529 0.000736 0.000438 0.000669 0.000543 0.000637 0.000529 0.000663 0.00083 0.00058 0.000831 0.000635 0.00071 0.00058 0.000831 0.000599 0.00071 0.000635 0.00071 0.000859 0.000775 0.000781 0.000856 0.000817 0.000748 0.000781 0.000856 0.000752 0.000814 0.000817 0.000748 0.000338 0.000567 0.000379 0.000463 0.000388 0.000576 0.000379 0.000463 0.000421 0.00049 0.000388 0.000576 0.000901 0.000671 0.000859 0.000775 0.000851 0.000662 0.000859 0.000775 0.000817 0.000748 0.000851 0.000662 0.000388 0.000576 0.000389 0.000668 0.000338 0.000567 0.000389 0.000668 0.00034 0.000678 0.000338 0.000567 0.000901 0.000671 0.000851 0.000662 0.000899 0.000559 0.000851 0.000662 0.00085 0.00057 0.000899 0.000559 0.000384 0.000781 0.00034 0.000678 0.000425 0.000752 0.00034 0.000678 0.000389 0.000668 0.000425 0.000752 0.00085 0.00057 0.000813 0.000485 0.000899 0.000559 0.000813 0.000485 0.000855 0.000456 0.000899 0.000559 0.000463 0.000859 0.000384 0.000781 0.000491 0.000817 0.000384 0.000781 0.000425 0.000752 0.000491 0.000817 0.000747 0.00042 0.000775 0.000378 0.000813 0.000485 0.000775 0.000378 0.000855 0.000456 0.000813 0.000485 0.000567 0.000901 0.000463 0.000859 0.000576 0.000851 0.000463 0.000859 0.000491 0.000817 0.000576 0.000851 0.000671 0.000336 0.000775 0.000378 0.000662 0.000386 0.000775 0.000378 0.000747 0.00042 0.000662 0.000386 0.000567 0.000901 0.000576 0.000851 0.000678 0.000899 0.000576 0.000851 0.000668 0.00085 0.000678 0.000899 0.000671 0.000336 0.000662 0.000386 0.000559 0.000338 0.000662 0.000386 0.00057 0.000387 0.000559 0.000338 0.000497 0.000441 0.000574 0.000408 0.000569 0.000541 0.000574 0.000408 0.000602 0.000528 0.000569 0.000541 0.000668 0.00085 0.000752 0.000814 0.000678 0.000899 0.000752 0.000814 0.000781 0.000856 0.000678 0.000899 0.000485 0.000424 0.000421 0.00049 0.000457 0.000383 0.000421 0.00049 0.000379 0.000463 0.000457 0.000383 0.000444 0.000364 0.000554 0.000316 0.00045 0.000374 0.000554 0.000316 0.000557 0.000327 0.00045 0.000374 0.00045 0.000374 0.000557 0.000327 0.000457 0.000383 0.000557 0.000327 0.000559 0.000338 0.000457 0.000383 0.00036 0.000451 0.000444 0.000364 0.00037 0.000457 0.000444 0.000364 0.00045 0.000374 0.00037 0.000457 0.00037 0.000457 0.00045 0.000374 0.000379 0.000463 0.00045 0.000374 0.000457 0.000383 0.000379 0.000463 0.000317 0.000563 0.00036 0.000451 0.000328 0.000565 0.00036 0.000451 0.00037 0.000457 0.000328 0.000565 0.000328 0.000565 0.00037 0.000457 0.000338 0.000567 0.00037 0.000457 0.000379 0.000463 0.000338 0.000567 0.000318 0.000683 0.000317 0.000563 0.000329 0.00068 0.000317 0.000563 0.000328 0.000565 0.000329 0.00068 0.000329 0.00068 0.000328 0.000565 0.00034 0.000678 0.000328 0.000565 0.000338 0.000567 0.00034 0.000678 0.000365 0.000793 0.000318 0.000683 0.000375 0.000787 0.000318 0.000683 0.000329 0.00068 0.000375 0.000787 0.000375 0.000787 0.000329 0.00068 0.000384 0.000781 0.000329 0.00068 0.00034 0.000678 0.000384 0.000781 0.000451 0.000877 0.000365 0.000793 0.000457 0.000868 0.000365 0.000793 0.000375 0.000787 0.000457 0.000868 0.000457 0.000868 0.000375 0.000787 0.000463 0.000859 0.000375 0.000787 0.000384 0.000781 0.000463 0.000859 0.000562 0.000922 0.000451 0.000877 0.000565 0.000911 0.000451 0.000877 0.000457 0.000868 0.000565 0.000911 0.000565 0.000911 0.000457 0.000868 0.000567 0.000901 0.000457 0.000868 0.000463 0.000859 0.000567 0.000901 0.000683 0.000921 0.000562 0.000922 0.00068 0.00091 0.000562 0.000922 0.000565 0.000911 0.00068 0.00091 0.00068 0.00091 0.000565 0.000911 0.000678 0.000899 0.000565 0.000911 0.000567 0.000901 0.000678 0.000899 0.000793 0.000874 0.000683 0.000921 0.000787 0.000865 0.000683 0.000921 0.00068 0.00091 0.000787 0.000865 0.000787 0.000865 0.00068 0.00091 0.000781 0.000856 0.00068 0.00091 0.000678 0.000899 0.000781 0.000856 0.000878 0.000788 0.000793 0.000874 0.000868 0.000781 0.000793 0.000874 0.000787 0.000865 0.000868 0.000781 0.000868 0.000781 0.000787 0.000865 0.000859 0.000775 0.000787 0.000865 0.000781 0.000856 0.000859 0.000775 0.000923 0.000675 0.000878 0.000788 0.000912 0.000673 0.000878 0.000788 0.000868 0.000781 0.000912 0.000673 0.000912 0.000673 0.000868 0.000781 0.000901 0.000671 0.000868 0.000781 0.000859 0.000775 0.000901 0.000671 0.000921 0.000554 0.000923 0.000675 0.00091 0.000557 0.000923 0.000675 0.000912 0.000673 0.00091 0.000557 0.00091 0.000557 0.000912 0.000673 0.000899 0.000559 0.000912 0.000673 0.000901 0.000671 0.000899 0.000559 0.000873 0.000443 0.000921 0.000554 0.000864 0.00045 0.000921 0.000554 0.00091 0.000557 0.000864 0.00045 0.000864 0.00045 0.00091 0.000557 0.000855 0.000456 0.00091 0.000557 0.000899 0.000559 0.000855 0.000456 0.000787 0.000359 0.000873 0.000443 0.000781 0.000369 0.000873 0.000443 0.000864 0.00045 0.000781 0.000369 0.000781 0.000369 0.000864 0.00045 0.000775 0.000378 0.000864 0.00045 0.000855 0.000456 0.000775 0.000378 0.000675 0.000314 0.000787 0.000359 0.000673 0.000326 0.000787 0.000359 0.000781 0.000369 0.000673 0.000326 0.000673 0.000326 0.000781 0.000369 0.000671 0.000336 0.000781 0.000369 0.000775 0.000378 0.000671 0.000336 0.000554 0.000316 0.000675 0.000314 0.000557 0.000327 0.000675 0.000314 0.000673 0.000326 0.000557 0.000327 0.000557 0.000327 0.000673 0.000326 0.000559 0.000338 0.000673 0.000326 0.000671 0.000336 0.000559 0.000338 0.000574 0.000408 0.000658 0.000407 0.000602 0.000528 0.000658 0.000407 0.000637 0.000529 0.000602 0.000528 0.000574 0.000408 0.000497 0.000441 0.000572 0.000398 0.000497 0.000441 0.000491 0.000433 0.000572 0.000398 0.000572 0.000398 0.000491 0.000433 0.00057 0.000387 0.000491 0.000433 0.000485 0.000424 0.00057 0.000387 0.000497 0.000441 0.000439 0.000501 0.000491 0.000433 0.000439 0.000501 0.00043 0.000496 0.000491 0.000433 0.000491 0.000433 0.00043 0.000496 0.000485 0.000424 0.00043 0.000496 0.000421 0.00049 0.000485 0.000424 0.000439 0.000501 0.000409 0.000579 0.00043 0.000496 0.000409 0.000579 0.000398 0.000577 0.00043 0.000496 0.00043 0.000496 0.000398 0.000577 0.000421 0.00049 0.000398 0.000577 0.000388 0.000576 0.000421 0.00049 0.000409 0.000579 0.00041 0.000663 0.000398 0.000577 0.00041 0.000663 0.0004 0.000665 0.000398 0.000577 0.000398 0.000577 0.0004 0.000665 0.000388 0.000576 0.0004 0.000665 0.000389 0.000668 0.000388 0.000576 0.00041 0.000663 0.000443 0.00074 0.0004 0.000665 0.000443 0.00074 0.000434 0.000746 0.0004 0.000665 0.0004 0.000665 0.000434 0.000746 0.000389 0.000668 0.000434 0.000746 0.000425 0.000752 0.000389 0.000668 0.000443 0.00074 0.000502 0.000799 0.000434 0.000746 0.000502 0.000799 0.000497 0.000808 0.000434 0.000746 0.000434 0.000746 0.000497 0.000808 0.000425 0.000752 0.000497 0.000808 0.000491 0.000817 0.000425 0.000752 0.000502 0.000799 0.00058 0.000831 0.000497 0.000808 0.00058 0.000831 0.000578 0.000841 0.000497 0.000808 0.000497 0.000808 0.000578 0.000841 0.000491 0.000817 0.000578 0.000841 0.000576 0.000851 0.000491 0.000817 0.00058 0.000831 0.000663 0.00083 0.000578 0.000841 0.000663 0.00083 0.000666 0.00084 0.000578 0.000841 0.000578 0.000841 0.000666 0.00084 0.000576 0.000851 0.000666 0.00084 0.000668 0.00085 0.000576 0.000851 0.000663 0.00083 0.00074 0.000797 0.000666 0.00084 0.00074 0.000797 0.000746 0.000805 0.000666 0.00084 0.000666 0.00084 0.000746 0.000805 0.000668 0.00085 0.000746 0.000805 0.000752 0.000814 0.000668 0.00085 0.00074 0.000797 0.000799 0.000736 0.000746 0.000805 0.000799 0.000736 0.000808 0.000742 0.000746 0.000805 0.000746 0.000805 0.000808 0.000742 0.000752 0.000814 0.000808 0.000742 0.000817 0.000748 0.000752 0.000814 0.000799 0.000736 0.00083 0.000658 0.000808 0.000742 0.00083 0.000658 0.00084 0.00066 0.000808 0.000742 0.000808 0.000742 0.00084 0.00066 0.000817 0.000748 0.00084 0.00066 0.000851 0.000662 0.000817 0.000748 0.00083 0.000658 0.000829 0.000574 0.00084 0.00066 0.000829 0.000574 0.000839 0.000572 0.00084 0.00066 0.00084 0.00066 0.000839 0.000572 0.000851 0.000662 0.000839 0.000572 0.00085 0.00057 0.000851 0.000662 0.000829 0.000574 0.000796 0.000496 0.000839 0.000572 0.000796 0.000496 0.000804 0.000491 0.000839 0.000572 0.000839 0.000572 0.000804 0.000491 0.00085 0.00057 0.000804 0.000491 0.000813 0.000485 0.00085 0.00057 0.000796 0.000496 0.000736 0.000438 0.000804 0.000491 0.000736 0.000438 0.000741 0.000429 0.000804 0.000491 0.000804 0.000491 0.000741 0.000429 0.000813 0.000485 0.000741 0.000429 0.000747 0.00042 0.000813 0.000485 0.000736 0.000438 0.000658 0.000407 0.000741 0.000429 0.000658 0.000407 0.00066 0.000396 0.000741 0.000429 0.000741 0.000429 0.00066 0.000396 0.000747 0.00042 0.00066 0.000396 0.000662 0.000386 0.000747 0.00042 0.000658 0.000407 0.000574 0.000408 0.00066 0.000396 0.000574 0.000408 0.000572 0.000398 0.00066 0.000396 0.00066 0.000396 0.000572 0.000398 0.000662 0.000386 0.000572 0.000398 0.00057 0.000387 0.000662 0.000386 0.00057 0.000387 0.000485 0.000424 0.000559 0.000338 0.000485 0.000424 0.000457 0.000383 0.000559 0.000338 0.000439 0.000501 0.000497 0.000441 0.000545 0.000566 0.000497 0.000441 0.000569 0.000541 0.000545 0.000566 0.000318 0.000683 0.000058 0.000729 0.000317 0.000563 0.000058 0.000729 0.000058 0.000506 0.000317 0.000563 0.000683 0.000921 0.000729 0.001183 0.000562 0.000922 0.000729 0.001183 0.000505 0.001182 0.000562 0.000922 0.000451 0.000877 0.000299 0.001095 0.000365 0.000793 0.000299 0.001095 0.000142 0.000936 0.000365 0.000793 0.000317 0.000563 0.000058 0.000506 0.00036 0.000451 0.000058 0.000506 0.000143 0.0003 0.00036 0.000451 0.000921 0.000554 0.001183 0.000507 0.000923 0.000675 0.001183 0.000507 0.001183 0.000732 0.000923 0.000675 0.000554 0.000316 0.000507 0.000056 0.000675 0.000314 0.000507 0.000056 0.000731 0.000055 0.000675 0.000314 0.000923 0.000675 0.001183 0.000732 0.000878 0.000788 0.001183 0.000732 0.001097 0.00094 0.000878 0.000788 0.000365 0.000793 0.000142 0.000936 0.000318 0.000683 0.000142 0.000936 0.000058 0.000729 0.000318 0.000683 0.00036 0.000451 0.000143 0.0003 0.000444 0.000364 0.000143 0.0003 0.000301 0.000142 0.000444 0.000364 0.000675 0.000314 0.000731 0.000055 0.000787 0.000359 0.000731 0.000055 0.000938 0.000141 0.000787 0.000359 0.000873 0.000443 0.001097 0.000299 0.000921 0.000554 0.001097 0.000299 0.001183 0.000507 0.000921 0.000554 0.000878 0.000788 0.001097 0.00094 0.000793 0.000874 0.001097 0.00094 0.000937 0.001098 0.000793 0.000874 0.000562 0.000922 0.000505 0.001182 0.000451 0.000877 0.000505 0.001182 0.000299 0.001095 0.000451 0.000877 0.000793 0.000874 0.000937 0.001098 0.000683 0.000921 0.000937 0.001098 0.000729 0.001183 0.000683 0.000921 0.000787 0.000359 0.000938 0.000141 0.000873 0.000443 0.000938 0.000141 0.001097 0.000299 0.000873 0.000443 0.00074 0.000797 0.000663 0.00083 0.000668 0.000697 0.000663 0.00083 0.000635 0.00071 0.000668 0.000697 0.000444 0.000364 0.000301 0.000142 0.000554 0.000316 0.000301 0.000142 0.000507 0.000056 0.000554 0.000316 0.000799 0.000736 0.00074 0.000797 0.000693 0.000672 0.00074 0.000797 0.000668 0.000697 0.000693 0.000672 0.000409 0.000579 0.000439 0.000501 0.000532 0.000598 0.000439 0.000501 0.000545 0.000566 0.000532 0.000598 0.00083 0.000658 0.000799 0.000736 0.000707 0.000638 0.000799 0.000736 0.000693 0.000672 0.000707 0.000638 0.00041 0.000663 0.000409 0.000579 0.000533 0.000634 0.000409 0.000579 0.000532 0.000598 0.000533 0.000634 0.000829 0.000574 0.00083 0.000658 0.000708 0.000602 0.00083 0.000658 0.000707 0.000638 0.000708 0.000602 0.000443 0.00074 0.00041 0.000663 0.000543 0.000668 0.00041 0.000663 0.000533 0.000634 0.000543 0.000668 0.000796 0.000496 0.000829 0.000574 0.000694 0.000569 0.000829 0.000574 0.000708 0.000602 0.000694 0.000569 0.000502 0.000799 0.000443 0.00074 0.000567 0.000695 0.000443 0.00074 0.000543 0.000668 0.000567 0.000695 0.000736 0.000438 0.000796 0.000496 0.000669 0.000543 0.000796 0.000496 0.000694 0.000569 0.000669 0.000543 0.00058 0.000831 0.000502 0.000799 0.000599 0.00071 0.000502 0.000799 0.000567 0.000695 0.000599 0.00071 0.000658 0.000407 0.000736 0.000438 0.000637 0.000529 0.000736 0.000438 0.000669 0.000543 0.000637 0.000529 0.000663 0.00083 0.00058 0.000831 0.000635 0.00071 0.00058 0.000831 0.000599 0.00071 0.000635 0.00071 0.000859 0.000775 0.000781 0.000856 0.000817 0.000748 0.000781 0.000856 0.000752 0.000814 0.000817 0.000748 0.000338 0.000567 0.000379 0.000463 0.000388 0.000576 0.000379 0.000463 0.000421 0.00049 0.000388 0.000576 0.000901 0.000671 0.000859 0.000775 0.000851 0.000662 0.000859 0.000775 0.000817 0.000748 0.000851 0.000662 0.000388 0.000576 0.000389 0.000668 0.000338 0.000567 0.000389 0.000668 0.00034 0.000678 0.000338 0.000567 0.000901 0.000671 0.000851 0.000662 0.000899 0.000559 0.000851 0.000662 0.00085 0.00057 0.000899 0.000559 0.000384 0.000781 0.00034 0.000678 0.000425 0.000752 0.00034 0.000678 0.000389 0.000668 0.000425 0.000752 0.00085 0.00057 0.000813 0.000485 0.000899 0.000559 0.000813 0.000485 0.000855 0.000456 0.000899 0.000559 0.000463 0.000859 0.000384 0.000781 0.000491 0.000817 0.000384 0.000781 0.000425 0.000752 0.000491 0.000817 0.000747 0.00042 0.000775 0.000378 0.000813 0.000485 0.000775 0.000378 0.000855 0.000456 0.000813 0.000485 0.000567 0.000901 0.000463 0.000859 0.000576 0.000851 0.000463 0.000859 0.000491 0.000817 0.000576 0.000851 0.000671 0.000336 0.000775 0.000378 0.000662 0.000386 0.000775 0.000378 0.000747 0.00042 0.000662 0.000386 0.000567 0.000901 0.000576 0.000851 0.000678 0.000899 0.000576 0.000851 0.000668 0.00085 0.000678 0.000899 0.000671 0.000336 0.000662 0.000386 0.000559 0.000338 0.000662 0.000386 0.00057 0.000387 0.000559 0.000338 0.000497 0.000441 0.000574 0.000408 0.000569 0.000541 0.000574 0.000408 0.000602 0.000528 0.000569 0.000541 0.000668 0.00085 0.000752 0.000814 0.000678 0.000899 0.000752 0.000814 0.000781 0.000856 0.000678 0.000899 0.000485 0.000424 0.000421 0.00049 0.000457 0.000383 0.000421 0.00049 0.000379 0.000463 0.000457 0.000383 0.000444 0.000364 0.000554 0.000316 0.00045 0.000374 0.000554 0.000316 0.000557 0.000327 0.00045 0.000374 0.00045 0.000374 0.000557 0.000327 0.000457 0.000383 0.000557 0.000327 0.000559 0.000338 0.000457 0.000383 0.00036 0.000451 0.000444 0.000364 0.00037 0.000457 0.000444 0.000364 0.00045 0.000374 0.00037 0.000457 0.00037 0.000457 0.00045 0.000374 0.000379 0.000463 0.00045 0.000374 0.000457 0.000383 0.000379 0.000463 0.000317 0.000563 0.00036 0.000451 0.000328 0.000565 0.00036 0.000451 0.00037 0.000457 0.000328 0.000565 0.000328 0.000565 0.00037 0.000457 0.000338 0.000567 0.00037 0.000457 0.000379 0.000463 0.000338 0.000567 0.000318 0.000683 0.000317 0.000563 0.000329 0.00068 0.000317 0.000563 0.000328 0.000565 0.000329 0.00068 0.000329 0.00068 0.000328 0.000565 0.00034 0.000678 0.000328 0.000565 0.000338 0.000567 0.00034 0.000678 0.000365 0.000793 0.000318 0.000683 0.000375 0.000787 0.000318 0.000683 0.000329 0.00068 0.000375 0.000787 0.000375 0.000787 0.000329 0.00068 0.000384 0.000781 0.000329 0.00068 0.00034 0.000678 0.000384 0.000781 0.000451 0.000877 0.000365 0.000793 0.000457 0.000868 0.000365 0.000793 0.000375 0.000787 0.000457 0.000868 0.000457 0.000868 0.000375 0.000787 0.000463 0.000859 0.000375 0.000787 0.000384 0.000781 0.000463 0.000859 0.000562 0.000922 0.000451 0.000877 0.000565 0.000911 0.000451 0.000877 0.000457 0.000868 0.000565 0.000911 0.000565 0.000911 0.000457 0.000868 0.000567 0.000901 0.000457 0.000868 0.000463 0.000859 0.000567 0.000901 0.000683 0.000921 0.000562 0.000922 0.00068 0.00091 0.000562 0.000922 0.000565 0.000911 0.00068 0.00091 0.00068 0.00091 0.000565 0.000911 0.000678 0.000899 0.000565 0.000911 0.000567 0.000901 0.000678 0.000899 0.000793 0.000874 0.000683 0.000921 0.000787 0.000865 0.000683 0.000921 0.00068 0.00091 0.000787 0.000865 0.000787 0.000865 0.00068 0.00091 0.000781 0.000856 0.00068 0.00091 0.000678 0.000899 0.000781 0.000856 0.000878 0.000788 0.000793 0.000874 0.000868 0.000781 0.000793 0.000874 0.000787 0.000865 0.000868 0.000781 0.000868 0.000781 0.000787 0.000865 0.000859 0.000775 0.000787 0.000865 0.000781 0.000856 0.000859 0.000775 0.000923 0.000675 0.000878 0.000788 0.000912 0.000673 0.000878 0.000788 0.000868 0.000781 0.000912 0.000673 0.000912 0.000673 0.000868 0.000781 0.000901 0.000671 0.000868 0.000781 0.000859 0.000775 0.000901 0.000671 0.000921 0.000554 0.000923 0.000675 0.00091 0.000557 0.000923 0.000675 0.000912 0.000673 0.00091 0.000557 0.00091 0.000557 0.000912 0.000673 0.000899 0.000559 0.000912 0.000673 0.000901 0.000671 0.000899 0.000559 0.000873 0.000443 0.000921 0.000554 0.000864 0.00045 0.000921 0.000554 0.00091 0.000557 0.000864 0.00045 0.000864 0.00045 0.00091 0.000557 0.000855 0.000456 0.00091 0.000557 0.000899 0.000559 0.000855 0.000456 0.000787 0.000359 0.000873 0.000443 0.000781 0.000369 0.000873 0.000443 0.000864 0.00045 0.000781 0.000369 0.000781 0.000369 0.000864 0.00045 0.000775 0.000378 0.000864 0.00045 0.000855 0.000456 0.000775 0.000378 0.000675 0.000314 0.000787 0.000359 0.000673 0.000326 0.000787 0.000359 0.000781 0.000369 0.000673 0.000326 0.000673 0.000326 0.000781 0.000369 0.000671 0.000336 0.000781 0.000369 0.000775 0.000378 0.000671 0.000336 0.000554 0.000316 0.000675 0.000314 0.000557 0.000327 0.000675 0.000314 0.000673 0.000326 0.000557 0.000327 0.000557 0.000327 0.000673 0.000326 0.000559 0.000338 0.000673 0.000326 0.000671 0.000336 0.000559 0.000338 0.000574 0.000408 0.000658 0.000407 0.000602 0.000528 0.000658 0.000407 0.000637 0.000529 0.000602 0.000528 0.000574 0.000408 0.000497 0.000441 0.000572 0.000398 0.000497 0.000441 0.000491 0.000433 0.000572 0.000398 0.000572 0.000398 0.000491 0.000433 0.00057 0.000387 0.000491 0.000433 0.000485 0.000424 0.00057 0.000387 0.000497 0.000441 0.000439 0.000501 0.000491 0.000433 0.000439 0.000501 0.00043 0.000496 0.000491 0.000433 0.000491 0.000433 0.00043 0.000496 0.000485 0.000424 0.00043 0.000496 0.000421 0.00049 0.000485 0.000424 0.000439 0.000501 0.000409 0.000579 0.00043 0.000496 0.000409 0.000579 0.000398 0.000577 0.00043 0.000496 0.00043 0.000496 0.000398 0.000577 0.000421 0.00049 0.000398 0.000577 0.000388 0.000576 0.000421 0.00049 0.000409 0.000579 0.00041 0.000663 0.000398 0.000577 0.00041 0.000663 0.0004 0.000665 0.000398 0.000577 0.000398 0.000577 0.0004 0.000665 0.000388 0.000576 0.0004 0.000665 0.000389 0.000668 0.000388 0.000576 0.00041 0.000663 0.000443 0.00074 0.0004 0.000665 0.000443 0.00074 0.000434 0.000746 0.0004 0.000665 0.0004 0.000665 0.000434 0.000746 0.000389 0.000668 0.000434 0.000746 0.000425 0.000752 0.000389 0.000668 0.000443 0.00074 0.000502 0.000799 0.000434 0.000746 0.000502 0.000799 0.000497 0.000808 0.000434 0.000746 0.000434 0.000746 0.000497 0.000808 0.000425 0.000752 0.000497 0.000808 0.000491 0.000817 0.000425 0.000752 0.000502 0.000799 0.00058 0.000831 0.000497 0.000808 0.00058 0.000831 0.000578 0.000841 0.000497 0.000808 0.000497 0.000808 0.000578 0.000841 0.000491 0.000817 0.000578 0.000841 0.000576 0.000851 0.000491 0.000817 0.00058 0.000831 0.000663 0.00083 0.000578 0.000841 0.000663 0.00083 0.000666 0.00084 0.000578 0.000841 0.000578 0.000841 0.000666 0.00084 0.000576 0.000851 0.000666 0.00084 0.000668 0.00085 0.000576 0.000851 0.000663 0.00083 0.00074 0.000797 0.000666 0.00084 0.00074 0.000797 0.000746 0.000805 0.000666 0.00084 0.000666 0.00084 0.000746 0.000805 0.000668 0.00085 0.000746 0.000805 0.000752 0.000814 0.000668 0.00085 0.00074 0.000797 0.000799 0.000736 0.000746 0.000805 0.000799 0.000736 0.000808 0.000742 0.000746 0.000805 0.000746 0.000805 0.000808 0.000742 0.000752 0.000814 0.000808 0.000742 0.000817 0.000748 0.000752 0.000814 0.000799 0.000736 0.00083 0.000658 0.000808 0.000742 0.00083 0.000658 0.00084 0.00066 0.000808 0.000742 0.000808 0.000742 0.00084 0.00066 0.000817 0.000748 0.00084 0.00066 0.000851 0.000662 0.000817 0.000748 0.00083 0.000658 0.000829 0.000574 0.00084 0.00066 0.000829 0.000574 0.000839 0.000572 0.00084 0.00066 0.00084 0.00066 0.000839 0.000572 0.000851 0.000662 0.000839 0.000572 0.00085 0.00057 0.000851 0.000662 0.000829 0.000574 0.000796 0.000496 0.000839 0.000572 0.000796 0.000496 0.000804 0.000491 0.000839 0.000572 0.000839 0.000572 0.000804 0.000491 0.00085 0.00057 0.000804 0.000491 0.000813 0.000485 0.00085 0.00057 0.000796 0.000496 0.000736 0.000438 0.000804 0.000491 0.000736 0.000438 0.000741 0.000429 0.000804 0.000491 0.000804 0.000491 0.000741 0.000429 0.000813 0.000485 0.000741 0.000429 0.000747 0.00042 0.000813 0.000485 0.000736 0.000438 0.000658 0.000407 0.000741 0.000429 0.000658 0.000407 0.00066 0.000396 0.000741 0.000429 0.000741 0.000429 0.00066 0.000396 0.000747 0.00042 0.00066 0.000396 0.000662 0.000386 0.000747 0.00042 0.000658 0.000407 0.000574 0.000408 0.00066 0.000396 0.000574 0.000408 0.000572 0.000398 0.00066 0.000396 0.00066 0.000396 0.000572 0.000398 0.000662 0.000386 0.000572 0.000398 0.00057 0.000387 0.000662 0.000386 0.00057 0.000387 0.000485 0.000424 0.000559 0.000338 0.000485 0.000424 0.000457 0.000383 0.000559 0.000338 0.000439 0.000501 0.000497 0.000441 0.000545 0.000566 0.000497 0.000441 0.000569 0.000541 0.000545 0.000566 0.000318 0.000683 0.000058 0.000729 0.000317 0.000563 0.000058 0.000729 0.000058 0.000506 0.000317 0.000563 0.000683 0.000921 0.000729 0.001183 0.000562 0.000922 0.000729 0.001183 0.000505 0.001182 0.000562 0.000922 0.000451 0.000877 0.000299 0.001095 0.000365 0.000793 0.000299 0.001095 0.000142 0.000936 0.000365 0.000793 0.000317 0.000563 0.000058 0.000506 0.00036 0.000451 0.000058 0.000506 0.000143 0.0003 0.00036 0.000451 0.000921 0.000554 0.001183 0.000507 0.000923 0.000675 0.001183 0.000507 0.001183 0.000732 0.000923 0.000675 0.000554 0.000316 0.000507 0.000056 0.000675 0.000314 0.000507 0.000056 0.000731 0.000055 0.000675 0.000314 0.000923 0.000675 0.001183 0.000732 0.000878 0.000788 0.001183 0.000732 0.001097 0.00094 0.000878 0.000788 0.000365 0.000793 0.000142 0.000936 0.000318 0.000683 0.000142 0.000936 0.000058 0.000729 0.000318 0.000683 0.00036 0.000451 0.000143 0.0003 0.000444 0.000364 0.000143 0.0003 0.000301 0.000142 0.000444 0.000364 0.000675 0.000314 0.000731 0.000055 0.000787 0.000359 0.000731 0.000055 0.000938 0.000141 0.000787 0.000359 0.000873 0.000443 0.001097 0.000299 0.000921 0.000554 0.001097 0.000299 0.001183 0.000507 0.000921 0.000554 0.000878 0.000788 0.001097 0.00094 0.000793 0.000874 0.001097 0.00094 0.000937 0.001098 0.000793 0.000874 0.000562 0.000922 0.000505 0.001182 0.000451 0.000877 0.000505 0.001182 0.000299 0.001095 0.000451 0.000877 0.000793 0.000874 0.000937 0.001098 0.000683 0.000921 0.000937 0.001098 0.000729 0.001183 0.000683 0.000921 0.000787 0.000359 0.000938 0.000141 0.000873 0.000443 0.000938 0.000141 0.001097 0.000299 0.000873 0.000443 0.00074 0.000797 0.000663 0.00083 0.000668 0.000697 0.000663 0.00083 0.000635 0.00071 0.000668 0.000697 0.000444 0.000364 0.000301 0.000142 0.000554 0.000316 0.000301 0.000142 0.000507 0.000056 0.000554 0.000316 0.000799 0.000736 0.00074 0.000797 0.000693 0.000672 0.00074 0.000797 0.000668 0.000697 0.000693 0.000672 0.000409 0.000579 0.000439 0.000501 0.000532 0.000598 0.000439 0.000501 0.000545 0.000566 0.000532 0.000598 0.00083 0.000658 0.000799 0.000736 0.000707 0.000638 0.000799 0.000736 0.000693 0.000672 0.000707 0.000638 0.00041 0.000663 0.000409 0.000579 0.000533 0.000634 0.000409 0.000579 0.000532 0.000598 0.000533 0.000634 0.000829 0.000574 0.00083 0.000658 0.000708 0.000602 0.00083 0.000658 0.000707 0.000638 0.000708 0.000602 0.000443 0.00074 0.00041 0.000663 0.000543 0.000668 0.00041 0.000663 0.000533 0.000634 0.000543 0.000668 0.000796 0.000496 0.000829 0.000574 0.000694 0.000569 0.000829 0.000574 0.000708 0.000602 0.000694 0.000569 0.000502 0.000799 0.000443 0.00074 0.000567 0.000695 0.000443 0.00074 0.000543 0.000668 0.000567 0.000695 0.000736 0.000438 0.000796 0.000496 0.000669 0.000543 0.000796 0.000496 0.000694 0.000569 0.000669 0.000543 0.00058 0.000831 0.000502 0.000799 0.000599 0.00071 0.000502 0.000799 0.000567 0.000695 0.000599 0.00071 0.000658 0.000407 0.000736 0.000438 0.000637 0.000529 0.000736 0.000438 0.000669 0.000543 0.000637 0.000529 0.000663 0.00083 0.00058 0.000831 0.000635 0.00071 0.00058 0.000831 0.000599 0.00071 0.000635 0.00071 0.000859 0.000775 0.000781 0.000856 0.000817 0.000748 0.000781 0.000856 0.000752 0.000814 0.000817 0.000748 0.000338 0.000567 0.000379 0.000463 0.000388 0.000576 0.000379 0.000463 0.000421 0.00049 0.000388 0.000576 0.000901 0.000671 0.000859 0.000775 0.000851 0.000662 0.000859 0.000775 0.000817 0.000748 0.000851 0.000662 0.000388 0.000576 0.000389 0.000668 0.000338 0.000567 0.000389 0.000668 0.00034 0.000678 0.000338 0.000567 0.000901 0.000671 0.000851 0.000662 0.000899 0.000559 0.000851 0.000662 0.00085 0.00057 0.000899 0.000559 0.000384 0.000781 0.00034 0.000678 0.000425 0.000752 0.00034 0.000678 0.000389 0.000668 0.000425 0.000752 0.00085 0.00057 0.000813 0.000485 0.000899 0.000559 0.000813 0.000485 0.000855 0.000456 0.000899 0.000559 0.000463 0.000859 0.000384 0.000781 0.000491 0.000817 0.000384 0.000781 0.000425 0.000752 0.000491 0.000817 0.000747 0.00042 0.000775 0.000378 0.000813 0.000485 0.000775 0.000378 0.000855 0.000456 0.000813 0.000485 0.000567 0.000901 0.000463 0.000859 0.000576 0.000851 0.000463 0.000859 0.000491 0.000817 0.000576 0.000851 0.000671 0.000336 0.000775 0.000378 0.000662 0.000386 0.000775 0.000378 0.000747 0.00042 0.000662 0.000386 0.000567 0.000901 0.000576 0.000851 0.000678 0.000899 0.000576 0.000851 0.000668 0.00085 0.000678 0.000899 0.000671 0.000336 0.000662 0.000386 0.000559 0.000338 0.000662 0.000386 0.00057 0.000387 0.000559 0.000338 0.000497 0.000441 0.000574 0.000408 0.000569 0.000541 0.000574 0.000408 0.000602 0.000528 0.000569 0.000541 0.000668 0.00085 0.000752 0.000814 0.000678 0.000899 0.000752 0.000814 0.000781 0.000856 0.000678 0.000899 0.000485 0.000424 0.000421 0.00049 0.000457 0.000383 0.000421 0.00049 0.000379 0.000463 0.000457 0.000383 0.000444 0.000364 0.000554 0.000316 0.00045 0.000374 0.000554 0.000316 0.000557 0.000327 0.00045 0.000374 0.00045 0.000374 0.000557 0.000327 0.000457 0.000383 0.000557 0.000327 0.000559 0.000338 0.000457 0.000383 0.00036 0.000451 0.000444 0.000364 0.00037 0.000457 0.000444 0.000364 0.00045 0.000374 0.00037 0.000457 0.00037 0.000457 0.00045 0.000374 0.000379 0.000463 0.00045 0.000374 0.000457 0.000383 0.000379 0.000463 0.000317 0.000563 0.00036 0.000451 0.000328 0.000565 0.00036 0.000451 0.00037 0.000457 0.000328 0.000565 0.000328 0.000565 0.00037 0.000457 0.000338 0.000567 0.00037 0.000457 0.000379 0.000463 0.000338 0.000567 0.000318 0.000683 0.000317 0.000563 0.000329 0.00068 0.000317 0.000563 0.000328 0.000565 0.000329 0.00068 0.000329 0.00068 0.000328 0.000565 0.00034 0.000678 0.000328 0.000565 0.000338 0.000567 0.00034 0.000678 0.000365 0.000793 0.000318 0.000683 0.000375 0.000787 0.000318 0.000683 0.000329 0.00068 0.000375 0.000787 0.000375 0.000787 0.000329 0.00068 0.000384 0.000781 0.000329 0.00068 0.00034 0.000678 0.000384 0.000781 0.000451 0.000877 0.000365 0.000793 0.000457 0.000868 0.000365 0.000793 0.000375 0.000787 0.000457 0.000868 0.000457 0.000868 0.000375 0.000787 0.000463 0.000859 0.000375 0.000787 0.000384 0.000781 0.000463 0.000859 0.000562 0.000922 0.000451 0.000877 0.000565 0.000911 0.000451 0.000877 0.000457 0.000868 0.000565 0.000911 0.000565 0.000911 0.000457 0.000868 0.000567 0.000901 0.000457 0.000868 0.000463 0.000859 0.000567 0.000901 0.000683 0.000921 0.000562 0.000922 0.00068 0.00091 0.000562 0.000922 0.000565 0.000911 0.00068 0.00091 0.00068 0.00091 0.000565 0.000911 0.000678 0.000899 0.000565 0.000911 0.000567 0.000901 0.000678 0.000899 0.000793 0.000874 0.000683 0.000921 0.000787 0.000865 0.000683 0.000921 0.00068 0.00091 0.000787 0.000865 0.000787 0.000865 0.00068 0.00091 0.000781 0.000856 0.00068 0.00091 0.000678 0.000899 0.000781 0.000856 0.000878 0.000788 0.000793 0.000874 0.000868 0.000781 0.000793 0.000874 0.000787 0.000865 0.000868 0.000781 0.000868 0.000781 0.000787 0.000865 0.000859 0.000775 0.000787 0.000865 0.000781 0.000856 0.000859 0.000775 0.000923 0.000675 0.000878 0.000788 0.000912 0.000673 0.000878 0.000788 0.000868 0.000781 0.000912 0.000673 0.000912 0.000673 0.000868 0.000781 0.000901 0.000671 0.000868 0.000781 0.000859 0.000775 0.000901 0.000671 0.000921 0.000554 0.000923 0.000675 0.00091 0.000557 0.000923 0.000675 0.000912 0.000673 0.00091 0.000557 0.00091 0.000557 0.000912 0.000673 0.000899 0.000559 0.000912 0.000673 0.000901 0.000671 0.000899 0.000559 0.000873 0.000443 0.000921 0.000554 0.000864 0.00045 0.000921 0.000554 0.00091 0.000557 0.000864 0.00045 0.000864 0.00045 0.00091 0.000557 0.000855 0.000456 0.00091 0.000557 0.000899 0.000559 0.000855 0.000456 0.000787 0.000359 0.000873 0.000443 0.000781 0.000369 0.000873 0.000443 0.000864 0.00045 0.000781 0.000369 0.000781 0.000369 0.000864 0.00045 0.000775 0.000378 0.000864 0.00045 0.000855 0.000456 0.000775 0.000378 0.000675 0.000314 0.000787 0.000359 0.000673 0.000326 0.000787 0.000359 0.000781 0.000369 0.000673 0.000326 0.000673 0.000326 0.000781 0.000369 0.000671 0.000336 0.000781 0.000369 0.000775 0.000378 0.000671 0.000336 0.000554 0.000316 0.000675 0.000314 0.000557 0.000327 0.000675 0.000314 0.000673 0.000326 0.000557 0.000327 0.000557 0.000327 0.000673 0.000326 0.000559 0.000338 0.000673 0.000326 0.000671 0.000336 0.000559 0.000338 0.000574 0.000408 0.000658 0.000407 0.000602 0.000528 0.000658 0.000407 0.000637 0.000529 0.000602 0.000528 0.000574 0.000408 0.000497 0.000441 0.000572 0.000398 0.000497 0.000441 0.000491 0.000433 0.000572 0.000398 0.000572 0.000398 0.000491 0.000433 0.00057 0.000387 0.000491 0.000433 0.000485 0.000424 0.00057 0.000387 0.000497 0.000441 0.000439 0.000501 0.000491 0.000433 0.000439 0.000501 0.00043 0.000496 0.000491 0.000433 0.000491 0.000433 0.00043 0.000496 0.000485 0.000424 0.00043 0.000496 0.000421 0.00049 0.000485 0.000424 0.000439 0.000501 0.000409 0.000579 0.00043 0.000496 0.000409 0.000579 0.000398 0.000577 0.00043 0.000496 0.00043 0.000496 0.000398 0.000577 0.000421 0.00049 0.000398 0.000577 0.000388 0.000576 0.000421 0.00049 0.000409 0.000579 0.00041 0.000663 0.000398 0.000577 0.00041 0.000663 0.0004 0.000665 0.000398 0.000577 0.000398 0.000577 0.0004 0.000665 0.000388 0.000576 0.0004 0.000665 0.000389 0.000668 0.000388 0.000576 0.00041 0.000663 0.000443 0.00074 0.0004 0.000665 0.000443 0.00074 0.000434 0.000746 0.0004 0.000665 0.0004 0.000665 0.000434 0.000746 0.000389 0.000668 0.000434 0.000746 0.000425 0.000752 0.000389 0.000668 0.000443 0.00074 0.000502 0.000799 0.000434 0.000746 0.000502 0.000799 0.000497 0.000808 0.000434 0.000746 0.000434 0.000746 0.000497 0.000808 0.000425 0.000752 0.000497 0.000808 0.000491 0.000817 0.000425 0.000752 0.000502 0.000799 0.00058 0.000831 0.000497 0.000808 0.00058 0.000831 0.000578 0.000841 0.000497 0.000808 0.000497 0.000808 0.000578 0.000841 0.000491 0.000817 0.000578 0.000841 0.000576 0.000851 0.000491 0.000817 0.00058 0.000831 0.000663 0.00083 0.000578 0.000841 0.000663 0.00083 0.000666 0.00084 0.000578 0.000841 0.000578 0.000841 0.000666 0.00084 0.000576 0.000851 0.000666 0.00084 0.000668 0.00085 0.000576 0.000851 0.000663 0.00083 0.00074 0.000797 0.000666 0.00084 0.00074 0.000797 0.000746 0.000805 0.000666 0.00084 0.000666 0.00084 0.000746 0.000805 0.000668 0.00085 0.000746 0.000805 0.000752 0.000814 0.000668 0.00085 0.00074 0.000797 0.000799 0.000736 0.000746 0.000805 0.000799 0.000736 0.000808 0.000742 0.000746 0.000805 0.000746 0.000805 0.000808 0.000742 0.000752 0.000814 0.000808 0.000742 0.000817 0.000748 0.000752 0.000814 0.000799 0.000736 0.00083 0.000658 0.000808 0.000742 0.00083 0.000658 0.00084 0.00066 0.000808 0.000742 0.000808 0.000742 0.00084 0.00066 0.000817 0.000748 0.00084 0.00066 0.000851 0.000662 0.000817 0.000748 0.00083 0.000658 0.000829 0.000574 0.00084 0.00066 0.000829 0.000574 0.000839 0.000572 0.00084 0.00066 0.00084 0.00066 0.000839 0.000572 0.000851 0.000662 0.000839 0.000572 0.00085 0.00057 0.000851 0.000662 0.000829 0.000574 0.000796 0.000496 0.000839 0.000572 0.000796 0.000496 0.000804 0.000491 0.000839 0.000572 0.000839 0.000572 0.000804 0.000491 0.00085 0.00057 0.000804 0.000491 0.000813 0.000485 0.00085 0.00057 0.000796 0.000496 0.000736 0.000438 0.000804 0.000491 0.000736 0.000438 0.000741 0.000429 0.000804 0.000491 0.000804 0.000491 0.000741 0.000429 0.000813 0.000485 0.000741 0.000429 0.000747 0.00042 0.000813 0.000485 0.000736 0.000438 0.000658 0.000407 0.000741 0.000429 0.000658 0.000407 0.00066 0.000396 0.000741 0.000429 0.000741 0.000429 0.00066 0.000396 0.000747 0.00042 0.00066 0.000396 0.000662 0.000386 0.000747 0.00042 0.000658 0.000407 0.000574 0.000408 0.00066 0.000396 0.000574 0.000408 0.000572 0.000398 0.00066 0.000396 0.00066 0.000396 0.000572 0.000398 0.000662 0.000386 0.000572 0.000398 0.00057 0.000387 0.000662 0.000386 0.00057 0.000387 0.000485 0.000424 0.000559 0.000338 0.000485 0.000424 0.000457 0.000383 0.000559 0.000338 0.000439 0.000501 0.000497 0.000441 0.000545 0.000566 0.000497 0.000441 0.000569 0.000541 0.000545 0.000566 0.000318 0.000683 0.000058 0.000729 0.000317 0.000563 0.000058 0.000729 0.000058 0.000506 0.000317 0.000563 0.000683 0.000921 0.000729 0.001183 0.000562 0.000922 0.000729 0.001183 0.000505 0.001182 0.000562 0.000922 0.000451 0.000877 0.000299 0.001095 0.000365 0.000793 0.000299 0.001095 0.000142 0.000936 0.000365 0.000793 0.000317 0.000563 0.000058 0.000506 0.00036 0.000451 0.000058 0.000506 0.000143 0.0003 0.00036 0.000451 0.000921 0.000554 0.001183 0.000507 0.000923 0.000675 0.001183 0.000507 0.001183 0.000732 0.000923 0.000675 0.000554 0.000316 0.000507 0.000056 0.000675 0.000314 0.000507 0.000056 0.000731 0.000055 0.000675 0.000314 0.000923 0.000675 0.001183 0.000732 0.000878 0.000788 0.001183 0.000732 0.001097 0.00094 0.000878 0.000788 0.000365 0.000793 0.000142 0.000936 0.000318 0.000683 0.000142 0.000936 0.000058 0.000729 0.000318 0.000683 0.00036 0.000451 0.000143 0.0003 0.000444 0.000364 0.000143 0.0003 0.000301 0.000142 0.000444 0.000364 0.000675 0.000314 0.000731 0.000055 0.000787 0.000359 0.000731 0.000055 0.000938 0.000141 0.000787 0.000359 0.000873 0.000443 0.001097 0.000299 0.000921 0.000554 0.001097 0.000299 0.001183 0.000507 0.000921 0.000554 0.000878 0.000788 0.001097 0.00094 0.000793 0.000874 0.001097 0.00094 0.000937 0.001098 0.000793 0.000874 0.000562 0.000922 0.000505 0.001182 0.000451 0.000877 0.000505 0.001182 0.000299 0.001095 0.000451 0.000877 0.000793 0.000874 0.000937 0.001098 0.000683 0.000921 0.000937 0.001098 0.000729 0.001183 0.000683 0.000921 0.000787 0.000359 0.000938 0.000141 0.000873 0.000443 0.000938 0.000141 0.001097 0.000299 0.000873 0.000443 0.00074 0.000797 0.000663 0.00083 0.000668 0.000697 0.000663 0.00083 0.000635 0.00071 0.000668 0.000697 0.000444 0.000364 0.000301 0.000142 0.000554 0.000316 0.000301 0.000142 0.000507 0.000056 0.000554 0.000316 0.000799 0.000736 0.00074 0.000797 0.000693 0.000672 0.00074 0.000797 0.000668 0.000697 0.000693 0.000672 0.000409 0.000579 0.000439 0.000501 0.000532 0.000598 0.000439 0.000501 0.000545 0.000566 0.000532 0.000598 0.00083 0.000658 0.000799 0.000736 0.000707 0.000638 0.000799 0.000736 0.000693 0.000672 0.000707 0.000638 0.00041 0.000663 0.000409 0.000579 0.000533 0.000634 0.000409 0.000579 0.000532 0.000598 0.000533 0.000634 0.000829 0.000574 0.00083 0.000658 0.000708 0.000602 0.00083 0.000658 0.000707 0.000638 0.000708 0.000602 0.000443 0.00074 0.00041 0.000663 0.000543 0.000668 0.00041 0.000663 0.000533 0.000634 0.000543 0.000668 0.000796 0.000496 0.000829 0.000574 0.000694 0.000569 0.000829 0.000574 0.000708 0.000602 0.000694 0.000569 0.000502 0.000799 0.000443 0.00074 0.000567 0.000695 0.000443 0.00074 0.000543 0.000668 0.000567 0.000695 0.000736 0.000438 0.000796 0.000496 0.000669 0.000543 0.000796 0.000496 0.000694 0.000569 0.000669 0.000543 0.00058 0.000831 0.000502 0.000799 0.000599 0.00071 0.000502 0.000799 0.000567 0.000695 0.000599 0.00071 0.000658 0.000407 0.000736 0.000438 0.000637 0.000529 0.000736 0.000438 0.000669 0.000543 0.000637 0.000529 0.000663 0.00083 0.00058 0.000831 0.000635 0.00071 0.00058 0.000831 0.000599 0.00071 0.000635 0.00071 0.000859 0.000775 0.000781 0.000856 0.000817 0.000748 0.000781 0.000856 0.000752 0.000814 0.000817 0.000748 0.000338 0.000567 0.000379 0.000463 0.000388 0.000576 0.000379 0.000463 0.000421 0.00049 0.000388 0.000576 0.000901 0.000671 0.000859 0.000775 0.000851 0.000662 0.000859 0.000775 0.000817 0.000748 0.000851 0.000662 0.000388 0.000576 0.000389 0.000668 0.000338 0.000567 0.000389 0.000668 0.00034 0.000678 0.000338 0.000567 0.000901 0.000671 0.000851 0.000662 0.000899 0.000559 0.000851 0.000662 0.00085 0.00057 0.000899 0.000559 0.000384 0.000781 0.00034 0.000678 0.000425 0.000752 0.00034 0.000678 0.000389 0.000668 0.000425 0.000752 0.00085 0.00057 0.000813 0.000485 0.000899 0.000559 0.000813 0.000485 0.000855 0.000456 0.000899 0.000559 0.000463 0.000859 0.000384 0.000781 0.000491 0.000817 0.000384 0.000781 0.000425 0.000752 0.000491 0.000817 0.000747 0.00042 0.000775 0.000378 0.000813 0.000485 0.000775 0.000378 0.000855 0.000456 0.000813 0.000485 0.000567 0.000901 0.000463 0.000859 0.000576 0.000851 0.000463 0.000859 0.000491 0.000817 0.000576 0.000851 0.000671 0.000336 0.000775 0.000378 0.000662 0.000386 0.000775 0.000378 0.000747 0.00042 0.000662 0.000386 0.000567 0.000901 0.000576 0.000851 0.000678 0.000899 0.000576 0.000851 0.000668 0.00085 0.000678 0.000899 0.000671 0.000336 0.000662 0.000386 0.000559 0.000338 0.000662 0.000386 0.00057 0.000387 0.000559 0.000338 0.000497 0.000441 0.000574 0.000408 0.000569 0.000541 0.000574 0.000408 0.000602 0.000528 0.000569 0.000541 0.000668 0.00085 0.000752 0.000814 0.000678 0.000899 0.000752 0.000814 0.000781 0.000856 0.000678 0.000899 0.000485 0.000424 0.000421 0.00049 0.000457 0.000383 0.000421 0.00049 0.000379 0.000463 0.000457 0.000383 0.000444 0.000364 0.000554 0.000316 0.00045 0.000374 0.000554 0.000316 0.000557 0.000327 0.00045 0.000374 0.00045 0.000374 0.000557 0.000327 0.000457 0.000383 0.000557 0.000327 0.000559 0.000338 0.000457 0.000383 0.00036 0.000451 0.000444 0.000364 0.00037 0.000457 0.000444 0.000364 0.00045 0.000374 0.00037 0.000457 0.00037 0.000457 0.00045 0.000374 0.000379 0.000463 0.00045 0.000374 0.000457 0.000383 0.000379 0.000463 0.000317 0.000563 0.00036 0.000451 0.000328 0.000565 0.00036 0.000451 0.00037 0.000457 0.000328 0.000565 0.000328 0.000565 0.00037 0.000457 0.000338 0.000567 0.00037 0.000457 0.000379 0.000463 0.000338 0.000567 0.000318 0.000683 0.000317 0.000563 0.000329 0.00068 0.000317 0.000563 0.000328 0.000565 0.000329 0.00068 0.000329 0.00068 0.000328 0.000565 0.00034 0.000678 0.000328 0.000565 0.000338 0.000567 0.00034 0.000678 0.000365 0.000793 0.000318 0.000683 0.000375 0.000787 0.000318 0.000683 0.000329 0.00068 0.000375 0.000787 0.000375 0.000787 0.000329 0.00068 0.000384 0.000781 0.000329 0.00068 0.00034 0.000678 0.000384 0.000781 0.000451 0.000877 0.000365 0.000793 0.000457 0.000868 0.000365 0.000793 0.000375 0.000787 0.000457 0.000868 0.000457 0.000868 0.000375 0.000787 0.000463 0.000859 0.000375 0.000787 0.000384 0.000781 0.000463 0.000859 0.000562 0.000922 0.000451 0.000877 0.000565 0.000911 0.000451 0.000877 0.000457 0.000868 0.000565 0.000911 0.000565 0.000911 0.000457 0.000868 0.000567 0.000901 0.000457 0.000868 0.000463 0.000859 0.000567 0.000901 0.000683 0.000921 0.000562 0.000922 0.00068 0.00091 0.000562 0.000922 0.000565 0.000911 0.00068 0.00091 0.00068 0.00091 0.000565 0.000911 0.000678 0.000899 0.000565 0.000911 0.000567 0.000901 0.000678 0.000899 0.000793 0.000874 0.000683 0.000921 0.000787 0.000865 0.000683 0.000921 0.00068 0.00091 0.000787 0.000865 0.000787 0.000865 0.00068 0.00091 0.000781 0.000856 0.00068 0.00091 0.000678 0.000899 0.000781 0.000856 0.000878 0.000788 0.000793 0.000874 0.000868 0.000781 0.000793 0.000874 0.000787 0.000865 0.000868 0.000781 0.000868 0.000781 0.000787 0.000865 0.000859 0.000775 0.000787 0.000865 0.000781 0.000856 0.000859 0.000775 0.000923 0.000675 0.000878 0.000788 0.000912 0.000673 0.000878 0.000788 0.000868 0.000781 0.000912 0.000673 0.000912 0.000673 0.000868 0.000781 0.000901 0.000671 0.000868 0.000781 0.000859 0.000775 0.000901 0.000671 0.000921 0.000554 0.000923 0.000675 0.00091 0.000557 0.000923 0.000675 0.000912 0.000673 0.00091 0.000557 0.00091 0.000557 0.000912 0.000673 0.000899 0.000559 0.000912 0.000673 0.000901 0.000671 0.000899 0.000559 0.000873 0.000443 0.000921 0.000554 0.000864 0.00045 0.000921 0.000554 0.00091 0.000557 0.000864 0.00045 0.000864 0.00045 0.00091 0.000557 0.000855 0.000456 0.00091 0.000557 0.000899 0.000559 0.000855 0.000456 0.000787 0.000359 0.000873 0.000443 0.000781 0.000369 0.000873 0.000443 0.000864 0.00045 0.000781 0.000369 0.000781 0.000369 0.000864 0.00045 0.000775 0.000378 0.000864 0.00045 0.000855 0.000456 0.000775 0.000378 0.000675 0.000314 0.000787 0.000359 0.000673 0.000326 0.000787 0.000359 0.000781 0.000369 0.000673 0.000326 0.000673 0.000326 0.000781 0.000369 0.000671 0.000336 0.000781 0.000369 0.000775 0.000378 0.000671 0.000336 0.000554 0.000316 0.000675 0.000314 0.000557 0.000327 0.000675 0.000314 0.000673 0.000326 0.000557 0.000327 0.000557 0.000327 0.000673 0.000326 0.000559 0.000338 0.000673 0.000326 0.000671 0.000336 0.000559 0.000338 0.000574 0.000408 0.000658 0.000407 0.000602 0.000528 0.000658 0.000407 0.000637 0.000529 0.000602 0.000528 0.000574 0.000408 0.000497 0.000441 0.000572 0.000398 0.000497 0.000441 0.000491 0.000433 0.000572 0.000398 0.000572 0.000398 0.000491 0.000433 0.00057 0.000387 0.000491 0.000433 0.000485 0.000424 0.00057 0.000387 0.000497 0.000441 0.000439 0.000501 0.000491 0.000433 0.000439 0.000501 0.00043 0.000496 0.000491 0.000433 0.000491 0.000433 0.00043 0.000496 0.000485 0.000424 0.00043 0.000496 0.000421 0.00049 0.000485 0.000424 0.000439 0.000501 0.000409 0.000579 0.00043 0.000496 0.000409 0.000579 0.000398 0.000577 0.00043 0.000496 0.00043 0.000496 0.000398 0.000577 0.000421 0.00049 0.000398 0.000577 0.000388 0.000576 0.000421 0.00049 0.000409 0.000579 0.00041 0.000663 0.000398 0.000577 0.00041 0.000663 0.0004 0.000665 0.000398 0.000577 0.000398 0.000577 0.0004 0.000665 0.000388 0.000576 0.0004 0.000665 0.000389 0.000668 0.000388 0.000576 0.00041 0.000663 0.000443 0.00074 0.0004 0.000665 0.000443 0.00074 0.000434 0.000746 0.0004 0.000665 0.0004 0.000665 0.000434 0.000746 0.000389 0.000668 0.000434 0.000746 0.000425 0.000752 0.000389 0.000668 0.000443 0.00074 0.000502 0.000799 0.000434 0.000746 0.000502 0.000799 0.000497 0.000808 0.000434 0.000746 0.000434 0.000746 0.000497 0.000808 0.000425 0.000752 0.000497 0.000808 0.000491 0.000817 0.000425 0.000752 0.000502 0.000799 0.00058 0.000831 0.000497 0.000808 0.00058 0.000831 0.000578 0.000841 0.000497 0.000808 0.000497 0.000808 0.000578 0.000841 0.000491 0.000817 0.000578 0.000841 0.000576 0.000851 0.000491 0.000817 0.00058 0.000831 0.000663 0.00083 0.000578 0.000841 0.000663 0.00083 0.000666 0.00084 0.000578 0.000841 0.000578 0.000841 0.000666 0.00084 0.000576 0.000851 0.000666 0.00084 0.000668 0.00085 0.000576 0.000851 0.000663 0.00083 0.00074 0.000797 0.000666 0.00084 0.00074 0.000797 0.000746 0.000805 0.000666 0.00084 0.000666 0.00084 0.000746 0.000805 0.000668 0.00085 0.000746 0.000805 0.000752 0.000814 0.000668 0.00085 0.00074 0.000797 0.000799 0.000736 0.000746 0.000805 0.000799 0.000736 0.000808 0.000742 0.000746 0.000805 0.000746 0.000805 0.000808 0.000742 0.000752 0.000814 0.000808 0.000742 0.000817 0.000748 0.000752 0.000814 0.000799 0.000736 0.00083 0.000658 0.000808 0.000742 0.00083 0.000658 0.00084 0.00066 0.000808 0.000742 0.000808 0.000742 0.00084 0.00066 0.000817 0.000748 0.00084 0.00066 0.000851 0.000662 0.000817 0.000748 0.00083 0.000658 0.000829 0.000574 0.00084 0.00066 0.000829 0.000574 0.000839 0.000572 0.00084 0.00066 0.00084 0.00066 0.000839 0.000572 0.000851 0.000662 0.000839 0.000572 0.00085 0.00057 0.000851 0.000662 0.000829 0.000574 0.000796 0.000496 0.000839 0.000572 0.000796 0.000496 0.000804 0.000491 0.000839 0.000572 0.000839 0.000572 0.000804 0.000491 0.00085 0.00057 0.000804 0.000491 0.000813 0.000485 0.00085 0.00057 0.000796 0.000496 0.000736 0.000438 0.000804 0.000491 0.000736 0.000438 0.000741 0.000429 0.000804 0.000491 0.000804 0.000491 0.000741 0.000429 0.000813 0.000485 0.000741 0.000429 0.000747 0.00042 0.000813 0.000485 0.000736 0.000438 0.000658 0.000407 0.000741 0.000429 0.000658 0.000407 0.00066 0.000396 0.000741 0.000429 0.000741 0.000429 0.00066 0.000396 0.000747 0.00042 0.00066 0.000396 0.000662 0.000386 0.000747 0.00042 0.000658 0.000407 0.000574 0.000408 0.00066 0.000396 0.000574 0.000408 0.000572 0.000398 0.00066 0.000396 0.00066 0.000396 0.000572 0.000398 0.000662 0.000386 0.000572 0.000398 0.00057 0.000387 0.000662 0.000386 0.00057 0.000387 0.000485 0.000424 0.000559 0.000338 0.000485 0.000424 0.000457 0.000383 0.000559 0.000338 0.00067 0.000099 0.000698 0.000111 0.00056 0.00017 0.000698 0.000111 0.000598 0.000186 0.00056 0.00017 0.00056 0.00017 0.000598 0.000186 0.000609 0.000417 0.000598 0.000186 0.000642 0.000386 0.000609 0.000417 0.000609 0.000417 0.000642 0.000386 0.000696 0.000434 0.000642 0.000386 0.000717 0.000415 0.000696 0.000434 0.000694 0.000445 0.000707 0.000469 0.000609 0.000433 0.000707 0.000469 0.000638 0.000472 0.000609 0.000433 0.000609 0.000433 0.000638 0.000472 0.000563 0.000693 0.000638 0.000472 0.000605 0.000683 0.000563 0.000693 0.000563 0.000693 0.000605 0.000683 0.000652 0.000811 0.000605 0.000683 0.00069 0.000811 0.000652 0.000811 0.000642 0.000819 0.000629 0.000854 0.000549 0.000701 0.000629 0.000854 0.000518 0.00072 0.000549 0.000701 0.000547 0.000693 0.000511 0.000692 0.000595 0.000429 0.000511 0.000692 0.000556 0.000426 0.000595 0.000429 0.000548 0.000159 0.000527 0.000134 0.000663 0.00009 0.000527 0.000134 0.000665 0.000057 0.000663 0.00009 0.00068 0.000061 0.000667 0.000089 0.000665 0.000057 0.000667 0.000089 0.000663 0.00009 0.000665 0.000057 0.000692 0.000071 0.00067 0.00009 0.00068 0.000061 0.00067 0.00009 0.000667 0.000089 0.00068 0.000061 0.000698 0.000111 0.00067 0.000099 0.000701 0.000098 0.00067 0.000099 0.000671 0.000096 0.000701 0.000098 0.000671 0.000093 0.000671 0.000096 0.00067 0.00009 0.000671 0.000096 0.000667 0.000089 0.00067 0.00009 0.000699 0.000084 0.000671 0.000093 0.000692 0.000071 0.000671 0.000093 0.00067 0.00009 0.000692 0.000071 0.00056 0.00017 0.000548 0.000159 0.00067 0.000099 0.000548 0.000159 0.000663 0.00009 0.00067 0.000099 0.000701 0.000098 0.000671 0.000096 0.000699 0.000084 0.000671 0.000096 0.000671 0.000093 0.000699 0.000084 0.000667 0.000089 0.000671 0.000096 0.000663 0.00009 0.000671 0.000096 0.00067 0.000099 0.000663 0.00009 0.000629 0.000854 0.000642 0.000819 0.000645 0.000856 0.000642 0.000819 0.000646 0.00082 0.000645 0.000856 0.000645 0.000856 0.000646 0.00082 0.000662 0.000853 0.000646 0.00082 0.000649 0.00082 0.000662 0.000853 0.000662 0.000853 0.000649 0.00082 0.000676 0.000843 0.000649 0.00082 0.000652 0.000818 0.000676 0.000843 0.000676 0.000843 0.000652 0.000818 0.000686 0.000829 0.000652 0.000818 0.000653 0.000815 0.000686 0.000829 0.000686 0.000829 0.000653 0.000815 0.00069 0.000811 0.000653 0.000815 0.000652 0.000811 0.00069 0.000811 0.000642 0.000819 0.000652 0.000811 0.000646 0.00082 0.000652 0.000811 0.000653 0.000815 0.000646 0.00082 0.000646 0.00082 0.000653 0.000815 0.000649 0.00082 0.000653 0.000815 0.000652 0.000818 0.000649 0.00082 0.000549 0.000701 0.000518 0.00072 0.000548 0.0007 0.000518 0.00072 0.000515 0.000713 0.000548 0.0007 0.000548 0.0007 0.000515 0.000713 0.000547 0.000698 0.000515 0.000713 0.000513 0.000706 0.000547 0.000698 0.000547 0.000698 0.000513 0.000706 0.000547 0.000695 0.000513 0.000706 0.000511 0.000699 0.000547 0.000695 0.000547 0.000695 0.000511 0.000699 0.000547 0.000693 0.000511 0.000699 0.000511 0.000692 0.000547 0.000693 0.000563 0.000693 0.000549 0.000701 0.000547 0.000698 0.000549 0.000701 0.000548 0.0007 0.000547 0.000698 0.000563 0.000693 0.000547 0.000698 0.000547 0.000693 0.000547 0.000698 0.000547 0.000695 0.000547 0.000693 0.000696 0.000434 0.000694 0.000445 0.000609 0.000417 0.000694 0.000445 0.000609 0.000433 0.000609 0.000417 0.000609 0.000433 0.000595 0.000429 0.000609 0.000417 0.000595 0.000429 0.000594 0.000414 0.000609 0.000417 0.000595 0.000429 0.000556 0.000426 0.000594 0.000414 0.000556 0.000426 0.000556 0.000411 0.000594 0.000414 0.000594 0.000414 0.000556 0.000411 0.000544 0.000168 0.000556 0.000411 0.000511 0.000167 0.000544 0.000168 0.000563 0.000693 0.000547 0.000693 0.000609 0.000433 0.000547 0.000693 0.000595 0.000429 0.000609 0.000433 0.000652 0.000811 0.000642 0.000819 0.000563 0.000693 0.000642 0.000819 0.000549 0.000701 0.000563 0.000693 0.000707 0.000469 0.000694 0.000445 0.000717 0.000462 0.000694 0.000445 0.000697 0.000443 0.000717 0.000462 0.000717 0.000462 0.000697 0.000443 0.000724 0.000451 0.000697 0.000443 0.000699 0.000441 0.000724 0.000451 0.000724 0.000451 0.000699 0.000441 0.000726 0.000438 0.000699 0.000441 0.0007 0.000438 0.000726 0.000438 0.000726 0.000438 0.0007 0.000438 0.000723 0.000425 0.0007 0.000438 0.000699 0.000436 0.000723 0.000425 0.000723 0.000425 0.000699 0.000436 0.000717 0.000415 0.000699 0.000436 0.000696 0.000434 0.000717 0.000415 0.000694 0.000445 0.000696 0.000434 0.000697 0.000443 0.000696 0.000434 0.000699 0.000436 0.000697 0.000443 0.000697 0.000443 0.000699 0.000436 0.000699 0.000441 0.000699 0.000436 0.0007 0.000438 0.000699 0.000441 0.000609 0.000417 0.000594 0.000414 0.00056 0.00017 0.000594 0.000414 0.000544 0.000168 0.00056 0.00017 0.000527 0.000134 0.000548 0.000159 0.00052 0.000141 0.000548 0.000159 0.000546 0.000161 0.00052 0.000141 0.00052 0.000141 0.000546 0.000161 0.000516 0.000149 0.000546 0.000161 0.000544 0.000163 0.000516 0.000149 0.000516 0.000149 0.000544 0.000163 0.000512 0.000158 0.000544 0.000163 0.000544 0.000165 0.000512 0.000158 0.000512 0.000158 0.000544 0.000165 0.000511 0.000167 0.000544 0.000165 0.000544 0.000168 0.000511 0.000167 0.00056 0.00017 0.000544 0.000163 0.000548 0.000159 0.000544 0.000163 0.000546 0.000161 0.000548 0.000159 0.00056 0.00017 0.000544 0.000168 0.000544 0.000163 0.000544 0.000168 0.000544 0.000165 0.000544 0.000163 0.000281 0.00053 0.000241 0.00054 0.00028 0.000184 0.000241 0.00054 0.000241 0.000177 0.00028 0.000184 0.000471 0.000184 0.000511 0.000176 0.000472 0.000529 0.000511 0.000176 0.000511 0.000535 0.000472 0.000529 0.000297 0.000529 0.000281 0.00053 0.000295 0.000186 0.000281 0.00053 0.00028 0.000184 0.000295 0.000186 0.000456 0.000185 0.000471 0.000184 0.000458 0.000528 0.000471 0.000184 0.000472 0.000529 0.000458 0.000528 0.000331 0.000521 0.000297 0.000529 0.00033 0.000194 0.000297 0.000529 0.000295 0.000186 0.00033 0.000194 0.000423 0.000192 0.000456 0.000185 0.000424 0.000522 0.000456 0.000185 0.000458 0.000528 0.000424 0.000522 0.000297 0.000529 0.000331 0.000521 0.000312 0.000564 0.000331 0.000521 0.00034 0.000543 0.000312 0.000564 0.000281 0.00053 0.000297 0.000529 0.000299 0.000573 0.000297 0.000529 0.000312 0.000564 0.000299 0.000573 0.000241 0.00054 0.000281 0.00053 0.000266 0.0006 0.000281 0.00053 0.000299 0.000573 0.000266 0.0006 0.000312 0.000564 0.00034 0.000543 0.000342 0.00059 0.00034 0.000543 0.000356 0.000559 0.000342 0.00059 0.000299 0.000573 0.000312 0.000564 0.000335 0.000603 0.000312 0.000564 0.000342 0.00059 0.000335 0.000603 0.000266 0.0006 0.000299 0.000573 0.000317 0.000643 0.000299 0.000573 0.000335 0.000603 0.000317 0.000643 0.000342 0.00059 0.000356 0.000559 0.000379 0.000599 0.000356 0.000559 0.000378 0.000565 0.000379 0.000599 0.000335 0.000603 0.000342 0.00059 0.00038 0.000613 0.000342 0.00059 0.000379 0.000599 0.00038 0.000613 0.000317 0.000643 0.000335 0.000603 0.000383 0.000657 0.000335 0.000603 0.00038 0.000613 0.000383 0.000657 0.000379 0.000599 0.000378 0.000565 0.000416 0.000589 0.000378 0.000565 0.0004 0.00056 0.000416 0.000589 0.00038 0.000613 0.000379 0.000599 0.000424 0.000601 0.000379 0.000599 0.000416 0.000589 0.000424 0.000601 0.000383 0.000657 0.00038 0.000613 0.000446 0.000637 0.00038 0.000613 0.000424 0.000601 0.000446 0.000637 0.000416 0.000589 0.0004 0.00056 0.000444 0.000563 0.0004 0.00056 0.000416 0.000545 0.000444 0.000563 0.000424 0.000601 0.000416 0.000589 0.000456 0.000571 0.000416 0.000589 0.000444 0.000563 0.000456 0.000571 0.000446 0.000637 0.000424 0.000601 0.000491 0.000592 0.000424 0.000601 0.000456 0.000571 0.000491 0.000592 0.000444 0.000563 0.000416 0.000545 0.000458 0.000528 0.000416 0.000545 0.000424 0.000522 0.000458 0.000528 0.000456 0.000571 0.000444 0.000563 0.000472 0.000529 0.000444 0.000563 0.000458 0.000528 0.000472 0.000529 0.000491 0.000592 0.000456 0.000571 0.000511 0.000535 0.000456 0.000571 0.000472 0.000529 0.000511 0.000535 0.000456 0.000185 0.000423 0.000192 0.000442 0.00015 0.000423 0.000192 0.000414 0.000169 0.000442 0.00015 0.000471 0.000184 0.000456 0.000185 0.000454 0.000142 0.000456 0.000185 0.000442 0.00015 0.000454 0.000142 0.000511 0.000176 0.000471 0.000184 0.000488 0.000116 0.000471 0.000184 0.000454 0.000142 0.000488 0.000116 0.000442 0.00015 0.000414 0.000169 0.000414 0.000125 0.000414 0.000169 0.000397 0.000153 0.000414 0.000125 0.000454 0.000142 0.000442 0.00015 0.00042 0.000111 0.000442 0.00015 0.000414 0.000125 0.00042 0.000111 0.000488 0.000116 0.000454 0.000142 0.000439 0.000072 0.000454 0.000142 0.00042 0.000111 0.000439 0.000072 0.000414 0.000125 0.000397 0.000153 0.000376 0.000115 0.000397 0.000153 0.000375 0.000148 0.000376 0.000115 0.00042 0.000111 0.000414 0.000125 0.000376 0.0001 0.000414 0.000125 0.000376 0.000115 0.000376 0.0001 0.000439 0.000072 0.00042 0.000111 0.000374 0.000057 0.00042 0.000111 0.000376 0.0001 0.000374 0.000057 0.000376 0.000115 0.000375 0.000148 0.000339 0.000124 0.000375 0.000148 0.000354 0.000154 0.000339 0.000124 0.000376 0.0001 0.000376 0.000115 0.000332 0.000111 0.000376 0.000115 0.000339 0.000124 0.000332 0.000111 0.000374 0.000057 0.000376 0.0001 0.00031 0.000074 0.000376 0.0001 0.000332 0.000111 0.00031 0.000074 0.000339 0.000124 0.000354 0.000154 0.00031 0.00015 0.000354 0.000154 0.000338 0.000171 0.00031 0.00015 0.000332 0.000111 0.000339 0.000124 0.000298 0.000142 0.000339 0.000124 0.00031 0.00015 0.000298 0.000142 0.00031 0.000074 0.000332 0.000111 0.000263 0.000119 0.000332 0.000111 0.000298 0.000142 0.000263 0.000119 0.00031 0.00015 0.000338 0.000171 0.000295 0.000186 0.000338 0.000171 0.00033 0.000194 0.000295 0.000186 0.000298 0.000142 0.00031 0.00015 0.00028 0.000184 0.00031 0.00015 0.000295 0.000186 0.00028 0.000184 0.000263 0.000119 0.000298 0.000142 0.000241 0.000177 0.000298 0.000142 0.00028 0.000184 0.000241 0.000177 0.000776 0.000268 0.000811 0.000265 0.000823 0.0006 0.000811 0.000265 0.000857 0.000594 0.000823 0.0006 0.000809 0.000601 0.000775 0.000607 0.000763 0.000271 0.000775 0.000607 0.000726 0.000275 0.000763 0.000271 0.000917 0.000098 0.000916 0.000057 0.001127 0.000091 0.000916 0.000057 0.001137 0.000058 0.001127 0.000091 0.001135 0.000098 0.001166 0.000083 0.001151 0.000143 0.001166 0.000083 0.001182 0.000147 0.001151 0.000143 0.001141 0.000148 0.001127 0.000174 0.001122 0.000108 0.001127 0.000174 0.0011 0.000152 0.001122 0.000108 0.001122 0.000108 0.0011 0.000152 0.000916 0.000113 0.0011 0.000152 0.000918 0.000153 0.000916 0.000113 0.000763 0.000271 0.000776 0.000268 0.000809 0.000601 0.000776 0.000268 0.000823 0.0006 0.000809 0.000601 0.000971 0.000728 0.000954 0.000713 0.000976 0.000719 0.000954 0.000713 0.000956 0.000711 0.000976 0.000719 0.000976 0.000719 0.000956 0.000711 0.000978 0.000708 0.000956 0.000711 0.000957 0.000709 0.000978 0.000708 0.000978 0.000708 0.000957 0.000709 0.000975 0.000697 0.000957 0.000709 0.000956 0.000707 0.000975 0.000697 0.000975 0.000697 0.000956 0.000707 0.000969 0.000689 0.000956 0.000707 0.000955 0.000705 0.000969 0.000689 0.000969 0.000689 0.000955 0.000705 0.00096 0.000684 0.000955 0.000705 0.000952 0.000705 0.00096 0.000684 0.000954 0.000713 0.000952 0.000705 0.000956 0.000711 0.000952 0.000705 0.000955 0.000705 0.000956 0.000711 0.000956 0.000711 0.000955 0.000705 0.000957 0.000709 0.000955 0.000705 0.000956 0.000707 0.000957 0.000709 0.000857 0.000594 0.000864 0.00062 0.000823 0.0006 0.000864 0.00062 0.000833 0.000634 0.000823 0.0006 0.000823 0.0006 0.000833 0.000634 0.000809 0.000601 0.000833 0.000634 0.000821 0.00064 0.000809 0.000601 0.000809 0.000601 0.000821 0.00064 0.000775 0.000607 0.000821 0.00064 0.00079 0.000654 0.000775 0.000607 0.000864 0.00062 0.000878 0.000643 0.000833 0.000634 0.000878 0.000643 0.000852 0.000664 0.000833 0.000634 0.000833 0.000634 0.000852 0.000664 0.000821 0.00064 0.000852 0.000664 0.000842 0.000673 0.000821 0.00064 0.000821 0.00064 0.000842 0.000673 0.00079 0.000654 0.000842 0.000673 0.000816 0.000694 0.00079 0.000654 0.000878 0.000643 0.000896 0.00066 0.000852 0.000664 0.000896 0.00066 0.000877 0.000687 0.000852 0.000664 0.000852 0.000664 0.000877 0.000687 0.000842 0.000673 0.000877 0.000687 0.000871 0.000698 0.000842 0.000673 0.000842 0.000673 0.000871 0.000698 0.000816 0.000694 0.000871 0.000698 0.000853 0.000725 0.000816 0.000694 0.000896 0.00066 0.000918 0.000672 0.000877 0.000687 0.000918 0.000672 0.000907 0.000701 0.000877 0.000687 0.000877 0.000687 0.000907 0.000701 0.000871 0.000698 0.000907 0.000701 0.000903 0.000712 0.000871 0.000698 0.000871 0.000698 0.000903 0.000712 0.000853 0.000725 0.000903 0.000712 0.000895 0.000742 0.000853 0.000725 0.000918 0.000672 0.000943 0.000679 0.000907 0.000701 0.000943 0.000679 0.000935 0.000706 0.000907 0.000701 0.000907 0.000701 0.000935 0.000706 0.000903 0.000712 0.000935 0.000706 0.000936 0.000716 0.000903 0.000712 0.000903 0.000712 0.000936 0.000716 0.000895 0.000742 0.000936 0.000716 0.000941 0.000744 0.000895 0.000742 0.000941 0.000744 0.000936 0.000716 0.000971 0.000728 0.000936 0.000716 0.000954 0.000713 0.000971 0.000728 0.000936 0.000716 0.000935 0.000706 0.000954 0.000713 0.000935 0.000706 0.000952 0.000705 0.000954 0.000713 0.000935 0.000706 0.000943 0.000679 0.000952 0.000705 0.000943 0.000679 0.00096 0.000684 0.000952 0.000705 0.000776 0.000268 0.000763 0.000271 0.000776 0.000232 0.000763 0.000271 0.000762 0.00023 0.000776 0.000232 0.000763 0.000271 0.000726 0.000275 0.000762 0.00023 0.000726 0.000275 0.000726 0.000224 0.000762 0.00023 0.000811 0.000265 0.000776 0.000268 0.000812 0.000238 0.000776 0.000268 0.000776 0.000232 0.000812 0.000238 0.000776 0.000232 0.000762 0.00023 0.000787 0.000195 0.000762 0.00023 0.000774 0.00019 0.000787 0.000195 0.000762 0.00023 0.000726 0.000224 0.000774 0.00019 0.000726 0.000224 0.000741 0.000174 0.000774 0.00019 0.000812 0.000238 0.000776 0.000232 0.00082 0.000211 0.000776 0.000232 0.000787 0.000195 0.00082 0.000211 0.000787 0.000195 0.000774 0.00019 0.000808 0.000163 0.000774 0.00019 0.000797 0.000153 0.000808 0.000163 0.000774 0.00019 0.000741 0.000174 0.000797 0.000153 0.000741 0.000174 0.000769 0.000128 0.000797 0.000153 0.00082 0.000211 0.000787 0.000195 0.000837 0.000188 0.000787 0.000195 0.000808 0.000163 0.000837 0.000188 0.000808 0.000163 0.000797 0.000153 0.000838 0.000136 0.000797 0.000153 0.00083 0.000124 0.000838 0.000136 0.000797 0.000153 0.000769 0.000128 0.00083 0.000124 0.000769 0.000128 0.000809 0.000091 0.00083 0.000124 0.000837 0.000188 0.000808 0.000163 0.000859 0.000169 0.000808 0.000163 0.000838 0.000136 0.000859 0.000169 0.000838 0.000136 0.00083 0.000124 0.000875 0.000119 0.00083 0.000124 0.000871 0.000104 0.000875 0.000119 0.00083 0.000124 0.000809 0.000091 0.000871 0.000104 0.000809 0.000091 0.00086 0.000067 0.000871 0.000104 0.000859 0.000169 0.000838 0.000136 0.000887 0.000158 0.000838 0.000136 0.000875 0.000119 0.000887 0.000158 0.000875 0.000119 0.000871 0.000104 0.000916 0.000113 0.000871 0.000104 0.000917 0.000098 0.000916 0.000113 0.000871 0.000104 0.00086 0.000067 0.000917 0.000098 0.00086 0.000067 0.000916 0.000057 0.000917 0.000098 0.000887 0.000158 0.000875 0.000119 0.000918 0.000153 0.000875 0.000119 0.000916 0.000113 0.000918 0.000153 0.001127 0.000174 0.001141 0.000148 0.00114 0.000179 0.001141 0.000148 0.001144 0.00015 0.00114 0.000179 0.00114 0.000179 0.001144 0.00015 0.001154 0.000178 0.001144 0.00015 0.001147 0.000151 0.001154 0.000178 0.001154 0.000178 0.001147 0.000151 0.001167 0.000172 0.001147 0.000151 0.00115 0.000149 0.001167 0.000172 0.001167 0.000172 0.00115 0.000149 0.001177 0.00016 0.00115 0.000149 0.001151 0.000147 0.001177 0.00016 0.001177 0.00016 0.001151 0.000147 0.001182 0.000147 0.001151 0.000147 0.001151 0.000143 0.001182 0.000147 0.001141 0.000148 0.001151 0.000143 0.001144 0.00015 0.001151 0.000143 0.001151 0.000147 0.001144 0.00015 0.001144 0.00015 0.001151 0.000147 0.001147 0.000151 0.001151 0.000147 0.00115 0.000149 0.001147 0.000151 0.001166 0.000083 0.001135 0.000098 0.001161 0.000075 0.001135 0.000098 0.001134 0.000095 0.001161 0.000075 0.001161 0.000075 0.001134 0.000095 0.001154 0.000067 0.001134 0.000095 0.001132 0.000093 0.001154 0.000067 0.001154 0.000067 0.001132 0.000093 0.001146 0.000062 0.001132 0.000093 0.00113 0.000092 0.001146 0.000062 0.001146 0.000062 0.00113 0.000092 0.001137 0.000058 0.00113 0.000092 0.001127 0.000091 0.001137 0.000058 0.00113 0.000092 0.001132 0.000093 0.001127 0.000091 0.001132 0.000093 0.001122 0.000108 0.001127 0.000091 0.001122 0.000108 0.001132 0.000093 0.001135 0.000098 0.001132 0.000093 0.001134 0.000095 0.001135 0.000098 0.001135 0.000098 0.001151 0.000143 0.001122 0.000108 0.001151 0.000143 0.001141 0.000148 0.001122 0.000108 0.000916 0.000113 0.000917 0.000098 0.001122 0.000108 0.000917 0.000098 0.001127 0.000091 0.001122 0.000108 0.00018 0.000704 0.000194 0.000669 0.000197 0.000707 0.000194 0.000669 0.000198 0.000671 0.000197 0.000707 0.000165 0.000696 0.000191 0.000666 0.00018 0.000704 0.000191 0.000666 0.000194 0.000669 0.00018 0.000704 0.000231 0.000693 0.000203 0.000667 0.000241 0.000679 0.000203 0.000667 0.000205 0.000662 0.000241 0.000679 0.000206 0.000103 0.000238 0.000114 0.00009 0.000183 0.000238 0.000114 0.000133 0.000199 0.00009 0.000183 0.00009 0.000183 0.000133 0.000199 0.000205 0.000662 0.000133 0.000199 0.000241 0.000679 0.000205 0.000662 0.000197 0.000707 0.000198 0.000671 0.000215 0.000703 0.000198 0.000671 0.000201 0.00067 0.000215 0.000703 0.000191 0.000666 0.000165 0.000696 0.000073 0.000182 0.000165 0.000696 0.000037 0.000182 0.000073 0.000182 0.000077 0.000172 0.000053 0.000146 0.000199 0.000093 0.000053 0.000146 0.0002 0.000057 0.000199 0.000093 0.000191 0.000666 0.000205 0.000662 0.000194 0.000669 0.000205 0.000662 0.000203 0.000667 0.000194 0.000669 0.000215 0.000703 0.000201 0.00067 0.000231 0.000693 0.000201 0.00067 0.000203 0.000667 0.000231 0.000693 0.000205 0.000662 0.000191 0.000666 0.00009 0.000183 0.000191 0.000666 0.000073 0.000182 0.00009 0.000183 0.000238 0.000114 0.000206 0.000103 0.000241 0.000099 0.000206 0.000103 0.000208 0.000099 0.000241 0.000099 0.000241 0.000099 0.000208 0.000099 0.000238 0.000084 0.000208 0.000099 0.000208 0.000096 0.000238 0.000084 0.000238 0.000084 0.000208 0.000096 0.000229 0.000071 0.000208 0.000096 0.000206 0.000093 0.000229 0.000071 0.000229 0.000071 0.000206 0.000093 0.000216 0.000061 0.000206 0.000093 0.000203 0.000092 0.000216 0.000061 0.000216 0.000061 0.000203 0.000092 0.0002 0.000057 0.000203 0.000092 0.000199 0.000093 0.0002 0.000057 0.000206 0.000103 0.000199 0.000093 0.000208 0.000099 0.000199 0.000093 0.000203 0.000092 0.000208 0.000099 0.000208 0.000099 0.000203 0.000092 0.000208 0.000096 0.000203 0.000092 0.000206 0.000093 0.000208 0.000096 0.000201 0.00067 0.000198 0.000671 0.000203 0.000667 0.000198 0.000671 0.000194 0.000669 0.000203 0.000667 0.000053 0.000146 0.000077 0.000172 0.000047 0.000154 0.000077 0.000172 0.000074 0.000174 0.000047 0.000154 0.000047 0.000154 0.000074 0.000174 0.000042 0.000163 0.000074 0.000174 0.000073 0.000176 0.000042 0.000163 0.000042 0.000163 0.000073 0.000176 0.000039 0.000172 0.000073 0.000176 0.000072 0.000179 0.000039 0.000172 0.000039 0.000172 0.000072 0.000179 0.000037 0.000182 0.000072 0.000179 0.000073 0.000182 0.000037 0.000182 0.00009 0.000183 0.000073 0.000182 0.000073 0.000176 0.000073 0.000182 0.000072 0.000179 0.000073 0.000176 0.00009 0.000183 0.000073 0.000176 0.000077 0.000172 0.000073 0.000176 0.000074 0.000174 0.000077 0.000172 0.00009 0.000183 0.000077 0.000172 0.000206 0.000103 0.000077 0.000172 0.000199 0.000093 0.000206 0.000103 0.00067 0.000099 0.000698 0.000111 0.00056 0.00017 0.000698 0.000111 0.000598 0.000186 0.00056 0.00017 0.00056 0.00017 0.000598 0.000186 0.000609 0.000417 0.000598 0.000186 0.000642 0.000386 0.000609 0.000417 0.000609 0.000417 0.000642 0.000386 0.000696 0.000434 0.000642 0.000386 0.000717 0.000415 0.000696 0.000434 0.000694 0.000445 0.000707 0.000469 0.000609 0.000433 0.000707 0.000469 0.000638 0.000472 0.000609 0.000433 0.000609 0.000433 0.000638 0.000472 0.000563 0.000693 0.000638 0.000472 0.000605 0.000683 0.000563 0.000693 0.000563 0.000693 0.000605 0.000683 0.000652 0.000811 0.000605 0.000683 0.00069 0.000811 0.000652 0.000811 0.000642 0.000819 0.000629 0.000854 0.000549 0.000701 0.000629 0.000854 0.000518 0.00072 0.000549 0.000701 0.000547 0.000693 0.000511 0.000692 0.000595 0.000429 0.000511 0.000692 0.000556 0.000426 0.000595 0.000429 0.000548 0.000159 0.000527 0.000134 0.000663 0.00009 0.000527 0.000134 0.000665 0.000057 0.000663 0.00009 0.00068 0.000061 0.000667 0.000089 0.000665 0.000057 0.000667 0.000089 0.000663 0.00009 0.000665 0.000057 0.000692 0.000071 0.00067 0.00009 0.00068 0.000061 0.00067 0.00009 0.000667 0.000089 0.00068 0.000061 0.000698 0.000111 0.00067 0.000099 0.000701 0.000098 0.00067 0.000099 0.000671 0.000096 0.000701 0.000098 0.000671 0.000093 0.000671 0.000096 0.00067 0.00009 0.000671 0.000096 0.000667 0.000089 0.00067 0.00009 0.000699 0.000084 0.000671 0.000093 0.000692 0.000071 0.000671 0.000093 0.00067 0.00009 0.000692 0.000071 0.00056 0.00017 0.000548 0.000159 0.00067 0.000099 0.000548 0.000159 0.000663 0.00009 0.00067 0.000099 0.000701 0.000098 0.000671 0.000096 0.000699 0.000084 0.000671 0.000096 0.000671 0.000093 0.000699 0.000084 0.000667 0.000089 0.000671 0.000096 0.000663 0.00009 0.000671 0.000096 0.00067 0.000099 0.000663 0.00009 0.000629 0.000854 0.000642 0.000819 0.000645 0.000856 0.000642 0.000819 0.000646 0.00082 0.000645 0.000856 0.000645 0.000856 0.000646 0.00082 0.000662 0.000853 0.000646 0.00082 0.000649 0.00082 0.000662 0.000853 0.000662 0.000853 0.000649 0.00082 0.000676 0.000843 0.000649 0.00082 0.000652 0.000818 0.000676 0.000843 0.000676 0.000843 0.000652 0.000818 0.000686 0.000829 0.000652 0.000818 0.000653 0.000815 0.000686 0.000829 0.000686 0.000829 0.000653 0.000815 0.00069 0.000811 0.000653 0.000815 0.000652 0.000811 0.00069 0.000811 0.000642 0.000819 0.000652 0.000811 0.000646 0.00082 0.000652 0.000811 0.000653 0.000815 0.000646 0.00082 0.000646 0.00082 0.000653 0.000815 0.000649 0.00082 0.000653 0.000815 0.000652 0.000818 0.000649 0.00082 0.000549 0.000701 0.000518 0.00072 0.000548 0.0007 0.000518 0.00072 0.000515 0.000713 0.000548 0.0007 0.000548 0.0007 0.000515 0.000713 0.000547 0.000698 0.000515 0.000713 0.000513 0.000706 0.000547 0.000698 0.000547 0.000698 0.000513 0.000706 0.000547 0.000695 0.000513 0.000706 0.000511 0.000699 0.000547 0.000695 0.000547 0.000695 0.000511 0.000699 0.000547 0.000693 0.000511 0.000699 0.000511 0.000692 0.000547 0.000693 0.000563 0.000693 0.000549 0.000701 0.000547 0.000698 0.000549 0.000701 0.000548 0.0007 0.000547 0.000698 0.000563 0.000693 0.000547 0.000698 0.000547 0.000693 0.000547 0.000698 0.000547 0.000695 0.000547 0.000693 0.000696 0.000434 0.000694 0.000445 0.000609 0.000417 0.000694 0.000445 0.000609 0.000433 0.000609 0.000417 0.000609 0.000433 0.000595 0.000429 0.000609 0.000417 0.000595 0.000429 0.000594 0.000414 0.000609 0.000417 0.000595 0.000429 0.000556 0.000426 0.000594 0.000414 0.000556 0.000426 0.000556 0.000411 0.000594 0.000414 0.000594 0.000414 0.000556 0.000411 0.000544 0.000168 0.000556 0.000411 0.000511 0.000167 0.000544 0.000168 0.000563 0.000693 0.000547 0.000693 0.000609 0.000433 0.000547 0.000693 0.000595 0.000429 0.000609 0.000433 0.000652 0.000811 0.000642 0.000819 0.000563 0.000693 0.000642 0.000819 0.000549 0.000701 0.000563 0.000693 0.000707 0.000469 0.000694 0.000445 0.000717 0.000462 0.000694 0.000445 0.000697 0.000443 0.000717 0.000462 0.000717 0.000462 0.000697 0.000443 0.000724 0.000451 0.000697 0.000443 0.000699 0.000441 0.000724 0.000451 0.000724 0.000451 0.000699 0.000441 0.000726 0.000438 0.000699 0.000441 0.0007 0.000438 0.000726 0.000438 0.000726 0.000438 0.0007 0.000438 0.000723 0.000425 0.0007 0.000438 0.000699 0.000436 0.000723 0.000425 0.000723 0.000425 0.000699 0.000436 0.000717 0.000415 0.000699 0.000436 0.000696 0.000434 0.000717 0.000415 0.000694 0.000445 0.000696 0.000434 0.000697 0.000443 0.000696 0.000434 0.000699 0.000436 0.000697 0.000443 0.000697 0.000443 0.000699 0.000436 0.000699 0.000441 0.000699 0.000436 0.0007 0.000438 0.000699 0.000441 0.000609 0.000417 0.000594 0.000414 0.00056 0.00017 0.000594 0.000414 0.000544 0.000168 0.00056 0.00017 0.000527 0.000134 0.000548 0.000159 0.00052 0.000141 0.000548 0.000159 0.000546 0.000161 0.00052 0.000141 0.00052 0.000141 0.000546 0.000161 0.000516 0.000149 0.000546 0.000161 0.000544 0.000163 0.000516 0.000149 0.000516 0.000149 0.000544 0.000163 0.000512 0.000158 0.000544 0.000163 0.000544 0.000165 0.000512 0.000158 0.000512 0.000158 0.000544 0.000165 0.000511 0.000167 0.000544 0.000165 0.000544 0.000168 0.000511 0.000167 0.00056 0.00017 0.000544 0.000163 0.000548 0.000159 0.000544 0.000163 0.000546 0.000161 0.000548 0.000159 0.00056 0.00017 0.000544 0.000168 0.000544 0.000163 0.000544 0.000168 0.000544 0.000165 0.000544 0.000163 0.000281 0.00053 0.000241 0.00054 0.00028 0.000184 0.000241 0.00054 0.000241 0.000177 0.00028 0.000184 0.000471 0.000184 0.000511 0.000176 0.000472 0.000529 0.000511 0.000176 0.000511 0.000535 0.000472 0.000529 0.000297 0.000529 0.000281 0.00053 0.000295 0.000186 0.000281 0.00053 0.00028 0.000184 0.000295 0.000186 0.000456 0.000185 0.000471 0.000184 0.000458 0.000528 0.000471 0.000184 0.000472 0.000529 0.000458 0.000528 0.000331 0.000521 0.000297 0.000529 0.00033 0.000194 0.000297 0.000529 0.000295 0.000186 0.00033 0.000194 0.000423 0.000192 0.000456 0.000185 0.000424 0.000522 0.000456 0.000185 0.000458 0.000528 0.000424 0.000522 0.000297 0.000529 0.000331 0.000521 0.000312 0.000564 0.000331 0.000521 0.00034 0.000543 0.000312 0.000564 0.000281 0.00053 0.000297 0.000529 0.000299 0.000573 0.000297 0.000529 0.000312 0.000564 0.000299 0.000573 0.000241 0.00054 0.000281 0.00053 0.000266 0.0006 0.000281 0.00053 0.000299 0.000573 0.000266 0.0006 0.000312 0.000564 0.00034 0.000543 0.000342 0.00059 0.00034 0.000543 0.000356 0.000559 0.000342 0.00059 0.000299 0.000573 0.000312 0.000564 0.000335 0.000603 0.000312 0.000564 0.000342 0.00059 0.000335 0.000603 0.000266 0.0006 0.000299 0.000573 0.000317 0.000643 0.000299 0.000573 0.000335 0.000603 0.000317 0.000643 0.000342 0.00059 0.000356 0.000559 0.000379 0.000599 0.000356 0.000559 0.000378 0.000565 0.000379 0.000599 0.000335 0.000603 0.000342 0.00059 0.00038 0.000613 0.000342 0.00059 0.000379 0.000599 0.00038 0.000613 0.000317 0.000643 0.000335 0.000603 0.000383 0.000657 0.000335 0.000603 0.00038 0.000613 0.000383 0.000657 0.000379 0.000599 0.000378 0.000565 0.000416 0.000589 0.000378 0.000565 0.0004 0.00056 0.000416 0.000589 0.00038 0.000613 0.000379 0.000599 0.000424 0.000601 0.000379 0.000599 0.000416 0.000589 0.000424 0.000601 0.000383 0.000657 0.00038 0.000613 0.000446 0.000637 0.00038 0.000613 0.000424 0.000601 0.000446 0.000637 0.000416 0.000589 0.0004 0.00056 0.000444 0.000563 0.0004 0.00056 0.000416 0.000545 0.000444 0.000563 0.000424 0.000601 0.000416 0.000589 0.000456 0.000571 0.000416 0.000589 0.000444 0.000563 0.000456 0.000571 0.000446 0.000637 0.000424 0.000601 0.000491 0.000592 0.000424 0.000601 0.000456 0.000571 0.000491 0.000592 0.000444 0.000563 0.000416 0.000545 0.000458 0.000528 0.000416 0.000545 0.000424 0.000522 0.000458 0.000528 0.000456 0.000571 0.000444 0.000563 0.000472 0.000529 0.000444 0.000563 0.000458 0.000528 0.000472 0.000529 0.000491 0.000592 0.000456 0.000571 0.000511 0.000535 0.000456 0.000571 0.000472 0.000529 0.000511 0.000535 0.000456 0.000185 0.000423 0.000192 0.000442 0.00015 0.000423 0.000192 0.000414 0.000169 0.000442 0.00015 0.000471 0.000184 0.000456 0.000185 0.000454 0.000142 0.000456 0.000185 0.000442 0.00015 0.000454 0.000142 0.000511 0.000176 0.000471 0.000184 0.000488 0.000116 0.000471 0.000184 0.000454 0.000142 0.000488 0.000116 0.000442 0.00015 0.000414 0.000169 0.000414 0.000125 0.000414 0.000169 0.000397 0.000153 0.000414 0.000125 0.000454 0.000142 0.000442 0.00015 0.00042 0.000111 0.000442 0.00015 0.000414 0.000125 0.00042 0.000111 0.000488 0.000116 0.000454 0.000142 0.000439 0.000072 0.000454 0.000142 0.00042 0.000111 0.000439 0.000072 0.000414 0.000125 0.000397 0.000153 0.000376 0.000115 0.000397 0.000153 0.000375 0.000148 0.000376 0.000115 0.00042 0.000111 0.000414 0.000125 0.000376 0.0001 0.000414 0.000125 0.000376 0.000115 0.000376 0.0001 0.000439 0.000072 0.00042 0.000111 0.000374 0.000057 0.00042 0.000111 0.000376 0.0001 0.000374 0.000057 0.000376 0.000115 0.000375 0.000148 0.000339 0.000124 0.000375 0.000148 0.000354 0.000154 0.000339 0.000124 0.000376 0.0001 0.000376 0.000115 0.000332 0.000111 0.000376 0.000115 0.000339 0.000124 0.000332 0.000111 0.000374 0.000057 0.000376 0.0001 0.00031 0.000074 0.000376 0.0001 0.000332 0.000111 0.00031 0.000074 0.000339 0.000124 0.000354 0.000154 0.00031 0.00015 0.000354 0.000154 0.000338 0.000171 0.00031 0.00015 0.000332 0.000111 0.000339 0.000124 0.000298 0.000142 0.000339 0.000124 0.00031 0.00015 0.000298 0.000142 0.00031 0.000074 0.000332 0.000111 0.000263 0.000119 0.000332 0.000111 0.000298 0.000142 0.000263 0.000119 0.00031 0.00015 0.000338 0.000171 0.000295 0.000186 0.000338 0.000171 0.00033 0.000194 0.000295 0.000186 0.000298 0.000142 0.00031 0.00015 0.00028 0.000184 0.00031 0.00015 0.000295 0.000186 0.00028 0.000184 0.000263 0.000119 0.000298 0.000142 0.000241 0.000177 0.000298 0.000142 0.00028 0.000184 0.000241 0.000177 0.000776 0.000268 0.000811 0.000265 0.000823 0.0006 0.000811 0.000265 0.000857 0.000594 0.000823 0.0006 0.000809 0.000601 0.000775 0.000607 0.000763 0.000271 0.000775 0.000607 0.000726 0.000275 0.000763 0.000271 0.000917 0.000098 0.000916 0.000057 0.001127 0.000091 0.000916 0.000057 0.001137 0.000058 0.001127 0.000091 0.001135 0.000098 0.001166 0.000083 0.001151 0.000143 0.001166 0.000083 0.001182 0.000147 0.001151 0.000143 0.001141 0.000148 0.001127 0.000174 0.001122 0.000108 0.001127 0.000174 0.0011 0.000152 0.001122 0.000108 0.001122 0.000108 0.0011 0.000152 0.000916 0.000113 0.0011 0.000152 0.000918 0.000153 0.000916 0.000113 0.000763 0.000271 0.000776 0.000268 0.000809 0.000601 0.000776 0.000268 0.000823 0.0006 0.000809 0.000601 0.000971 0.000728 0.000954 0.000713 0.000976 0.000719 0.000954 0.000713 0.000956 0.000711 0.000976 0.000719 0.000976 0.000719 0.000956 0.000711 0.000978 0.000708 0.000956 0.000711 0.000957 0.000709 0.000978 0.000708 0.000978 0.000708 0.000957 0.000709 0.000975 0.000697 0.000957 0.000709 0.000956 0.000707 0.000975 0.000697 0.000975 0.000697 0.000956 0.000707 0.000969 0.000689 0.000956 0.000707 0.000955 0.000705 0.000969 0.000689 0.000969 0.000689 0.000955 0.000705 0.00096 0.000684 0.000955 0.000705 0.000952 0.000705 0.00096 0.000684 0.000954 0.000713 0.000952 0.000705 0.000956 0.000711 0.000952 0.000705 0.000955 0.000705 0.000956 0.000711 0.000956 0.000711 0.000955 0.000705 0.000957 0.000709 0.000955 0.000705 0.000956 0.000707 0.000957 0.000709 0.000857 0.000594 0.000864 0.00062 0.000823 0.0006 0.000864 0.00062 0.000833 0.000634 0.000823 0.0006 0.000823 0.0006 0.000833 0.000634 0.000809 0.000601 0.000833 0.000634 0.000821 0.00064 0.000809 0.000601 0.000809 0.000601 0.000821 0.00064 0.000775 0.000607 0.000821 0.00064 0.00079 0.000654 0.000775 0.000607 0.000864 0.00062 0.000878 0.000643 0.000833 0.000634 0.000878 0.000643 0.000852 0.000664 0.000833 0.000634 0.000833 0.000634 0.000852 0.000664 0.000821 0.00064 0.000852 0.000664 0.000842 0.000673 0.000821 0.00064 0.000821 0.00064 0.000842 0.000673 0.00079 0.000654 0.000842 0.000673 0.000816 0.000694 0.00079 0.000654 0.000878 0.000643 0.000896 0.00066 0.000852 0.000664 0.000896 0.00066 0.000877 0.000687 0.000852 0.000664 0.000852 0.000664 0.000877 0.000687 0.000842 0.000673 0.000877 0.000687 0.000871 0.000698 0.000842 0.000673 0.000842 0.000673 0.000871 0.000698 0.000816 0.000694 0.000871 0.000698 0.000853 0.000725 0.000816 0.000694 0.000896 0.00066 0.000918 0.000672 0.000877 0.000687 0.000918 0.000672 0.000907 0.000701 0.000877 0.000687 0.000877 0.000687 0.000907 0.000701 0.000871 0.000698 0.000907 0.000701 0.000903 0.000712 0.000871 0.000698 0.000871 0.000698 0.000903 0.000712 0.000853 0.000725 0.000903 0.000712 0.000895 0.000742 0.000853 0.000725 0.000918 0.000672 0.000943 0.000679 0.000907 0.000701 0.000943 0.000679 0.000935 0.000706 0.000907 0.000701 0.000907 0.000701 0.000935 0.000706 0.000903 0.000712 0.000935 0.000706 0.000936 0.000716 0.000903 0.000712 0.000903 0.000712 0.000936 0.000716 0.000895 0.000742 0.000936 0.000716 0.000941 0.000744 0.000895 0.000742 0.000941 0.000744 0.000936 0.000716 0.000971 0.000728 0.000936 0.000716 0.000954 0.000713 0.000971 0.000728 0.000936 0.000716 0.000935 0.000706 0.000954 0.000713 0.000935 0.000706 0.000952 0.000705 0.000954 0.000713 0.000935 0.000706 0.000943 0.000679 0.000952 0.000705 0.000943 0.000679 0.00096 0.000684 0.000952 0.000705 0.000776 0.000268 0.000763 0.000271 0.000776 0.000232 0.000763 0.000271 0.000762 0.00023 0.000776 0.000232 0.000763 0.000271 0.000726 0.000275 0.000762 0.00023 0.000726 0.000275 0.000726 0.000224 0.000762 0.00023 0.000811 0.000265 0.000776 0.000268 0.000812 0.000238 0.000776 0.000268 0.000776 0.000232 0.000812 0.000238 0.000776 0.000232 0.000762 0.00023 0.000787 0.000195 0.000762 0.00023 0.000774 0.00019 0.000787 0.000195 0.000762 0.00023 0.000726 0.000224 0.000774 0.00019 0.000726 0.000224 0.000741 0.000174 0.000774 0.00019 0.000812 0.000238 0.000776 0.000232 0.00082 0.000211 0.000776 0.000232 0.000787 0.000195 0.00082 0.000211 0.000787 0.000195 0.000774 0.00019 0.000808 0.000163 0.000774 0.00019 0.000797 0.000153 0.000808 0.000163 0.000774 0.00019 0.000741 0.000174 0.000797 0.000153 0.000741 0.000174 0.000769 0.000128 0.000797 0.000153 0.00082 0.000211 0.000787 0.000195 0.000837 0.000188 0.000787 0.000195 0.000808 0.000163 0.000837 0.000188 0.000808 0.000163 0.000797 0.000153 0.000838 0.000136 0.000797 0.000153 0.00083 0.000124 0.000838 0.000136 0.000797 0.000153 0.000769 0.000128 0.00083 0.000124 0.000769 0.000128 0.000809 0.000091 0.00083 0.000124 0.000837 0.000188 0.000808 0.000163 0.000859 0.000169 0.000808 0.000163 0.000838 0.000136 0.000859 0.000169 0.000838 0.000136 0.00083 0.000124 0.000875 0.000119 0.00083 0.000124 0.000871 0.000104 0.000875 0.000119 0.00083 0.000124 0.000809 0.000091 0.000871 0.000104 0.000809 0.000091 0.00086 0.000067 0.000871 0.000104 0.000859 0.000169 0.000838 0.000136 0.000887 0.000158 0.000838 0.000136 0.000875 0.000119 0.000887 0.000158 0.000875 0.000119 0.000871 0.000104 0.000916 0.000113 0.000871 0.000104 0.000917 0.000098 0.000916 0.000113 0.000871 0.000104 0.00086 0.000067 0.000917 0.000098 0.00086 0.000067 0.000916 0.000057 0.000917 0.000098 0.000887 0.000158 0.000875 0.000119 0.000918 0.000153 0.000875 0.000119 0.000916 0.000113 0.000918 0.000153 0.001127 0.000174 0.001141 0.000148 0.00114 0.000179 0.001141 0.000148 0.001144 0.00015 0.00114 0.000179 0.00114 0.000179 0.001144 0.00015 0.001154 0.000178 0.001144 0.00015 0.001147 0.000151 0.001154 0.000178 0.001154 0.000178 0.001147 0.000151 0.001167 0.000172 0.001147 0.000151 0.00115 0.000149 0.001167 0.000172 0.001167 0.000172 0.00115 0.000149 0.001177 0.00016 0.00115 0.000149 0.001151 0.000147 0.001177 0.00016 0.001177 0.00016 0.001151 0.000147 0.001182 0.000147 0.001151 0.000147 0.001151 0.000143 0.001182 0.000147 0.001141 0.000148 0.001151 0.000143 0.001144 0.00015 0.001151 0.000143 0.001151 0.000147 0.001144 0.00015 0.001144 0.00015 0.001151 0.000147 0.001147 0.000151 0.001151 0.000147 0.00115 0.000149 0.001147 0.000151 0.001166 0.000083 0.001135 0.000098 0.001161 0.000075 0.001135 0.000098 0.001134 0.000095 0.001161 0.000075 0.001161 0.000075 0.001134 0.000095 0.001154 0.000067 0.001134 0.000095 0.001132 0.000093 0.001154 0.000067 0.001154 0.000067 0.001132 0.000093 0.001146 0.000062 0.001132 0.000093 0.00113 0.000092 0.001146 0.000062 0.001146 0.000062 0.00113 0.000092 0.001137 0.000058 0.00113 0.000092 0.001127 0.000091 0.001137 0.000058 0.00113 0.000092 0.001132 0.000093 0.001127 0.000091 0.001132 0.000093 0.001122 0.000108 0.001127 0.000091 0.001122 0.000108 0.001132 0.000093 0.001135 0.000098 0.001132 0.000093 0.001134 0.000095 0.001135 0.000098 0.001135 0.000098 0.001151 0.000143 0.001122 0.000108 0.001151 0.000143 0.001141 0.000148 0.001122 0.000108 0.000916 0.000113 0.000917 0.000098 0.001122 0.000108 0.000917 0.000098 0.001127 0.000091 0.001122 0.000108 0.00018 0.000704 0.000194 0.000669 0.000197 0.000707 0.000194 0.000669 0.000198 0.000671 0.000197 0.000707 0.000165 0.000696 0.000191 0.000666 0.00018 0.000704 0.000191 0.000666 0.000194 0.000669 0.00018 0.000704 0.000231 0.000693 0.000203 0.000667 0.000241 0.000679 0.000203 0.000667 0.000205 0.000662 0.000241 0.000679 0.000206 0.000103 0.000238 0.000114 0.00009 0.000183 0.000238 0.000114 0.000133 0.000199 0.00009 0.000183 0.00009 0.000183 0.000133 0.000199 0.000205 0.000662 0.000133 0.000199 0.000241 0.000679 0.000205 0.000662 0.000197 0.000707 0.000198 0.000671 0.000215 0.000703 0.000198 0.000671 0.000201 0.00067 0.000215 0.000703 0.000191 0.000666 0.000165 0.000696 0.000073 0.000182 0.000165 0.000696 0.000037 0.000182 0.000073 0.000182 0.000077 0.000172 0.000053 0.000146 0.000199 0.000093 0.000053 0.000146 0.0002 0.000057 0.000199 0.000093 0.000191 0.000666 0.000205 0.000662 0.000194 0.000669 0.000205 0.000662 0.000203 0.000667 0.000194 0.000669 0.000215 0.000703 0.000201 0.00067 0.000231 0.000693 0.000201 0.00067 0.000203 0.000667 0.000231 0.000693 0.000205 0.000662 0.000191 0.000666 0.00009 0.000183 0.000191 0.000666 0.000073 0.000182 0.00009 0.000183 0.000238 0.000114 0.000206 0.000103 0.000241 0.000099 0.000206 0.000103 0.000208 0.000099 0.000241 0.000099 0.000241 0.000099 0.000208 0.000099 0.000238 0.000084 0.000208 0.000099 0.000208 0.000096 0.000238 0.000084 0.000238 0.000084 0.000208 0.000096 0.000229 0.000071 0.000208 0.000096 0.000206 0.000093 0.000229 0.000071 0.000229 0.000071 0.000206 0.000093 0.000216 0.000061 0.000206 0.000093 0.000203 0.000092 0.000216 0.000061 0.000216 0.000061 0.000203 0.000092 0.0002 0.000057 0.000203 0.000092 0.000199 0.000093 0.0002 0.000057 0.000206 0.000103 0.000199 0.000093 0.000208 0.000099 0.000199 0.000093 0.000203 0.000092 0.000208 0.000099 0.000208 0.000099 0.000203 0.000092 0.000208 0.000096 0.000203 0.000092 0.000206 0.000093 0.000208 0.000096 0.000201 0.00067 0.000198 0.000671 0.000203 0.000667 0.000198 0.000671 0.000194 0.000669 0.000203 0.000667 0.000053 0.000146 0.000077 0.000172 0.000047 0.000154 0.000077 0.000172 0.000074 0.000174 0.000047 0.000154 0.000047 0.000154 0.000074 0.000174 0.000042 0.000163 0.000074 0.000174 0.000073 0.000176 0.000042 0.000163 0.000042 0.000163 0.000073 0.000176 0.000039 0.000172 0.000073 0.000176 0.000072 0.000179 0.000039 0.000172 0.000039 0.000172 0.000072 0.000179 0.000037 0.000182 0.000072 0.000179 0.000073 0.000182 0.000037 0.000182 0.00009 0.000183 0.000073 0.000182 0.000073 0.000176 0.000073 0.000182 0.000072 0.000179 0.000073 0.000176 0.00009 0.000183 0.000073 0.000176 0.000077 0.000172 0.000073 0.000176 0.000074 0.000174 0.000077 0.000172 0.00009 0.000183 0.000077 0.000172 0.000206 0.000103 0.000077 0.000172 0.000199 0.000093 0.000206 0.000103 0.00067 0.000099 0.000698 0.000111 0.00056 0.00017 0.000698 0.000111 0.000598 0.000186 0.00056 0.00017 0.00056 0.00017 0.000598 0.000186 0.000609 0.000417 0.000598 0.000186 0.000642 0.000386 0.000609 0.000417 0.000609 0.000417 0.000642 0.000386 0.000696 0.000434 0.000642 0.000386 0.000717 0.000415 0.000696 0.000434 0.000694 0.000445 0.000707 0.000469 0.000609 0.000433 0.000707 0.000469 0.000638 0.000472 0.000609 0.000433 0.000609 0.000433 0.000638 0.000472 0.000563 0.000693 0.000638 0.000472 0.000605 0.000683 0.000563 0.000693 0.000563 0.000693 0.000605 0.000683 0.000652 0.000811 0.000605 0.000683 0.00069 0.000811 0.000652 0.000811 0.000642 0.000819 0.000629 0.000854 0.000549 0.000701 0.000629 0.000854 0.000518 0.00072 0.000549 0.000701 0.000547 0.000693 0.000511 0.000692 0.000595 0.000429 0.000511 0.000692 0.000556 0.000426 0.000595 0.000429 0.000548 0.000159 0.000527 0.000134 0.000663 0.00009 0.000527 0.000134 0.000665 0.000057 0.000663 0.00009 0.00068 0.000061 0.000667 0.000089 0.000665 0.000057 0.000667 0.000089 0.000663 0.00009 0.000665 0.000057 0.000692 0.000071 0.00067 0.00009 0.00068 0.000061 0.00067 0.00009 0.000667 0.000089 0.00068 0.000061 0.000698 0.000111 0.00067 0.000099 0.000701 0.000098 0.00067 0.000099 0.000671 0.000096 0.000701 0.000098 0.000671 0.000093 0.000671 0.000096 0.00067 0.00009 0.000671 0.000096 0.000667 0.000089 0.00067 0.00009 0.000699 0.000084 0.000671 0.000093 0.000692 0.000071 0.000671 0.000093 0.00067 0.00009 0.000692 0.000071 0.00056 0.00017 0.000548 0.000159 0.00067 0.000099 0.000548 0.000159 0.000663 0.00009 0.00067 0.000099 0.000701 0.000098 0.000671 0.000096 0.000699 0.000084 0.000671 0.000096 0.000671 0.000093 0.000699 0.000084 0.000667 0.000089 0.000671 0.000096 0.000663 0.00009 0.000671 0.000096 0.00067 0.000099 0.000663 0.00009 0.000629 0.000854 0.000642 0.000819 0.000645 0.000856 0.000642 0.000819 0.000646 0.00082 0.000645 0.000856 0.000645 0.000856 0.000646 0.00082 0.000662 0.000853 0.000646 0.00082 0.000649 0.00082 0.000662 0.000853 0.000662 0.000853 0.000649 0.00082 0.000676 0.000843 0.000649 0.00082 0.000652 0.000818 0.000676 0.000843 0.000676 0.000843 0.000652 0.000818 0.000686 0.000829 0.000652 0.000818 0.000653 0.000815 0.000686 0.000829 0.000686 0.000829 0.000653 0.000815 0.00069 0.000811 0.000653 0.000815 0.000652 0.000811 0.00069 0.000811 0.000642 0.000819 0.000652 0.000811 0.000646 0.00082 0.000652 0.000811 0.000653 0.000815 0.000646 0.00082 0.000646 0.00082 0.000653 0.000815 0.000649 0.00082 0.000653 0.000815 0.000652 0.000818 0.000649 0.00082 0.000549 0.000701 0.000518 0.00072 0.000548 0.0007 0.000518 0.00072 0.000515 0.000713 0.000548 0.0007 0.000548 0.0007 0.000515 0.000713 0.000547 0.000698 0.000515 0.000713 0.000513 0.000706 0.000547 0.000698 0.000547 0.000698 0.000513 0.000706 0.000547 0.000695 0.000513 0.000706 0.000511 0.000699 0.000547 0.000695 0.000547 0.000695 0.000511 0.000699 0.000547 0.000693 0.000511 0.000699 0.000511 0.000692 0.000547 0.000693 0.000563 0.000693 0.000549 0.000701 0.000547 0.000698 0.000549 0.000701 0.000548 0.0007 0.000547 0.000698 0.000563 0.000693 0.000547 0.000698 0.000547 0.000693 0.000547 0.000698 0.000547 0.000695 0.000547 0.000693 0.000696 0.000434 0.000694 0.000445 0.000609 0.000417 0.000694 0.000445 0.000609 0.000433 0.000609 0.000417 0.000609 0.000433 0.000595 0.000429 0.000609 0.000417 0.000595 0.000429 0.000594 0.000414 0.000609 0.000417 0.000595 0.000429 0.000556 0.000426 0.000594 0.000414 0.000556 0.000426 0.000556 0.000411 0.000594 0.000414 0.000594 0.000414 0.000556 0.000411 0.000544 0.000168 0.000556 0.000411 0.000511 0.000167 0.000544 0.000168 0.000563 0.000693 0.000547 0.000693 0.000609 0.000433 0.000547 0.000693 0.000595 0.000429 0.000609 0.000433 0.000652 0.000811 0.000642 0.000819 0.000563 0.000693 0.000642 0.000819 0.000549 0.000701 0.000563 0.000693 0.000707 0.000469 0.000694 0.000445 0.000717 0.000462 0.000694 0.000445 0.000697 0.000443 0.000717 0.000462 0.000717 0.000462 0.000697 0.000443 0.000724 0.000451 0.000697 0.000443 0.000699 0.000441 0.000724 0.000451 0.000724 0.000451 0.000699 0.000441 0.000726 0.000438 0.000699 0.000441 0.0007 0.000438 0.000726 0.000438 0.000726 0.000438 0.0007 0.000438 0.000723 0.000425 0.0007 0.000438 0.000699 0.000436 0.000723 0.000425 0.000723 0.000425 0.000699 0.000436 0.000717 0.000415 0.000699 0.000436 0.000696 0.000434 0.000717 0.000415 0.000694 0.000445 0.000696 0.000434 0.000697 0.000443 0.000696 0.000434 0.000699 0.000436 0.000697 0.000443 0.000697 0.000443 0.000699 0.000436 0.000699 0.000441 0.000699 0.000436 0.0007 0.000438 0.000699 0.000441 0.000609 0.000417 0.000594 0.000414 0.00056 0.00017 0.000594 0.000414 0.000544 0.000168 0.00056 0.00017 0.000527 0.000134 0.000548 0.000159 0.00052 0.000141 0.000548 0.000159 0.000546 0.000161 0.00052 0.000141 0.00052 0.000141 0.000546 0.000161 0.000516 0.000149 0.000546 0.000161 0.000544 0.000163 0.000516 0.000149 0.000516 0.000149 0.000544 0.000163 0.000512 0.000158 0.000544 0.000163 0.000544 0.000165 0.000512 0.000158 0.000512 0.000158 0.000544 0.000165 0.000511 0.000167 0.000544 0.000165 0.000544 0.000168 0.000511 0.000167 0.00056 0.00017 0.000544 0.000163 0.000548 0.000159 0.000544 0.000163 0.000546 0.000161 0.000548 0.000159 0.00056 0.00017 0.000544 0.000168 0.000544 0.000163 0.000544 0.000168 0.000544 0.000165 0.000544 0.000163 0.000281 0.00053 0.000241 0.00054 0.00028 0.000184 0.000241 0.00054 0.000241 0.000177 0.00028 0.000184 0.000471 0.000184 0.000511 0.000176 0.000472 0.000529 0.000511 0.000176 0.000511 0.000535 0.000472 0.000529 0.000297 0.000529 0.000281 0.00053 0.000295 0.000186 0.000281 0.00053 0.00028 0.000184 0.000295 0.000186 0.000456 0.000185 0.000471 0.000184 0.000458 0.000528 0.000471 0.000184 0.000472 0.000529 0.000458 0.000528 0.000331 0.000521 0.000297 0.000529 0.00033 0.000194 0.000297 0.000529 0.000295 0.000186 0.00033 0.000194 0.000423 0.000192 0.000456 0.000185 0.000424 0.000522 0.000456 0.000185 0.000458 0.000528 0.000424 0.000522 0.000297 0.000529 0.000331 0.000521 0.000312 0.000564 0.000331 0.000521 0.00034 0.000543 0.000312 0.000564 0.000281 0.00053 0.000297 0.000529 0.000299 0.000573 0.000297 0.000529 0.000312 0.000564 0.000299 0.000573 0.000241 0.00054 0.000281 0.00053 0.000266 0.0006 0.000281 0.00053 0.000299 0.000573 0.000266 0.0006 0.000312 0.000564 0.00034 0.000543 0.000342 0.00059 0.00034 0.000543 0.000356 0.000559 0.000342 0.00059 0.000299 0.000573 0.000312 0.000564 0.000335 0.000603 0.000312 0.000564 0.000342 0.00059 0.000335 0.000603 0.000266 0.0006 0.000299 0.000573 0.000317 0.000643 0.000299 0.000573 0.000335 0.000603 0.000317 0.000643 0.000342 0.00059 0.000356 0.000559 0.000379 0.000599 0.000356 0.000559 0.000378 0.000565 0.000379 0.000599 0.000335 0.000603 0.000342 0.00059 0.00038 0.000613 0.000342 0.00059 0.000379 0.000599 0.00038 0.000613 0.000317 0.000643 0.000335 0.000603 0.000383 0.000657 0.000335 0.000603 0.00038 0.000613 0.000383 0.000657 0.000379 0.000599 0.000378 0.000565 0.000416 0.000589 0.000378 0.000565 0.0004 0.00056 0.000416 0.000589 0.00038 0.000613 0.000379 0.000599 0.000424 0.000601 0.000379 0.000599 0.000416 0.000589 0.000424 0.000601 0.000383 0.000657 0.00038 0.000613 0.000446 0.000637 0.00038 0.000613 0.000424 0.000601 0.000446 0.000637 0.000416 0.000589 0.0004 0.00056 0.000444 0.000563 0.0004 0.00056 0.000416 0.000545 0.000444 0.000563 0.000424 0.000601 0.000416 0.000589 0.000456 0.000571 0.000416 0.000589 0.000444 0.000563 0.000456 0.000571 0.000446 0.000637 0.000424 0.000601 0.000491 0.000592 0.000424 0.000601 0.000456 0.000571 0.000491 0.000592 0.000444 0.000563 0.000416 0.000545 0.000458 0.000528 0.000416 0.000545 0.000424 0.000522 0.000458 0.000528 0.000456 0.000571 0.000444 0.000563 0.000472 0.000529 0.000444 0.000563 0.000458 0.000528 0.000472 0.000529 0.000491 0.000592 0.000456 0.000571 0.000511 0.000535 0.000456 0.000571 0.000472 0.000529 0.000511 0.000535 0.000456 0.000185 0.000423 0.000192 0.000442 0.00015 0.000423 0.000192 0.000414 0.000169 0.000442 0.00015 0.000471 0.000184 0.000456 0.000185 0.000454 0.000142 0.000456 0.000185 0.000442 0.00015 0.000454 0.000142 0.000511 0.000176 0.000471 0.000184 0.000488 0.000116 0.000471 0.000184 0.000454 0.000142 0.000488 0.000116 0.000442 0.00015 0.000414 0.000169 0.000414 0.000125 0.000414 0.000169 0.000397 0.000153 0.000414 0.000125 0.000454 0.000142 0.000442 0.00015 0.00042 0.000111 0.000442 0.00015 0.000414 0.000125 0.00042 0.000111 0.000488 0.000116 0.000454 0.000142 0.000439 0.000072 0.000454 0.000142 0.00042 0.000111 0.000439 0.000072 0.000414 0.000125 0.000397 0.000153 0.000376 0.000115 0.000397 0.000153 0.000375 0.000148 0.000376 0.000115 0.00042 0.000111 0.000414 0.000125 0.000376 0.0001 0.000414 0.000125 0.000376 0.000115 0.000376 0.0001 0.000439 0.000072 0.00042 0.000111 0.000374 0.000057 0.00042 0.000111 0.000376 0.0001 0.000374 0.000057 0.000376 0.000115 0.000375 0.000148 0.000339 0.000124 0.000375 0.000148 0.000354 0.000154 0.000339 0.000124 0.000376 0.0001 0.000376 0.000115 0.000332 0.000111 0.000376 0.000115 0.000339 0.000124 0.000332 0.000111 0.000374 0.000057 0.000376 0.0001 0.00031 0.000074 0.000376 0.0001 0.000332 0.000111 0.00031 0.000074 0.000339 0.000124 0.000354 0.000154 0.00031 0.00015 0.000354 0.000154 0.000338 0.000171 0.00031 0.00015 0.000332 0.000111 0.000339 0.000124 0.000298 0.000142 0.000339 0.000124 0.00031 0.00015 0.000298 0.000142 0.00031 0.000074 0.000332 0.000111 0.000263 0.000119 0.000332 0.000111 0.000298 0.000142 0.000263 0.000119 0.00031 0.00015 0.000338 0.000171 0.000295 0.000186 0.000338 0.000171 0.00033 0.000194 0.000295 0.000186 0.000298 0.000142 0.00031 0.00015 0.00028 0.000184 0.00031 0.00015 0.000295 0.000186 0.00028 0.000184 0.000263 0.000119 0.000298 0.000142 0.000241 0.000177 0.000298 0.000142 0.00028 0.000184 0.000241 0.000177 0.000776 0.000268 0.000811 0.000265 0.000823 0.0006 0.000811 0.000265 0.000857 0.000594 0.000823 0.0006 0.000809 0.000601 0.000775 0.000607 0.000763 0.000271 0.000775 0.000607 0.000726 0.000275 0.000763 0.000271 0.000917 0.000098 0.000916 0.000057 0.001127 0.000091 0.000916 0.000057 0.001137 0.000058 0.001127 0.000091 0.001135 0.000098 0.001166 0.000083 0.001151 0.000143 0.001166 0.000083 0.001182 0.000147 0.001151 0.000143 0.001141 0.000148 0.001127 0.000174 0.001122 0.000108 0.001127 0.000174 0.0011 0.000152 0.001122 0.000108 0.001122 0.000108 0.0011 0.000152 0.000916 0.000113 0.0011 0.000152 0.000918 0.000153 0.000916 0.000113 0.000763 0.000271 0.000776 0.000268 0.000809 0.000601 0.000776 0.000268 0.000823 0.0006 0.000809 0.000601 0.000971 0.000728 0.000954 0.000713 0.000976 0.000719 0.000954 0.000713 0.000956 0.000711 0.000976 0.000719 0.000976 0.000719 0.000956 0.000711 0.000978 0.000708 0.000956 0.000711 0.000957 0.000709 0.000978 0.000708 0.000978 0.000708 0.000957 0.000709 0.000975 0.000697 0.000957 0.000709 0.000956 0.000707 0.000975 0.000697 0.000975 0.000697 0.000956 0.000707 0.000969 0.000689 0.000956 0.000707 0.000955 0.000705 0.000969 0.000689 0.000969 0.000689 0.000955 0.000705 0.00096 0.000684 0.000955 0.000705 0.000952 0.000705 0.00096 0.000684 0.000954 0.000713 0.000952 0.000705 0.000956 0.000711 0.000952 0.000705 0.000955 0.000705 0.000956 0.000711 0.000956 0.000711 0.000955 0.000705 0.000957 0.000709 0.000955 0.000705 0.000956 0.000707 0.000957 0.000709 0.000857 0.000594 0.000864 0.00062 0.000823 0.0006 0.000864 0.00062 0.000833 0.000634 0.000823 0.0006 0.000823 0.0006 0.000833 0.000634 0.000809 0.000601 0.000833 0.000634 0.000821 0.00064 0.000809 0.000601 0.000809 0.000601 0.000821 0.00064 0.000775 0.000607 0.000821 0.00064 0.00079 0.000654 0.000775 0.000607 0.000864 0.00062 0.000878 0.000643 0.000833 0.000634 0.000878 0.000643 0.000852 0.000664 0.000833 0.000634 0.000833 0.000634 0.000852 0.000664 0.000821 0.00064 0.000852 0.000664 0.000842 0.000673 0.000821 0.00064 0.000821 0.00064 0.000842 0.000673 0.00079 0.000654 0.000842 0.000673 0.000816 0.000694 0.00079 0.000654 0.000878 0.000643 0.000896 0.00066 0.000852 0.000664 0.000896 0.00066 0.000877 0.000687 0.000852 0.000664 0.000852 0.000664 0.000877 0.000687 0.000842 0.000673 0.000877 0.000687 0.000871 0.000698 0.000842 0.000673 0.000842 0.000673 0.000871 0.000698 0.000816 0.000694 0.000871 0.000698 0.000853 0.000725 0.000816 0.000694 0.000896 0.00066 0.000918 0.000672 0.000877 0.000687 0.000918 0.000672 0.000907 0.000701 0.000877 0.000687 0.000877 0.000687 0.000907 0.000701 0.000871 0.000698 0.000907 0.000701 0.000903 0.000712 0.000871 0.000698 0.000871 0.000698 0.000903 0.000712 0.000853 0.000725 0.000903 0.000712 0.000895 0.000742 0.000853 0.000725 0.000918 0.000672 0.000943 0.000679 0.000907 0.000701 0.000943 0.000679 0.000935 0.000706 0.000907 0.000701 0.000907 0.000701 0.000935 0.000706 0.000903 0.000712 0.000935 0.000706 0.000936 0.000716 0.000903 0.000712 0.000903 0.000712 0.000936 0.000716 0.000895 0.000742 0.000936 0.000716 0.000941 0.000744 0.000895 0.000742 0.000941 0.000744 0.000936 0.000716 0.000971 0.000728 0.000936 0.000716 0.000954 0.000713 0.000971 0.000728 0.000936 0.000716 0.000935 0.000706 0.000954 0.000713 0.000935 0.000706 0.000952 0.000705 0.000954 0.000713 0.000935 0.000706 0.000943 0.000679 0.000952 0.000705 0.000943 0.000679 0.00096 0.000684 0.000952 0.000705 0.000776 0.000268 0.000763 0.000271 0.000776 0.000232 0.000763 0.000271 0.000762 0.00023 0.000776 0.000232 0.000763 0.000271 0.000726 0.000275 0.000762 0.00023 0.000726 0.000275 0.000726 0.000224 0.000762 0.00023 0.000811 0.000265 0.000776 0.000268 0.000812 0.000238 0.000776 0.000268 0.000776 0.000232 0.000812 0.000238 0.000776 0.000232 0.000762 0.00023 0.000787 0.000195 0.000762 0.00023 0.000774 0.00019 0.000787 0.000195 0.000762 0.00023 0.000726 0.000224 0.000774 0.00019 0.000726 0.000224 0.000741 0.000174 0.000774 0.00019 0.000812 0.000238 0.000776 0.000232 0.00082 0.000211 0.000776 0.000232 0.000787 0.000195 0.00082 0.000211 0.000787 0.000195 0.000774 0.00019 0.000808 0.000163 0.000774 0.00019 0.000797 0.000153 0.000808 0.000163 0.000774 0.00019 0.000741 0.000174 0.000797 0.000153 0.000741 0.000174 0.000769 0.000128 0.000797 0.000153 0.00082 0.000211 0.000787 0.000195 0.000837 0.000188 0.000787 0.000195 0.000808 0.000163 0.000837 0.000188 0.000808 0.000163 0.000797 0.000153 0.000838 0.000136 0.000797 0.000153 0.00083 0.000124 0.000838 0.000136 0.000797 0.000153 0.000769 0.000128 0.00083 0.000124 0.000769 0.000128 0.000809 0.000091 0.00083 0.000124 0.000837 0.000188 0.000808 0.000163 0.000859 0.000169 0.000808 0.000163 0.000838 0.000136 0.000859 0.000169 0.000838 0.000136 0.00083 0.000124 0.000875 0.000119 0.00083 0.000124 0.000871 0.000104 0.000875 0.000119 0.00083 0.000124 0.000809 0.000091 0.000871 0.000104 0.000809 0.000091 0.00086 0.000067 0.000871 0.000104 0.000859 0.000169 0.000838 0.000136 0.000887 0.000158 0.000838 0.000136 0.000875 0.000119 0.000887 0.000158 0.000875 0.000119 0.000871 0.000104 0.000916 0.000113 0.000871 0.000104 0.000917 0.000098 0.000916 0.000113 0.000871 0.000104 0.00086 0.000067 0.000917 0.000098 0.00086 0.000067 0.000916 0.000057 0.000917 0.000098 0.000887 0.000158 0.000875 0.000119 0.000918 0.000153 0.000875 0.000119 0.000916 0.000113 0.000918 0.000153 0.001127 0.000174 0.001141 0.000148 0.00114 0.000179 0.001141 0.000148 0.001144 0.00015 0.00114 0.000179 0.00114 0.000179 0.001144 0.00015 0.001154 0.000178 0.001144 0.00015 0.001147 0.000151 0.001154 0.000178 0.001154 0.000178 0.001147 0.000151 0.001167 0.000172 0.001147 0.000151 0.00115 0.000149 0.001167 0.000172 0.001167 0.000172 0.00115 0.000149 0.001177 0.00016 0.00115 0.000149 0.001151 0.000147 0.001177 0.00016 0.001177 0.00016 0.001151 0.000147 0.001182 0.000147 0.001151 0.000147 0.001151 0.000143 0.001182 0.000147 0.001141 0.000148 0.001151 0.000143 0.001144 0.00015 0.001151 0.000143 0.001151 0.000147 0.001144 0.00015 0.001144 0.00015 0.001151 0.000147 0.001147 0.000151 0.001151 0.000147 0.00115 0.000149 0.001147 0.000151 0.001166 0.000083 0.001135 0.000098 0.001161 0.000075 0.001135 0.000098 0.001134 0.000095 0.001161 0.000075 0.001161 0.000075 0.001134 0.000095 0.001154 0.000067 0.001134 0.000095 0.001132 0.000093 0.001154 0.000067 0.001154 0.000067 0.001132 0.000093 0.001146 0.000062 0.001132 0.000093 0.00113 0.000092 0.001146 0.000062 0.001146 0.000062 0.00113 0.000092 0.001137 0.000058 0.00113 0.000092 0.001127 0.000091 0.001137 0.000058 0.00113 0.000092 0.001132 0.000093 0.001127 0.000091 0.001132 0.000093 0.001122 0.000108 0.001127 0.000091 0.001122 0.000108 0.001132 0.000093 0.001135 0.000098 0.001132 0.000093 0.001134 0.000095 0.001135 0.000098 0.001135 0.000098 0.001151 0.000143 0.001122 0.000108 0.001151 0.000143 0.001141 0.000148 0.001122 0.000108 0.000916 0.000113 0.000917 0.000098 0.001122 0.000108 0.000917 0.000098 0.001127 0.000091 0.001122 0.000108 0.00018 0.000704 0.000194 0.000669 0.000197 0.000707 0.000194 0.000669 0.000198 0.000671 0.000197 0.000707 0.000165 0.000696 0.000191 0.000666 0.00018 0.000704 0.000191 0.000666 0.000194 0.000669 0.00018 0.000704 0.000231 0.000693 0.000203 0.000667 0.000241 0.000679 0.000203 0.000667 0.000205 0.000662 0.000241 0.000679 0.000206 0.000103 0.000238 0.000114 0.00009 0.000183 0.000238 0.000114 0.000133 0.000199 0.00009 0.000183 0.00009 0.000183 0.000133 0.000199 0.000205 0.000662 0.000133 0.000199 0.000241 0.000679 0.000205 0.000662 0.000197 0.000707 0.000198 0.000671 0.000215 0.000703 0.000198 0.000671 0.000201 0.00067 0.000215 0.000703 0.000191 0.000666 0.000165 0.000696 0.000073 0.000182 0.000165 0.000696 0.000037 0.000182 0.000073 0.000182 0.000077 0.000172 0.000053 0.000146 0.000199 0.000093 0.000053 0.000146 0.0002 0.000057 0.000199 0.000093 0.000191 0.000666 0.000205 0.000662 0.000194 0.000669 0.000205 0.000662 0.000203 0.000667 0.000194 0.000669 0.000215 0.000703 0.000201 0.00067 0.000231 0.000693 0.000201 0.00067 0.000203 0.000667 0.000231 0.000693 0.000205 0.000662 0.000191 0.000666 0.00009 0.000183 0.000191 0.000666 0.000073 0.000182 0.00009 0.000183 0.000238 0.000114 0.000206 0.000103 0.000241 0.000099 0.000206 0.000103 0.000208 0.000099 0.000241 0.000099 0.000241 0.000099 0.000208 0.000099 0.000238 0.000084 0.000208 0.000099 0.000208 0.000096 0.000238 0.000084 0.000238 0.000084 0.000208 0.000096 0.000229 0.000071 0.000208 0.000096 0.000206 0.000093 0.000229 0.000071 0.000229 0.000071 0.000206 0.000093 0.000216 0.000061 0.000206 0.000093 0.000203 0.000092 0.000216 0.000061 0.000216 0.000061 0.000203 0.000092 0.0002 0.000057 0.000203 0.000092 0.000199 0.000093 0.0002 0.000057 0.000206 0.000103 0.000199 0.000093 0.000208 0.000099 0.000199 0.000093 0.000203 0.000092 0.000208 0.000099 0.000208 0.000099 0.000203 0.000092 0.000208 0.000096 0.000203 0.000092 0.000206 0.000093 0.000208 0.000096 0.000201 0.00067 0.000198 0.000671 0.000203 0.000667 0.000198 0.000671 0.000194 0.000669 0.000203 0.000667 0.000053 0.000146 0.000077 0.000172 0.000047 0.000154 0.000077 0.000172 0.000074 0.000174 0.000047 0.000154 0.000047 0.000154 0.000074 0.000174 0.000042 0.000163 0.000074 0.000174 0.000073 0.000176 0.000042 0.000163 0.000042 0.000163 0.000073 0.000176 0.000039 0.000172 0.000073 0.000176 0.000072 0.000179 0.000039 0.000172 0.000039 0.000172 0.000072 0.000179 0.000037 0.000182 0.000072 0.000179 0.000073 0.000182 0.000037 0.000182 0.00009 0.000183 0.000073 0.000182 0.000073 0.000176 0.000073 0.000182 0.000072 0.000179 0.000073 0.000176 0.00009 0.000183 0.000073 0.000176 0.000077 0.000172 0.000073 0.000176 0.000074 0.000174 0.000077 0.000172 0.00009 0.000183 0.000077 0.000172 0.000206 0.000103 0.000077 0.000172 0.000199 0.000093 0.000206 0.000103 0.00067 0.000099 0.000698 0.000111 0.00056 0.00017 0.000698 0.000111 0.000598 0.000186 0.00056 0.00017 0.00056 0.00017 0.000598 0.000186 0.000609 0.000417 0.000598 0.000186 0.000642 0.000386 0.000609 0.000417 0.000609 0.000417 0.000642 0.000386 0.000696 0.000434 0.000642 0.000386 0.000717 0.000415 0.000696 0.000434 0.000694 0.000445 0.000707 0.000469 0.000609 0.000433 0.000707 0.000469 0.000638 0.000472 0.000609 0.000433 0.000609 0.000433 0.000638 0.000472 0.000563 0.000693 0.000638 0.000472 0.000605 0.000683 0.000563 0.000693 0.000563 0.000693 0.000605 0.000683 0.000652 0.000811 0.000605 0.000683 0.00069 0.000811 0.000652 0.000811 0.000642 0.000819 0.000629 0.000854 0.000549 0.000701 0.000629 0.000854 0.000518 0.00072 0.000549 0.000701 0.000547 0.000693 0.000511 0.000692 0.000595 0.000429 0.000511 0.000692 0.000556 0.000426 0.000595 0.000429 0.000548 0.000159 0.000527 0.000134 0.000663 0.00009 0.000527 0.000134 0.000665 0.000057 0.000663 0.00009 0.00068 0.000061 0.000667 0.000089 0.000665 0.000057 0.000667 0.000089 0.000663 0.00009 0.000665 0.000057 0.000692 0.000071 0.00067 0.00009 0.00068 0.000061 0.00067 0.00009 0.000667 0.000089 0.00068 0.000061 0.000698 0.000111 0.00067 0.000099 0.000701 0.000098 0.00067 0.000099 0.000671 0.000096 0.000701 0.000098 0.000671 0.000093 0.000671 0.000096 0.00067 0.00009 0.000671 0.000096 0.000667 0.000089 0.00067 0.00009 0.000699 0.000084 0.000671 0.000093 0.000692 0.000071 0.000671 0.000093 0.00067 0.00009 0.000692 0.000071 0.00056 0.00017 0.000548 0.000159 0.00067 0.000099 0.000548 0.000159 0.000663 0.00009 0.00067 0.000099 0.000701 0.000098 0.000671 0.000096 0.000699 0.000084 0.000671 0.000096 0.000671 0.000093 0.000699 0.000084 0.000667 0.000089 0.000671 0.000096 0.000663 0.00009 0.000671 0.000096 0.00067 0.000099 0.000663 0.00009 0.000629 0.000854 0.000642 0.000819 0.000645 0.000856 0.000642 0.000819 0.000646 0.00082 0.000645 0.000856 0.000645 0.000856 0.000646 0.00082 0.000662 0.000853 0.000646 0.00082 0.000649 0.00082 0.000662 0.000853 0.000662 0.000853 0.000649 0.00082 0.000676 0.000843 0.000649 0.00082 0.000652 0.000818 0.000676 0.000843 0.000676 0.000843 0.000652 0.000818 0.000686 0.000829 0.000652 0.000818 0.000653 0.000815 0.000686 0.000829 0.000686 0.000829 0.000653 0.000815 0.00069 0.000811 0.000653 0.000815 0.000652 0.000811 0.00069 0.000811 0.000642 0.000819 0.000652 0.000811 0.000646 0.00082 0.000652 0.000811 0.000653 0.000815 0.000646 0.00082 0.000646 0.00082 0.000653 0.000815 0.000649 0.00082 0.000653 0.000815 0.000652 0.000818 0.000649 0.00082 0.000549 0.000701 0.000518 0.00072 0.000548 0.0007 0.000518 0.00072 0.000515 0.000713 0.000548 0.0007 0.000548 0.0007 0.000515 0.000713 0.000547 0.000698 0.000515 0.000713 0.000513 0.000706 0.000547 0.000698 0.000547 0.000698 0.000513 0.000706 0.000547 0.000695 0.000513 0.000706 0.000511 0.000699 0.000547 0.000695 0.000547 0.000695 0.000511 0.000699 0.000547 0.000693 0.000511 0.000699 0.000511 0.000692 0.000547 0.000693 0.000563 0.000693 0.000549 0.000701 0.000547 0.000698 0.000549 0.000701 0.000548 0.0007 0.000547 0.000698 0.000563 0.000693 0.000547 0.000698 0.000547 0.000693 0.000547 0.000698 0.000547 0.000695 0.000547 0.000693 0.000696 0.000434 0.000694 0.000445 0.000609 0.000417 0.000694 0.000445 0.000609 0.000433 0.000609 0.000417 0.000609 0.000433 0.000595 0.000429 0.000609 0.000417 0.000595 0.000429 0.000594 0.000414 0.000609 0.000417 0.000595 0.000429 0.000556 0.000426 0.000594 0.000414 0.000556 0.000426 0.000556 0.000411 0.000594 0.000414 0.000594 0.000414 0.000556 0.000411 0.000544 0.000168 0.000556 0.000411 0.000511 0.000167 0.000544 0.000168 0.000563 0.000693 0.000547 0.000693 0.000609 0.000433 0.000547 0.000693 0.000595 0.000429 0.000609 0.000433 0.000652 0.000811 0.000642 0.000819 0.000563 0.000693 0.000642 0.000819 0.000549 0.000701 0.000563 0.000693 0.000707 0.000469 0.000694 0.000445 0.000717 0.000462 0.000694 0.000445 0.000697 0.000443 0.000717 0.000462 0.000717 0.000462 0.000697 0.000443 0.000724 0.000451 0.000697 0.000443 0.000699 0.000441 0.000724 0.000451 0.000724 0.000451 0.000699 0.000441 0.000726 0.000438 0.000699 0.000441 0.0007 0.000438 0.000726 0.000438 0.000726 0.000438 0.0007 0.000438 0.000723 0.000425 0.0007 0.000438 0.000699 0.000436 0.000723 0.000425 0.000723 0.000425 0.000699 0.000436 0.000717 0.000415 0.000699 0.000436 0.000696 0.000434 0.000717 0.000415 0.000694 0.000445 0.000696 0.000434 0.000697 0.000443 0.000696 0.000434 0.000699 0.000436 0.000697 0.000443 0.000697 0.000443 0.000699 0.000436 0.000699 0.000441 0.000699 0.000436 0.0007 0.000438 0.000699 0.000441 0.000609 0.000417 0.000594 0.000414 0.00056 0.00017 0.000594 0.000414 0.000544 0.000168 0.00056 0.00017 0.000527 0.000134 0.000548 0.000159 0.00052 0.000141 0.000548 0.000159 0.000546 0.000161 0.00052 0.000141 0.00052 0.000141 0.000546 0.000161 0.000516 0.000149 0.000546 0.000161 0.000544 0.000163 0.000516 0.000149 0.000516 0.000149 0.000544 0.000163 0.000512 0.000158 0.000544 0.000163 0.000544 0.000165 0.000512 0.000158 0.000512 0.000158 0.000544 0.000165 0.000511 0.000167 0.000544 0.000165 0.000544 0.000168 0.000511 0.000167 0.00056 0.00017 0.000544 0.000163 0.000548 0.000159 0.000544 0.000163 0.000546 0.000161 0.000548 0.000159 0.00056 0.00017 0.000544 0.000168 0.000544 0.000163 0.000544 0.000168 0.000544 0.000165 0.000544 0.000163 0.000281 0.00053 0.000241 0.00054 0.00028 0.000184 0.000241 0.00054 0.000241 0.000177 0.00028 0.000184 0.000471 0.000184 0.000511 0.000176 0.000472 0.000529 0.000511 0.000176 0.000511 0.000535 0.000472 0.000529 0.000297 0.000529 0.000281 0.00053 0.000295 0.000186 0.000281 0.00053 0.00028 0.000184 0.000295 0.000186 0.000456 0.000185 0.000471 0.000184 0.000458 0.000528 0.000471 0.000184 0.000472 0.000529 0.000458 0.000528 0.000331 0.000521 0.000297 0.000529 0.00033 0.000194 0.000297 0.000529 0.000295 0.000186 0.00033 0.000194 0.000423 0.000192 0.000456 0.000185 0.000424 0.000522 0.000456 0.000185 0.000458 0.000528 0.000424 0.000522 0.000297 0.000529 0.000331 0.000521 0.000312 0.000564 0.000331 0.000521 0.00034 0.000543 0.000312 0.000564 0.000281 0.00053 0.000297 0.000529 0.000299 0.000573 0.000297 0.000529 0.000312 0.000564 0.000299 0.000573 0.000241 0.00054 0.000281 0.00053 0.000266 0.0006 0.000281 0.00053 0.000299 0.000573 0.000266 0.0006 0.000312 0.000564 0.00034 0.000543 0.000342 0.00059 0.00034 0.000543 0.000356 0.000559 0.000342 0.00059 0.000299 0.000573 0.000312 0.000564 0.000335 0.000603 0.000312 0.000564 0.000342 0.00059 0.000335 0.000603 0.000266 0.0006 0.000299 0.000573 0.000317 0.000643 0.000299 0.000573 0.000335 0.000603 0.000317 0.000643 0.000342 0.00059 0.000356 0.000559 0.000379 0.000599 0.000356 0.000559 0.000378 0.000565 0.000379 0.000599 0.000335 0.000603 0.000342 0.00059 0.00038 0.000613 0.000342 0.00059 0.000379 0.000599 0.00038 0.000613 0.000317 0.000643 0.000335 0.000603 0.000383 0.000657 0.000335 0.000603 0.00038 0.000613 0.000383 0.000657 0.000379 0.000599 0.000378 0.000565 0.000416 0.000589 0.000378 0.000565 0.0004 0.00056 0.000416 0.000589 0.00038 0.000613 0.000379 0.000599 0.000424 0.000601 0.000379 0.000599 0.000416 0.000589 0.000424 0.000601 0.000383 0.000657 0.00038 0.000613 0.000446 0.000637 0.00038 0.000613 0.000424 0.000601 0.000446 0.000637 0.000416 0.000589 0.0004 0.00056 0.000444 0.000563 0.0004 0.00056 0.000416 0.000545 0.000444 0.000563 0.000424 0.000601 0.000416 0.000589 0.000456 0.000571 0.000416 0.000589 0.000444 0.000563 0.000456 0.000571 0.000446 0.000637 0.000424 0.000601 0.000491 0.000592 0.000424 0.000601 0.000456 0.000571 0.000491 0.000592 0.000444 0.000563 0.000416 0.000545 0.000458 0.000528 0.000416 0.000545 0.000424 0.000522 0.000458 0.000528 0.000456 0.000571 0.000444 0.000563 0.000472 0.000529 0.000444 0.000563 0.000458 0.000528 0.000472 0.000529 0.000491 0.000592 0.000456 0.000571 0.000511 0.000535 0.000456 0.000571 0.000472 0.000529 0.000511 0.000535 0.000456 0.000185 0.000423 0.000192 0.000442 0.00015 0.000423 0.000192 0.000414 0.000169 0.000442 0.00015 0.000471 0.000184 0.000456 0.000185 0.000454 0.000142 0.000456 0.000185 0.000442 0.00015 0.000454 0.000142 0.000511 0.000176 0.000471 0.000184 0.000488 0.000116 0.000471 0.000184 0.000454 0.000142 0.000488 0.000116 0.000442 0.00015 0.000414 0.000169 0.000414 0.000125 0.000414 0.000169 0.000397 0.000153 0.000414 0.000125 0.000454 0.000142 0.000442 0.00015 0.00042 0.000111 0.000442 0.00015 0.000414 0.000125 0.00042 0.000111 0.000488 0.000116 0.000454 0.000142 0.000439 0.000072 0.000454 0.000142 0.00042 0.000111 0.000439 0.000072 0.000414 0.000125 0.000397 0.000153 0.000376 0.000115 0.000397 0.000153 0.000375 0.000148 0.000376 0.000115 0.00042 0.000111 0.000414 0.000125 0.000376 0.0001 0.000414 0.000125 0.000376 0.000115 0.000376 0.0001 0.000439 0.000072 0.00042 0.000111 0.000374 0.000057 0.00042 0.000111 0.000376 0.0001 0.000374 0.000057 0.000376 0.000115 0.000375 0.000148 0.000339 0.000124 0.000375 0.000148 0.000354 0.000154 0.000339 0.000124 0.000376 0.0001 0.000376 0.000115 0.000332 0.000111 0.000376 0.000115 0.000339 0.000124 0.000332 0.000111 0.000374 0.000057 0.000376 0.0001 0.00031 0.000074 0.000376 0.0001 0.000332 0.000111 0.00031 0.000074 0.000339 0.000124 0.000354 0.000154 0.00031 0.00015 0.000354 0.000154 0.000338 0.000171 0.00031 0.00015 0.000332 0.000111 0.000339 0.000124 0.000298 0.000142 0.000339 0.000124 0.00031 0.00015 0.000298 0.000142 0.00031 0.000074 0.000332 0.000111 0.000263 0.000119 0.000332 0.000111 0.000298 0.000142 0.000263 0.000119 0.00031 0.00015 0.000338 0.000171 0.000295 0.000186 0.000338 0.000171 0.00033 0.000194 0.000295 0.000186 0.000298 0.000142 0.00031 0.00015 0.00028 0.000184 0.00031 0.00015 0.000295 0.000186 0.00028 0.000184 0.000263 0.000119 0.000298 0.000142 0.000241 0.000177 0.000298 0.000142 0.00028 0.000184 0.000241 0.000177 0.000776 0.000268 0.000811 0.000265 0.000823 0.0006 0.000811 0.000265 0.000857 0.000594 0.000823 0.0006 0.000809 0.000601 0.000775 0.000607 0.000763 0.000271 0.000775 0.000607 0.000726 0.000275 0.000763 0.000271 0.000917 0.000098 0.000916 0.000057 0.001127 0.000091 0.000916 0.000057 0.001137 0.000058 0.001127 0.000091 0.001135 0.000098 0.001166 0.000083 0.001151 0.000143 0.001166 0.000083 0.001182 0.000147 0.001151 0.000143 0.001141 0.000148 0.001127 0.000174 0.001122 0.000108 0.001127 0.000174 0.0011 0.000152 0.001122 0.000108 0.001122 0.000108 0.0011 0.000152 0.000916 0.000113 0.0011 0.000152 0.000918 0.000153 0.000916 0.000113 0.000763 0.000271 0.000776 0.000268 0.000809 0.000601 0.000776 0.000268 0.000823 0.0006 0.000809 0.000601 0.000971 0.000728 0.000954 0.000713 0.000976 0.000719 0.000954 0.000713 0.000956 0.000711 0.000976 0.000719 0.000976 0.000719 0.000956 0.000711 0.000978 0.000708 0.000956 0.000711 0.000957 0.000709 0.000978 0.000708 0.000978 0.000708 0.000957 0.000709 0.000975 0.000697 0.000957 0.000709 0.000956 0.000707 0.000975 0.000697 0.000975 0.000697 0.000956 0.000707 0.000969 0.000689 0.000956 0.000707 0.000955 0.000705 0.000969 0.000689 0.000969 0.000689 0.000955 0.000705 0.00096 0.000684 0.000955 0.000705 0.000952 0.000705 0.00096 0.000684 0.000954 0.000713 0.000952 0.000705 0.000956 0.000711 0.000952 0.000705 0.000955 0.000705 0.000956 0.000711 0.000956 0.000711 0.000955 0.000705 0.000957 0.000709 0.000955 0.000705 0.000956 0.000707 0.000957 0.000709 0.000857 0.000594 0.000864 0.00062 0.000823 0.0006 0.000864 0.00062 0.000833 0.000634 0.000823 0.0006 0.000823 0.0006 0.000833 0.000634 0.000809 0.000601 0.000833 0.000634 0.000821 0.00064 0.000809 0.000601 0.000809 0.000601 0.000821 0.00064 0.000775 0.000607 0.000821 0.00064 0.00079 0.000654 0.000775 0.000607 0.000864 0.00062 0.000878 0.000643 0.000833 0.000634 0.000878 0.000643 0.000852 0.000664 0.000833 0.000634 0.000833 0.000634 0.000852 0.000664 0.000821 0.00064 0.000852 0.000664 0.000842 0.000673 0.000821 0.00064 0.000821 0.00064 0.000842 0.000673 0.00079 0.000654 0.000842 0.000673 0.000816 0.000694 0.00079 0.000654 0.000878 0.000643 0.000896 0.00066 0.000852 0.000664 0.000896 0.00066 0.000877 0.000687 0.000852 0.000664 0.000852 0.000664 0.000877 0.000687 0.000842 0.000673 0.000877 0.000687 0.000871 0.000698 0.000842 0.000673 0.000842 0.000673 0.000871 0.000698 0.000816 0.000694 0.000871 0.000698 0.000853 0.000725 0.000816 0.000694 0.000896 0.00066 0.000918 0.000672 0.000877 0.000687 0.000918 0.000672 0.000907 0.000701 0.000877 0.000687 0.000877 0.000687 0.000907 0.000701 0.000871 0.000698 0.000907 0.000701 0.000903 0.000712 0.000871 0.000698 0.000871 0.000698 0.000903 0.000712 0.000853 0.000725 0.000903 0.000712 0.000895 0.000742 0.000853 0.000725 0.000918 0.000672 0.000943 0.000679 0.000907 0.000701 0.000943 0.000679 0.000935 0.000706 0.000907 0.000701 0.000907 0.000701 0.000935 0.000706 0.000903 0.000712 0.000935 0.000706 0.000936 0.000716 0.000903 0.000712 0.000903 0.000712 0.000936 0.000716 0.000895 0.000742 0.000936 0.000716 0.000941 0.000744 0.000895 0.000742 0.000941 0.000744 0.000936 0.000716 0.000971 0.000728 0.000936 0.000716 0.000954 0.000713 0.000971 0.000728 0.000936 0.000716 0.000935 0.000706 0.000954 0.000713 0.000935 0.000706 0.000952 0.000705 0.000954 0.000713 0.000935 0.000706 0.000943 0.000679 0.000952 0.000705 0.000943 0.000679 0.00096 0.000684 0.000952 0.000705 0.000776 0.000268 0.000763 0.000271 0.000776 0.000232 0.000763 0.000271 0.000762 0.00023 0.000776 0.000232 0.000763 0.000271 0.000726 0.000275 0.000762 0.00023 0.000726 0.000275 0.000726 0.000224 0.000762 0.00023 0.000811 0.000265 0.000776 0.000268 0.000812 0.000238 0.000776 0.000268 0.000776 0.000232 0.000812 0.000238 0.000776 0.000232 0.000762 0.00023 0.000787 0.000195 0.000762 0.00023 0.000774 0.00019 0.000787 0.000195 0.000762 0.00023 0.000726 0.000224 0.000774 0.00019 0.000726 0.000224 0.000741 0.000174 0.000774 0.00019 0.000812 0.000238 0.000776 0.000232 0.00082 0.000211 0.000776 0.000232 0.000787 0.000195 0.00082 0.000211 0.000787 0.000195 0.000774 0.00019 0.000808 0.000163 0.000774 0.00019 0.000797 0.000153 0.000808 0.000163 0.000774 0.00019 0.000741 0.000174 0.000797 0.000153 0.000741 0.000174 0.000769 0.000128 0.000797 0.000153 0.00082 0.000211 0.000787 0.000195 0.000837 0.000188 0.000787 0.000195 0.000808 0.000163 0.000837 0.000188 0.000808 0.000163 0.000797 0.000153 0.000838 0.000136 0.000797 0.000153 0.00083 0.000124 0.000838 0.000136 0.000797 0.000153 0.000769 0.000128 0.00083 0.000124 0.000769 0.000128 0.000809 0.000091 0.00083 0.000124 0.000837 0.000188 0.000808 0.000163 0.000859 0.000169 0.000808 0.000163 0.000838 0.000136 0.000859 0.000169 0.000838 0.000136 0.00083 0.000124 0.000875 0.000119 0.00083 0.000124 0.000871 0.000104 0.000875 0.000119 0.00083 0.000124 0.000809 0.000091 0.000871 0.000104 0.000809 0.000091 0.00086 0.000067 0.000871 0.000104 0.000859 0.000169 0.000838 0.000136 0.000887 0.000158 0.000838 0.000136 0.000875 0.000119 0.000887 0.000158 0.000875 0.000119 0.000871 0.000104 0.000916 0.000113 0.000871 0.000104 0.000917 0.000098 0.000916 0.000113 0.000871 0.000104 0.00086 0.000067 0.000917 0.000098 0.00086 0.000067 0.000916 0.000057 0.000917 0.000098 0.000887 0.000158 0.000875 0.000119 0.000918 0.000153 0.000875 0.000119 0.000916 0.000113 0.000918 0.000153 0.001127 0.000174 0.001141 0.000148 0.00114 0.000179 0.001141 0.000148 0.001144 0.00015 0.00114 0.000179 0.00114 0.000179 0.001144 0.00015 0.001154 0.000178 0.001144 0.00015 0.001147 0.000151 0.001154 0.000178 0.001154 0.000178 0.001147 0.000151 0.001167 0.000172 0.001147 0.000151 0.00115 0.000149 0.001167 0.000172 0.001167 0.000172 0.00115 0.000149 0.001177 0.00016 0.00115 0.000149 0.001151 0.000147 0.001177 0.00016 0.001177 0.00016 0.001151 0.000147 0.001182 0.000147 0.001151 0.000147 0.001151 0.000143 0.001182 0.000147 0.001141 0.000148 0.001151 0.000143 0.001144 0.00015 0.001151 0.000143 0.001151 0.000147 0.001144 0.00015 0.001144 0.00015 0.001151 0.000147 0.001147 0.000151 0.001151 0.000147 0.00115 0.000149 0.001147 0.000151 0.001166 0.000083 0.001135 0.000098 0.001161 0.000075 0.001135 0.000098 0.001134 0.000095 0.001161 0.000075 0.001161 0.000075 0.001134 0.000095 0.001154 0.000067 0.001134 0.000095 0.001132 0.000093 0.001154 0.000067 0.001154 0.000067 0.001132 0.000093 0.001146 0.000062 0.001132 0.000093 0.00113 0.000092 0.001146 0.000062 0.001146 0.000062 0.00113 0.000092 0.001137 0.000058 0.00113 0.000092 0.001127 0.000091 0.001137 0.000058 0.00113 0.000092 0.001132 0.000093 0.001127 0.000091 0.001132 0.000093 0.001122 0.000108 0.001127 0.000091 0.001122 0.000108 0.001132 0.000093 0.001135 0.000098 0.001132 0.000093 0.001134 0.000095 0.001135 0.000098 0.001135 0.000098 0.001151 0.000143 0.001122 0.000108 0.001151 0.000143 0.001141 0.000148 0.001122 0.000108 0.000916 0.000113 0.000917 0.000098 0.001122 0.000108 0.000917 0.000098 0.001127 0.000091 0.001122 0.000108 0.00018 0.000704 0.000194 0.000669 0.000197 0.000707 0.000194 0.000669 0.000198 0.000671 0.000197 0.000707 0.000165 0.000696 0.000191 0.000666 0.00018 0.000704 0.000191 0.000666 0.000194 0.000669 0.00018 0.000704 0.000231 0.000693 0.000203 0.000667 0.000241 0.000679 0.000203 0.000667 0.000205 0.000662 0.000241 0.000679 0.000206 0.000103 0.000238 0.000114 0.00009 0.000183 0.000238 0.000114 0.000133 0.000199 0.00009 0.000183 0.00009 0.000183 0.000133 0.000199 0.000205 0.000662 0.000133 0.000199 0.000241 0.000679 0.000205 0.000662 0.000197 0.000707 0.000198 0.000671 0.000215 0.000703 0.000198 0.000671 0.000201 0.00067 0.000215 0.000703 0.000191 0.000666 0.000165 0.000696 0.000073 0.000182 0.000165 0.000696 0.000037 0.000182 0.000073 0.000182 0.000077 0.000172 0.000053 0.000146 0.000199 0.000093 0.000053 0.000146 0.0002 0.000057 0.000199 0.000093 0.000191 0.000666 0.000205 0.000662 0.000194 0.000669 0.000205 0.000662 0.000203 0.000667 0.000194 0.000669 0.000215 0.000703 0.000201 0.00067 0.000231 0.000693 0.000201 0.00067 0.000203 0.000667 0.000231 0.000693 0.000205 0.000662 0.000191 0.000666 0.00009 0.000183 0.000191 0.000666 0.000073 0.000182 0.00009 0.000183 0.000238 0.000114 0.000206 0.000103 0.000241 0.000099 0.000206 0.000103 0.000208 0.000099 0.000241 0.000099 0.000241 0.000099 0.000208 0.000099 0.000238 0.000084 0.000208 0.000099 0.000208 0.000096 0.000238 0.000084 0.000238 0.000084 0.000208 0.000096 0.000229 0.000071 0.000208 0.000096 0.000206 0.000093 0.000229 0.000071 0.000229 0.000071 0.000206 0.000093 0.000216 0.000061 0.000206 0.000093 0.000203 0.000092 0.000216 0.000061 0.000216 0.000061 0.000203 0.000092 0.0002 0.000057 0.000203 0.000092 0.000199 0.000093 0.0002 0.000057 0.000206 0.000103 0.000199 0.000093 0.000208 0.000099 0.000199 0.000093 0.000203 0.000092 0.000208 0.000099 0.000208 0.000099 0.000203 0.000092 0.000208 0.000096 0.000203 0.000092 0.000206 0.000093 0.000208 0.000096 0.000201 0.00067 0.000198 0.000671 0.000203 0.000667 0.000198 0.000671 0.000194 0.000669 0.000203 0.000667 0.000053 0.000146 0.000077 0.000172 0.000047 0.000154 0.000077 0.000172 0.000074 0.000174 0.000047 0.000154 0.000047 0.000154 0.000074 0.000174 0.000042 0.000163 0.000074 0.000174 0.000073 0.000176 0.000042 0.000163 0.000042 0.000163 0.000073 0.000176 0.000039 0.000172 0.000073 0.000176 0.000072 0.000179 0.000039 0.000172 0.000039 0.000172 0.000072 0.000179 0.000037 0.000182 0.000072 0.000179 0.000073 0.000182 0.000037 0.000182 0.00009 0.000183 0.000073 0.000182 0.000073 0.000176 0.000073 0.000182 0.000072 0.000179 0.000073 0.000176 0.00009 0.000183 0.000073 0.000176 0.000077 0.000172 0.000073 0.000176 0.000074 0.000174 0.000077 0.000172 0.00009 0.000183 0.000077 0.000172 0.000206 0.000103 0.000077 0.000172 0.000199 0.000093 0.000206 0.000103 0.00067 0.000099 0.000698 0.000111 0.00056 0.00017 0.000698 0.000111 0.000598 0.000186 0.00056 0.00017 0.00056 0.00017 0.000598 0.000186 0.000609 0.000417 0.000598 0.000186 0.000642 0.000386 0.000609 0.000417 0.000609 0.000417 0.000642 0.000386 0.000696 0.000434 0.000642 0.000386 0.000717 0.000415 0.000696 0.000434 0.000694 0.000445 0.000707 0.000469 0.000609 0.000433 0.000707 0.000469 0.000638 0.000472 0.000609 0.000433 0.000609 0.000433 0.000638 0.000472 0.000563 0.000693 0.000638 0.000472 0.000605 0.000683 0.000563 0.000693 0.000563 0.000693 0.000605 0.000683 0.000652 0.000811 0.000605 0.000683 0.00069 0.000811 0.000652 0.000811 0.000642 0.000819 0.000629 0.000854 0.000549 0.000701 0.000629 0.000854 0.000518 0.00072 0.000549 0.000701 0.000547 0.000693 0.000511 0.000692 0.000595 0.000429 0.000511 0.000692 0.000556 0.000426 0.000595 0.000429 0.000548 0.000159 0.000527 0.000134 0.000663 0.00009 0.000527 0.000134 0.000665 0.000057 0.000663 0.00009 0.00068 0.000061 0.000667 0.000089 0.000665 0.000057 0.000667 0.000089 0.000663 0.00009 0.000665 0.000057 0.000692 0.000071 0.00067 0.00009 0.00068 0.000061 0.00067 0.00009 0.000667 0.000089 0.00068 0.000061 0.000698 0.000111 0.00067 0.000099 0.000701 0.000098 0.00067 0.000099 0.000671 0.000096 0.000701 0.000098 0.000671 0.000093 0.000671 0.000096 0.00067 0.00009 0.000671 0.000096 0.000667 0.000089 0.00067 0.00009 0.000699 0.000084 0.000671 0.000093 0.000692 0.000071 0.000671 0.000093 0.00067 0.00009 0.000692 0.000071 0.00056 0.00017 0.000548 0.000159 0.00067 0.000099 0.000548 0.000159 0.000663 0.00009 0.00067 0.000099 0.000701 0.000098 0.000671 0.000096 0.000699 0.000084 0.000671 0.000096 0.000671 0.000093 0.000699 0.000084 0.000667 0.000089 0.000671 0.000096 0.000663 0.00009 0.000671 0.000096 0.00067 0.000099 0.000663 0.00009 0.000629 0.000854 0.000642 0.000819 0.000645 0.000856 0.000642 0.000819 0.000646 0.00082 0.000645 0.000856 0.000645 0.000856 0.000646 0.00082 0.000662 0.000853 0.000646 0.00082 0.000649 0.00082 0.000662 0.000853 0.000662 0.000853 0.000649 0.00082 0.000676 0.000843 0.000649 0.00082 0.000652 0.000818 0.000676 0.000843 0.000676 0.000843 0.000652 0.000818 0.000686 0.000829 0.000652 0.000818 0.000653 0.000815 0.000686 0.000829 0.000686 0.000829 0.000653 0.000815 0.00069 0.000811 0.000653 0.000815 0.000652 0.000811 0.00069 0.000811 0.000642 0.000819 0.000652 0.000811 0.000646 0.00082 0.000652 0.000811 0.000653 0.000815 0.000646 0.00082 0.000646 0.00082 0.000653 0.000815 0.000649 0.00082 0.000653 0.000815 0.000652 0.000818 0.000649 0.00082 0.000549 0.000701 0.000518 0.00072 0.000548 0.0007 0.000518 0.00072 0.000515 0.000713 0.000548 0.0007 0.000548 0.0007 0.000515 0.000713 0.000547 0.000698 0.000515 0.000713 0.000513 0.000706 0.000547 0.000698 0.000547 0.000698 0.000513 0.000706 0.000547 0.000695 0.000513 0.000706 0.000511 0.000699 0.000547 0.000695 0.000547 0.000695 0.000511 0.000699 0.000547 0.000693 0.000511 0.000699 0.000511 0.000692 0.000547 0.000693 0.000563 0.000693 0.000549 0.000701 0.000547 0.000698 0.000549 0.000701 0.000548 0.0007 0.000547 0.000698 0.000563 0.000693 0.000547 0.000698 0.000547 0.000693 0.000547 0.000698 0.000547 0.000695 0.000547 0.000693 0.000696 0.000434 0.000694 0.000445 0.000609 0.000417 0.000694 0.000445 0.000609 0.000433 0.000609 0.000417 0.000609 0.000433 0.000595 0.000429 0.000609 0.000417 0.000595 0.000429 0.000594 0.000414 0.000609 0.000417 0.000595 0.000429 0.000556 0.000426 0.000594 0.000414 0.000556 0.000426 0.000556 0.000411 0.000594 0.000414 0.000594 0.000414 0.000556 0.000411 0.000544 0.000168 0.000556 0.000411 0.000511 0.000167 0.000544 0.000168 0.000563 0.000693 0.000547 0.000693 0.000609 0.000433 0.000547 0.000693 0.000595 0.000429 0.000609 0.000433 0.000652 0.000811 0.000642 0.000819 0.000563 0.000693 0.000642 0.000819 0.000549 0.000701 0.000563 0.000693 0.000707 0.000469 0.000694 0.000445 0.000717 0.000462 0.000694 0.000445 0.000697 0.000443 0.000717 0.000462 0.000717 0.000462 0.000697 0.000443 0.000724 0.000451 0.000697 0.000443 0.000699 0.000441 0.000724 0.000451 0.000724 0.000451 0.000699 0.000441 0.000726 0.000438 0.000699 0.000441 0.0007 0.000438 0.000726 0.000438 0.000726 0.000438 0.0007 0.000438 0.000723 0.000425 0.0007 0.000438 0.000699 0.000436 0.000723 0.000425 0.000723 0.000425 0.000699 0.000436 0.000717 0.000415 0.000699 0.000436 0.000696 0.000434 0.000717 0.000415 0.000694 0.000445 0.000696 0.000434 0.000697 0.000443 0.000696 0.000434 0.000699 0.000436 0.000697 0.000443 0.000697 0.000443 0.000699 0.000436 0.000699 0.000441 0.000699 0.000436 0.0007 0.000438 0.000699 0.000441 0.000609 0.000417 0.000594 0.000414 0.00056 0.00017 0.000594 0.000414 0.000544 0.000168 0.00056 0.00017 0.000527 0.000134 0.000548 0.000159 0.00052 0.000141 0.000548 0.000159 0.000546 0.000161 0.00052 0.000141 0.00052 0.000141 0.000546 0.000161 0.000516 0.000149 0.000546 0.000161 0.000544 0.000163 0.000516 0.000149 0.000516 0.000149 0.000544 0.000163 0.000512 0.000158 0.000544 0.000163 0.000544 0.000165 0.000512 0.000158 0.000512 0.000158 0.000544 0.000165 0.000511 0.000167 0.000544 0.000165 0.000544 0.000168 0.000511 0.000167 0.00056 0.00017 0.000544 0.000163 0.000548 0.000159 0.000544 0.000163 0.000546 0.000161 0.000548 0.000159 0.00056 0.00017 0.000544 0.000168 0.000544 0.000163 0.000544 0.000168 0.000544 0.000165 0.000544 0.000163 0.000281 0.00053 0.000241 0.00054 0.00028 0.000184 0.000241 0.00054 0.000241 0.000177 0.00028 0.000184 0.000471 0.000184 0.000511 0.000176 0.000472 0.000529 0.000511 0.000176 0.000511 0.000535 0.000472 0.000529 0.000297 0.000529 0.000281 0.00053 0.000295 0.000186 0.000281 0.00053 0.00028 0.000184 0.000295 0.000186 0.000456 0.000185 0.000471 0.000184 0.000458 0.000528 0.000471 0.000184 0.000472 0.000529 0.000458 0.000528 0.000331 0.000521 0.000297 0.000529 0.00033 0.000194 0.000297 0.000529 0.000295 0.000186 0.00033 0.000194 0.000423 0.000192 0.000456 0.000185 0.000424 0.000522 0.000456 0.000185 0.000458 0.000528 0.000424 0.000522 0.000297 0.000529 0.000331 0.000521 0.000312 0.000564 0.000331 0.000521 0.00034 0.000543 0.000312 0.000564 0.000281 0.00053 0.000297 0.000529 0.000299 0.000573 0.000297 0.000529 0.000312 0.000564 0.000299 0.000573 0.000241 0.00054 0.000281 0.00053 0.000266 0.0006 0.000281 0.00053 0.000299 0.000573 0.000266 0.0006 0.000312 0.000564 0.00034 0.000543 0.000342 0.00059 0.00034 0.000543 0.000356 0.000559 0.000342 0.00059 0.000299 0.000573 0.000312 0.000564 0.000335 0.000603 0.000312 0.000564 0.000342 0.00059 0.000335 0.000603 0.000266 0.0006 0.000299 0.000573 0.000317 0.000643 0.000299 0.000573 0.000335 0.000603 0.000317 0.000643 0.000342 0.00059 0.000356 0.000559 0.000379 0.000599 0.000356 0.000559 0.000378 0.000565 0.000379 0.000599 0.000335 0.000603 0.000342 0.00059 0.00038 0.000613 0.000342 0.00059 0.000379 0.000599 0.00038 0.000613 0.000317 0.000643 0.000335 0.000603 0.000383 0.000657 0.000335 0.000603 0.00038 0.000613 0.000383 0.000657 0.000379 0.000599 0.000378 0.000565 0.000416 0.000589 0.000378 0.000565 0.0004 0.00056 0.000416 0.000589 0.00038 0.000613 0.000379 0.000599 0.000424 0.000601 0.000379 0.000599 0.000416 0.000589 0.000424 0.000601 0.000383 0.000657 0.00038 0.000613 0.000446 0.000637 0.00038 0.000613 0.000424 0.000601 0.000446 0.000637 0.000416 0.000589 0.0004 0.00056 0.000444 0.000563 0.0004 0.00056 0.000416 0.000545 0.000444 0.000563 0.000424 0.000601 0.000416 0.000589 0.000456 0.000571 0.000416 0.000589 0.000444 0.000563 0.000456 0.000571 0.000446 0.000637 0.000424 0.000601 0.000491 0.000592 0.000424 0.000601 0.000456 0.000571 0.000491 0.000592 0.000444 0.000563 0.000416 0.000545 0.000458 0.000528 0.000416 0.000545 0.000424 0.000522 0.000458 0.000528 0.000456 0.000571 0.000444 0.000563 0.000472 0.000529 0.000444 0.000563 0.000458 0.000528 0.000472 0.000529 0.000491 0.000592 0.000456 0.000571 0.000511 0.000535 0.000456 0.000571 0.000472 0.000529 0.000511 0.000535 0.000456 0.000185 0.000423 0.000192 0.000442 0.00015 0.000423 0.000192 0.000414 0.000169 0.000442 0.00015 0.000471 0.000184 0.000456 0.000185 0.000454 0.000142 0.000456 0.000185 0.000442 0.00015 0.000454 0.000142 0.000511 0.000176 0.000471 0.000184 0.000488 0.000116 0.000471 0.000184 0.000454 0.000142 0.000488 0.000116 0.000442 0.00015 0.000414 0.000169 0.000414 0.000125 0.000414 0.000169 0.000397 0.000153 0.000414 0.000125 0.000454 0.000142 0.000442 0.00015 0.00042 0.000111 0.000442 0.00015 0.000414 0.000125 0.00042 0.000111 0.000488 0.000116 0.000454 0.000142 0.000439 0.000072 0.000454 0.000142 0.00042 0.000111 0.000439 0.000072 0.000414 0.000125 0.000397 0.000153 0.000376 0.000115 0.000397 0.000153 0.000375 0.000148 0.000376 0.000115 0.00042 0.000111 0.000414 0.000125 0.000376 0.0001 0.000414 0.000125 0.000376 0.000115 0.000376 0.0001 0.000439 0.000072 0.00042 0.000111 0.000374 0.000057 0.00042 0.000111 0.000376 0.0001 0.000374 0.000057 0.000376 0.000115 0.000375 0.000148 0.000339 0.000124 0.000375 0.000148 0.000354 0.000154 0.000339 0.000124 0.000376 0.0001 0.000376 0.000115 0.000332 0.000111 0.000376 0.000115 0.000339 0.000124 0.000332 0.000111 0.000374 0.000057 0.000376 0.0001 0.00031 0.000074 0.000376 0.0001 0.000332 0.000111 0.00031 0.000074 0.000339 0.000124 0.000354 0.000154 0.00031 0.00015 0.000354 0.000154 0.000338 0.000171 0.00031 0.00015 0.000332 0.000111 0.000339 0.000124 0.000298 0.000142 0.000339 0.000124 0.00031 0.00015 0.000298 0.000142 0.00031 0.000074 0.000332 0.000111 0.000263 0.000119 0.000332 0.000111 0.000298 0.000142 0.000263 0.000119 0.00031 0.00015 0.000338 0.000171 0.000295 0.000186 0.000338 0.000171 0.00033 0.000194 0.000295 0.000186 0.000298 0.000142 0.00031 0.00015 0.00028 0.000184 0.00031 0.00015 0.000295 0.000186 0.00028 0.000184 0.000263 0.000119 0.000298 0.000142 0.000241 0.000177 0.000298 0.000142 0.00028 0.000184 0.000241 0.000177 0.000776 0.000268 0.000811 0.000265 0.000823 0.0006 0.000811 0.000265 0.000857 0.000594 0.000823 0.0006 0.000809 0.000601 0.000775 0.000607 0.000763 0.000271 0.000775 0.000607 0.000726 0.000275 0.000763 0.000271 0.000917 0.000098 0.000916 0.000057 0.001127 0.000091 0.000916 0.000057 0.001137 0.000058 0.001127 0.000091 0.001135 0.000098 0.001166 0.000083 0.001151 0.000143 0.001166 0.000083 0.001182 0.000147 0.001151 0.000143 0.001141 0.000148 0.001127 0.000174 0.001122 0.000108 0.001127 0.000174 0.0011 0.000152 0.001122 0.000108 0.001122 0.000108 0.0011 0.000152 0.000916 0.000113 0.0011 0.000152 0.000918 0.000153 0.000916 0.000113 0.000763 0.000271 0.000776 0.000268 0.000809 0.000601 0.000776 0.000268 0.000823 0.0006 0.000809 0.000601 0.000971 0.000728 0.000954 0.000713 0.000976 0.000719 0.000954 0.000713 0.000956 0.000711 0.000976 0.000719 0.000976 0.000719 0.000956 0.000711 0.000978 0.000708 0.000956 0.000711 0.000957 0.000709 0.000978 0.000708 0.000978 0.000708 0.000957 0.000709 0.000975 0.000697 0.000957 0.000709 0.000956 0.000707 0.000975 0.000697 0.000975 0.000697 0.000956 0.000707 0.000969 0.000689 0.000956 0.000707 0.000955 0.000705 0.000969 0.000689 0.000969 0.000689 0.000955 0.000705 0.00096 0.000684 0.000955 0.000705 0.000952 0.000705 0.00096 0.000684 0.000954 0.000713 0.000952 0.000705 0.000956 0.000711 0.000952 0.000705 0.000955 0.000705 0.000956 0.000711 0.000956 0.000711 0.000955 0.000705 0.000957 0.000709 0.000955 0.000705 0.000956 0.000707 0.000957 0.000709 0.000857 0.000594 0.000864 0.00062 0.000823 0.0006 0.000864 0.00062 0.000833 0.000634 0.000823 0.0006 0.000823 0.0006 0.000833 0.000634 0.000809 0.000601 0.000833 0.000634 0.000821 0.00064 0.000809 0.000601 0.000809 0.000601 0.000821 0.00064 0.000775 0.000607 0.000821 0.00064 0.00079 0.000654 0.000775 0.000607 0.000864 0.00062 0.000878 0.000643 0.000833 0.000634 0.000878 0.000643 0.000852 0.000664 0.000833 0.000634 0.000833 0.000634 0.000852 0.000664 0.000821 0.00064 0.000852 0.000664 0.000842 0.000673 0.000821 0.00064 0.000821 0.00064 0.000842 0.000673 0.00079 0.000654 0.000842 0.000673 0.000816 0.000694 0.00079 0.000654 0.000878 0.000643 0.000896 0.00066 0.000852 0.000664 0.000896 0.00066 0.000877 0.000687 0.000852 0.000664 0.000852 0.000664 0.000877 0.000687 0.000842 0.000673 0.000877 0.000687 0.000871 0.000698 0.000842 0.000673 0.000842 0.000673 0.000871 0.000698 0.000816 0.000694 0.000871 0.000698 0.000853 0.000725 0.000816 0.000694 0.000896 0.00066 0.000918 0.000672 0.000877 0.000687 0.000918 0.000672 0.000907 0.000701 0.000877 0.000687 0.000877 0.000687 0.000907 0.000701 0.000871 0.000698 0.000907 0.000701 0.000903 0.000712 0.000871 0.000698 0.000871 0.000698 0.000903 0.000712 0.000853 0.000725 0.000903 0.000712 0.000895 0.000742 0.000853 0.000725 0.000918 0.000672 0.000943 0.000679 0.000907 0.000701 0.000943 0.000679 0.000935 0.000706 0.000907 0.000701 0.000907 0.000701 0.000935 0.000706 0.000903 0.000712 0.000935 0.000706 0.000936 0.000716 0.000903 0.000712 0.000903 0.000712 0.000936 0.000716 0.000895 0.000742 0.000936 0.000716 0.000941 0.000744 0.000895 0.000742 0.000941 0.000744 0.000936 0.000716 0.000971 0.000728 0.000936 0.000716 0.000954 0.000713 0.000971 0.000728 0.000936 0.000716 0.000935 0.000706 0.000954 0.000713 0.000935 0.000706 0.000952 0.000705 0.000954 0.000713 0.000935 0.000706 0.000943 0.000679 0.000952 0.000705 0.000943 0.000679 0.00096 0.000684 0.000952 0.000705 0.000776 0.000268 0.000763 0.000271 0.000776 0.000232 0.000763 0.000271 0.000762 0.00023 0.000776 0.000232 0.000763 0.000271 0.000726 0.000275 0.000762 0.00023 0.000726 0.000275 0.000726 0.000224 0.000762 0.00023 0.000811 0.000265 0.000776 0.000268 0.000812 0.000238 0.000776 0.000268 0.000776 0.000232 0.000812 0.000238 0.000776 0.000232 0.000762 0.00023 0.000787 0.000195 0.000762 0.00023 0.000774 0.00019 0.000787 0.000195 0.000762 0.00023 0.000726 0.000224 0.000774 0.00019 0.000726 0.000224 0.000741 0.000174 0.000774 0.00019 0.000812 0.000238 0.000776 0.000232 0.00082 0.000211 0.000776 0.000232 0.000787 0.000195 0.00082 0.000211 0.000787 0.000195 0.000774 0.00019 0.000808 0.000163 0.000774 0.00019 0.000797 0.000153 0.000808 0.000163 0.000774 0.00019 0.000741 0.000174 0.000797 0.000153 0.000741 0.000174 0.000769 0.000128 0.000797 0.000153 0.00082 0.000211 0.000787 0.000195 0.000837 0.000188 0.000787 0.000195 0.000808 0.000163 0.000837 0.000188 0.000808 0.000163 0.000797 0.000153 0.000838 0.000136 0.000797 0.000153 0.00083 0.000124 0.000838 0.000136 0.000797 0.000153 0.000769 0.000128 0.00083 0.000124 0.000769 0.000128 0.000809 0.000091 0.00083 0.000124 0.000837 0.000188 0.000808 0.000163 0.000859 0.000169 0.000808 0.000163 0.000838 0.000136 0.000859 0.000169 0.000838 0.000136 0.00083 0.000124 0.000875 0.000119 0.00083 0.000124 0.000871 0.000104 0.000875 0.000119 0.00083 0.000124 0.000809 0.000091 0.000871 0.000104 0.000809 0.000091 0.00086 0.000067 0.000871 0.000104 0.000859 0.000169 0.000838 0.000136 0.000887 0.000158 0.000838 0.000136 0.000875 0.000119 0.000887 0.000158 0.000875 0.000119 0.000871 0.000104 0.000916 0.000113 0.000871 0.000104 0.000917 0.000098 0.000916 0.000113 0.000871 0.000104 0.00086 0.000067 0.000917 0.000098 0.00086 0.000067 0.000916 0.000057 0.000917 0.000098 0.000887 0.000158 0.000875 0.000119 0.000918 0.000153 0.000875 0.000119 0.000916 0.000113 0.000918 0.000153 0.001127 0.000174 0.001141 0.000148 0.00114 0.000179 0.001141 0.000148 0.001144 0.00015 0.00114 0.000179 0.00114 0.000179 0.001144 0.00015 0.001154 0.000178 0.001144 0.00015 0.001147 0.000151 0.001154 0.000178 0.001154 0.000178 0.001147 0.000151 0.001167 0.000172 0.001147 0.000151 0.00115 0.000149 0.001167 0.000172 0.001167 0.000172 0.00115 0.000149 0.001177 0.00016 0.00115 0.000149 0.001151 0.000147 0.001177 0.00016 0.001177 0.00016 0.001151 0.000147 0.001182 0.000147 0.001151 0.000147 0.001151 0.000143 0.001182 0.000147 0.001141 0.000148 0.001151 0.000143 0.001144 0.00015 0.001151 0.000143 0.001151 0.000147 0.001144 0.00015 0.001144 0.00015 0.001151 0.000147 0.001147 0.000151 0.001151 0.000147 0.00115 0.000149 0.001147 0.000151 0.001166 0.000083 0.001135 0.000098 0.001161 0.000075 0.001135 0.000098 0.001134 0.000095 0.001161 0.000075 0.001161 0.000075 0.001134 0.000095 0.001154 0.000067 0.001134 0.000095 0.001132 0.000093 0.001154 0.000067 0.001154 0.000067 0.001132 0.000093 0.001146 0.000062 0.001132 0.000093 0.00113 0.000092 0.001146 0.000062 0.001146 0.000062 0.00113 0.000092 0.001137 0.000058 0.00113 0.000092 0.001127 0.000091 0.001137 0.000058 0.00113 0.000092 0.001132 0.000093 0.001127 0.000091 0.001132 0.000093 0.001122 0.000108 0.001127 0.000091 0.001122 0.000108 0.001132 0.000093 0.001135 0.000098 0.001132 0.000093 0.001134 0.000095 0.001135 0.000098 0.001135 0.000098 0.001151 0.000143 0.001122 0.000108 0.001151 0.000143 0.001141 0.000148 0.001122 0.000108 0.000916 0.000113 0.000917 0.000098 0.001122 0.000108 0.000917 0.000098 0.001127 0.000091 0.001122 0.000108 0.00018 0.000704 0.000194 0.000669 0.000197 0.000707 0.000194 0.000669 0.000198 0.000671 0.000197 0.000707 0.000165 0.000696 0.000191 0.000666 0.00018 0.000704 0.000191 0.000666 0.000194 0.000669 0.00018 0.000704 0.000231 0.000693 0.000203 0.000667 0.000241 0.000679 0.000203 0.000667 0.000205 0.000662 0.000241 0.000679 0.000206 0.000103 0.000238 0.000114 0.00009 0.000183 0.000238 0.000114 0.000133 0.000199 0.00009 0.000183 0.00009 0.000183 0.000133 0.000199 0.000205 0.000662 0.000133 0.000199 0.000241 0.000679 0.000205 0.000662 0.000197 0.000707 0.000198 0.000671 0.000215 0.000703 0.000198 0.000671 0.000201 0.00067 0.000215 0.000703 0.000191 0.000666 0.000165 0.000696 0.000073 0.000182 0.000165 0.000696 0.000037 0.000182 0.000073 0.000182 0.000077 0.000172 0.000053 0.000146 0.000199 0.000093 0.000053 0.000146 0.0002 0.000057 0.000199 0.000093 0.000191 0.000666 0.000205 0.000662 0.000194 0.000669 0.000205 0.000662 0.000203 0.000667 0.000194 0.000669 0.000215 0.000703 0.000201 0.00067 0.000231 0.000693 0.000201 0.00067 0.000203 0.000667 0.000231 0.000693 0.000205 0.000662 0.000191 0.000666 0.00009 0.000183 0.000191 0.000666 0.000073 0.000182 0.00009 0.000183 0.000238 0.000114 0.000206 0.000103 0.000241 0.000099 0.000206 0.000103 0.000208 0.000099 0.000241 0.000099 0.000241 0.000099 0.000208 0.000099 0.000238 0.000084 0.000208 0.000099 0.000208 0.000096 0.000238 0.000084 0.000238 0.000084 0.000208 0.000096 0.000229 0.000071 0.000208 0.000096 0.000206 0.000093 0.000229 0.000071 0.000229 0.000071 0.000206 0.000093 0.000216 0.000061 0.000206 0.000093 0.000203 0.000092 0.000216 0.000061 0.000216 0.000061 0.000203 0.000092 0.0002 0.000057 0.000203 0.000092 0.000199 0.000093 0.0002 0.000057 0.000206 0.000103 0.000199 0.000093 0.000208 0.000099 0.000199 0.000093 0.000203 0.000092 0.000208 0.000099 0.000208 0.000099 0.000203 0.000092 0.000208 0.000096 0.000203 0.000092 0.000206 0.000093 0.000208 0.000096 0.000201 0.00067 0.000198 0.000671 0.000203 0.000667 0.000198 0.000671 0.000194 0.000669 0.000203 0.000667 0.000053 0.000146 0.000077 0.000172 0.000047 0.000154 0.000077 0.000172 0.000074 0.000174 0.000047 0.000154 0.000047 0.000154 0.000074 0.000174 0.000042 0.000163 0.000074 0.000174 0.000073 0.000176 0.000042 0.000163 0.000042 0.000163 0.000073 0.000176 0.000039 0.000172 0.000073 0.000176 0.000072 0.000179 0.000039 0.000172 0.000039 0.000172 0.000072 0.000179 0.000037 0.000182 0.000072 0.000179 0.000073 0.000182 0.000037 0.000182 0.00009 0.000183 0.000073 0.000182 0.000073 0.000176 0.000073 0.000182 0.000072 0.000179 0.000073 0.000176 0.00009 0.000183 0.000073 0.000176 0.000077 0.000172 0.000073 0.000176 0.000074 0.000174 0.000077 0.000172 0.00009 0.000183 0.000077 0.000172 0.000206 0.000103 0.000077 0.000172 0.000199 0.000093 0.000206 0.000103 0.00067 0.000099 0.000698 0.000111 0.00056 0.00017 0.000698 0.000111 0.000598 0.000186 0.00056 0.00017 0.00056 0.00017 0.000598 0.000186 0.000609 0.000417 0.000598 0.000186 0.000642 0.000386 0.000609 0.000417 0.000609 0.000417 0.000642 0.000386 0.000696 0.000434 0.000642 0.000386 0.000717 0.000415 0.000696 0.000434 0.000694 0.000445 0.000707 0.000469 0.000609 0.000433 0.000707 0.000469 0.000638 0.000472 0.000609 0.000433 0.000609 0.000433 0.000638 0.000472 0.000563 0.000693 0.000638 0.000472 0.000605 0.000683 0.000563 0.000693 0.000563 0.000693 0.000605 0.000683 0.000652 0.000811 0.000605 0.000683 0.00069 0.000811 0.000652 0.000811 0.000642 0.000819 0.000629 0.000854 0.000549 0.000701 0.000629 0.000854 0.000518 0.00072 0.000549 0.000701 0.000547 0.000693 0.000511 0.000692 0.000595 0.000429 0.000511 0.000692 0.000556 0.000426 0.000595 0.000429 0.000548 0.000159 0.000527 0.000134 0.000663 0.00009 0.000527 0.000134 0.000665 0.000057 0.000663 0.00009 0.00068 0.000061 0.000667 0.000089 0.000665 0.000057 0.000667 0.000089 0.000663 0.00009 0.000665 0.000057 0.000692 0.000071 0.00067 0.00009 0.00068 0.000061 0.00067 0.00009 0.000667 0.000089 0.00068 0.000061 0.000698 0.000111 0.00067 0.000099 0.000701 0.000098 0.00067 0.000099 0.000671 0.000096 0.000701 0.000098 0.000671 0.000093 0.000671 0.000096 0.00067 0.00009 0.000671 0.000096 0.000667 0.000089 0.00067 0.00009 0.000699 0.000084 0.000671 0.000093 0.000692 0.000071 0.000671 0.000093 0.00067 0.00009 0.000692 0.000071 0.00056 0.00017 0.000548 0.000159 0.00067 0.000099 0.000548 0.000159 0.000663 0.00009 0.00067 0.000099 0.000701 0.000098 0.000671 0.000096 0.000699 0.000084 0.000671 0.000096 0.000671 0.000093 0.000699 0.000084 0.000667 0.000089 0.000671 0.000096 0.000663 0.00009 0.000671 0.000096 0.00067 0.000099 0.000663 0.00009 0.000629 0.000854 0.000642 0.000819 0.000645 0.000856 0.000642 0.000819 0.000646 0.00082 0.000645 0.000856 0.000645 0.000856 0.000646 0.00082 0.000662 0.000853 0.000646 0.00082 0.000649 0.00082 0.000662 0.000853 0.000662 0.000853 0.000649 0.00082 0.000676 0.000843 0.000649 0.00082 0.000652 0.000818 0.000676 0.000843 0.000676 0.000843 0.000652 0.000818 0.000686 0.000829 0.000652 0.000818 0.000653 0.000815 0.000686 0.000829 0.000686 0.000829 0.000653 0.000815 0.00069 0.000811 0.000653 0.000815 0.000652 0.000811 0.00069 0.000811 0.000642 0.000819 0.000652 0.000811 0.000646 0.00082 0.000652 0.000811 0.000653 0.000815 0.000646 0.00082 0.000646 0.00082 0.000653 0.000815 0.000649 0.00082 0.000653 0.000815 0.000652 0.000818 0.000649 0.00082 0.000549 0.000701 0.000518 0.00072 0.000548 0.0007 0.000518 0.00072 0.000515 0.000713 0.000548 0.0007 0.000548 0.0007 0.000515 0.000713 0.000547 0.000698 0.000515 0.000713 0.000513 0.000706 0.000547 0.000698 0.000547 0.000698 0.000513 0.000706 0.000547 0.000695 0.000513 0.000706 0.000511 0.000699 0.000547 0.000695 0.000547 0.000695 0.000511 0.000699 0.000547 0.000693 0.000511 0.000699 0.000511 0.000692 0.000547 0.000693 0.000563 0.000693 0.000549 0.000701 0.000547 0.000698 0.000549 0.000701 0.000548 0.0007 0.000547 0.000698 0.000563 0.000693 0.000547 0.000698 0.000547 0.000693 0.000547 0.000698 0.000547 0.000695 0.000547 0.000693 0.000696 0.000434 0.000694 0.000445 0.000609 0.000417 0.000694 0.000445 0.000609 0.000433 0.000609 0.000417 0.000609 0.000433 0.000595 0.000429 0.000609 0.000417 0.000595 0.000429 0.000594 0.000414 0.000609 0.000417 0.000595 0.000429 0.000556 0.000426 0.000594 0.000414 0.000556 0.000426 0.000556 0.000411 0.000594 0.000414 0.000594 0.000414 0.000556 0.000411 0.000544 0.000168 0.000556 0.000411 0.000511 0.000167 0.000544 0.000168 0.000563 0.000693 0.000547 0.000693 0.000609 0.000433 0.000547 0.000693 0.000595 0.000429 0.000609 0.000433 0.000652 0.000811 0.000642 0.000819 0.000563 0.000693 0.000642 0.000819 0.000549 0.000701 0.000563 0.000693 0.000707 0.000469 0.000694 0.000445 0.000717 0.000462 0.000694 0.000445 0.000697 0.000443 0.000717 0.000462 0.000717 0.000462 0.000697 0.000443 0.000724 0.000451 0.000697 0.000443 0.000699 0.000441 0.000724 0.000451 0.000724 0.000451 0.000699 0.000441 0.000726 0.000438 0.000699 0.000441 0.0007 0.000438 0.000726 0.000438 0.000726 0.000438 0.0007 0.000438 0.000723 0.000425 0.0007 0.000438 0.000699 0.000436 0.000723 0.000425 0.000723 0.000425 0.000699 0.000436 0.000717 0.000415 0.000699 0.000436 0.000696 0.000434 0.000717 0.000415 0.000694 0.000445 0.000696 0.000434 0.000697 0.000443 0.000696 0.000434 0.000699 0.000436 0.000697 0.000443 0.000697 0.000443 0.000699 0.000436 0.000699 0.000441 0.000699 0.000436 0.0007 0.000438 0.000699 0.000441 0.000609 0.000417 0.000594 0.000414 0.00056 0.00017 0.000594 0.000414 0.000544 0.000168 0.00056 0.00017 0.000527 0.000134 0.000548 0.000159 0.00052 0.000141 0.000548 0.000159 0.000546 0.000161 0.00052 0.000141 0.00052 0.000141 0.000546 0.000161 0.000516 0.000149 0.000546 0.000161 0.000544 0.000163 0.000516 0.000149 0.000516 0.000149 0.000544 0.000163 0.000512 0.000158 0.000544 0.000163 0.000544 0.000165 0.000512 0.000158 0.000512 0.000158 0.000544 0.000165 0.000511 0.000167 0.000544 0.000165 0.000544 0.000168 0.000511 0.000167 0.00056 0.00017 0.000544 0.000163 0.000548 0.000159 0.000544 0.000163 0.000546 0.000161 0.000548 0.000159 0.00056 0.00017 0.000544 0.000168 0.000544 0.000163 0.000544 0.000168 0.000544 0.000165 0.000544 0.000163 0.000281 0.00053 0.000241 0.00054 0.00028 0.000184 0.000241 0.00054 0.000241 0.000177 0.00028 0.000184 0.000471 0.000184 0.000511 0.000176 0.000472 0.000529 0.000511 0.000176 0.000511 0.000535 0.000472 0.000529 0.000297 0.000529 0.000281 0.00053 0.000295 0.000186 0.000281 0.00053 0.00028 0.000184 0.000295 0.000186 0.000456 0.000185 0.000471 0.000184 0.000458 0.000528 0.000471 0.000184 0.000472 0.000529 0.000458 0.000528 0.000331 0.000521 0.000297 0.000529 0.00033 0.000194 0.000297 0.000529 0.000295 0.000186 0.00033 0.000194 0.000423 0.000192 0.000456 0.000185 0.000424 0.000522 0.000456 0.000185 0.000458 0.000528 0.000424 0.000522 0.000297 0.000529 0.000331 0.000521 0.000312 0.000564 0.000331 0.000521 0.00034 0.000543 0.000312 0.000564 0.000281 0.00053 0.000297 0.000529 0.000299 0.000573 0.000297 0.000529 0.000312 0.000564 0.000299 0.000573 0.000241 0.00054 0.000281 0.00053 0.000266 0.0006 0.000281 0.00053 0.000299 0.000573 0.000266 0.0006 0.000312 0.000564 0.00034 0.000543 0.000342 0.00059 0.00034 0.000543 0.000356 0.000559 0.000342 0.00059 0.000299 0.000573 0.000312 0.000564 0.000335 0.000603 0.000312 0.000564 0.000342 0.00059 0.000335 0.000603 0.000266 0.0006 0.000299 0.000573 0.000317 0.000643 0.000299 0.000573 0.000335 0.000603 0.000317 0.000643 0.000342 0.00059 0.000356 0.000559 0.000379 0.000599 0.000356 0.000559 0.000378 0.000565 0.000379 0.000599 0.000335 0.000603 0.000342 0.00059 0.00038 0.000613 0.000342 0.00059 0.000379 0.000599 0.00038 0.000613 0.000317 0.000643 0.000335 0.000603 0.000383 0.000657 0.000335 0.000603 0.00038 0.000613 0.000383 0.000657 0.000379 0.000599 0.000378 0.000565 0.000416 0.000589 0.000378 0.000565 0.0004 0.00056 0.000416 0.000589 0.00038 0.000613 0.000379 0.000599 0.000424 0.000601 0.000379 0.000599 0.000416 0.000589 0.000424 0.000601 0.000383 0.000657 0.00038 0.000613 0.000446 0.000637 0.00038 0.000613 0.000424 0.000601 0.000446 0.000637 0.000416 0.000589 0.0004 0.00056 0.000444 0.000563 0.0004 0.00056 0.000416 0.000545 0.000444 0.000563 0.000424 0.000601 0.000416 0.000589 0.000456 0.000571 0.000416 0.000589 0.000444 0.000563 0.000456 0.000571 0.000446 0.000637 0.000424 0.000601 0.000491 0.000592 0.000424 0.000601 0.000456 0.000571 0.000491 0.000592 0.000444 0.000563 0.000416 0.000545 0.000458 0.000528 0.000416 0.000545 0.000424 0.000522 0.000458 0.000528 0.000456 0.000571 0.000444 0.000563 0.000472 0.000529 0.000444 0.000563 0.000458 0.000528 0.000472 0.000529 0.000491 0.000592 0.000456 0.000571 0.000511 0.000535 0.000456 0.000571 0.000472 0.000529 0.000511 0.000535 0.000456 0.000185 0.000423 0.000192 0.000442 0.00015 0.000423 0.000192 0.000414 0.000169 0.000442 0.00015 0.000471 0.000184 0.000456 0.000185 0.000454 0.000142 0.000456 0.000185 0.000442 0.00015 0.000454 0.000142 0.000511 0.000176 0.000471 0.000184 0.000488 0.000116 0.000471 0.000184 0.000454 0.000142 0.000488 0.000116 0.000442 0.00015 0.000414 0.000169 0.000414 0.000125 0.000414 0.000169 0.000397 0.000153 0.000414 0.000125 0.000454 0.000142 0.000442 0.00015 0.00042 0.000111 0.000442 0.00015 0.000414 0.000125 0.00042 0.000111 0.000488 0.000116 0.000454 0.000142 0.000439 0.000072 0.000454 0.000142 0.00042 0.000111 0.000439 0.000072 0.000414 0.000125 0.000397 0.000153 0.000376 0.000115 0.000397 0.000153 0.000375 0.000148 0.000376 0.000115 0.00042 0.000111 0.000414 0.000125 0.000376 0.0001 0.000414 0.000125 0.000376 0.000115 0.000376 0.0001 0.000439 0.000072 0.00042 0.000111 0.000374 0.000057 0.00042 0.000111 0.000376 0.0001 0.000374 0.000057 0.000376 0.000115 0.000375 0.000148 0.000339 0.000124 0.000375 0.000148 0.000354 0.000154 0.000339 0.000124 0.000376 0.0001 0.000376 0.000115 0.000332 0.000111 0.000376 0.000115 0.000339 0.000124 0.000332 0.000111 0.000374 0.000057 0.000376 0.0001 0.00031 0.000074 0.000376 0.0001 0.000332 0.000111 0.00031 0.000074 0.000339 0.000124 0.000354 0.000154 0.00031 0.00015 0.000354 0.000154 0.000338 0.000171 0.00031 0.00015 0.000332 0.000111 0.000339 0.000124 0.000298 0.000142 0.000339 0.000124 0.00031 0.00015 0.000298 0.000142 0.00031 0.000074 0.000332 0.000111 0.000263 0.000119 0.000332 0.000111 0.000298 0.000142 0.000263 0.000119 0.00031 0.00015 0.000338 0.000171 0.000295 0.000186 0.000338 0.000171 0.00033 0.000194 0.000295 0.000186 0.000298 0.000142 0.00031 0.00015 0.00028 0.000184 0.00031 0.00015 0.000295 0.000186 0.00028 0.000184 0.000263 0.000119 0.000298 0.000142 0.000241 0.000177 0.000298 0.000142 0.00028 0.000184 0.000241 0.000177 0.000776 0.000268 0.000811 0.000265 0.000823 0.0006 0.000811 0.000265 0.000857 0.000594 0.000823 0.0006 0.000809 0.000601 0.000775 0.000607 0.000763 0.000271 0.000775 0.000607 0.000726 0.000275 0.000763 0.000271 0.000917 0.000098 0.000916 0.000057 0.001127 0.000091 0.000916 0.000057 0.001137 0.000058 0.001127 0.000091 0.001135 0.000098 0.001166 0.000083 0.001151 0.000143 0.001166 0.000083 0.001182 0.000147 0.001151 0.000143 0.001141 0.000148 0.001127 0.000174 0.001122 0.000108 0.001127 0.000174 0.0011 0.000152 0.001122 0.000108 0.001122 0.000108 0.0011 0.000152 0.000916 0.000113 0.0011 0.000152 0.000918 0.000153 0.000916 0.000113 0.000763 0.000271 0.000776 0.000268 0.000809 0.000601 0.000776 0.000268 0.000823 0.0006 0.000809 0.000601 0.000971 0.000728 0.000954 0.000713 0.000976 0.000719 0.000954 0.000713 0.000956 0.000711 0.000976 0.000719 0.000976 0.000719 0.000956 0.000711 0.000978 0.000708 0.000956 0.000711 0.000957 0.000709 0.000978 0.000708 0.000978 0.000708 0.000957 0.000709 0.000975 0.000697 0.000957 0.000709 0.000956 0.000707 0.000975 0.000697 0.000975 0.000697 0.000956 0.000707 0.000969 0.000689 0.000956 0.000707 0.000955 0.000705 0.000969 0.000689 0.000969 0.000689 0.000955 0.000705 0.00096 0.000684 0.000955 0.000705 0.000952 0.000705 0.00096 0.000684 0.000954 0.000713 0.000952 0.000705 0.000956 0.000711 0.000952 0.000705 0.000955 0.000705 0.000956 0.000711 0.000956 0.000711 0.000955 0.000705 0.000957 0.000709 0.000955 0.000705 0.000956 0.000707 0.000957 0.000709 0.000857 0.000594 0.000864 0.00062 0.000823 0.0006 0.000864 0.00062 0.000833 0.000634 0.000823 0.0006 0.000823 0.0006 0.000833 0.000634 0.000809 0.000601 0.000833 0.000634 0.000821 0.00064 0.000809 0.000601 0.000809 0.000601 0.000821 0.00064 0.000775 0.000607 0.000821 0.00064 0.00079 0.000654 0.000775 0.000607 0.000864 0.00062 0.000878 0.000643 0.000833 0.000634 0.000878 0.000643 0.000852 0.000664 0.000833 0.000634 0.000833 0.000634 0.000852 0.000664 0.000821 0.00064 0.000852 0.000664 0.000842 0.000673 0.000821 0.00064 0.000821 0.00064 0.000842 0.000673 0.00079 0.000654 0.000842 0.000673 0.000816 0.000694 0.00079 0.000654 0.000878 0.000643 0.000896 0.00066 0.000852 0.000664 0.000896 0.00066 0.000877 0.000687 0.000852 0.000664 0.000852 0.000664 0.000877 0.000687 0.000842 0.000673 0.000877 0.000687 0.000871 0.000698 0.000842 0.000673 0.000842 0.000673 0.000871 0.000698 0.000816 0.000694 0.000871 0.000698 0.000853 0.000725 0.000816 0.000694 0.000896 0.00066 0.000918 0.000672 0.000877 0.000687 0.000918 0.000672 0.000907 0.000701 0.000877 0.000687 0.000877 0.000687 0.000907 0.000701 0.000871 0.000698 0.000907 0.000701 0.000903 0.000712 0.000871 0.000698 0.000871 0.000698 0.000903 0.000712 0.000853 0.000725 0.000903 0.000712 0.000895 0.000742 0.000853 0.000725 0.000918 0.000672 0.000943 0.000679 0.000907 0.000701 0.000943 0.000679 0.000935 0.000706 0.000907 0.000701 0.000907 0.000701 0.000935 0.000706 0.000903 0.000712 0.000935 0.000706 0.000936 0.000716 0.000903 0.000712 0.000903 0.000712 0.000936 0.000716 0.000895 0.000742 0.000936 0.000716 0.000941 0.000744 0.000895 0.000742 0.000941 0.000744 0.000936 0.000716 0.000971 0.000728 0.000936 0.000716 0.000954 0.000713 0.000971 0.000728 0.000936 0.000716 0.000935 0.000706 0.000954 0.000713 0.000935 0.000706 0.000952 0.000705 0.000954 0.000713 0.000935 0.000706 0.000943 0.000679 0.000952 0.000705 0.000943 0.000679 0.00096 0.000684 0.000952 0.000705 0.000776 0.000268 0.000763 0.000271 0.000776 0.000232 0.000763 0.000271 0.000762 0.00023 0.000776 0.000232 0.000763 0.000271 0.000726 0.000275 0.000762 0.00023 0.000726 0.000275 0.000726 0.000224 0.000762 0.00023 0.000811 0.000265 0.000776 0.000268 0.000812 0.000238 0.000776 0.000268 0.000776 0.000232 0.000812 0.000238 0.000776 0.000232 0.000762 0.00023 0.000787 0.000195 0.000762 0.00023 0.000774 0.00019 0.000787 0.000195 0.000762 0.00023 0.000726 0.000224 0.000774 0.00019 0.000726 0.000224 0.000741 0.000174 0.000774 0.00019 0.000812 0.000238 0.000776 0.000232 0.00082 0.000211 0.000776 0.000232 0.000787 0.000195 0.00082 0.000211 0.000787 0.000195 0.000774 0.00019 0.000808 0.000163 0.000774 0.00019 0.000797 0.000153 0.000808 0.000163 0.000774 0.00019 0.000741 0.000174 0.000797 0.000153 0.000741 0.000174 0.000769 0.000128 0.000797 0.000153 0.00082 0.000211 0.000787 0.000195 0.000837 0.000188 0.000787 0.000195 0.000808 0.000163 0.000837 0.000188 0.000808 0.000163 0.000797 0.000153 0.000838 0.000136 0.000797 0.000153 0.00083 0.000124 0.000838 0.000136 0.000797 0.000153 0.000769 0.000128 0.00083 0.000124 0.000769 0.000128 0.000809 0.000091 0.00083 0.000124 0.000837 0.000188 0.000808 0.000163 0.000859 0.000169 0.000808 0.000163 0.000838 0.000136 0.000859 0.000169 0.000838 0.000136 0.00083 0.000124 0.000875 0.000119 0.00083 0.000124 0.000871 0.000104 0.000875 0.000119 0.00083 0.000124 0.000809 0.000091 0.000871 0.000104 0.000809 0.000091 0.00086 0.000067 0.000871 0.000104 0.000859 0.000169 0.000838 0.000136 0.000887 0.000158 0.000838 0.000136 0.000875 0.000119 0.000887 0.000158 0.000875 0.000119 0.000871 0.000104 0.000916 0.000113 0.000871 0.000104 0.000917 0.000098 0.000916 0.000113 0.000871 0.000104 0.00086 0.000067 0.000917 0.000098 0.00086 0.000067 0.000916 0.000057 0.000917 0.000098 0.000887 0.000158 0.000875 0.000119 0.000918 0.000153 0.000875 0.000119 0.000916 0.000113 0.000918 0.000153 0.001127 0.000174 0.001141 0.000148 0.00114 0.000179 0.001141 0.000148 0.001144 0.00015 0.00114 0.000179 0.00114 0.000179 0.001144 0.00015 0.001154 0.000178 0.001144 0.00015 0.001147 0.000151 0.001154 0.000178 0.001154 0.000178 0.001147 0.000151 0.001167 0.000172 0.001147 0.000151 0.00115 0.000149 0.001167 0.000172 0.001167 0.000172 0.00115 0.000149 0.001177 0.00016 0.00115 0.000149 0.001151 0.000147 0.001177 0.00016 0.001177 0.00016 0.001151 0.000147 0.001182 0.000147 0.001151 0.000147 0.001151 0.000143 0.001182 0.000147 0.001141 0.000148 0.001151 0.000143 0.001144 0.00015 0.001151 0.000143 0.001151 0.000147 0.001144 0.00015 0.001144 0.00015 0.001151 0.000147 0.001147 0.000151 0.001151 0.000147 0.00115 0.000149 0.001147 0.000151 0.001166 0.000083 0.001135 0.000098 0.001161 0.000075 0.001135 0.000098 0.001134 0.000095 0.001161 0.000075 0.001161 0.000075 0.001134 0.000095 0.001154 0.000067 0.001134 0.000095 0.001132 0.000093 0.001154 0.000067 0.001154 0.000067 0.001132 0.000093 0.001146 0.000062 0.001132 0.000093 0.00113 0.000092 0.001146 0.000062 0.001146 0.000062 0.00113 0.000092 0.001137 0.000058 0.00113 0.000092 0.001127 0.000091 0.001137 0.000058 0.00113 0.000092 0.001132 0.000093 0.001127 0.000091 0.001132 0.000093 0.001122 0.000108 0.001127 0.000091 0.001122 0.000108 0.001132 0.000093 0.001135 0.000098 0.001132 0.000093 0.001134 0.000095 0.001135 0.000098 0.001135 0.000098 0.001151 0.000143 0.001122 0.000108 0.001151 0.000143 0.001141 0.000148 0.001122 0.000108 0.000916 0.000113 0.000917 0.000098 0.001122 0.000108 0.000917 0.000098 0.001127 0.000091 0.001122 0.000108 0.00018 0.000704 0.000194 0.000669 0.000197 0.000707 0.000194 0.000669 0.000198 0.000671 0.000197 0.000707 0.000165 0.000696 0.000191 0.000666 0.00018 0.000704 0.000191 0.000666 0.000194 0.000669 0.00018 0.000704 0.000231 0.000693 0.000203 0.000667 0.000241 0.000679 0.000203 0.000667 0.000205 0.000662 0.000241 0.000679 0.000206 0.000103 0.000238 0.000114 0.00009 0.000183 0.000238 0.000114 0.000133 0.000199 0.00009 0.000183 0.00009 0.000183 0.000133 0.000199 0.000205 0.000662 0.000133 0.000199 0.000241 0.000679 0.000205 0.000662 0.000197 0.000707 0.000198 0.000671 0.000215 0.000703 0.000198 0.000671 0.000201 0.00067 0.000215 0.000703 0.000191 0.000666 0.000165 0.000696 0.000073 0.000182 0.000165 0.000696 0.000037 0.000182 0.000073 0.000182 0.000077 0.000172 0.000053 0.000146 0.000199 0.000093 0.000053 0.000146 0.0002 0.000057 0.000199 0.000093 0.000191 0.000666 0.000205 0.000662 0.000194 0.000669 0.000205 0.000662 0.000203 0.000667 0.000194 0.000669 0.000215 0.000703 0.000201 0.00067 0.000231 0.000693 0.000201 0.00067 0.000203 0.000667 0.000231 0.000693 0.000205 0.000662 0.000191 0.000666 0.00009 0.000183 0.000191 0.000666 0.000073 0.000182 0.00009 0.000183 0.000238 0.000114 0.000206 0.000103 0.000241 0.000099 0.000206 0.000103 0.000208 0.000099 0.000241 0.000099 0.000241 0.000099 0.000208 0.000099 0.000238 0.000084 0.000208 0.000099 0.000208 0.000096 0.000238 0.000084 0.000238 0.000084 0.000208 0.000096 0.000229 0.000071 0.000208 0.000096 0.000206 0.000093 0.000229 0.000071 0.000229 0.000071 0.000206 0.000093 0.000216 0.000061 0.000206 0.000093 0.000203 0.000092 0.000216 0.000061 0.000216 0.000061 0.000203 0.000092 0.0002 0.000057 0.000203 0.000092 0.000199 0.000093 0.0002 0.000057 0.000206 0.000103 0.000199 0.000093 0.000208 0.000099 0.000199 0.000093 0.000203 0.000092 0.000208 0.000099 0.000208 0.000099 0.000203 0.000092 0.000208 0.000096 0.000203 0.000092 0.000206 0.000093 0.000208 0.000096 0.000201 0.00067 0.000198 0.000671 0.000203 0.000667 0.000198 0.000671 0.000194 0.000669 0.000203 0.000667 0.000053 0.000146 0.000077 0.000172 0.000047 0.000154 0.000077 0.000172 0.000074 0.000174 0.000047 0.000154 0.000047 0.000154 0.000074 0.000174 0.000042 0.000163 0.000074 0.000174 0.000073 0.000176 0.000042 0.000163 0.000042 0.000163 0.000073 0.000176 0.000039 0.000172 0.000073 0.000176 0.000072 0.000179 0.000039 0.000172 0.000039 0.000172 0.000072 0.000179 0.000037 0.000182 0.000072 0.000179 0.000073 0.000182 0.000037 0.000182 0.00009 0.000183 0.000073 0.000182 0.000073 0.000176 0.000073 0.000182 0.000072 0.000179 0.000073 0.000176 0.00009 0.000183 0.000073 0.000176 0.000077 0.000172 0.000073 0.000176 0.000074 0.000174 0.000077 0.000172 0.00009 0.000183 0.000077 0.000172 0.000206 0.000103 0.000077 0.000172 0.000199 0.000093 0.000206 0.000103</float_array>
					<technique_common>
						<accessor source="#D16CA340-4DC7-4567-ABC3-1AD1C12A89D7-mesh-map-0-array" count="15732" stride="2">
							<param name="S" type="float"/>
							<param name="T" type="float"/>
						</accessor>
					</technique_common>
				</source>
				<source id="D16CA340-4DC7-4567-ABC3-1AD1C12A89D7-mesh-map-1">
					<float_array id="D16CA340-4DC7-4567-ABC3-1AD1C12A89D7-mesh-map-1-array" count="31464">0 0 0 0 0 0 0 0 0 0 0 0 0 0 0 0 0 0 0 0 0 0 0 0 0 0 0 0 0 0 0 0 0 0 0 0 0 0 0 0 0 0 0 0 0 0 0 0 0 0 0 0 0 0 0 0 0 0 0 0 0 0 0 0 0 0 0 0 0 0 0 0 0 0 0 0 0 0 0 0 0 0 0 0 0 0 0 0 0 0 0 0 0 0 0 0 0 0 0 0 0 0 0 0 0 0 0 0 0 0 0 0 0 0 0 0 0 0 0 0 0 0 0 0 0 0 0 0 0 0 0 0 0 0 0 0 0 0 0 0 0 0 0 0 0 0 0 0 0 0 0 0 0 0 0 0 0 0 0 0 0 0 0 0 0 0 0 0 0 0 0 0 0 0 0 0 0 0 0 0 0 0 0 0 0 0 0 0 0 0 0 0 0 0 0 0 0 0 0 0 0 0 0 0 0 0 0 0 0 0 0 0 0 0 0 0 0 0 0 0 0 0 0 0 0 0 0 0 0 0 0 0 0 0 0 0 0 0 0 0 0 0 0 0 0 0 0 0 0 0 0 0 0 0 0 0 0 0 0 0 0 0 0 0 0 0 0 0 0 0 0 0 0 0 0 0 0 0 0 0 0 0 0 0 0 0 0 0 0 0 0 0 0 0 0.569 0.711 0.69 0.878 0.569 0.989 0.69 0.878 0.69 0.937 0.569 0.989 0.777 0.711 0.777 0.878 0.569 0.711 0.777 0.878 0.69 0.878 0.569 0.711 0 0 0 0 0 0 0 0 0 0 0 0 0 0 0 0 0 0 0 0 0 0 0 0 0 0 0 0 0 0 0 0 0 0 0 0 0 0 0 0 0 0 0 0 0 0 0 0 0 0 0 0 0 0 0 0 0 0 0 0 0 0 0 0 0 0 0 0 0 0 0 0 0 0 0 0 0 0 0 0 0 0 0 0 0 0 0 0 0 0 0 0 0 0 0 0 0 0 0 0 0 0 0 0 0 0 0 0 0 0 0 0 0 0 0 0 0 0 0 0 0 0 0 0 0 0 0 0 0 0 0 0 0 0 0 0 0 0 0.569 0.989 0.43 0.989 0.569 0.711 0.43 0.989 0.43 0.711 0.569 0.711 0 0 0 0 0 0 0 0 0 0 0 0 0 0 0 0 0 0 0.569 0.989 0.69 0.937 0.777 0.989 0.69 0.937 0.777 0.937 0.777 0.989 0 0 0 0 0 0 0 0 0 0 0 0 0 0 0 0 0 0 0 0 0 0 0 0 0 0 0 0 0 0 0 0 0 0 0 0 0 0 0 0 0 0 0 0 0 0 0 0 0 0 0 0 0 0 0 0 0 0 0 0 0 0 0 0 0 0 0 0 0 0 0 0 0.43 0.897 0.291 0.897 0.43 0.805 0.291 0.897 0.291 0.805 0.43 0.805 0 0 0 0 0 0 0 0 0 0 0 0 0 0 0 0 0 0 0 0 0 0 0 0 0 0 0 0 0 0 0 0 0 0 0 0 0 0 0 0 0 0 0 0 0 0 0 0 0 0 0 0 0 0 0 0 0 0 0 0 0 0 0 0 0 0 0 0 0 0 0 0 0 0 0 0 0 0 0 0 0 0 0 0 0 0 0 0 0 0 0 0 0 0 0 0 0 0 0 0 0 0 0 0 0 0 0 0 0 0 0 0 0 0 0 0 0 0 0 0 0 0 0 0 0 0 0 0 0 0 0 0 0 0 0 0 0 0 0 0 0 0 0 0 0 0 0 0 0 0 0 0 0 0 0 0 0 0 0 0 0 0 0.291 0.989 0.291 0.897 0.43 0.989 0.291 0.897 0.43 0.897 0.43 0.989 0 0 0 0 0 0 0 0 0 0 0 0 0 0 0 0 0 0 0 0 0 0 0 0 0.291 0.805 0.291 0.711 0.43 0.805 0.291 0.711 0.43 0.711 0.43 0.805 0 0 0 0 0 0 0 0 0 0 0 0 0 0 0 0 0 0 0 0 0 0 0 0 0 0 0 0 0 0 0 0 0 0 0 0 0 0 0 0 0 0 0 0 0 0 0 0 0 0 0 0 0 0 0 0 0 0 0 0 0 0 0 0 0 0 0 0 0 0 0 0 0 0 0 0 0 0 0 0 0 0 0 0 0 0 0 0 0 0 0 0 0 0 0 0 0 0 0 0 0 0 0 0 0 0 0 0 0 0 0 0 0 0 0 0 0 0 0 0 0 0 0 0 0 0 0 0 0 0 0 0 0 0 0 0 0 0 0 0 0 0 0 0 0 0 0 0 0 0 0 0 0 0 0 0 0 0 0 0 0 0 0 0 0 0 0 0 0 0 0 0 0 0 0 0 0 0 0 0 0 0 0 0 0 0 0 0 0 0 0 0 0 0 0 0 0 0 0 0 0 0 0 0 0 0 0 0 0 0 0 0 0 0 0 0 0 0 0 0 0 0 0 0 0 0 0 0 0 0 0 0 0 0 0 0 0 0 0 0 0 0 0 0 0 0 0 0 0 0 0 0 0 0 0 0 0 0 0 0 0 0 0 0 0 0 0 0 0 0 0 0 0 0 0 0 0 0 0 0 0 0 0 0 0 0 0 0 0 0 0 0 0 0 0 0 0 0 0 0 0 0 0 0 0 0 0 0 0 0 0 0 0 0 0 0 0 0 0 0 0 0 0 0 0 0 0 0 0 0 0.985 0.389 0.985 0.667 0.864 0.556 0.985 0.667 0.864 0.615 0.864 0.556 0.777 0.389 0.985 0.389 0.777 0.556 0.985 0.389 0.864 0.556 0.777 0.556 0 0 0 0 0 0 0 0 0 0 0 0 0 0 0 0 0 0 0 0 0 0 0 0 0 0 0 0 0 0 0 0 0 0 0 0 0 0 0 0 0 0 0 0 0 0 0 0 0 0 0 0 0 0 0 0 0 0 0 0 0 0 0 0 0 0 0 0 0 0 0 0 0 0 0 0 0 0 0 0 0 0 0 0 0 0 0 0 0 0 0 0 0 0 0 0 0 0 0 0 0 0 0 0 0 0 0 0 0 0 0 0 0 0 0 0 0 0 0 0 0 0 0 0 0 0 0 0 0 0 0 0 0 0 0 0 0 0 0.013 0.989 0.013 0.711 0.151 0.989 0.013 0.711 0.151 0.711 0.151 0.989 0 0 0 0 0 0 0 0 0 0 0 0 0 0 0 0 0 0 0.985 0.667 0.777 0.667 0.864 0.615 0.777 0.667 0.777 0.615 0.864 0.615 0 0 0 0 0 0 0 0 0 0 0 0 0 0 0 0 0 0 0 0 0 0 0 0 0 0 0 0 0 0 0 0 0 0 0 0 0 0 0 0 0 0 0 0 0 0 0 0 0 0 0 0 0 0 0 0 0 0 0 0 0 0 0 0 0 0 0 0 0 0 0 0 0.151 0.897 0.151 0.805 0.291 0.897 0.151 0.805 0.291 0.805 0.291 0.897 0 0 0 0 0 0 0 0 0 0 0 0 0 0 0 0 0 0 0 0 0 0 0 0 0 0 0 0 0 0 0 0 0 0 0 0 0 0 0 0 0 0 0 0 0 0 0 0 0 0 0 0 0 0 0 0 0 0 0 0 0 0 0 0 0 0 0 0 0 0 0 0 0 0 0 0 0 0 0 0 0 0 0 0 0 0 0 0 0 0 0 0 0 0 0 0 0 0 0 0 0 0 0 0 0 0 0 0 0 0 0 0 0 0 0 0 0 0 0 0 0 0 0 0 0 0 0 0 0 0 0 0 0 0 0 0 0 0 0 0 0 0 0 0 0 0 0 0 0 0 0 0 0 0 0 0 0 0 0 0 0 0 0.291 0.989 0.151 0.989 0.291 0.897 0.151 0.989 0.151 0.897 0.291 0.897 0 0 0 0 0 0 0 0 0 0 0 0 0 0 0 0 0 0 0 0 0 0 0 0 0.291 0.805 0.151 0.805 0.291 0.711 0.151 0.805 0.151 0.711 0.291 0.711 0 0 0 0 0 0 0 0 0 0 0 0 0 0 0 0 0 0 0 0 0 0 0 0 0 0 0 0 0 0 0 0 0 0 0 0 0 0 0 0 0 0 0 0 0 0 0 0 0 0 0 0 0 0 0 0 0 0 0 0 0 0 0 0 0 0 0 0 0 0 0 0 0 0 0 0 0 0 0 0 0 0 0 0 0 0 0 0 0 0 0 0 0 0 0 0 0 0 0 0 0 0 0 0 0 0 0 0 0 0 0 0 0 0 0 0 0 0 0 0 0 0 0 0 0 0 0 0 0 0 0 0 0 0 0 0 0 0 0 0 0 0 0 0 0 0 0 0 0 0 0 0 0 0 0 0 0 0 0 0 0 0 0 0 0 0 0 0 0 0 0 0 0 0 0 0 0 0 0 0 0 0 0 0 0 0 0 0 0 0 0 0 0 0 0 0 0 0 0 0 0 0 0 0 0 0 0 0 0 0 0 0 0 0 0 0 0 0 0 0 0 0 0 0 0 0 0 0 0 0 0 0 0 0 0 0 0 0 0 0 0 0 0 0 0 0 0 0 0 0 0 0 0 0 0 0 0 0 0 0 0 0 0 0 0 0 0 0 0 0 0 0 0 0 0 0 0 0 0 0 0 0 0 0 0 0 0 0 0 0 0 0 0 0 0 0 0 0 0 0 0 0 0 0 0 0 0 0 0 0 0 0 0 0 0 0 0 0 0 0 0 0 0 0 0 0 0 0 0 0 0.985 0.711 0.985 0.989 0.864 0.878 0.985 0.989 0.864 0.937 0.864 0.878 0.777 0.711 0.985 0.711 0.777 0.878 0.985 0.711 0.864 0.878 0.777 0.878 0 0 0 0 0 0 0 0 0 0 0 0 0 0 0 0 0 0 0 0 0 0 0 0 0 0 0 0 0 0 0 0 0 0 0 0 0 0 0 0 0 0 0 0 0 0 0 0 0 0 0 0 0 0 0 0 0 0 0 0 0 0 0 0 0 0 0 0 0 0 0 0 0 0 0 0 0 0 0 0 0 0 0 0 0 0 0 0 0 0 0 0 0 0 0 0 0 0 0 0 0 0 0 0 0 0 0 0 0 0 0 0 0 0 0 0 0 0 0 0 0 0 0 0 0 0 0 0 0 0 0 0 0 0 0 0 0 0 0.013 0.667 0.013 0.389 0.151 0.667 0.013 0.389 0.151 0.389 0.151 0.667 0 0 0 0 0 0 0 0 0 0 0 0 0 0 0 0 0 0 0.985 0.989 0.777 0.989 0.864 0.937 0.777 0.989 0.777 0.937 0.864 0.937 0 0 0 0 0 0 0 0 0 0 0 0 0 0 0 0 0 0 0 0 0 0 0 0 0 0 0 0 0 0 0 0 0 0 0 0 0 0 0 0 0 0 0 0 0 0 0 0 0 0 0 0 0 0 0 0 0 0 0 0 0 0 0 0 0 0 0 0 0 0 0 0 0.151 0.575 0.151 0.483 0.291 0.575 0.151 0.483 0.291 0.483 0.291 0.575 0 0 0 0 0 0 0 0 0 0 0 0 0 0 0 0 0 0 0 0 0 0 0 0 0 0 0 0 0 0 0 0 0 0 0 0 0 0 0 0 0 0 0 0 0 0 0 0 0 0 0 0 0 0 0 0 0 0 0 0 0 0 0 0 0 0 0 0 0 0 0 0 0 0 0 0 0 0 0 0 0 0 0 0 0 0 0 0 0 0 0 0 0 0 0 0 0 0 0 0 0 0 0 0 0 0 0 0 0 0 0 0 0 0 0 0 0 0 0 0 0 0 0 0 0 0 0 0 0 0 0 0 0 0 0 0 0 0 0 0 0 0 0 0 0 0 0 0 0 0 0 0 0 0 0 0 0 0 0 0 0 0 0.291 0.667 0.151 0.667 0.291 0.575 0.151 0.667 0.151 0.575 0.291 0.575 0 0 0 0 0 0 0 0 0 0 0 0 0 0 0 0 0 0 0 0 0 0 0 0 0.291 0.483 0.151 0.483 0.291 0.389 0.151 0.483 0.151 0.389 0.291 0.389 0 0 0 0 0 0 0 0 0 0 0 0 0 0 0 0 0 0 0 0 0 0 0 0 0 0 0 0 0 0 0 0 0 0 0 0 0 0 0 0 0 0 0 0 0 0 0 0 0 0 0 0 0 0 0 0 0 0 0 0 0 0 0 0 0 0 0 0 0 0 0 0 0 0 0 0 0 0 0 0 0 0 0 0 0 0 0 0 0 0 0 0 0 0 0 0 0 0 0 0 0 0 0 0 0 0 0 0 0 0 0 0 0 0 0 0 0 0 0 0 0 0 0 0 0 0 0 0 0 0 0 0 0 0 0 0 0 0 0 0 0 0 0 0 0 0 0 0 0 0 0 0 0 0 0 0 0 0 0 0 0 0 0 0 0 0 0 0 0 0 0 0 0 0 0 0 0 0 0 0 0 0 0 0 0 0 0 0 0 0 0 0 0 0 0 0 0 0 0 0 0 0 0 0 0 0 0 0 0 0 0 0 0 0 0 0 0 0 0 0 0 0 0 0 0 0 0 0 0 0 0 0 0 0 0 0 0 0 0 0 0 0 0 0 0 0 0 0 0 0 0 0 0 0 0 0 0 0 0 0 0 0 0 0 0 0 0 0 0 0 0 0 0 0 0 0 0 0 0 0 0 0 0 0 0 0 0 0 0 0 0 0 0 0 0 0 0 0 0 0 0 0 0 0 0 0 0 0 0 0 0 0 0 0 0 0 0 0 0 0 0 0 0 0 0 0 0 0 0 0 0.569 0.389 0.69 0.556 0.569 0.667 0.69 0.556 0.69 0.615 0.569 0.667 0.777 0.389 0.777 0.556 0.569 0.389 0.777 0.556 0.69 0.556 0.569 0.389 0 0 0 0 0 0 0 0 0 0 0 0 0 0 0 0 0 0 0 0 0 0 0 0 0 0 0 0 0 0 0 0 0 0 0 0 0 0 0 0 0 0 0 0 0 0 0 0 0 0 0 0 0 0 0 0 0 0 0 0 0 0 0 0 0 0 0 0 0 0 0 0 0 0 0 0 0 0 0 0 0 0 0 0 0 0 0 0 0 0 0 0 0 0 0 0 0 0 0 0 0 0 0 0 0 0 0 0 0 0 0 0 0 0 0 0 0 0 0 0 0 0 0 0 0 0 0 0 0 0 0 0 0 0 0 0 0 0 0.569 0.667 0.43 0.667 0.569 0.389 0.43 0.667 0.43 0.389 0.569 0.389 0 0 0 0 0 0 0 0 0 0 0 0 0 0 0 0 0 0 0.569 0.667 0.69 0.615 0.777 0.667 0.69 0.615 0.777 0.615 0.777 0.667 0 0 0 0 0 0 0 0 0 0 0 0 0 0 0 0 0 0 0 0 0 0 0 0 0 0 0 0 0 0 0 0 0 0 0 0 0 0 0 0 0 0 0 0 0 0 0 0 0 0 0 0 0 0 0 0 0 0 0 0 0 0 0 0 0 0 0 0 0 0 0 0 0.43 0.575 0.291 0.575 0.43 0.483 0.291 0.575 0.291 0.483 0.43 0.483 0 0 0 0 0 0 0 0 0 0 0 0 0 0 0 0 0 0 0 0 0 0 0 0 0 0 0 0 0 0 0 0 0 0 0 0 0 0 0 0 0 0 0 0 0 0 0 0 0 0 0 0 0 0 0 0 0 0 0 0 0 0 0 0 0 0 0 0 0 0 0 0 0 0 0 0 0 0 0 0 0 0 0 0 0 0 0 0 0 0 0 0 0 0 0 0 0 0 0 0 0 0 0 0 0 0 0 0 0 0 0 0 0 0 0 0 0 0 0 0 0 0 0 0 0 0 0 0 0 0 0 0 0 0 0 0 0 0 0 0 0 0 0 0 0 0 0 0 0 0 0 0 0 0 0 0 0 0 0 0 0 0 0.291 0.667 0.291 0.575 0.43 0.667 0.291 0.575 0.43 0.575 0.43 0.667 0 0 0 0 0 0 0 0 0 0 0 0 0 0 0 0 0 0 0 0 0 0 0 0 0.291 0.483 0.291 0.389 0.43 0.483 0.291 0.389 0.43 0.389 0.43 0.483 0 0 0 0 0 0 0 0 0 0 0 0 0 0 0 0 0 0 0 0 0 0 0 0 0 0 0 0 0 0 0 0 0 0 0 0 0 0 0 0 0 0 0 0 0 0 0 0 0 0 0 0 0 0 0 0 0 0 0 0 0 0 0 0 0 0 0 0 0 0 0 0 0 0 0 0 0 0 0 0 0 0 0 0 0 0 0 0 0 0 0 0 0 0 0 0 0 0 0 0 0 0 0 0 0 0 0 0 0 0 0 0 0 0 0 0 0 0 0 0 0 0 0 0 0 0 0 0 0 0 0 0 0 0 0 0 0 0 0 0 0 0 0 0 0 0 0 0 0 0 0 0 0 0 0 0 0 0 0 0 0 0 0 0 0 0 0 0 0 0 0 0 0 0 0 0 0 0 0 0 0 0 0 0 0 0 0 0 0 0 0 0 0 0 0 0 0 0 0 0 0 0 0 0 0 0 0 0 0 0 0 0 0 0 0 0 0 0 0 0 0 0 0 0 0 0 0 0 0 0 0 0 0 0 0 0 0 0 0 0 0 0 0 0 0 0 0 0 0 0 0 0 0 0 0 0 0 0 0 0 0 0 0 0 0 0 0 0 0 0 0 0 0 0 0 0 0 0 0 0 0 0 0 0 0 0 0 0 0 0 0 0 0 0 0 0 0 0 0 0 0 0 0 0 0 0 0 0 0 0 0 0 0 0 0 0 0 0 0 0 0 0 0 0 0 0 0 0 0 0 0 0 0 0 0 0 0 0 0 0 0 0 0 0 0 0 0 0 0 0 0 0 0 0 0 0 0 0 0 0 0 0 0 0 0 0 0 0 0 0 0 0 0 0 0 0 0 0 0 0 0 0 0 0 0 0 0 0 0 0 0 0 0 0 0 0 0 0 0 0 0 0 0 0 0 0 0 0 0 0 0 0 0 0 0 0 0 0 0 0 0 0 0 0 0 0 0 0 0 0 0 0 0 0 0 0 0 0 0 0 0 0 0 0 0 0 0 0 0 0 0 0 0 0 0 0 0 0 0 0 0 0 0 0 0 0 0 0 0 0 0 0 0 0 0 0 0 0 0 0 0 0 0 0 0 0 0 0 0 0 0 0 0 0 0 0 0 0 0 0 0 0 0 0 0 0 0 0 0 0 0 0 0 0 0 0 0 0 0 0 0 0 0 0 0 0 0 0 0 0 0 0 0 0 0 0 0 0 0 0 0 0 0 0 0 0 0 0 0 0 0 0 0 0 0 0 0 0 0 0 0 0 0 0 0 0 0 0 0 0 0 0 0 0 0 0 0 0 0 0 0 0 0 0 0 0 0 0 0 0 0 0 0 0 0 0 0 0 0 0 0 0 0 0 0 0 0 0 0 0 0 0 0 0 0 0 0 0 0 0 0 0 0 0 0 0 0 0 0 0 0 0 0 0 0 0 0 0 0 0 0 0 0 0 0 0 0 0 0 0 0 0 0 0 0 0 0 0 0 0 0 0 0 0 0 0 0 0 0 0 0 0 0 0 0 0 0 0 0 0 0 0 0 0 0 0 0 0 0 0 0 0 0 0 0 0 0 0 0 0 0 0 0 0 0 0 0 0 0 0 0 0 0 0 0 0 0 0 0 0 0 0 0 0 0 0 0 0 0 0 0 0 0 0 0 0 0 0 0 0 0 0 0 0 0 0 0 0 0 0 0 0 0 0 0 0 0 0 0 0 0 0 0 0 0 0 0 0 0 0 0 0 0 0 0 0 0 0 0 0 0 0 0 0 0 0 0 0 0 0 0 0 0 0 0 0 0 0 0 0 0 0 0 0 0 0 0 0 0 0 0 0 0 0 0 0 0 0 0 0 0 0 0 0 0 0 0 0 0 0 0 0 0 0 0 0 0 0 0 0 0 0 0 0 0 0 0 0 0 0 0 0 0 0 0 0 0 0 0 0 0 0 0 0 0 0 0 0 0 0 0 0 0 0 0 0 0 0 0 0 0 0 0 0 0 0 0 0 0 0 0 0 0 0 0 0 0 0 0 0 0 0 0 0 0 0 0 0 0 0 0 0 0 0 0 0 0 0 0 0 0 0 0 0 0 0 0 0 0 0 0 0 0 0 0 0 0 0 0 0 0 0 0 0 0 0 0 0 0 0 0 0 0 0 0 0 0 0 0 0 0 0 0 0 0 0 0 0 0 0 0 0 0 0 0 0 0 0 0 0 0 0 0 0 0 0 0 0 0 0 0 0 0 0 0 0 0 0 0 0 0 0 0 0 0 0 0 0 0 0 0 0 0 0 0 0 0 0 0 0 0 0 0 0 0 0 0 0 0 0 0 0 0 0 0 0 0 0 0 0 0 0 0 0 0 0 0 0 0 0 0 0 0 0 0 0 0 0 0 0 0 0 0 0 0 0 0 0 0 0 0 0 0 0 0 0 0 0 0 0 0 0 0 0 0 0 0 0 0 0 0 0 0 0 0 0 0 0 0 0 0 0 0 0 0 0 0 0 0 0 0 0 0 0 0 0 0 0 0 0 0 0 0 0 0 0 0 0 0 0 0 0 0 0 0 0 0 0 0 0 0 0 0 0 0 0 0 0 0 0 0 0 0 0 0 0 0 0 0 0 0 0 0 0 0 0 0 0 0 0 0 0 0 0 0 0 0 0 0 0 0 0 0 0 0 0 0 0 0 0 0 0 0 0 0 0 0 0 0 0 0 0 0 0 0 0 0 0 0 0 0 0 0 0 0 0 0 0 0 0 0 0 0 0 0 0 0 0 0 0 0 0 0 0 0 0 0 0 0 0 0 0 0 0 0 0 0 0 0 0 0 0 0 0 0 0 0 0 0 0 0 0 0 0 0 0 0 0 0 0 0 0 0 0 0 0 0 0 0 0 0 0 0 0 0 0 0 0 0 0 0 0 0 0 0 0 0 0 0 0 0 0 0 0 0 0 0 0 0 0 0 0 0 0 0 0 0 0 0 0 0 0 0 0 0 0 0 0 0 0 0 0 0 0 0 0 0 0 0 0 0 0 0 0 0 0 0 0 0 0 0 0 0 0 0 0 0 0 0 0 0 0 0 0 0 0 0 0 0 0 0 0 0 0 0 0 0 0 0 0 0 0 0 0 0 0 0 0 0 0 0 0 0 0 0 0 0 0 0 0 0 0 0 0 0 0 0 0 0 0 0 0 0 0 0 0 0 0 0 0 0 0 0 0 0 0 0 0 0 0 0 0 0 0 0 0 0 0 0 0 0 0 0 0 0 0 0 0 0 0 0 0 0 0 0 0 0 0 0 0 0 0 0 0 0 0 0 0 0 0 0 0 0 0 0 0 0 0 0 0 0 0 0 0 0 0 0 0 0 0 0 0 0 0 0 0 0 0 0 0 0 0 0 0 0 0 0 0 0 0 0 0 0 0 0 0 0 0 0 0 0 0 0 0 0 0 0 0 0 0 0 0 0 0 0 0 0 0 0 0 0 0 0 0 0 0 0 0 0 0 0 0 0 0 0 0 0 0 0 0 0 0 0 0 0 0 0 0 0 0 0 0 0 0 0 0 0 0 0 0 0 0 0 0 0 0 0 0 0 0 0 0 0 0 0 0 0 0 0 0 0 0 0 0 0 0 0 0 0 0 0 0 0 0 0 0 0 0 0 0 0 0 0 0 0 0 0 0 0 0 0 0 0 0 0 0 0 0 0 0 0 0 0 0 0 0 0 0 0 0 0 0 0 0 0 0 0 0 0 0 0 0 0 0 0 0 0 0 0 0 0 0 0 0 0 0 0 0 0 0 0 0 0 0 0 0 0 0 0 0 0 0 0 0 0 0 0 0 0 0 0 0 0 0 0 0 0 0 0 0 0 0 0 0 0 0 0 0 0 0 0 0 0 0 0 0 0 0 0 0 0 0 0 0 0 0 0 0 0 0 0 0 0 0 0 0 0 0 0 0 0 0 0 0 0 0 0 0 0 0 0 0 0 0 0 0 0 0 0 0 0 0 0 0 0 0 0 0 0 0 0 0 0 0 0 0 0 0 0 0 0 0 0 0 0 0 0 0 0 0 0 0 0 0 0 0 0 0 0 0 0 0 0 0 0 0 0 0 0 0 0 0 0 0 0 0 0 0 0 0 0 0 0 0 0 0 0 0 0 0 0 0 0 0 0 0 0 0 0 0 0 0 0 0 0 0 0 0 0 0 0 0 0 0 0 0 0 0 0 0 0 0 0 0 0 0 0 0 0 0 0 0 0 0 0 0 0 0 0 0 0 0 0 0 0 0 0 0 0 0 0 0 0 0 0 0 0 0 0 0 0 0 0 0 0 0 0 0 0 0 0 0 0 0 0 0 0 0 0 0 0 0 0 0 0 0 0 0 0 0 0 0 0 0 0 0 0 0 0 0 0 0 0 0 0 0 0 0 0 0 0 0 0 0 0 0 0 0 0 0 0 0 0 0 0 0 0 0 0 0 0 0 0 0 0 0 0 0 0 0 0 0 0 0 0 0 0 0 0 0 0 0 0 0 0 0 0 0 0 0 0 0 0 0 0 0 0 0 0 0 0 0 0 0 0 0 0 0 0 0 0 0 0 0 0 0 0 0 0 0 0 0 0 0 0 0 0 0 0 0 0 0 0 0 0 0 0 0 0 0 0 0 0 0 0 0 0 0 0 0 0 0 0 0 0 0 0 0 0 0 0 0 0 0 0 0 0 0 0 0 0 0 0 0 0 0 0 0 0 0 0 0 0 0 0 0 0 0 0 0 0 0 0 0 0 0 0 0 0 0 0 0 0 0 0 0 0 0 0 0 0 0 0 0 0 0 0 0 0 0 0 0 0 0 0 0 0 0 0 0 0 0 0 0 0 0 0 0 0 0 0 0 0 0 0 0 0 0 0 0 0 0 0 0 0 0 0 0 0 0 0 0 0 0 0 0 0 0 0 0 0 0 0 0 0 0 0 0 0 0 0 0 0 0 0 0 0 0 0 0 0 0 0 0 0 0 0 0 0 0 0 0 0 0 0 0 0 0 0 0 0 0 0 0 0 0 0 0 0 0 0 0 0 0 0 0 0 0 0 0 0 0 0 0 0 0 0 0 0 0 0 0 0 0 0 0 0 0 0 0 0 0 0 0 0 0 0 0 0 0 0 0 0 0 0 0 0 0 0 0 0 0 0 0 0 0 0 0 0 0 0 0 0 0 0 0 0 0 0 0 0 0 0 0 0 0 0 0 0 0 0 0 0 0 0 0 0 0 0 0 0 0 0 0 0 0 0 0 0 0 0 0 0 0 0 0 0 0 0 0 0 0 0 0 0 0 0 0 0 0 0 0 0 0 0 0 0 0 0 0 0 0 0 0 0 0 0 0 0 0 0 0 0 0 0 0 0 0 0 0 0 0 0 0 0 0 0 0 0 0 0 0 0 0 0 0 0 0 0 0 0 0 0 0 0 0 0 0 0 0 0 0 0 0 0 0 0 0 0 0 0 0 0 0 0 0 0 0 0 0 0 0 0 0 0 0 0 0 0 0 0 0 0 0 0 0 0 0 0 0 0 0 0 0 0 0 0 0 0 0 0 0 0 0 0 0 0 0 0 0 0 0 0 0 0 0 0 0 0 0 0 0 0 0 0 0 0 0 0 0 0 0 0 0 0 0 0 0 0 0 0 0 0 0 0 0 0 0 0 0 0 0 0 0 0 0 0 0 0 0 0 0 0 0 0 0 0 0 0 0 0 0 0 0 0 0 0 0 0 0 0 0 0 0 0 0 0 0 0 0 0 0 0 0 0 0 0 0 0 0 0 0 0 0 0 0 0 0 0 0 0 0 0 0 0 0 0 0 0 0 0 0 0 0 0 0 0 0 0 0 0 0 0 0 0 0 0 0 0 0 0 0 0 0 0 0 0 0 0 0 0 0 0 0 0 0 0 0 0 0 0 0 0 0 0 0 0 0 0 0 0 0 0 0 0 0 0 0 0 0 0 0 0 0 0 0 0 0 0 0 0 0 0 0 0 0 0 0 0 0 0 0 0 0 0 0 0 0 0 0 0 0 0 0 0 0 0 0 0 0 0 0 0 0 0 0 0 0 0 0 0 0 0 0 0 0 0 0 0 0 0 0 0 0 0 0 0 0 0 0 0 0 0 0 0 0 0 0 0 0 0 0 0 0 0 0 0 0 0 0 0 0 0 0 0 0 0 0 0 0 0 0 0 0 0 0 0 0 0 0 0 0 0 0 0 0 0 0 0 0 0 0 0 0 0 0 0 0 0 0 0 0 0 0 0 0 0 0 0 0 0 0 0 0 0 0 0 0 0 0 0 0 0 0 0 0 0 0 0 0 0 0 0 0 0 0 0 0 0 0 0 0 0 0 0 0 0 0 0 0 0 0 0 0 0 0 0 0 0 0 0 0 0 0 0 0 0 0 0 0 0 0 0 0 0 0 0 0 0 0 0 0 0 0 0 0 0 0 0 0 0 0 0 0 0 0 0 0 0 0 0 0 0 0 0 0 0 0 0 0 0 0 0 0 0 0 0 0 0 0 0 0 0 0 0 0 0 0 0 0 0 0 0 0 0 0 0 0 0 0 0 0 0 0 0 0 0 0 0 0 0 0 0 0 0 0 0 0 0 0 0 0 0 0 0 0 0 0 0 0 0 0 0 0 0 0 0 0 0 0 0 0 0 0 0 0 0 0 0 0 0 0 0 0 0 0 0 0 0 0 0 0 0 0 0 0 0 0 0 0 0 0 0 0 0 0 0 0 0 0 0 0 0 0 0 0 0 0 0 0 0 0 0 0 0 0 0 0 0 0 0 0 0 0 0 0 0 0 0 0 0 0 0 0 0 0 0 0 0 0 0 0 0 0 0 0 0 0 0 0 0 0 0 0 0 0 0 0 0 0 0 0 0 0 0 0 0 0 0 0 0 0 0 0 0 0 0 0 0 0 0 0 0 0 0 0 0 0 0 0 0 0 0 0 0 0 0 0 0 0 0 0 0 0 0 0 0 0 0 0 0 0 0 0 0 0 0 0 0 0 0 0 0 0 0 0 0 0 0 0 0 0 0 0 0 0 0 0 0 0 0 0 0 0 0 0 0 0 0 0 0 0 0 0 0 0 0 0 0 0 0 0 0 0 0 0 0 0 0 0 0 0 0 0 0 0 0 0 0 0 0 0 0 0 0 0 0 0 0 0 0 0 0 0 0 0 0 0 0 0 0 0 0 0 0 0 0 0 0 0 0 0 0 0 0 0 0 0 0 0 0 0 0 0 0 0 0 0 0 0 0 0 0 0 0 0 0 0 0 0 0 0 0 0 0 0 0 0 0 0 0 0 0 0 0 0 0 0 0 0 0 0 0 0 0 0 0 0 0 0 0 0 0 0 0 0 0 0 0 0 0 0 0 0 0 0 0 0 0 0 0 0 0 0 0 0 0 0 0 0 0 0 0 0 0 0 0 0 0 0 0 0 0 0 0 0 0 0 0 0 0 0 0 0 0 0 0 0 0 0 0 0 0 0 0 0 0 0 0 0 0 0 0 0 0 0 0 0 0 0 0 0 0 0 0 0 0 0 0 0 0 0 0 0 0 0 0 0 0 0 0 0 0 0 0 0 0 0 0 0 0 0 0 0 0 0 0 0 0 0 0 0 0 0 0 0 0 0 0 0 0 0 0 0 0 0 0 0 0 0 0 0 0 0 0 0 0 0 0 0 0 0 0 0 0 0 0 0 0 0 0 0 0 0 0 0 0 0 0 0 0 0 0 0 0 0 0 0 0 0 0 0 0 0 0 0 0 0 0 0 0 0 0 0 0 0 0 0 0 0 0 0 0 0 0 0 0 0 0 0 0 0 0 0 0 0 0 0 0 0 0 0 0 0 0 0 0 0 0 0 0 0 0 0 0 0 0 0 0 0 0 0 0 0 0 0 0 0 0 0 0 0 0 0 0 0 0 0 0 0 0 0 0 0 0 0 0 0 0 0 0 0 0 0 0 0 0 0 0 0 0 0 0 0 0 0 0 0 0 0 0 0 0 0 0 0 0 0 0 0 0 0 0 0 0 0 0 0 0 0 0 0 0 0 0 0 0 0 0 0 0 0 0 0 0 0 0 0 0 0 0 0 0 0 0 0 0 0 0 0 0 0 0 0 0 0 0 0 0 0 0 0 0 0 0 0 0 0 0 0 0 0 0 0 0 0 0 0 0 0 0 0 0 0 0 0 0 0 0 0 0 0 0 0 0 0 0 0 0 0 0 0 0 0 0 0 0 0 0 0 0 0 0 0 0 0 0 0 0 0 0 0 0 0 0 0 0 0 0 0 0 0 0 0 0 0 0 0 0 0 0 0 0 0 0 0 0 0 0 0 0 0 0 0 0 0 0 0 0 0 0 0 0 0 0 0 0 0 0 0 0 0 0 0 0 0 0 0 0 0 0 0 0 0 0 0 0 0 0 0 0 0 0 0 0 0 0 0 0 0 0 0 0 0 0 0 0 0 0 0 0 0 0 0 0 0 0 0 0 0 0 0 0 0 0 0 0 0 0 0 0 0 0 0 0 0 0 0 0 0 0 0 0 0 0 0 0 0 0 0 0 0 0 0 0 0 0 0 0 0 0 0 0 0 0 0 0 0 0 0 0 0 0 0 0 0 0 0 0 0 0 0 0 0 0 0 0 0 0 0 0 0 0 0 0 0 0 0 0 0 0 0 0 0 0 0 0 0 0 0 0 0 0 0 0 0 0 0 0 0 0 0 0 0 0 0 0 0 0 0 0 0 0 0 0 0 0 0 0 0 0 0 0 0 0 0 0 0 0 0 0 0 0 0 0 0 0 0 0 0 0 0 0 0 0 0 0 0 0 0 0 0 0 0 0 0 0 0 0 0 0 0 0 0 0 0 0 0 0 0 0 0 0 0 0 0 0 0 0 0 0 0 0 0 0 0 0 0 0 0 0 0 0 0 0 0 0 0 0 0 0 0 0 0 0 0 0 0 0 0 0 0 0 0 0 0 0 0 0 0 0 0 0 0 0 0 0 0 0 0 0 0 0 0 0 0 0 0 0 0 0 0 0 0 0 0 0 0 0 0 0 0 0 0 0 0 0 0 0 0 0 0 0 0 0 0 0 0 0 0 0 0 0 0 0 0 0 0 0 0 0 0 0 0 0 0 0 0 0 0 0 0 0 0 0 0 0 0 0 0 0 0 0 0 0 0 0 0 0 0 0 0 0 0 0 0 0 0 0 0 0 0 0 0 0 0 0 0 0 0 0 0 0 0 0 0 0 0 0 0 0 0 0 0 0 0 0 0 0 0 0 0 0 0 0 0 0 0 0 0 0 0 0 0 0 0 0 0 0 0 0 0 0 0 0 0 0 0 0 0 0 0 0 0 0 0 0 0 0 0 0 0 0 0 0 0 0 0 0 0 0 0 0 0 0 0 0 0 0 0 0 0 0 0 0 0 0 0 0 0 0 0 0 0 0 0 0 0 0 0 0 0 0 0 0 0 0 0 0 0 0 0 0 0 0 0 0 0 0 0 0 0 0 0 0 0 0 0 0 0 0 0 0 0 0 0 0 0 0 0 0 0 0 0 0 0 0 0 0 0 0 0 0 0 0 0 0 0 0 0 0 0 0 0 0 0 0 0 0 0 0 0 0 0 0 0 0 0 0 0 0 0 0 0 0 0 0 0 0 0 0 0 0 0 0 0 0 0 0 0 0 0 0 0 0 0 0 0 0 0 0 0 0 0 0 0 0 0 0 0 0 0 0 0 0 0 0 0 0 0 0 0 0 0 0 0 0 0 0 0 0 0 0 0 0 0 0 0 0 0 0 0 0 0 0 0 0 0 0 0 0 0 0 0 0 0 0 0 0 0 0 0 0 0 0 0 0 0 0 0 0 0 0 0 0 0 0 0 0 0 0 0 0 0 0 0 0 0 0 0 0 0 0 0 0 0 0 0 0 0 0 0 0 0 0 0 0 0 0 0 0 0 0 0 0 0 0 0 0 0 0 0 0 0 0 0 0 0 0 0 0 0 0 0 0 0 0 0 0 0 0 0 0 0 0 0 0 0 0 0 0 0 0 0 0 0 0 0 0 0 0 0 0 0 0 0 0 0 0 0 0 0 0 0 0 0 0 0 0 0 0 0 0 0 0 0 0 0 0 0 0 0 0 0 0 0 0 0 0 0 0 0 0 0 0 0 0 0 0 0 0 0 0 0 0 0 0 0 0 0 0 0 0 0 0 0 0 0 0 0 0 0 0 0 0 0 0 0 0 0 0 0 0 0 0 0 0 0 0 0 0 0 0 0 0 0 0 0 0 0 0 0 0 0 0 0 0 0 0 0 0 0 0 0 0 0 0 0 0 0 0 0 0 0 0 0 0 0 0 0 0 0 0 0 0 0 0 0 0 0 0 0 0 0 0 0 0 0 0 0 0 0 0 0 0 0 0 0 0 0 0 0 0 0 0 0 0 0 0 0 0 0 0 0 0 0 0 0 0 0 0 0 0 0 0 0 0 0 0 0 0 0 0 0 0 0 0 0 0 0 0 0 0 0 0 0 0 0 0 0 0 0 0 0 0 0 0 0 0 0 0 0 0 0 0 0 0 0 0 0 0 0 0 0 0 0 0 0 0 0 0 0 0 0 0 0 0 0 0 0 0 0 0 0 0 0 0 0 0 0 0 0 0 0 0 0 0 0 0 0 0 0 0 0 0 0 0 0 0 0 0 0 0 0 0 0 0 0 0 0 0 0 0 0 0 0 0 0 0 0 0 0 0 0 0 0 0 0 0 0 0 0 0 0 0 0 0 0 0 0 0 0 0 0 0 0 0 0 0 0 0 0 0 0 0 0 0 0 0 0 0 0 0 0 0 0 0 0 0 0 0 0 0 0 0 0 0 0 0 0 0 0 0 0 0 0 0 0 0 0 0 0 0 0 0 0 0 0 0 0 0 0 0 0 0 0 0 0 0 0 0 0 0 0 0 0 0 0 0 0 0 0 0 0 0 0 0 0 0 0 0 0 0 0 0 0 0 0 0 0 0 0 0 0 0 0 0 0 0 0 0 0 0 0 0 0 0 0 0 0 0 0 0 0 0 0 0 0 0 0 0 0 0 0 0 0 0 0 0 0 0 0 0 0 0 0 0 0 0 0 0 0 0 0 0 0 0 0 0 0 0 0 0 0 0 0 0 0 0 0 0 0 0 0 0 0 0 0 0 0 0 0 0 0 0 0 0 0 0 0 0 0 0 0 0 0 0 0 0 0 0 0 0 0 0 0 0 0 0 0 0 0 0 0 0 0 0 0 0 0 0 0 0 0 0 0 0 0 0 0 0 0 0 0 0 0 0 0 0 0 0 0 0 0 0 0 0 0 0 0 0 0 0 0 0 0 0 0 0 0 0 0 0 0 0 0 0 0 0 0 0 0 0 0 0 0 0 0 0 0 0 0 0 0 0 0 0 0 0 0 0 0 0 0 0 0 0 0 0 0 0 0 0 0 0 0 0 0 0 0 0 0 0 0 0 0 0 0 0 0 0 0 0 0 0 0 0 0 0 0 0 0 0 0 0 0 0 0 0 0 0 0 0 0 0 0 0 0 0 0 0 0 0 0 0 0 0 0 0 0 0 0 0 0 0 0 0 0 0 0 0 0 0 0 0 0 0 0 0 0 0 0 0 0 0 0 0 0 0 0 0 0 0 0 0 0 0 0 0 0 0 0 0 0 0 0 0 0 0 0 0 0 0 0 0 0 0 0 0 0 0 0 0 0 0 0 0 0 0 0 0 0 0 0 0 0 0 0 0 0 0 0 0 0 0 0 0 0 0 0 0 0 0 0 0 0 0 0 0 0 0 0 0 0 0 0 0 0 0 0 0 0 0 0 0 0 0 0 0 0 0 0 0 0 0 0 0 0 0 0 0 0 0 0 0 0 0 0 0 0 0 0 0 0 0 0 0 0 0 0 0 0 0 0 0 0 0 0 0 0 0 0 0 0 0 0 0 0 0 0 0 0 0 0 0 0 0 0 0 0 0 0 0 0 0 0 0 0 0 0 0 0 0 0 0 0 0 0 0 0 0 0 0 0 0 0 0 0 0 0 0 0 0 0 0 0 0 0 0 0 0 0 0 0 0 0 0 0 0 0 0 0 0 0 0 0 0 0 0 0 0 0 0 0 0 0 0 0 0 0 0 0 0 0 0 0 0 0 0 0 0 0 0 0 0 0 0 0 0 0 0 0 0 0 0 0 0 0 0 0 0 0 0 0 0 0 0 0 0 0 0 0 0 0 0 0 0 0 0 0 0 0 0 0 0 0 0 0 0 0 0 0 0 0 0 0 0 0 0 0 0 0 0 0 0 0 0 0 0 0 0 0 0 0 0 0 0 0 0 0 0 0 0 0 0 0 0 0 0 0 0 0 0 0 0 0 0 0 0 0 0 0 0 0 0 0 0 0 0 0 0 0 0 0 0 0 0 0 0 0 0 0 0 0 0 0 0 0 0 0 0 0 0 0 0 0 0 0 0 0 0 0 0 0 0 0 0 0 0 0 0 0 0 0 0 0 0 0 0 0 0 0 0 0 0 0 0 0 0 0 0 0 0 0 0 0 0 0 0 0 0 0 0 0 0 0 0 0 0 0 0 0 0 0 0 0 0 0 0 0 0 0 0 0 0 0 0 0 0 0 0 0 0 0 0 0 0 0 0 0 0 0 0 0 0 0 0 0 0 0 0 0 0 0 0 0 0 0 0 0 0 0 0 0 0 0 0 0 0 0 0 0 0 0 0 0 0 0 0 0 0 0 0 0 0 0 0 0 0 0 0 0 0 0 0 0 0 0 0 0 0 0 0 0 0 0 0 0 0 0 0 0 0 0 0 0 0 0 0 0 0 0 0 0 0 0 0 0 0 0 0 0 0 0 0 0 0 0 0 0 0 0 0 0 0 0 0 0 0 0 0 0 0 0 0 0 0 0 0 0 0 0 0 0 0 0 0 0 0 0 0 0 0 0 0 0 0 0 0 0 0 0 0 0 0 0 0 0 0 0 0 0 0 0 0 0 0 0 0 0 0 0 0 0 0 0 0 0 0 0 0 0 0 0 0 0 0 0 0 0 0 0 0 0 0 0 0 0 0 0 0 0 0 0 0 0 0 0 0 0 0 0 0 0 0 0 0 0 0 0 0 0 0 0 0 0 0 0 0 0 0 0 0 0 0 0 0 0 0 0 0 0 0 0 0 0 0 0 0 0 0 0 0 0 0 0 0 0 0 0 0 0 0 0 0 0 0 0 0 0 0 0 0 0 0 0 0 0 0 0 0 0 0 0 0 0 0 0 0 0 0 0 0 0 0 0 0 0 0 0 0 0 0 0 0 0 0 0 0 0 0 0 0 0 0 0 0 0 0 0 0 0 0 0 0 0 0 0 0 0 0 0 0 0 0 0 0 0 0 0 0 0 0 0 0 0 0 0 0 0 0 0 0 0 0 0 0 0 0 0 0 0 0 0 0 0 0 0 0 0 0 0 0 0 0 0 0 0 0 0 0 0 0 0 0 0 0 0 0 0 0 0 0 0 0 0 0 0 0 0 0 0 0 0 0 0 0 0 0 0 0 0 0 0 0 0 0 0 0 0 0 0 0 0 0 0 0 0 0 0 0 0 0 0 0 0 0 0 0 0 0 0 0 0 0 0 0 0 0 0 0 0 0 0 0 0 0 0 0 0 0 0 0 0 0 0 0 0 0 0 0 0 0 0 0 0 0 0 0 0 0 0 0 0 0 0 0 0 0 0 0 0 0 0 0 0 0 0 0 0 0 0 0 0 0 0 0 0 0 0 0 0 0 0 0 0 0 0 0 0 0 0 0 0 0 0 0 0 0 0 0 0 0 0 0 0 0 0 0 0 0 0 0 0 0 0 0 0 0 0 0 0 0 0 0 0 0 0 0 0 0 0 0 0 0 0 0 0 0 0 0 0 0 0 0 0 0 0 0 0 0 0 0 0 0 0 0 0 0 0 0 0 0 0 0 0 0 0 0 0 0 0 0 0 0 0 0 0 0 0 0 0 0 0 0 0 0 0 0 0 0 0 0 0 0 0 0 0 0 0 0 0 0 0 0 0 0 0 0 0 0 0 0 0 0 0 0 0 0 0 0 0 0 0 0 0 0 0 0 0 0 0 0 0 0 0 0 0 0 0 0 0 0 0 0 0 0 0 0 0 0 0 0 0 0 0 0 0 0 0 0 0 0 0 0 0 0 0 0 0 0 0 0 0 0 0 0 0 0 0 0 0 0 0 0 0 0 0 0 0 0 0 0 0 0 0 0 0 0 0 0 0 0 0 0 0 0 0 0 0 0 0 0 0 0 0 0 0 0 0 0 0 0 0 0 0 0 0 0 0 0 0 0 0 0 0 0 0 0 0 0 0 0 0 0 0 0 0 0 0 0 0 0 0 0 0 0 0 0 0 0 0 0 0 0 0 0 0 0 0 0 0 0 0 0 0 0 0 0 0 0 0 0 0 0 0 0 0 0 0 0 0 0 0 0 0 0 0 0 0 0 0 0 0 0 0 0 0 0 0 0 0 0 0 0 0 0 0 0 0 0 0 0 0 0 0 0 0 0 0 0 0 0 0 0 0 0 0 0 0 0 0 0 0 0 0 0 0 0 0 0 0 0 0 0 0 0 0 0 0 0 0 0 0 0 0 0 0 0 0 0 0 0 0 0 0 0 0 0 0 0 0 0 0 0 0 0 0 0 0 0 0 0 0 0 0 0 0 0 0 0 0 0 0 0 0 0 0 0 0 0 0 0 0 0 0 0 0 0 0 0 0 0 0 0 0 0 0 0 0 0 0 0 0 0 0 0 0 0 0 0 0 0 0 0 0 0 0 0 0 0 0 0 0 0 0 0 0 0 0 0 0 0 0 0 0 0 0 0 0 0 0 0 0 0 0 0 0 0 0 0 0 0 0 0 0 0 0 0 0 0 0 0 0 0 0 0 0 0 0 0 0 0 0 0 0 0 0 0 0 0 0 0 0 0 0 0 0 0 0 0 0 0 0 0 0 0 0 0 0 0 0 0 0 0 0 0 0 0 0 0 0 0 0 0 0 0 0 0 0 0 0 0 0 0 0 0 0 0 0 0 0 0 0 0 0 0 0 0 0 0 0 0 0 0 0 0 0 0 0 0 0 0 0 0 0 0 0 0 0 0 0 0 0 0 0 0 0 0 0 0 0 0 0 0 0 0 0 0 0 0 0 0 0 0 0 0 0 0 0 0 0 0 0 0 0 0 0 0 0 0 0 0 0 0 0 0 0 0 0 0 0 0 0 0 0 0 0 0 0 0 0 0 0 0 0 0 0 0 0 0 0 0 0 0 0 0 0 0 0 0 0 0 0 0 0 0 0 0 0 0 0 0 0 0 0 0 0 0 0 0 0 0 0 0 0 0 0 0 0 0 0 0 0 0 0 0 0 0 0 0 0 0 0 0 0 0 0 0 0 0 0 0 0 0 0 0 0 0 0 0 0 0 0 0 0 0 0 0 0 0 0 0 0 0 0 0 0 0 0 0 0 0 0 0 0 0 0 0 0 0 0 0 0 0 0 0 0 0 0 0 0 0 0 0 0 0 0 0 0 0 0 0 0 0 0 0 0 0 0 0 0 0 0 0 0 0 0 0 0 0 0 0 0 0 0 0 0 0 0 0 0 0 0 0 0 0 0 0 0 0 0 0 0 0 0 0 0 0 0 0 0 0 0 0 0 0 0 0 0 0 0 0 0 0 0 0 0 0 0 0 0 0 0 0 0 0 0 0 0 0 0 0 0 0 0 0 0 0 0 0 0 0 0 0 0 0 0 0 0 0 0 0 0 0 0 0 0 0 0 0 0 0 0 0 0 0 0 0 0 0 0 0 0 0 0 0 0 0 0 0 0 0 0 0 0 0 0 0 0 0 0 0 0 0 0 0 0 0 0 0 0 0 0 0 0 0 0 0 0 0 0 0 0 0 0 0 0 0 0 0 0 0 0 0 0 0 0 0 0 0 0 0 0 0 0 0 0 0 0 0 0 0 0 0 0 0 0 0 0 0 0 0 0 0 0 0 0 0 0 0 0 0 0 0 0 0 0 0 0 0 0 0 0 0 0 0 0 0 0 0 0 0 0 0 0 0 0 0 0 0 0 0 0 0 0 0 0 0 0 0 0 0 0 0 0 0 0 0 0 0 0 0 0 0 0 0 0 0 0 0 0 0 0 0 0 0 0 0 0 0 0 0 0 0 0 0 0 0 0 0 0 0 0 0 0 0 0 0 0 0 0 0 0 0 0 0 0 0 0 0 0 0 0 0 0 0 0 0 0 0 0 0 0 0 0 0 0 0 0 0 0 0 0 0 0 0 0 0 0 0 0 0 0 0 0 0 0 0 0 0 0 0 0 0 0 0 0 0 0 0 0 0 0 0 0 0 0 0 0 0 0 0 0 0 0 0 0 0 0 0 0 0 0 0 0 0 0 0 0 0 0 0 0 0 0 0 0 0 0 0 0 0 0 0 0 0 0 0 0 0 0 0 0 0 0 0 0 0 0 0 0 0 0 0 0 0 0 0 0 0 0 0 0 0 0 0 0 0 0 0 0 0 0 0 0 0 0 0 0 0 0 0 0 0 0 0 0 0 0 0 0 0 0 0 0 0 0 0 0 0 0 0 0 0 0 0 0 0 0 0 0 0 0 0 0 0 0 0 0 0 0 0 0 0 0 0 0 0 0 0 0 0 0 0 0 0 0 0 0 0 0 0 0 0 0 0 0 0 0 0 0 0 0 0 0 0 0 0 0 0 0 0 0 0 0 0 0 0 0 0 0 0 0 0 0 0 0 0 0 0 0 0 0 0 0 0 0 0 0 0 0 0 0 0 0 0 0 0 0 0 0 0 0 0 0 0 0 0 0 0 0 0 0 0 0 0 0 0 0 0 0 0 0 0 0 0 0 0 0 0 0 0 0 0 0 0 0 0 0 0 0 0 0 0 0 0 0 0 0 0 0 0 0 0 0 0 0 0 0 0 0 0 0 0 0 0 0 0 0 0 0 0 0 0 0 0 0 0 0 0 0 0 0 0 0 0 0 0 0 0 0 0 0 0 0 0 0 0 0 0 0 0 0 0 0 0 0 0 0 0 0 0 0 0 0 0 0 0 0 0 0 0 0 0 0 0 0 0 0 0 0 0 0 0 0 0 0 0 0 0 0 0 0 0 0 0 0 0 0 0 0 0 0 0 0 0 0 0 0 0 0 0 0 0 0 0 0 0 0 0 0 0 0 0 0 0 0 0 0 0 0 0 0 0 0 0 0 0 0 0 0 0 0 0 0 0 0 0 0 0 0 0 0 0 0 0 0 0 0 0 0 0 0 0 0 0 0 0 0 0 0 0 0 0 0 0 0 0 0 0 0 0 0 0 0 0 0 0 0 0 0 0 0 0 0 0 0 0 0 0 0 0 0 0 0 0 0 0 0 0 0 0 0 0 0 0 0 0 0 0 0 0 0 0 0 0 0 0 0 0 0 0 0 0 0 0 0 0 0 0 0 0 0 0 0 0 0 0 0 0 0 0 0 0 0 0 0 0 0 0 0 0 0 0 0 0 0 0 0 0 0 0 0 0 0 0 0 0 0 0 0 0 0 0 0 0 0 0 0 0 0 0 0 0 0 0 0 0 0 0 0 0 0 0 0 0 0 0 0 0 0 0 0 0 0 0 0 0 0 0 0 0 0 0 0 0 0 0 0 0 0 0 0 0 0 0 0 0 0 0 0 0 0 0 0 0 0 0 0 0 0 0 0 0 0 0 0 0 0 0 0 0 0 0 0 0 0 0 0 0 0 0 0 0 0 0 0 0 0 0 0 0 0 0 0 0 0 0 0 0 0 0 0 0 0 0 0 0 0 0 0 0 0 0 0 0 0 0 0 0 0 0 0 0 0 0 0 0 0 0 0 0 0 0 0 0 0 0 0 0 0 0 0 0 0 0 0 0 0 0 0 0 0 0 0 0 0 0 0 0 0 0 0 0 0 0 0 0 0 0 0 0 0 0 0 0 0 0 0 0 0 0 0 0 0 0 0 0 0 0 0 0 0 0 0 0 0 0 0 0 0 0 0 0 0 0 0 0 0 0 0 0 0 0 0 0 0 0 0 0 0 0 0 0 0 0 0 0 0 0 0 0 0 0 0 0 0 0 0 0 0 0 0 0 0 0 0 0 0 0 0 0 0 0 0 0 0 0 0 0 0 0 0 0 0 0 0 0 0 0 0 0 0 0 0 0 0 0 0 0 0 0 0 0 0 0 0 0 0 0 0 0 0 0 0 0 0 0 0 0 0 0 0 0 0 0 0 0 0 0 0 0 0 0 0 0 0 0 0 0 0 0 0 0 0 0 0 0 0 0 0 0 0 0 0 0 0 0 0 0 0 0 0 0 0 0 0 0 0 0 0 0 0 0 0 0 0 0 0 0 0 0 0 0 0 0 0 0 0 0 0 0 0 0 0 0 0 0 0 0 0 0 0 0 0 0 0 0 0 0 0 0 0 0 0 0 0 0 0 0 0 0 0 0 0 0 0 0 0 0 0 0 0 0 0 0 0 0 0 0 0 0 0 0 0 0 0 0 0 0 0 0 0 0 0 0 0 0 0 0 0 0 0 0 0 0 0 0 0 0 0 0 0 0 0 0 0 0 0 0 0 0 0 0 0 0 0 0 0 0 0 0 0 0 0 0 0 0 0 0 0 0 0 0 0 0 0 0 0 0 0 0 0 0 0 0 0 0 0 0 0 0 0 0 0 0 0 0 0 0 0 0 0 0 0 0 0 0 0 0 0 0 0 0 0 0 0 0 0 0 0 0 0 0 0 0 0 0 0 0 0 0 0 0 0 0 0 0 0 0 0 0 0 0 0 0 0 0 0 0 0 0 0 0 0 0 0 0 0 0 0 0 0 0 0 0 0 0 0 0 0 0 0 0 0 0 0 0 0 0 0 0 0 0 0 0 0 0 0 0 0 0 0 0 0 0 0 0 0 0 0 0 0 0 0 0 0 0 0 0 0 0 0 0 0 0 0 0 0 0 0 0 0 0 0 0 0 0 0 0 0 0 0 0 0 0 0 0 0 0 0 0 0 0 0 0 0 0 0 0 0 0 0 0 0 0 0 0 0 0 0 0 0 0 0 0 0 0 0 0 0 0 0 0 0 0 0 0 0 0 0 0 0 0 0 0 0 0 0 0 0 0 0 0 0 0 0 0 0 0 0 0 0 0 0 0 0 0 0 0 0 0 0 0 0 0 0 0 0 0 0 0 0 0 0 0 0 0 0 0 0 0 0 0 0 0 0 0 0 0 0 0 0 0 0 0 0 0 0 0 0 0 0 0 0 0 0 0 0 0 0 0 0 0 0 0 0 0 0 0 0 0 0 0 0 0 0 0 0 0 0 0 0 0 0 0 0 0 0 0 0 0 0 0 0 0 0 0 0 0 0 0 0 0 0 0 0 0 0 0 0 0 0 0 0 0 0 0 0 0 0 0 0 0 0 0 0 0 0 0 0 0 0 0 0 0 0 0 0 0 0 0 0 0 0 0 0 0 0 0 0 0 0 0 0 0 0 0 0 0 0 0 0 0 0 0 0 0 0 0 0 0 0 0 0 0 0 0 0 0 0 0 0 0 0 0 0 0 0 0 0 0 0 0 0 0 0 0 0 0 0 0 0 0 0 0 0 0 0 0 0 0 0 0 0 0 0 0 0 0 0 0 0 0 0 0 0 0 0 0 0 0 0 0 0 0 0 0 0 0 0 0 0 0 0 0 0 0 0 0 0 0 0 0 0 0 0 0 0 0 0 0 0 0 0 0 0 0 0 0 0 0 0 0 0 0 0 0 0 0 0 0 0 0 0 0 0 0 0 0 0 0 0 0 0 0 0 0 0 0 0 0 0 0 0 0 0 0 0 0 0 0 0 0 0 0 0 0 0 0 0 0 0 0 0 0 0 0 0 0 0 0 0 0 0 0 0 0 0 0 0 0 0 0 0 0 0 0 0 0 0 0 0 0 0 0 0 0 0 0 0 0 0 0 0 0 0 0 0 0 0 0 0 0 0 0 0 0 0 0 0 0 0 0 0 0 0 0 0 0 0 0 0 0 0 0 0 0 0 0 0 0 0 0 0 0 0 0 0 0 0 0 0 0 0 0 0 0 0 0 0 0 0 0 0 0 0 0 0 0 0 0 0 0 0 0 0 0 0 0 0 0 0 0 0 0 0 0 0 0 0 0 0 0 0 0 0 0 0 0 0 0 0 0 0 0 0 0 0 0 0 0 0 0 0 0 0 0 0 0 0 0 0 0 0 0 0 0 0 0 0 0 0 0 0 0 0 0 0 0 0 0 0 0 0 0 0 0 0 0 0 0 0 0 0 0 0 0 0 0 0 0 0 0 0 0 0 0 0 0 0 0 0 0 0 0 0 0 0 0 0 0 0 0 0 0 0 0 0 0 0 0 0 0 0 0 0 0 0 0 0 0 0 0 0 0 0 0 0 0 0 0 0 0 0 0 0 0 0 0 0 0 0 0 0 0 0 0 0 0 0 0 0 0 0 0 0 0 0 0 0 0 0 0 0 0 0 0 0 0 0 0 0 0 0 0 0 0 0 0 0 0 0 0 0 0 0 0 0 0 0 0 0 0 0 0 0 0 0 0 0 0 0 0 0 0 0 0 0 0 0 0 0 0 0 0 0 0 0 0 0 0 0 0 0 0 0 0 0 0 0 0 0 0 0 0 0 0 0 0 0 0 0 0 0 0 0 0 0 0 0 0 0 0 0 0 0 0 0 0 0 0 0 0 0 0 0 0 0 0 0 0 0 0 0 0 0 0 0 0 0 0 0 0 0 0 0 0 0 0 0 0 0 0 0 0 0 0 0 0 0 0 0 0 0 0 0 0 0 0 0 0 0 0 0 0 0 0 0 0 0 0 0 0 0 0 0 0 0 0 0 0 0 0 0 0 0 0 0 0 0 0 0 0 0 0 0 0 0 0 0 0 0 0 0 0 0 0 0 0 0 0 0 0 0 0 0 0 0 0 0 0 0 0 0 0 0 0 0 0 0 0 0 0 0 0 0 0 0 0 0 0 0 0 0 0 0 0 0 0 0 0 0 0 0 0 0 0 0 0 0 0 0 0 0 0 0 0 0 0 0 0 0 0 0 0 0 0 0 0 0 0 0 0 0 0 0 0 0 0 0 0 0 0 0 0 0 0 0 0 0 0 0 0 0 0 0 0 0 0 0 0 0 0 0 0 0 0 0 0 0 0 0 0 0 0 0 0 0 0 0 0 0 0 0 0 0 0 0 0 0 0 0 0 0 0 0 0 0 0 0 0 0 0 0 0 0 0 0 0 0 0 0 0 0 0 0 0 0 0 0 0 0 0 0 0 0 0 0 0 0 0 0 0 0 0 0 0 0 0 0 0 0 0 0 0 0 0 0 0 0 0 0 0 0 0 0 0 0 0 0 0 0 0 0 0 0 0 0 0 0 0 0 0 0 0 0 0 0 0 0 0 0 0 0 0 0 0 0 0 0 0 0 0 0 0 0 0 0 0 0 0 0 0 0 0 0 0 0 0 0 0 0 0 0 0 0 0 0 0 0 0 0 0 0 0 0 0 0 0 0 0 0 0 0 0 0 0 0 0 0 0 0 0 0 0 0 0 0 0 0 0 0 0 0 0 0 0 0 0 0 0 0 0 0 0 0 0 0 0 0 0 0 0 0 0 0 0 0 0 0 0 0 0 0 0 0 0 0 0 0 0 0 0 0 0 0 0 0 0 0 0 0 0 0 0 0 0 0 0 0 0 0 0 0 0 0 0 0 0 0 0 0 0 0 0 0 0 0 0 0 0 0 0 0 0 0 0 0 0 0 0 0 0 0 0 0 0 0 0 0 0 0 0 0 0 0 0 0 0 0 0 0 0 0 0 0 0 0 0 0 0 0 0 0 0 0 0 0 0 0 0 0 0 0 0 0 0 0 0 0 0 0 0 0 0 0 0 0 0 0 0 0 0 0 0 0 0 0 0 0 0 0 0 0 0 0 0 0 0 0 0 0 0 0 0 0 0 0 0 0 0 0 0 0 0 0 0 0 0 0 0 0 0 0 0 0 0 0 0 0 0 0 0 0 0 0 0 0 0 0 0 0 0 0 0 0 0 0 0 0 0 0 0 0 0 0 0 0 0 0 0 0 0 0 0 0 0 0 0 0 0 0 0 0 0 0 0 0 0 0 0 0 0 0 0 0 0 0 0 0 0 0 0 0 0 0 0 0 0 0 0 0 0 0 0 0 0 0 0 0 0 0 0 0 0 0 0 0 0 0 0 0 0 0 0 0 0 0 0 0 0 0 0 0 0 0 0 0 0 0 0 0 0 0 0 0 0 0 0 0 0 0 0 0 0 0 0 0 0 0 0 0 0 0 0 0 0 0 0 0 0 0 0 0 0 0 0 0 0 0 0 0 0 0 0 0 0 0 0 0 0 0 0 0 0 0 0 0 0 0 0 0 0 0 0 0 0 0 0 0 0 0 0 0 0 0 0 0 0 0 0 0 0 0 0 0 0 0 0 0 0 0 0 0 0 0 0 0 0 0 0 0 0 0 0 0 0 0 0 0 0 0 0 0 0 0 0 0 0 0 0 0 0 0 0 0 0 0 0 0 0 0 0 0 0 0 0 0 0 0 0 0 0 0 0 0 0 0 0 0 0 0 0 0 0 0 0 0 0 0 0 0 0 0 0 0 0 0 0 0 0 0 0 0 0 0 0 0 0 0 0 0 0 0 0 0 0 0 0 0 0 0 0 0 0 0 0 0 0 0 0 0 0 0 0 0 0 0 0 0 0 0 0 0 0 0 0 0 0 0 0 0 0 0 0 0 0 0 0 0 0 0 0 0 0 0 0 0 0 0 0 0 0 0 0 0 0 0 0 0 0 0 0 0 0 0 0 0 0 0 0 0 0 0 0 0 0 0 0 0 0 0 0 0 0 0 0 0 0 0 0 0 0 0 0 0 0 0 0 0 0 0 0 0 0 0 0 0 0 0 0 0 0 0 0 0 0 0 0 0 0 0 0 0 0 0 0 0 0 0 0 0 0 0 0 0 0 0 0 0 0 0 0 0 0 0 0 0 0 0 0 0 0 0 0 0 0 0 0 0 0 0 0 0 0 0 0 0 0 0 0 0 0 0 0 0 0 0 0 0 0 0 0 0 0 0 0 0 0 0 0 0 0 0 0 0 0 0 0 0 0 0 0 0 0 0 0 0 0 0 0 0 0 0 0 0 0 0 0 0 0 0 0 0 0 0 0 0 0 0 0 0 0 0 0 0 0 0 0 0 0 0 0 0 0 0 0 0 0 0 0 0 0 0 0 0 0 0 0 0 0 0 0 0 0 0 0 0 0 0 0 0 0 0 0 0 0 0 0 0 0 0 0 0 0 0 0 0 0 0 0 0 0 0 0 0 0 0 0 0 0 0 0 0 0 0 0 0 0 0 0 0 0 0 0 0 0 0 0 0 0 0 0 0 0 0 0 0 0 0 0 0 0 0 0 0 0 0 0 0 0 0 0 0 0 0 0 0 0 0 0 0 0 0 0 0 0 0 0 0 0 0 0 0 0 0 0 0 0 0 0 0 0 0 0 0 0 0 0 0 0 0 0 0 0 0 0 0 0 0 0 0 0 0 0 0 0 0 0 0 0 0 0 0 0 0 0 0 0 0 0 0 0 0 0 0 0 0 0 0 0 0 0 0 0 0 0 0 0 0 0 0 0 0 0 0 0 0 0 0 0 0 0 0 0 0 0 0 0 0 0 0 0 0 0 0 0 0 0 0 0 0 0 0 0 0 0 0 0 0 0 0 0 0 0 0 0 0 0 0 0 0 0 0 0 0 0 0 0 0 0 0 0 0 0 0 0 0 0 0 0 0 0 0 0 0 0 0 0 0 0 0 0 0 0 0 0 0 0 0 0 0 0 0 0 0 0 0 0 0 0 0 0 0 0 0 0 0 0 0 0 0 0 0 0 0 0 0 0 0 0 0 0 0 0 0 0 0 0 0 0 0 0 0 0 0 0 0 0 0 0 0 0 0 0 0 0 0 0 0 0 0 0 0 0 0 0 0 0 0 0 0 0 0 0 0 0 0 0 0 0 0 0 0 0 0 0 0 0 0 0 0 0 0 0 0 0 0 0 0 0 0 0 0 0 0 0 0 0 0 0 0 0 0 0 0 0 0 0 0 0 0 0 0 0 0 0 0 0 0 0 0 0 0 0 0 0 0 0 0 0 0 0 0 0 0 0 0 0 0 0 0 0 0 0 0 0 0 0 0 0 0 0 0 0 0 0 0 0 0 0 0 0 0 0 0 0 0 0 0 0 0 0 0 0 0 0 0 0 0 0 0 0 0 0 0 0 0 0 0 0 0 0 0 0 0 0 0 0 0 0 0 0 0 0 0 0 0 0 0 0 0 0 0 0 0 0 0 0 0 0 0 0 0 0 0 0 0 0 0 0 0 0 0 0 0 0 0 0 0 0 0 0 0 0 0 0 0 0 0 0 0 0 0 0 0 0 0 0 0 0 0 0 0 0 0 0 0 0 0 0 0 0 0 0 0 0 0 0 0 0 0 0 0 0 0 0 0 0 0 0 0 0 0 0 0 0 0 0 0 0 0 0 0 0 0 0 0 0 0 0 0 0 0 0 0 0 0 0 0 0 0 0 0 0 0 0 0 0 0 0 0 0 0 0 0 0 0 0 0 0 0 0 0 0 0 0 0 0 0 0 0 0 0 0 0 0 0 0 0 0 0 0 0 0 0 0 0 0 0 0 0 0 0 0 0 0 0 0 0 0 0 0 0 0 0 0 0 0 0 0 0 0 0 0 0 0 0 0 0 0 0 0 0 0 0 0 0 0 0 0 0 0 0 0 0 0 0 0 0 0 0 0 0 0 0 0 0 0 0 0 0 0 0 0 0 0 0 0 0 0 0 0 0 0 0 0 0 0 0 0 0 0 0 0 0 0 0 0 0 0 0 0 0 0 0 0 0 0 0 0 0 0 0 0 0 0 0 0 0 0 0 0 0 0 0 0 0 0 0 0 0 0 0 0 0 0 0 0 0 0 0 0 0 0 0 0 0 0 0 0 0 0 0 0 0 0 0 0 0 0 0 0 0 0 0 0 0 0 0 0 0 0 0 0 0 0 0 0 0 0 0 0 0 0 0 0 0 0 0 0 0 0 0 0 0 0 0 0 0 0 0 0 0 0 0 0 0 0 0 0 0 0 0 0 0 0 0 0 0 0 0 0 0 0 0 0 0 0 0 0 0 0 0 0 0 0 0 0 0 0 0 0 0 0 0 0 0 0 0 0 0 0 0 0 0 0 0 0 0 0 0 0 0 0 0 0 0 0 0 0 0 0 0 0 0 0 0 0 0 0 0 0 0 0 0 0 0 0 0 0 0 0 0 0 0 0 0 0 0 0 0 0 0 0 0 0 0 0 0 0 0 0 0 0 0 0 0 0 0 0 0 0 0 0 0 0 0 0 0 0 0 0 0 0 0 0 0 0 0 0 0 0 0 0 0 0 0 0 0 0 0 0 0 0 0 0 0 0 0 0 0 0 0 0 0 0 0 0 0 0 0 0 0 0 0 0 0 0 0 0 0 0 0 0 0 0 0 0 0 0 0 0 0 0 0 0 0 0 0 0 0 0 0 0 0 0 0 0 0 0 0 0 0 0 0 0 0 0 0 0 0 0 0 0 0 0 0 0 0 0 0 0 0 0 0 0 0 0 0 0 0 0 0 0 0 0 0 0 0 0 0 0 0 0 0 0 0 0 0 0 0 0 0 0 0 0 0 0 0 0 0 0 0 0 0 0 0 0 0 0 0 0 0 0 0 0 0 0 0 0 0 0 0 0 0 0 0 0 0 0 0 0 0 0 0 0 0 0 0 0 0 0 0 0 0 0 0 0 0 0 0 0 0 0 0 0 0 0 0 0 0 0 0 0 0 0 0 0 0 0 0 0 0 0 0 0 0 0 0 0 0 0 0 0 0 0 0 0 0 0 0 0 0 0 0 0 0 0 0 0 0 0 0 0 0 0 0 0 0 0 0 0 0 0 0 0 0 0 0 0 0 0 0 0 0 0 0 0 0 0 0 0 0 0 0 0 0 0 0 0 0 0 0 0 0 0 0 0 0 0 0 0 0 0 0 0 0 0 0 0 0 0 0 0 0 0 0 0 0 0 0 0 0 0 0 0 0 0 0 0 0 0 0 0 0 0 0 0 0 0 0 0 0 0 0 0 0 0 0 0 0 0 0 0 0 0 0 0 0 0 0 0 0 0 0 0 0 0 0 0 0 0 0 0 0 0 0 0 0 0 0 0 0 0 0 0 0 0 0 0 0 0 0 0 0 0 0 0 0 0 0 0 0 0 0 0 0 0 0 0 0 0 0 0 0 0 0 0 0 0 0 0 0 0 0 0 0 0 0 0 0 0 0 0 0 0 0 0 0 0 0 0 0 0 0 0 0 0 0 0 0 0 0 0 0 0 0 0 0 0 0 0 0 0 0 0 0 0 0 0 0 0 0 0 0 0 0 0 0 0 0 0 0 0 0 0 0 0 0 0 0 0 0 0 0 0 0 0 0 0 0 0 0 0 0 0 0 0 0 0 0 0 0 0 0 0 0 0 0 0 0 0 0 0 0 0 0 0 0 0 0 0 0 0 0 0 0 0 0 0 0 0 0 0 0 0 0 0 0 0 0 0 0 0 0 0 0 0 0 0 0 0 0 0 0 0 0 0 0 0 0 0 0 0 0 0 0 0 0 0 0 0 0 0 0 0 0 0 0 0 0 0 0 0 0 0 0 0 0 0 0 0 0 0 0 0 0 0 0 0 0 0 0 0 0 0 0 0 0 0 0 0 0 0 0 0 0 0 0 0 0 0 0 0 0 0 0 0 0 0 0 0 0 0 0 0 0 0 0 0 0 0 0 0 0 0 0 0 0 0 0 0 0 0 0 0 0 0 0 0 0 0 0 0 0 0 0 0 0 0 0 0 0 0 0 0 0 0 0 0 0 0 0 0 0 0 0 0 0 0 0 0 0 0 0 0 0 0 0 0 0 0 0 0 0 0 0 0 0 0 0 0 0 0 0 0 0 0 0 0 0 0 0 0 0 0 0 0 0 0 0 0 0 0 0 0 0 0 0 0 0 0 0 0 0 0 0 0 0 0 0 0 0 0 0 0 0 0 0 0 0 0 0 0 0 0 0 0 0 0 0 0 0 0 0 0 0 0 0 0 0 0 0 0 0 0 0 0 0 0 0 0 0 0 0 0 0 0 0 0 0 0 0 0 0 0 0 0 0 0 0 0 0 0 0 0 0 0 0 0 0 0 0 0 0 0 0 0 0 0 0 0 0 0 0 0 0 0 0 0 0 0 0 0 0 0 0 0 0 0 0 0 0 0 0 0 0 0 0 0 0 0 0 0 0 0 0 0 0 0 0 0 0 0 0 0 0 0 0 0 0 0 0 0 0 0 0 0 0 0 0 0 0 0 0 0 0 0 0 0 0 0 0 0 0 0 0 0 0 0 0 0 0 0 0 0 0 0 0 0 0 0 0 0 0 0 0 0 0 0 0 0 0 0 0 0 0 0 0 0 0 0 0 0 0 0 0 0 0 0 0 0 0 0 0 0 0 0 0 0 0 0 0 0 0 0 0 0 0 0 0 0 0 0 0 0 0 0 0 0 0 0 0 0 0 0 0 0 0 0 0 0 0 0 0 0 0 0 0 0 0 0 0 0 0 0 0 0 0 0 0 0 0 0 0 0 0 0 0 0 0 0 0 0 0 0 0 0 0 0 0 0 0 0 0 0 0 0 0 0 0 0 0 0 0 0 0 0 0 0 0 0 0 0 0 0 0 0 0 0 0 0 0 0 0 0 0 0 0 0 0 0 0 0 0 0 0 0 0 0 0 0 0 0 0 0 0 0 0 0 0 0 0 0 0 0 0 0 0 0 0 0 0 0 0 0 0 0 0 0 0 0 0 0 0 0 0 0 0 0 0 0 0 0 0 0 0 0 0 0 0 0 0 0 0 0 0 0 0 0 0 0 0 0 0 0 0 0 0 0 0 0 0 0 0 0 0 0 0 0 0 0 0 0 0 0 0 0 0 0 0 0 0 0 0 0 0 0 0 0 0 0 0 0 0 0 0 0 0 0 0 0 0 0 0 0 0 0 0 0 0 0 0 0 0 0 0 0 0 0 0 0 0 0 0 0 0 0 0 0 0 0 0 0 0 0 0 0 0 0 0 0 0 0 0 0 0 0 0 0 0 0 0 0 0 0 0 0 0 0 0 0 0 0 0 0 0 0 0 0 0 0 0 0 0 0 0 0 0 0 0 0 0 0 0 0 0 0 0 0 0 0 0 0 0 0 0 0 0 0 0 0 0 0 0 0 0 0 0 0 0 0 0 0 0 0 0 0 0 0 0 0 0 0 0 0 0 0 0 0 0 0 0 0 0 0 0 0 0 0 0 0 0 0 0 0 0 0 0 0 0 0 0 0 0 0 0 0 0 0 0 0 0 0 0 0 0 0 0 0 0 0 0 0 0 0 0 0 0 0 0 0 0 0 0 0 0 0 0 0 0 0 0 0 0 0 0 0 0 0 0 0 0 0 0 0 0 0 0 0 0 0 0 0 0 0 0 0 0 0 0 0 0 0 0 0 0 0 0 0 0 0 0 0 0 0 0 0 0 0 0 0 0 0 0 0 0 0 0 0 0 0 0 0 0 0 0 0 0 0 0 0 0 0 0 0 0 0 0 0 0 0 0 0 0 0 0 0 0 0 0 0 0 0 0 0 0 0 0 0 0 0 0 0 0 0 0 0 0 0 0 0 0 0 0 0 0 0 0 0 0 0 0 0 0 0 0 0 0 0 0 0 0 0 0 0 0 0 0 0 0 0 0 0 0 0 0 0 0 0 0 0 0 0 0 0 0 0 0 0 0 0 0 0 0 0 0 0 0 0 0 0 0 0 0 0 0 0 0 0 0 0 0 0 0 0 0 0 0 0 0 0 0 0 0 0 0 0 0 0 0 0 0 0 0 0 0 0 0 0 0 0 0 0 0 0 0 0 0 0 0 0 0 0 0 0 0 0 0 0 0 0 0 0 0 0 0 0 0 0 0 0 0 0 0 0 0 0 0 0 0 0 0 0 0 0 0 0 0 0 0 0 0 0 0 0 0 0 0 0 0 0 0 0 0 0 0 0 0 0 0 0 0 0 0 0 0 0 0 0 0 0 0 0 0 0 0 0 0 0 0 0 0 0 0 0 0 0 0 0 0 0 0 0 0 0 0 0 0 0 0 0 0 0 0 0 0 0 0 0 0 0 0 0 0 0 0 0 0 0 0 0 0 0 0 0 0 0 0 0 0 0 0 0 0 0 0 0 0 0 0 0 0 0 0 0 0 0 0 0 0 0 0 0 0 0 0 0 0 0 0 0 0 0 0 0 0 0 0 0 0 0 0 0 0 0 0 0 0 0 0 0 0 0 0 0 0 0 0 0 0 0 0 0 0 0 0 0 0 0 0 0 0 0 0 0 0 0 0 0 0 0 0 0 0 0 0 0 0 0 0 0 0 0 0 0 0 0 0 0 0 0 0 0 0 0 0 0 0 0 0 0 0 0 0 0 0 0 0 0 0 0 0 0 0 0 0 0 0 0 0 0 0 0 0 0 0 0 0 0 0 0 0 0 0 0 0 0 0 0 0 0 0 0 0 0 0 0 0 0 0 0 0 0 0 0 0 0 0 0 0 0 0 0 0 0 0 0 0 0 0 0 0 0 0 0 0 0 0 0 0 0 0 0 0 0 0 0 0 0 0 0 0 0 0 0 0 0 0 0 0 0 0 0 0 0 0 0 0 0 0 0 0 0 0 0 0 0 0 0 0 0 0 0 0 0 0 0 0 0 0 0 0 0 0 0 0 0 0 0 0 0 0 0 0 0 0 0 0 0 0 0 0 0 0 0 0 0 0 0 0 0 0 0 0 0 0 0 0 0 0 0 0 0 0 0 0 0 0 0 0 0 0 0 0 0 0 0 0 0 0 0 0 0 0 0 0 0 0 0 0 0 0 0 0 0 0 0 0 0 0 0 0 0 0 0 0 0 0 0 0 0 0 0 0 0 0 0 0 0 0 0 0 0 0 0 0 0 0 0 0 0 0 0 0 0 0 0 0 0 0 0 0 0 0 0 0 0 0 0 0 0 0 0 0 0 0 0 0 0 0 0 0 0 0 0 0 0 0 0 0 0 0 0 0 0 0 0 0 0 0 0 0 0 0 0 0 0 0 0 0 0 0 0 0 0 0 0 0 0 0 0 0 0 0 0 0 0 0 0 0 0 0 0 0 0 0 0 0 0 0 0 0 0 0 0 0 0 0 0 0 0 0 0 0 0 0 0 0 0 0 0 0 0 0 0 0 0 0 0 0 0 0 0 0 0 0 0 0 0 0 0 0 0 0 0 0 0 0 0 0 0 0 0 0 0 0 0 0 0 0 0 0 0 0 0 0 0 0 0 0 0 0 0 0 0 0 0 0 0 0 0 0 0 0 0 0 0 0 0 0 0 0 0 0 0 0 0 0 0 0 0 0 0 0 0 0 0 0 0 0 0 0 0 0 0 0 0 0 0 0 0 0 0 0 0 0 0 0 0 0 0 0 0 0 0 0 0 0 0 0 0 0 0 0 0 0 0 0 0 0 0 0 0 0 0 0 0 0 0 0 0 0 0 0 0 0 0 0 0 0 0 0 0 0 0 0 0 0 0 0 0 0 0 0 0 0 0 0 0 0 0 0 0 0 0 0 0 0 0 0 0 0 0 0 0 0 0 0 0 0 0 0 0 0 0 0 0 0 0 0 0 0 0 0 0 0 0 0 0 0 0 0 0 0 0 0 0 0 0 0 0 0 0 0 0 0 0 0 0 0 0 0 0 0 0 0 0 0 0 0 0 0 0 0 0 0 0 0 0 0 0 0 0 0 0 0 0 0 0 0 0 0 0 0 0 0 0 0 0 0 0 0 0 0 0 0 0 0 0 0 0 0 0 0 0 0 0 0 0 0 0 0 0 0 0 0 0 0 0 0 0 0 0 0 0 0 0 0 0 0 0 0 0 0 0 0 0 0 0 0 0 0 0 0 0 0 0 0 0 0 0 0 0 0 0 0 0 0 0 0 0 0 0 0 0 0 0 0 0 0 0 0 0 0 0 0 0 0 0 0 0 0 0 0 0 0 0 0 0 0 0 0 0 0 0 0 0 0 0 0 0 0 0 0 0 0 0 0 0 0 0 0 0 0 0 0 0 0 0 0 0 0 0 0 0 0 0 0 0 0 0 0 0 0 0 0 0 0 0 0 0 0 0 0 0 0 0 0 0 0 0 0 0 0 0 0 0 0 0 0 0 0 0 0 0 0 0 0 0 0 0 0 0 0 0 0 0 0 0 0 0 0 0 0 0 0 0 0 0 0 0 0 0 0 0 0 0 0 0 0 0 0 0 0 0 0 0 0 0 0 0 0 0 0 0 0 0 0 0 0 0 0 0 0 0 0 0 0 0 0 0 0 0 0 0 0 0 0 0 0 0 0 0 0 0 0 0 0 0 0 0 0 0 0 0 0 0 0 0 0 0 0 0 0 0 0 0 0 0 0 0 0 0 0 0 0 0 0 0 0 0 0 0 0 0 0 0 0 0 0 0 0 0 0 0 0 0 0 0 0 0 0 0 0 0 0 0 0 0 0 0 0 0 0 0 0 0 0 0 0 0 0 0 0 0 0 0 0 0 0 0 0 0 0 0 0 0 0 0 0 0 0 0 0 0 0 0 0 0 0 0 0 0 0 0 0 0 0 0 0 0 0 0 0 0 0 0 0 0 0 0 0 0 0 0 0 0 0 0 0 0 0 0 0 0 0 0 0 0 0 0 0 0 0 0 0 0 0 0 0 0 0 0 0 0 0 0 0 0 0 0 0 0 0 0 0 0 0 0 0 0 0 0 0 0 0 0 0 0 0 0 0 0 0 0 0 0 0 0 0 0 0 0 0 0 0 0 0 0 0 0 0 0 0 0 0 0 0 0 0 0 0 0 0 0 0 0 0 0 0 0 0 0 0 0 0 0 0 0 0 0 0 0 0 0 0 0 0 0 0 0 0 0 0 0 0 0 0 0 0 0 0 0 0 0 0 0 0 0 0 0 0 0 0 0 0 0 0 0 0 0 0 0 0 0 0 0 0 0 0 0 0 0 0 0 0 0 0 0 0 0 0 0 0 0 0 0 0 0 0 0 0 0 0 0 0 0 0 0 0 0 0 0 0 0 0 0 0 0 0 0 0 0 0 0 0 0 0 0 0 0 0 0 0 0 0 0 0 0 0 0 0 0 0 0 0 0 0 0 0 0 0 0 0 0 0 0 0 0 0 0 0 0 0 0 0 0 0 0 0 0 0 0 0 0 0 0 0 0 0 0 0 0 0 0 0 0 0 0 0 0 0 0 0 0 0 0 0 0 0 0 0 0 0 0 0 0 0 0 0 0 0 0 0 0 0 0 0 0 0 0 0 0 0 0 0 0 0 0 0 0 0 0 0 0 0 0 0 0 0 0 0 0 0 0 0 0 0 0 0 0 0 0 0 0 0 0 0 0 0 0 0 0 0 0 0 0 0 0 0 0 0 0 0 0 0 0 0 0 0 0 0 0 0 0 0 0 0 0 0 0 0 0 0 0 0 0 0 0 0 0 0 0 0 0 0 0 0 0 0 0 0 0 0 0 0 0 0 0 0 0 0 0 0 0 0 0 0 0 0 0 0 0 0 0 0 0 0 0 0 0 0 0 0 0 0 0 0 0 0 0 0 0 0 0 0 0 0 0 0 0 0 0 0 0 0 0 0 0 0 0 0 0 0 0 0 0 0 0 0 0 0 0 0 0 0 0 0 0 0 0 0 0 0 0 0 0 0 0 0 0 0 0 0 0 0 0 0 0 0 0 0 0 0 0 0 0 0 0 0 0 0 0 0 0 0 0 0 0 0 0 0 0 0 0 0 0 0 0 0 0 0 0 0 0 0 0 0 0 0 0 0 0 0 0 0 0 0 0 0 0 0 0 0 0 0 0 0 0 0 0 0 0 0 0 0 0 0 0 0 0 0 0 0 0 0 0 0 0 0 0 0 0 0 0 0 0 0 0 0 0 0 0 0 0 0 0 0 0 0 0 0 0 0 0 0 0 0 0 0 0 0 0 0 0 0 0 0 0 0 0 0 0 0 0 0 0 0 0 0 0 0 0 0 0 0 0 0 0 0 0 0 0 0 0 0 0 0 0 0 0 0 0 0 0 0 0 0 0 0 0 0 0 0 0 0 0 0 0 0 0 0 0 0 0 0 0 0 0 0 0 0 0 0 0 0 0 0 0 0 0 0 0 0 0 0 0 0 0 0 0 0 0 0 0 0 0 0 0 0 0 0 0 0 0 0 0 0 0 0 0 0 0 0 0 0 0 0 0 0 0 0 0 0 0 0 0 0 0 0 0 0 0 0 0 0 0 0 0 0 0 0 0 0 0 0 0 0 0 0 0 0 0 0 0 0 0 0 0 0 0 0 0 0 0 0 0 0 0 0 0 0 0 0 0 0 0 0 0 0 0 0 0 0 0 0 0 0 0 0 0 0 0 0 0 0 0 0 0 0 0 0 0 0 0 0 0 0 0 0 0 0 0 0 0 0 0 0 0 0 0 0 0 0 0 0 0 0 0 0 0 0 0 0 0 0 0 0 0 0 0 0 0 0 0 0 0 0 0 0 0 0 0 0 0 0 0 0 0 0 0 0 0 0 0 0 0 0 0 0 0 0 0 0 0 0 0 0 0 0 0 0 0 0 0 0 0 0 0 0 0 0 0 0 0 0 0 0 0 0 0 0 0 0 0 0 0 0 0 0 0 0 0 0 0 0 0 0 0 0 0 0 0 0 0 0 0 0 0 0 0 0 0 0 0 0 0 0 0 0 0 0 0 0 0 0 0 0 0 0 0 0 0 0 0 0 0 0 0 0 0 0 0 0 0 0 0 0 0 0 0 0 0 0 0 0 0 0 0 0 0 0 0 0 0 0 0 0 0 0 0 0 0 0 0 0 0 0 0 0 0 0 0 0 0 0 0 0 0 0 0 0 0 0 0 0 0 0 0 0 0 0 0 0 0 0 0 0 0 0 0 0 0 0 0 0 0 0 0 0 0 0 0 0 0 0 0 0 0 0 0 0 0 0 0 0 0 0 0 0 0 0 0 0 0 0 0 0 0 0 0 0 0 0 0 0 0 0 0 0 0 0 0 0 0 0 0 0 0 0 0 0 0 0 0 0 0 0 0 0 0 0 0 0 0 0 0 0 0 0 0 0 0 0 0 0 0 0 0 0 0 0 0 0 0 0 0 0 0 0 0 0 0 0 0 0 0 0 0 0 0 0 0 0 0 0 0 0 0 0 0 0 0 0 0 0 0 0 0 0 0 0 0 0 0 0 0 0 0 0 0 0 0 0 0 0 0 0 0 0 0 0 0 0 0 0 0 0 0 0 0 0 0 0 0 0 0 0 0 0 0 0 0 0 0 0 0 0 0 0 0 0 0 0 0 0 0 0 0 0 0 0 0 0 0 0 0 0 0 0 0 0 0 0 0 0 0 0 0 0 0 0 0 0 0 0 0 0 0 0 0 0 0 0 0 0 0 0 0 0 0 0 0 0 0 0 0 0 0 0 0 0 0 0 0 0 0 0 0 0 0 0 0 0 0 0 0 0 0 0 0 0 0 0 0 0 0 0 0 0 0 0 0 0 0 0 0 0 0 0 0 0 0 0 0 0 0 0 0 0 0 0 0 0 0 0 0 0 0 0 0 0 0 0 0 0 0 0 0 0 0 0 0 0 0 0 0 0 0 0 0 0 0 0 0 0 0 0 0 0 0 0 0 0 0 0 0 0 0 0 0 0 0 0 0 0 0 0 0 0 0 0 0 0 0 0 0 0 0 0 0 0 0 0 0 0 0 0 0 0 0 0 0 0 0 0 0 0 0 0 0 0 0 0 0 0 0 0 0 0 0 0 0 0 0 0 0 0 0 0 0 0 0 0 0 0 0 0 0 0 0 0 0 0 0 0 0 0 0 0 0 0 0 0 0 0 0 0 0 0 0 0 0 0 0 0 0 0 0 0 0 0 0 0 0 0 0 0 0 0 0 0 0 0 0 0 0 0 0 0 0 0 0 0 0 0 0 0 0 0 0 0 0 0 0 0 0 0 0 0 0 0 0 0 0 0 0 0 0 0 0 0 0 0 0 0 0 0 0 0 0 0 0 0 0 0 0 0 0 0 0 0 0 0 0 0 0 0 0 0 0 0 0 0 0 0 0 0 0 0 0 0 0 0 0 0 0 0 0 0 0 0 0 0 0 0 0 0 0 0 0 0 0 0 0 0 0 0 0 0 0 0 0 0 0 0 0 0 0 0 0 0 0 0 0 0 0 0 0 0 0 0 0 0 0 0 0 0 0 0 0 0 0 0 0 0 0 0 0 0 0 0 0 0 0 0 0 0 0 0 0 0 0 0 0 0 0 0 0 0 0 0 0 0 0 0 0 0 0 0 0 0 0 0 0 0 0 0 0 0 0 0 0 0 0 0 0 0 0 0 0 0 0 0 0 0 0 0 0 0 0 0 0 0 0 0 0 0 0 0 0 0 0 0 0 0 0 0 0 0 0 0 0 0 0 0 0 0 0 0 0 0 0 0 0 0 0 0 0 0 0 0 0 0 0 0 0 0 0 0 0 0 0 0 0 0 0 0 0 0 0 0 0 0 0 0 0 0 0 0 0 0 0 0 0 0 0 0 0 0 0 0 0 0 0 0 0 0 0 0 0 0 0 0 0 0 0 0 0 0 0 0 0 0 0 0 0 0 0 0 0 0 0 0 0 0 0 0 0 0 0 0 0 0 0 0 0 0 0 0 0 0 0 0 0 0 0 0 0 0 0 0 0 0 0 0 0 0 0 0 0 0 0 0 0 0 0 0 0 0 0 0 0 0 0 0 0 0 0 0 0 0 0 0 0 0 0 0 0 0 0 0 0 0 0 0 0 0 0 0 0 0 0 0 0 0 0 0 0 0 0 0 0 0 0 0 0 0 0 0 0 0 0 0 0 0 0 0 0 0 0 0 0 0 0 0 0 0 0 0 0 0 0 0 0 0 0 0 0 0 0 0 0 0 0 0 0 0 0 0 0 0 0 0 0 0 0 0 0 0 0 0 0 0 0 0 0 0 0 0 0 0 0 0 0 0 0 0 0 0 0 0 0 0 0 0 0 0 0 0 0 0 0 0 0 0 0 0 0 0 0 0 0 0 0 0 0 0 0 0 0 0 0 0 0 0 0 0 0 0 0 0 0 0 0 0 0 0 0 0 0 0 0 0 0 0 0 0 0 0 0 0 0 0 0 0 0 0 0 0 0 0 0 0 0 0 0 0 0 0 0 0 0 0 0 0 0 0 0 0 0 0 0 0 0 0 0 0 0 0 0 0 0 0 0 0 0 0 0 0 0 0 0 0 0 0 0 0 0 0 0 0 0 0 0 0 0 0 0 0 0 0 0 0 0 0 0 0 0 0 0 0 0 0 0 0 0 0 0 0 0 0 0 0 0 0 0 0 0 0 0 0 0 0 0 0 0 0 0 0 0 0 0 0 0 0 0 0 0 0 0 0 0 0 0 0 0 0 0 0 0 0 0 0 0 0 0 0 0 0 0 0 0 0 0 0 0 0 0 0 0 0 0 0 0 0 0 0 0 0 0 0 0 0 0 0 0 0 0 0 0 0 0 0 0 0 0 0 0 0 0 0 0 0 0 0 0 0 0 0 0 0 0 0 0 0 0 0 0 0 0 0 0 0 0 0 0 0 0 0 0 0 0 0 0 0 0 0 0 0 0 0 0 0 0 0 0 0 0 0 0 0 0 0 0 0 0 0 0 0 0 0 0 0 0 0 0 0 0 0 0 0 0 0 0 0 0 0 0 0 0 0 0 0 0 0 0 0 0 0 0 0 0 0 0 0 0 0 0 0 0 0 0 0 0 0 0 0 0 0 0 0 0 0 0 0 0 0 0 0 0 0 0 0 0 0 0 0 0 0 0 0 0 0 0 0 0 0 0 0 0 0 0 0 0 0 0 0 0 0 0 0 0 0 0 0 0 0 0 0 0 0 0 0 0 0 0 0 0 0 0 0 0 0 0 0 0 0 0 0 0 0 0 0 0 0 0 0 0 0 0 0 0 0 0 0 0 0 0 0 0 0 0 0 0 0 0 0 0 0 0 0 0 0 0 0 0 0 0 0 0 0 0 0 0 0 0 0 0 0 0 0 0 0 0 0 0 0 0 0 0 0 0 0 0 0 0 0 0 0 0 0 0 0 0 0 0 0 0 0 0 0 0 0 0 0 0 0 0 0 0 0 0 0 0 0 0 0 0 0 0 0 0 0 0 0 0 0 0 0 0 0 0 0 0 0 0 0 0 0 0 0 0 0 0 0 0 0 0 0 0 0 0 0 0 0 0 0 0 0 0 0 0 0 0 0 0 0 0 0 0 0 0 0 0 0 0 0 0 0 0 0 0 0 0 0 0 0 0 0 0 0 0 0 0 0 0 0 0 0 0 0 0 0 0 0 0 0 0 0 0 0 0 0 0 0 0 0 0 0 0 0 0 0 0 0 0 0 0 0 0 0 0 0 0 0 0 0 0 0 0 0 0 0 0 0 0 0 0 0 0 0 0 0 0 0 0 0 0 0 0 0 0 0 0 0 0 0 0 0 0 0 0 0 0 0 0 0 0 0 0 0 0 0 0 0 0 0 0 0 0 0 0 0 0 0 0 0 0 0 0 0 0 0 0 0 0 0 0 0 0 0 0 0 0 0 0 0 0 0 0 0 0 0 0 0 0 0 0 0 0 0 0 0 0 0 0 0 0 0 0 0 0 0 0 0 0 0 0 0 0 0 0 0 0 0 0 0 0 0 0 0 0 0 0 0 0 0 0 0 0 0 0 0 0 0 0 0 0 0 0 0 0 0 0 0 0 0 0 0 0 0 0 0 0 0 0 0 0 0 0 0 0 0 0 0 0 0 0 0 0 0 0 0 0 0 0 0 0 0 0 0 0 0 0 0 0 0 0 0 0 0 0 0 0 0 0 0 0 0 0 0 0 0 0 0 0 0 0 0 0 0 0 0 0 0 0 0 0 0 0 0 0 0 0 0 0 0 0 0 0 0 0 0 0 0 0 0 0 0 0 0 0 0 0 0 0 0 0 0 0 0 0 0 0 0 0 0 0 0 0 0 0 0 0 0 0 0 0 0 0 0 0 0 0 0 0 0 0 0 0 0 0 0 0 0 0 0 0 0 0 0 0 0 0 0 0 0 0 0 0 0 0 0 0 0 0 0 0 0 0 0 0 0 0 0 0 0 0 0 0 0 0 0 0 0 0 0 0 0 0 0 0 0 0 0 0 0 0 0 0 0 0 0 0 0 0 0 0 0 0 0 0 0 0 0 0 0 0 0 0 0 0 0 0 0 0 0 0 0 0 0 0 0 0 0 0 0 0 0 0 0 0 0 0 0 0 0 0 0 0 0 0 0 0 0 0 0 0 0 0 0 0 0 0 0 0 0 0 0 0 0 0 0 0 0 0 0 0 0 0 0 0 0 0 0 0 0 0 0 0 0 0 0 0 0 0 0 0 0 0 0 0 0 0 0 0 0 0 0 0 0 0 0 0 0 0 0 0 0 0 0 0 0 0 0 0 0 0 0 0 0 0 0 0 0 0 0 0 0 0 0 0 0 0 0 0 0 0 0 0 0 0 0 0 0 0 0 0 0 0 0 0 0 0 0 0 0 0 0 0 0 0 0 0 0 0 0 0 0 0 0 0 0 0 0 0 0 0 0 0 0 0 0 0 0 0 0 0 0 0 0 0 0 0 0 0 0 0 0 0 0 0 0 0 0 0 0 0 0 0 0 0 0 0 0 0 0 0 0 0 0 0 0 0 0 0 0 0 0 0 0 0 0 0 0 0 0 0 0 0 0 0 0 0 0 0 0 0 0 0 0 0 0 0 0 0 0 0 0 0 0 0 0 0 0 0 0 0 0 0 0 0 0 0 0 0 0 0 0 0 0 0 0 0 0 0 0 0 0 0 0 0 0 0 0 0 0 0 0 0 0 0 0 0 0 0 0 0 0 0 0 0 0 0 0 0 0 0 0 0 0 0 0 0 0 0 0 0 0 0 0 0 0 0 0 0 0 0 0 0 0 0 0 0 0 0 0 0 0 0 0 0 0 0 0 0 0 0 0 0 0 0 0 0 0 0 0 0 0 0 0 0 0 0 0 0 0 0 0 0 0 0 0 0 0 0 0 0 0 0 0 0 0 0 0 0 0 0 0 0 0 0 0 0 0 0 0 0 0 0 0 0 0 0 0 0 0 0 0 0 0 0 0 0 0 0 0 0 0 0 0 0 0 0 0 0 0 0 0 0 0 0 0 0 0 0 0 0 0 0 0 0 0 0 0 0 0 0 0 0 0 0 0 0 0 0 0 0 0 0 0 0 0 0 0 0 0 0 0 0 0 0 0 0 0 0 0 0 0 0 0 0 0 0 0 0 0 0 0 0 0 0 0 0 0 0 0 0 0 0 0 0 0 0 0 0 0 0 0 0 0 0 0 0 0 0 0 0 0 0 0 0 0 0 0 0 0 0 0 0 0 0 0 0 0 0 0 0 0 0 0 0 0 0 0 0 0 0 0 0 0 0 0 0 0 0 0 0 0 0 0 0 0 0 0 0 0 0 0 0 0 0 0 0 0 0 0 0 0 0 0 0 0 0 0 0 0 0 0 0 0 0 0 0 0 0 0 0 0 0 0 0 0 0 0 0 0 0 0 0 0 0 0 0 0 0 0 0 0 0 0 0 0 0 0 0 0 0 0 0 0 0 0 0 0 0 0 0 0 0 0 0 0 0 0 0 0 0 0 0 0 0 0 0 0 0 0 0 0 0 0 0 0 0 0 0 0 0 0 0 0 0 0 0 0 0 0 0 0 0 0 0 0 0 0 0 0 0 0 0 0 0 0 0 0 0 0 0 0 0 0 0 0 0 0 0 0 0 0 0 0 0 0 0 0 0 0 0 0 0 0 0 0 0 0 0 0 0 0 0 0 0 0 0 0 0 0 0 0 0 0 0 0 0 0 0 0 0 0 0 0 0 0 0 0 0 0 0 0 0 0 0 0 0 0 0 0 0 0 0 0 0 0 0 0 0 0 0 0 0 0 0 0 0 0 0 0 0 0 0 0 0 0 0 0 0 0 0 0 0 0 0 0 0 0 0 0 0 0 0 0 0 0 0 0 0 0 0 0 0 0 0 0 0 0 0 0 0 0 0 0 0 0 0 0 0 0 0 0 0 0 0 0 0 0 0 0 0 0 0 0 0 0 0 0 0 0 0 0 0 0 0 0 0 0 0 0 0 0 0 0 0 0 0 0 0 0 0 0 0 0 0 0 0 0 0 0 0 0 0 0 0 0 0 0 0 0 0 0 0 0 0 0 0 0 0 0 0 0 0 0 0 0 0 0 0 0 0 0 0 0 0 0 0 0 0 0 0 0 0 0 0 0 0 0 0 0 0 0 0 0 0 0 0 0 0 0 0 0 0 0 0 0 0 0 0 0 0 0 0 0 0 0 0 0 0 0 0 0 0 0 0 0 0 0 0 0 0 0 0 0 0 0 0 0 0 0 0 0 0 0 0 0 0 0 0 0 0 0 0 0 0 0 0 0 0 0 0 0 0 0 0 0 0 0 0 0 0 0 0 0 0 0 0 0 0 0 0 0 0 0 0 0 0 0 0 0 0 0 0 0 0 0 0 0 0 0 0 0 0 0 0 0 0 0 0 0 0 0 0 0 0 0 0 0 0 0 0 0 0 0 0 0 0 0 0 0 0 0 0 0 0 0 0 0 0 0 0 0 0 0 0 0 0 0 0 0 0 0 0 0 0 0 0 0 0 0 0 0 0 0 0 0 0 0 0 0 0 0 0 0 0 0 0 0 0 0 0 0 0 0 0 0 0 0 0 0 0 0 0 0 0 0 0 0 0 0 0 0 0 0 0 0 0 0 0 0 0 0 0 0 0 0 0 0 0 0 0 0 0 0 0 0 0 0 0 0 0 0 0 0 0 0 0 0 0 0 0 0 0 0 0 0 0 0 0 0 0 0 0 0 0 0 0 0 0 0 0 0 0 0 0 0 0 0 0 0 0 0 0 0 0 0 0 0 0 0 0 0 0 0 0 0 0 0 0 0 0 0 0 0 0 0 0 0 0 0 0 0 0 0 0 0 0 0 0 0 0 0 0 0 0 0 0 0 0 0 0 0 0 0 0 0 0 0 0 0 0 0 0 0 0 0 0 0 0 0 0 0 0 0 0 0 0 0 0 0 0 0 0 0 0 0 0 0 0 0 0 0 0 0 0 0 0 0 0 0 0 0 0 0 0 0 0 0 0 0 0 0 0 0 0 0 0 0 0 0 0 0 0 0 0 0 0 0 0 0 0 0 0 0 0 0 0 0 0 0 0 0 0 0 0 0 0 0 0 0 0 0 0 0 0 0 0 0 0 0 0 0 0 0 0 0 0 0 0 0 0 0 0 0 0 0 0 0 0 0 0 0 0 0 0 0 0 0 0 0 0 0 0 0 0 0 0 0 0 0 0 0 0 0 0 0 0 0 0 0 0 0 0 0 0 0 0 0 0 0 0 0 0 0 0 0 0 0 0 0 0 0 0 0 0 0 0 0 0 0 0 0 0 0 0 0 0 0 0 0 0 0 0 0 0 0 0 0 0 0 0 0 0 0 0 0 0 0 0 0 0 0 0 0 0 0 0 0 0 0 0 0 0 0 0 0 0 0 0 0 0 0 0 0 0 0 0 0 0 0 0 0 0 0 0 0 0 0 0 0 0 0 0 0 0 0 0 0 0 0 0 0 0 0 0 0 0 0 0 0 0 0 0 0 0 0 0 0 0 0 0 0 0 0 0 0 0 0 0 0 0 0 0 0 0 0 0 0 0 0 0 0 0 0 0 0 0 0 0 0 0 0 0 0 0 0 0 0 0 0 0 0 0 0 0 0 0 0 0 0 0 0 0 0 0 0 0 0 0 0 0 0 0 0 0 0 0 0 0 0 0 0 0 0 0 0 0 0 0 0 0 0 0 0 0 0 0 0 0 0 0 0 0 0 0 0 0 0 0 0 0 0 0 0 0 0 0 0 0 0 0 0 0 0 0 0 0 0 0 0 0 0 0 0 0 0 0 0 0 0 0 0 0 0 0 0 0 0 0 0 0 0 0 0 0 0 0 0 0 0 0 0 0 0 0 0 0 0 0 0 0 0 0 0 0 0 0 0 0 0 0 0 0 0 0 0 0 0 0 0 0 0 0 0 0 0 0 0 0 0 0 0 0 0 0 0 0 0 0 0 0 0 0 0 0 0 0 0 0 0 0 0 0 0 0 0 0 0 0 0 0 0 0 0 0 0 0 0 0 0 0 0 0 0 0 0 0 0 0 0 0 0 0 0 0 0 0 0 0 0 0 0 0 0 0 0 0 0 0 0 0 0 0 0 0 0 0 0 0 0 0 0 0 0 0 0 0 0 0 0 0 0 0 0 0 0 0 0 0 0 0 0 0 0 0 0 0 0 0 0 0 0 0 0 0 0 0 0 0 0 0 0 0 0 0 0 0 0 0 0 0 0 0 0 0 0 0 0 0 0 0 0 0 0 0 0 0 0 0 0 0 0 0 0 0 0 0 0 0 0 0 0 0 0 0 0 0 0 0 0 0 0 0 0 0 0 0 0 0 0 0 0 0 0 0 0 0 0 0 0 0 0 0 0 0 0 0 0 0 0 0 0 0 0 0 0 0 0 0 0 0 0 0 0 0 0 0 0 0 0 0 0 0 0 0 0 0 0 0 0 0 0 0 0 0 0 0 0 0 0 0 0 0 0 0 0 0 0 0 0 0 0 0 0 0 0 0 0 0 0 0 0 0 0 0 0 0 0 0 0 0 0 0 0 0 0 0 0 0 0 0 0 0 0 0 0 0 0 0 0 0 0 0 0 0 0 0 0 0 0 0 0 0 0 0 0 0 0 0 0 0 0 0 0 0 0 0 0 0 0 0 0 0 0 0 0 0 0 0 0 0 0 0 0 0 0 0 0 0 0 0 0 0 0 0 0 0 0 0 0 0 0 0 0 0 0 0 0 0 0 0 0 0 0 0 0 0 0 0 0 0 0 0 0 0 0 0 0 0 0 0 0 0 0 0 0 0 0 0 0 0 0 0 0 0 0 0 0 0 0 0 0 0 0 0 0 0 0 0 0 0 0 0 0 0 0 0 0 0 0 0 0 0 0 0 0 0 0 0 0 0 0 0 0 0 0 0 0 0 0 0 0 0 0 0 0 0 0 0 0 0 0 0 0 0 0 0 0 0 0 0 0 0 0 0 0 0 0 0 0 0 0 0 0 0 0 0 0 0 0 0 0 0 0 0 0 0 0 0 0 0 0 0 0 0 0 0 0 0 0 0 0 0 0 0 0 0 0 0 0 0 0 0 0 0 0 0 0 0 0 0 0 0 0 0 0 0 0 0 0 0 0 0 0 0 0 0 0 0 0 0 0 0 0 0 0 0 0 0 0 0 0 0 0 0 0 0 0 0 0 0 0 0 0 0 0 0 0 0 0 0 0 0 0 0 0 0 0 0 0 0 0 0 0 0 0 0 0 0 0 0 0 0 0 0 0 0 0 0 0 0 0 0 0 0 0 0 0 0 0 0 0 0 0 0 0 0 0 0 0 0 0 0 0 0 0 0 0 0 0 0 0 0 0 0 0 0 0 0 0 0 0 0 0 0 0 0 0 0 0 0 0 0 0 0 0 0 0 0 0 0 0 0 0 0 0 0 0 0 0 0 0 0 0 0 0 0 0 0 0 0 0 0 0 0 0 0 0 0 0 0 0 0 0 0 0 0 0 0 0 0 0 0 0 0 0 0 0 0 0 0 0 0 0 0 0 0 0 0 0 0 0 0 0 0 0 0 0 0 0 0 0 0 0 0 0 0 0 0 0 0 0 0 0 0 0 0 0 0 0 0 0 0 0 0 0 0 0 0 0 0 0 0 0 0 0 0 0 0 0 0 0 0 0 0 0 0 0 0 0 0 0 0 0 0 0 0 0 0 0 0 0 0 0 0 0 0 0 0 0 0 0 0 0 0 0 0 0 0 0 0 0 0 0 0 0 0 0 0 0 0 0 0 0 0 0 0 0 0 0 0 0 0 0 0 0 0 0 0 0 0 0 0 0 0 0 0 0 0 0 0 0 0 0 0 0 0 0 0 0 0 0 0 0 0 0 0 0 0 0 0 0 0 0 0 0 0 0 0 0 0 0 0 0 0 0 0 0 0 0 0 0 0 0 0 0 0 0 0 0 0 0 0 0 0 0 0 0 0 0 0 0 0 0 0 0 0 0 0 0 0 0 0 0 0 0 0 0 0 0 0 0 0 0 0 0 0 0 0 0 0 0 0 0 0 0 0 0 0 0 0 0 0 0 0 0 0 0 0 0 0 0 0 0 0 0 0 0 0 0 0 0 0 0 0 0 0 0 0 0 0 0 0 0 0 0 0 0 0 0 0 0 0 0 0 0 0 0 0 0 0 0 0 0 0 0 0 0 0 0 0 0 0 0 0 0 0 0 0 0 0 0 0 0 0 0 0 0 0 0 0 0 0 0 0 0 0 0 0 0 0 0 0 0 0 0 0 0 0 0 0 0 0 0 0 0 0 0 0 0 0 0 0 0 0 0 0 0 0 0 0 0 0 0 0 0 0 0 0 0 0 0 0 0 0 0 0 0 0 0 0 0 0 0 0 0 0 0 0 0 0 0 0 0 0 0 0 0 0 0 0 0 0 0 0 0 0 0 0 0 0 0 0 0 0 0 0 0 0 0 0 0 0 0 0 0 0 0 0 0 0 0 0 0 0 0 0 0 0 0 0 0 0 0 0 0 0 0 0 0 0 0 0 0 0 0 0 0 0 0 0 0 0 0 0 0 0 0 0 0 0 0 0 0 0 0 0 0 0 0 0 0 0 0 0 0 0 0 0 0 0 0 0 0 0 0 0 0 0 0 0 0 0 0 0 0 0 0 0 0 0 0 0 0 0 0 0 0 0 0 0 0 0 0 0 0 0 0 0 0 0 0 0 0 0 0 0 0 0 0 0 0 0 0 0 0 0 0 0 0 0 0 0 0 0 0 0 0 0 0 0 0 0 0 0 0 0 0 0 0 0 0 0 0 0 0 0 0 0 0 0 0 0 0 0 0 0 0 0 0 0 0 0 0 0 0 0 0 0 0 0 0 0 0 0 0 0 0 0 0 0 0 0 0 0 0 0 0 0 0 0 0 0 0 0 0 0 0 0 0 0 0 0 0 0 0 0 0 0 0 0 0 0 0 0 0 0 0 0 0 0 0 0 0 0 0 0 0 0 0 0 0 0 0 0 0 0 0 0 0 0 0 0 0 0 0 0 0 0 0 0 0 0 0 0 0 0 0 0 0 0 0 0 0 0 0 0 0 0 0 0 0 0 0 0 0 0 0 0 0 0 0 0 0 0 0 0 0 0 0 0 0 0 0 0 0 0 0 0 0 0 0 0 0 0 0 0 0 0 0 0 0 0 0 0 0 0 0 0 0 0 0 0 0 0 0 0 0 0 0 0 0 0 0 0 0 0 0 0 0 0 0 0 0 0 0 0 0 0 0 0 0 0 0 0 0 0 0 0 0 0 0 0 0 0 0 0 0 0 0 0 0 0 0 0 0 0 0 0 0 0 0 0 0 0 0 0 0 0 0 0 0 0 0 0 0 0 0 0 0 0 0 0 0 0 0 0 0 0 0 0 0 0 0 0 0 0 0 0 0 0 0 0 0 0 0 0 0 0 0 0 0 0 0 0 0 0 0 0 0 0 0 0 0 0 0 0 0 0 0 0 0 0 0 0 0 0 0 0 0 0 0 0 0 0 0 0 0 0 0 0 0 0 0 0 0 0 0 0 0 0 0 0 0 0 0 0 0 0 0 0 0 0 0 0 0 0 0 0 0 0 0 0 0 0 0 0 0 0 0 0 0 0 0 0 0 0 0 0 0 0 0 0 0 0 0 0 0 0 0 0 0 0 0 0 0 0 0 0 0 0 0 0 0 0 0 0 0 0 0 0 0 0 0 0 0 0 0 0 0 0 0 0 0 0 0 0 0 0 0 0 0 0 0 0 0 0 0 0 0 0 0 0 0 0 0 0 0 0 0 0 0 0 0 0 0 0 0 0 0 0 0 0 0 0 0 0 0 0 0 0 0 0 0 0 0 0 0 0 0 0 0 0 0 0 0 0 0 0 0 0 0 0 0 0 0 0 0 0 0 0 0 0 0 0 0 0 0 0 0 0 0 0 0 0 0 0 0 0 0 0 0 0 0 0 0 0 0 0 0 0 0 0 0 0 0 0 0 0 0 0 0 0 0 0 0 0 0 0 0 0 0 0 0 0 0 0 0 0 0 0 0 0 0 0 0 0 0 0 0 0 0 0 0 0 0 0 0 0 0 0 0 0 0 0 0 0 0 0 0 0 0 0 0 0 0 0 0 0 0 0 0 0 0 0 0 0 0 0 0 0 0 0 0 0 0 0 0 0 0 0 0 0 0 0 0 0 0 0 0 0 0 0 0 0 0 0 0 0 0 0 0 0 0 0 0 0 0 0 0 0 0 0 0 0 0 0 0 0 0 0 0 0 0 0 0 0 0 0 0 0 0 0 0 0 0 0 0 0 0 0 0 0 0 0 0 0 0 0 0 0 0 0 0 0 0 0 0 0 0 0 0 0 0 0 0 0 0 0 0 0 0 0 0 0 0 0 0 0 0 0 0 0 0 0 0 0 0 0 0 0 0 0 0 0 0 0 0 0 0 0 0 0 0 0 0 0 0 0 0 0 0 0 0 0 0 0 0 0 0 0 0 0 0 0 0 0 0 0 0 0 0 0 0 0 0 0 0 0 0 0 0 0 0 0 0 0 0 0 0 0 0 0 0 0 0 0 0 0 0 0 0 0 0 0 0 0 0 0 0 0 0 0 0 0 0 0 0 0 0 0 0 0 0 0 0 0 0 0 0 0 0 0 0 0 0 0 0 0 0 0 0 0 0 0 0 0 0 0 0 0 0 0 0 0 0 0 0 0 0 0 0 0 0 0 0 0 0 0 0 0 0 0 0 0 0 0 0 0 0 0 0 0 0 0 0 0 0 0 0 0 0 0 0 0 0 0 0 0 0 0 0 0 0 0 0 0 0 0 0 0 0 0 0 0 0 0 0 0 0 0 0 0 0 0 0 0 0 0 0 0 0 0 0 0 0 0 0 0 0 0 0 0 0 0 0 0 0 0 0 0 0 0 0 0 0 0 0 0 0 0 0 0 0 0 0 0 0 0 0 0 0 0 0 0 0 0 0 0 0 0 0 0 0 0 0 0 0 0 0 0 0 0 0 0 0 0 0 0 0 0 0 0 0 0 0 0 0 0 0 0 0 0 0 0 0 0 0 0 0 0 0 0 0 0 0 0 0 0 0 0 0 0 0 0 0 0 0 0 0 0 0 0 0 0 0 0 0 0 0 0 0 0 0 0 0 0 0 0 0 0 0 0 0 0 0 0 0 0 0 0 0 0 0 0 0 0 0 0 0 0 0 0 0 0 0 0 0 0 0 0 0 0 0 0 0 0 0 0 0 0 0 0 0 0 0 0 0 0 0 0 0 0 0 0 0 0 0 0 0 0 0 0 0 0 0 0 0 0 0 0 0 0 0 0 0 0 0 0 0 0 0 0 0 0 0 0 0 0 0 0 0 0 0 0 0 0 0 0 0 0 0 0 0 0 0 0 0 0 0 0 0 0 0 0 0 0 0 0 0 0 0 0 0 0 0 0 0 0 0 0 0 0 0 0 0 0 0 0 0 0 0 0 0 0 0 0 0 0 0 0 0 0 0 0 0 0 0 0 0 0 0 0 0 0 0 0 0 0 0 0 0 0 0 0 0 0 0 0 0 0 0 0 0 0 0 0 0 0 0 0 0 0 0 0 0 0 0 0 0 0 0 0 0 0 0 0 0 0 0 0 0 0 0 0 0 0 0 0 0 0 0 0 0 0 0 0 0 0 0 0 0 0 0 0 0 0 0 0 0 0 0 0 0 0 0 0 0 0 0 0 0 0 0 0 0 0 0 0 0 0 0 0 0 0 0 0 0 0 0 0 0 0 0 0 0 0 0 0 0 0 0 0 0 0 0 0 0 0 0 0 0 0 0 0 0 0 0 0 0 0 0 0 0 0 0 0 0 0 0 0 0 0 0 0 0 0 0 0 0 0 0 0 0 0 0 0 0 0 0 0 0 0 0 0 0 0 0 0 0 0 0 0 0 0 0 0 0 0 0 0 0 0 0 0 0 0 0 0 0 0 0 0 0 0 0 0 0 0 0 0 0 0 0 0 0 0 0 0 0 0 0 0 0 0 0 0 0 0 0 0 0 0 0 0 0 0 0 0 0 0 0 0 0 0 0 0 0 0 0 0 0 0 0 0 0 0 0 0 0 0 0 0 0 0 0 0 0 0 0 0 0 0 0 0 0 0 0 0 0 0 0 0 0 0 0 0 0 0 0 0 0 0 0 0 0 0 0 0 0 0 0 0 0 0 0 0 0 0 0 0 0 0 0 0 0 0 0 0 0 0 0 0 0 0 0 0 0 0 0 0 0 0 0 0 0 0 0 0 0 0 0 0 0 0 0 0 0 0 0 0 0 0 0 0 0 0 0 0 0 0 0 0 0 0 0 0 0 0 0 0 0 0 0 0 0 0 0 0 0 0 0 0 0 0 0 0 0 0 0 0 0 0 0 0 0 0 0 0 0 0 0 0 0 0 0 0 0 0 0 0 0 0 0 0 0 0 0 0 0 0 0 0 0 0 0 0 0 0 0 0 0 0 0 0 0 0 0 0 0 0 0 0 0 0 0 0 0 0 0 0 0 0 0 0 0 0 0 0 0 0 0 0 0 0 0 0 0 0 0 0 0 0 0 0 0 0 0 0 0 0 0 0 0 0 0 0 0 0 0 0 0 0 0 0 0 0 0 0 0 0 0 0 0 0 0 0 0 0 0 0 0 0 0 0 0 0 0 0 0 0 0 0 0 0 0 0 0 0 0 0 0 0 0 0 0 0 0 0 0 0 0 0 0 0 0 0 0 0 0 0 0 0 0 0 0 0 0 0 0 0 0 0 0 0 0 0 0 0 0 0 0 0 0 0 0 0 0 0 0 0 0 0 0 0 0 0 0 0 0 0 0 0 0 0 0 0 0 0 0 0 0 0 0 0 0 0 0 0 0 0 0 0 0 0 0 0 0 0 0 0 0 0 0 0 0 0 0 0 0 0 0 0 0 0 0 0 0 0 0 0 0 0 0 0 0 0 0 0 0 0 0 0 0 0 0 0 0 0 0 0 0 0 0 0 0 0 0 0 0 0 0 0 0 0 0 0 0 0 0 0 0 0 0 0 0 0 0 0 0 0 0 0 0 0 0 0 0 0 0 0 0 0 0 0 0 0 0 0 0 0 0 0 0 0 0 0 0 0 0 0 0 0 0 0 0 0 0 0 0 0 0 0 0 0 0 0 0 0 0 0 0 0 0 0 0 0 0 0 0 0 0 0 0 0 0 0 0 0 0 0 0 0 0 0 0 0 0 0 0 0 0 0 0 0 0 0 0 0 0 0 0 0 0 0 0 0 0 0 0 0 0 0 0 0 0 0 0 0 0 0 0 0 0 0 0 0 0 0 0 0 0 0 0 0 0 0 0 0 0 0 0 0 0 0 0 0 0 0 0 0 0 0 0 0 0 0 0 0 0 0 0 0 0 0 0 0 0 0 0 0 0 0 0 0 0 0 0 0 0 0 0 0 0 0 0 0 0 0 0 0 0 0 0 0 0 0 0 0 0 0 0 0 0 0 0 0 0 0 0 0 0 0 0 0 0 0 0 0 0 0 0 0 0 0 0 0 0 0 0 0 0 0 0 0 0 0 0 0 0 0 0 0 0 0 0 0 0 0 0 0 0 0 0 0 0 0 0 0 0 0 0 0 0 0 0 0 0 0 0 0 0 0 0 0 0 0 0 0 0 0 0 0 0 0 0 0 0 0 0 0 0 0 0 0 0 0 0 0 0 0 0 0 0 0 0 0 0 0 0 0 0 0 0 0 0 0 0 0 0 0 0 0 0 0 0 0 0 0 0 0 0 0 0 0 0 0 0 0 0 0 0 0 0 0 0 0 0 0 0 0 0 0 0 0 0 0 0 0 0 0 0 0 0 0 0 0 0 0 0 0 0 0 0 0 0 0 0 0 0 0 0 0 0 0 0 0 0 0 0 0 0 0 0 0 0 0 0 0 0 0 0 0 0 0 0 0 0 0 0 0 0 0 0 0 0 0 0 0 0 0 0 0 0 0 0 0 0 0 0 0 0 0 0 0 0 0 0 0 0 0 0 0 0 0 0 0 0 0 0 0 0 0 0 0 0 0 0 0 0 0 0 0 0 0 0 0 0 0 0 0 0 0 0 0 0 0 0 0 0 0 0 0 0 0 0 0 0 0 0 0 0 0 0 0 0 0 0 0 0 0 0 0 0 0 0 0 0 0 0 0 0 0 0 0 0 0 0 0 0 0 0 0 0 0 0 0 0 0 0 0 0 0 0 0 0 0 0 0 0 0 0 0 0 0 0 0 0 0 0 0 0 0 0 0 0 0 0 0 0 0 0 0 0 0 0 0 0 0 0 0 0 0 0 0 0 0 0 0 0 0 0 0 0 0 0 0 0 0 0 0 0 0 0 0 0 0 0 0 0 0 0 0 0 0 0 0 0 0 0 0 0 0 0 0 0 0 0 0 0 0 0 0 0 0 0 0 0 0 0 0 0 0 0 0 0 0 0 0 0 0 0 0 0 0 0 0 0 0 0 0 0 0 0 0 0 0 0 0 0 0 0 0 0 0 0 0 0 0 0 0 0 0 0 0 0 0 0 0 0 0 0 0 0 0 0 0 0 0 0 0 0 0 0 0 0 0 0 0 0 0 0 0 0 0 0 0 0 0 0 0 0 0 0 0 0 0 0 0 0 0 0 0 0 0 0 0 0 0 0 0 0 0 0 0 0 0 0 0 0 0 0 0 0 0 0 0 0 0 0 0 0 0 0 0 0 0 0 0 0 0 0 0 0 0 0 0 0 0 0 0 0 0 0 0 0 0 0 0 0 0 0 0 0 0 0 0 0 0 0 0 0 0 0 0 0 0 0 0 0 0 0 0 0 0 0 0 0 0 0 0 0 0 0 0 0 0 0 0 0 0 0 0 0 0 0 0 0 0 0 0 0 0 0 0 0 0 0 0 0 0 0 0 0 0 0 0 0 0 0 0 0 0 0 0 0 0 0 0 0 0 0 0 0 0 0 0 0 0 0 0 0 0 0 0 0 0 0 0 0 0 0 0 0 0 0 0 0 0 0 0 0 0 0 0 0 0 0 0 0 0 0 0 0 0 0 0 0 0 0 0 0 0 0 0 0 0 0 0 0 0 0 0 0 0 0 0 0 0 0 0 0 0 0 0 0 0 0 0 0 0 0 0 0 0 0 0 0 0 0 0 0 0 0 0 0 0 0 0 0 0 0 0 0 0 0 0 0 0 0 0 0 0 0 0 0 0 0 0 0 0 0 0 0 0 0 0 0 0 0 0 0 0 0 0 0 0 0 0 0 0 0 0 0 0 0 0 0 0 0 0 0 0 0 0 0 0 0 0 0 0 0 0 0 0 0 0 0 0 0 0 0 0 0 0 0 0 0 0 0 0 0 0 0 0 0 0 0 0 0 0 0 0 0 0 0 0 0 0 0 0 0 0 0 0 0 0 0 0 0 0 0 0 0 0 0 0 0 0 0 0 0 0 0 0 0 0 0 0 0 0 0 0 0 0 0 0 0 0 0 0 0 0 0 0 0 0 0 0 0 0 0 0 0 0 0 0 0 0 0 0 0 0 0 0 0 0 0 0 0 0 0 0 0 0 0 0 0 0 0 0 0 0 0 0 0 0 0 0 0 0 0 0 0 0 0 0 0 0 0 0 0 0 0 0 0 0 0 0 0 0 0 0 0 0 0 0 0 0 0 0 0 0 0 0 0 0 0 0 0 0 0 0 0 0 0 0 0 0 0 0 0 0 0 0 0 0 0 0 0 0 0 0 0 0 0 0 0 0 0 0 0 0 0 0 0 0 0 0 0 0 0 0 0 0 0 0 0 0 0 0 0 0 0 0 0 0 0 0 0 0 0 0 0 0 0 0 0 0 0 0 0 0 0 0 0 0 0 0 0 0 0 0 0 0 0 0 0 0 0 0 0 0 0 0 0 0 0 0 0 0 0 0 0 0 0 0 0 0 0 0 0 0 0 0 0 0 0 0 0 0 0 0 0 0 0 0 0 0 0 0 0 0 0 0 0 0 0 0 0 0 0 0 0 0 0 0 0 0 0 0 0 0 0 0 0 0 0 0 0 0 0 0 0 0 0 0 0 0 0 0 0 0 0 0 0 0 0 0 0 0 0 0 0 0 0 0 0 0 0 0 0 0 0 0 0 0 0 0 0 0 0 0 0 0 0 0 0 0 0 0 0 0 0 0 0 0 0 0 0 0 0 0 0 0 0 0 0 0 0 0 0 0 0 0 0 0 0 0 0 0 0 0 0 0 0 0 0 0 0 0 0 0 0 0 0 0 0 0 0 0 0 0 0 0 0 0 0 0 0 0 0 0 0 0 0 0 0 0 0 0 0 0 0 0 0 0 0 0 0 0 0 0 0 0 0 0 0 0 0 0 0 0 0 0 0 0 0 0 0 0 0 0 0 0 0 0 0 0 0 0 0 0 0 0 0 0 0 0 0 0 0 0 0 0 0 0 0 0 0 0 0 0 0 0 0 0 0 0 0 0 0 0 0 0 0 0 0 0 0 0 0 0 0 0 0 0 0 0 0 0 0 0 0 0 0 0 0 0 0 0 0 0 0 0 0 0 0 0 0 0 0 0 0 0 0 0 0 0 0 0 0 0 0 0 0 0 0 0 0 0 0 0 0 0 0 0 0 0 0 0 0 0 0 0 0 0 0 0 0 0 0 0 0 0 0 0 0 0 0 0 0 0 0 0 0 0 0 0 0 0 0 0 0 0 0 0 0 0 0 0 0 0 0 0 0 0 0 0 0 0 0 0 0 0 0 0 0 0 0 0 0 0 0 0 0 0 0 0 0 0 0 0 0 0 0 0 0 0 0 0 0 0 0 0 0 0 0 0 0 0 0 0 0 0 0 0 0 0 0 0 0 0 0 0 0 0 0 0 0 0 0 0 0 0 0 0 0 0 0 0 0 0 0 0 0 0 0 0 0 0 0 0 0 0 0 0 0 0 0 0 0 0 0 0 0 0 0 0 0 0 0 0 0 0 0 0 0 0 0 0 0 0 0 0 0 0 0 0 0 0 0 0 0 0 0 0 0 0 0 0 0 0 0 0 0 0 0 0 0 0 0 0 0 0 0 0 0 0 0 0 0 0 0 0 0 0 0 0 0 0 0 0 0 0 0 0 0 0 0 0 0 0 0 0 0 0 0 0 0 0 0 0 0 0 0 0 0 0 0 0 0 0 0 0 0 0 0 0 0 0 0 0 0 0 0 0 0 0 0 0 0 0 0 0 0 0 0 0 0 0 0 0 0 0 0 0 0 0 0 0 0 0 0 0 0 0 0 0 0 0 0 0 0 0 0 0 0 0 0 0 0 0 0 0 0 0 0 0 0 0 0 0 0 0 0 0 0 0 0 0 0 0 0 0 0 0 0 0 0 0 0 0 0 0 0 0 0 0 0 0 0 0 0 0 0 0 0 0 0 0 0 0 0 0 0 0 0 0 0 0 0 0 0 0 0 0 0 0 0 0 0 0 0 0 0 0 0 0 0 0 0 0 0 0 0 0 0 0 0 0 0 0 0 0 0 0 0 0 0 0 0 0 0 0 0 0 0 0 0 0 0 0 0 0 0 0 0 0 0 0 0 0 0 0 0 0 0 0 0 0 0 0 0 0 0 0 0 0 0 0 0 0 0 0 0 0 0 0 0 0 0 0 0 0 0 0 0 0 0 0 0 0 0 0 0 0 0 0 0 0 0 0 0 0 0 0 0 0 0 0 0 0 0 0 0 0 0 0 0 0 0 0 0 0 0 0 0 0 0 0 0 0 0 0 0 0 0 0 0 0 0 0 0 0 0 0 0 0 0 0 0 0 0 0 0 0 0 0 0 0 0 0 0 0 0 0 0 0 0 0 0 0 0 0 0 0 0 0 0 0 0 0 0 0 0 0 0 0 0 0 0 0 0 0 0 0 0 0 0 0 0 0 0 0 0 0 0 0 0 0 0 0 0 0 0 0 0 0 0 0 0 0 0 0 0 0 0 0 0 0 0 0 0 0 0 0 0 0 0 0 0 0 0 0 0 0 0 0 0 0 0 0 0 0 0 0 0 0 0 0 0 0 0 0 0 0 0 0 0 0 0 0 0 0 0 0 0 0 0 0 0 0 0 0 0 0 0 0 0 0 0 0 0 0 0 0 0 0 0 0 0 0 0 0 0 0 0 0 0 0 0 0 0 0 0 0 0 0 0 0 0 0 0 0 0 0 0 0 0 0 0 0 0 0 0 0 0 0 0 0 0 0 0 0 0 0 0 0 0 0 0 0 0 0 0 0 0 0 0 0 0 0 0 0 0 0 0 0 0 0 0 0 0 0 0 0 0 0 0 0 0 0 0 0 0 0 0 0 0 0 0 0 0 0 0 0 0 0 0 0 0 0 0 0 0 0 0 0 0 0 0 0 0 0 0 0 0 0 0 0 0 0 0 0 0 0 0 0 0 0 0 0 0 0 0 0 0 0 0 0 0 0 0 0 0 0 0 0 0 0 0 0 0 0 0 0 0 0 0 0 0 0 0 0 0 0 0 0 0 0 0 0 0 0 0 0 0 0 0 0 0 0 0 0 0 0 0 0 0 0 0 0 0 0 0 0 0 0 0 0 0 0 0 0 0 0 0 0 0 0 0 0 0 0 0 0 0 0 0 0 0 0 0 0 0 0 0 0 0 0 0 0 0 0 0 0 0 0 0 0 0 0 0 0 0 0 0 0 0 0 0 0 0 0 0 0 0 0 0 0 0 0 0 0 0 0 0 0 0 0 0 0 0 0 0 0 0 0 0 0 0 0 0 0 0 0 0 0 0 0 0 0 0 0 0 0 0 0 0 0 0 0 0 0 0 0 0 0 0 0 0 0 0 0 0 0 0 0 0 0 0 0 0 0 0 0 0 0 0 0 0 0 0 0 0 0 0 0 0 0 0 0 0 0 0 0 0 0 0 0 0 0 0 0 0 0 0 0 0 0 0 0 0 0 0 0 0 0 0 0 0 0 0 0 0 0 0 0 0 0 0 0 0 0 0 0 0 0 0 0 0 0 0 0 0 0 0 0 0 0 0 0 0 0 0 0 0 0 0 0 0 0 0 0 0 0 0 0 0 0 0 0 0 0 0 0 0 0 0 0 0 0 0 0 0 0 0 0 0 0 0 0 0 0 0 0 0 0 0 0 0 0 0 0 0 0 0 0 0 0 0 0 0 0 0 0 0 0 0 0 0 0 0 0 0 0 0 0 0 0 0 0 0 0 0 0 0 0 0 0 0 0 0 0 0 0 0 0 0 0 0 0 0 0 0 0 0 0 0 0 0 0 0 0 0 0 0 0 0 0 0 0 0 0 0 0 0 0 0 0 0 0 0 0 0 0 0 0 0 0 0 0 0 0 0 0 0 0 0 0 0 0 0 0 0 0 0 0 0 0 0 0 0 0 0 0 0 0 0 0 0 0 0 0 0 0 0 0 0 0 0 0 0 0 0 0 0 0 0 0 0 0 0 0 0 0 0 0 0 0 0 0 0 0 0 0 0 0 0 0 0 0 0 0 0 0 0 0 0 0 0 0 0 0 0 0 0 0 0 0 0 0 0 0 0 0 0 0 0 0 0 0 0 0 0 0 0 0 0 0 0 0 0 0 0 0 0 0 0 0 0 0 0 0 0 0 0 0 0 0 0 0 0 0 0 0 0 0 0 0 0 0 0 0 0 0 0 0 0 0 0 0 0 0 0 0 0 0 0 0 0 0 0 0 0 0 0 0 0 0 0 0 0 0 0 0 0 0 0 0 0 0 0 0 0 0 0 0 0 0 0 0 0 0 0 0 0 0 0 0 0 0 0 0 0 0 0 0 0 0 0 0 0 0 0 0 0 0 0 0 0 0 0 0 0 0 0 0 0 0 0 0 0 0 0 0 0 0 0 0 0 0 0 0 0 0 0 0 0 0 0 0 0 0 0 0 0 0 0 0 0 0 0 0 0 0 0 0 0 0 0 0 0 0 0 0 0 0 0 0 0 0 0 0 0 0 0 0 0 0 0 0 0 0 0 0 0 0 0 0 0 0 0 0 0 0 0 0 0 0 0 0 0 0 0 0 0 0 0 0 0 0 0 0 0 0 0 0 0 0 0 0 0 0 0 0 0 0 0 0 0 0 0 0 0 0 0 0 0 0 0 0 0 0 0 0 0 0 0 0 0 0 0 0 0 0 0 0 0 0 0 0 0 0 0 0 0 0 0 0 0 0 0 0 0 0 0 0 0 0 0 0 0 0 0 0 0 0 0 0 0 0 0 0 0 0 0 0 0 0 0 0 0 0 0 0 0 0 0 0 0 0 0 0 0 0 0 0 0 0 0 0 0 0 0 0 0 0 0 0 0 0 0 0 0 0 0 0 0 0 0 0 0 0 0 0 0 0 0 0 0 0 0 0 0 0 0 0 0 0 0 0 0 0 0 0 0 0 0 0 0 0 0 0 0 0 0 0 0 0 0 0 0 0 0 0 0 0 0 0 0 0 0 0 0 0 0 0 0 0 0 0 0 0 0 0 0 0 0 0 0 0 0 0 0 0 0 0 0 0 0 0 0 0 0 0 0 0 0 0 0 0 0 0 0 0 0 0 0 0 0 0 0 0 0 0 0 0 0 0 0 0 0 0 0 0 0 0 0 0 0 0 0 0 0 0 0 0 0 0 0 0 0 0 0 0 0 0 0 0 0 0 0 0 0 0 0 0 0 0 0 0 0 0 0 0 0 0 0 0 0 0 0 0 0 0 0 0 0 0 0 0 0 0 0 0 0 0 0 0 0 0 0 0 0 0 0 0 0 0 0 0 0 0 0 0 0 0 0 0 0 0 0 0 0 0 0 0 0 0 0 0 0 0 0 0 0 0 0 0 0 0 0 0 0 0 0 0 0 0 0 0 0 0 0 0 0 0 0 0 0 0 0 0 0 0 0 0 0 0 0 0 0 0 0 0 0 0 0 0 0 0 0 0 0 0 0 0 0 0 0 0 0 0 0 0 0 0 0 0 0 0 0 0 0 0 0 0 0 0 0 0 0 0 0 0 0 0 0 0 0 0 0 0 0 0 0 0 0 0 0 0 0 0 0 0 0 0 0 0 0 0 0 0 0 0 0 0 0 0 0 0 0 0 0 0 0 0 0 0 0 0 0 0 0 0 0 0 0 0 0 0 0 0 0 0 0 0 0 0 0 0 0 0 0 0 0 0 0 0 0 0 0 0 0 0 0 0 0 0 0 0 0 0 0 0 0 0 0 0 0 0 0 0 0 0 0 0 0 0 0 0 0 0 0 0 0 0 0 0 0 0 0 0 0 0 0 0 0 0 0 0 0 0 0 0 0 0 0 0 0 0 0 0 0 0 0 0 0 0 0 0 0 0 0 0 0 0 0 0 0 0 0 0 0 0 0 0 0 0 0 0 0 0 0 0 0 0 0 0 0 0 0 0 0 0 0 0 0 0 0 0 0 0 0 0 0 0 0 0 0 0 0 0 0 0 0 0 0 0 0 0 0 0 0 0 0 0 0 0 0 0 0 0 0 0 0 0 0 0 0 0 0 0 0 0 0 0 0 0 0 0 0 0 0 0 0 0 0 0 0 0 0 0 0 0 0 0 0 0 0 0 0 0 0 0 0 0 0 0 0 0 0 0 0 0 0 0 0 0 0 0 0 0 0 0 0 0 0 0 0 0 0 0 0 0 0 0 0 0 0 0 0 0 0 0 0 0 0 0 0 0 0 0 0 0 0 0 0 0 0 0 0 0 0 0 0 0 0 0 0 0 0 0 0 0 0 0 0 0 0 0 0 0 0 0 0 0 0 0 0 0 0 0 0 0 0 0 0 0 0 0 0 0 0 0 0 0 0 0 0 0 0 0 0 0 0 0 0 0 0 0 0 0 0 0 0 0 0 0 0 0 0 0 0 0 0 0 0 0 0 0 0 0 0 0 0 0 0 0 0 0 0 0 0 0 0 0 0 0 0 0 0 0 0 0 0 0 0 0 0 0 0 0 0 0 0 0 0 0 0 0 0 0 0 0 0 0 0 0 0 0 0 0 0 0 0 0 0 0 0 0 0 0 0 0 0 0 0 0 0 0 0 0 0 0 0 0 0 0 0 0 0 0 0 0 0 0 0 0 0 0 0 0 0 0 0 0 0 0 0 0 0 0 0 0 0 0 0 0 0 0 0 0 0 0 0 0 0 0 0 0 0 0 0 0 0 0 0 0 0 0 0 0 0 0 0 0 0 0 0 0 0 0 0 0 0 0 0 0 0 0 0 0 0 0 0 0 0 0 0 0 0 0 0 0 0 0 0 0 0 0 0 0 0 0 0 0 0 0 0 0 0 0 0 0 0 0 0 0 0 0 0 0 0 0 0 0 0 0 0 0 0 0 0 0 0 0 0 0 0 0 0 0 0 0 0 0 0 0 0 0 0 0 0 0 0 0 0 0 0 0 0 0 0 0 0 0 0 0 0 0 0 0 0 0 0 0 0 0 0 0 0 0 0 0 0 0 0 0 0 0 0 0 0 0 0 0 0 0 0 0 0 0 0 0 0 0 0 0 0 0 0 0 0 0 0 0 0 0 0 0 0 0 0 0 0 0 0 0 0 0 0 0 0 0 0 0 0 0 0 0 0 0 0 0 0 0 0 0 0 0 0 0 0 0 0 0 0 0 0 0 0 0 0 0 0 0 0 0 0 0 0 0 0 0 0 0 0 0 0 0 0 0 0 0 0 0 0 0 0 0 0 0 0 0 0 0 0 0 0 0 0 0 0 0 0 0 0 0 0 0 0 0 0 0 0 0 0 0 0 0 0 0 0 0 0 0 0 0 0 0 0 0 0 0 0 0 0 0 0 0 0 0 0 0 0 0 0 0 0 0 0 0 0 0 0 0 0 0 0 0 0 0 0 0 0 0 0 0 0 0 0 0 0 0 0 0 0 0 0 0 0 0 0 0 0 0 0 0 0 0 0 0 0 0 0 0 0 0 0 0 0 0 0 0 0 0 0 0 0 0 0 0 0 0 0 0 0 0 0 0 0 0 0 0 0 0 0 0 0 0 0 0 0 0 0 0 0 0 0 0 0 0 0 0 0 0 0 0 0 0 0 0 0 0 0 0 0 0 0 0 0 0 0 0 0 0 0 0 0 0 0 0 0 0 0 0 0 0 0 0 0 0 0 0 0 0 0 0 0 0 0 0 0 0 0 0 0 0 0 0 0 0 0 0 0 0 0 0 0 0 0 0 0 0 0 0 0 0 0 0 0 0 0 0 0 0 0 0 0 0 0 0 0 0 0 0 0 0 0 0 0 0 0 0 0 0 0 0 0 0 0 0 0 0 0 0 0 0 0 0 0 0 0 0 0 0 0 0 0 0 0 0 0 0 0 0 0 0 0 0 0 0 0 0 0 0 0 0 0 0 0 0 0 0 0 0 0 0 0 0 0 0 0 0 0 0 0 0 0 0 0 0 0 0 0 0 0 0 0 0 0 0 0 0 0 0 0 0 0 0 0 0 0 0 0 0 0 0 0 0 0 0 0 0 0 0 0 0 0 0 0 0 0 0 0 0 0 0 0 0 0 0 0 0 0 0 0 0 0 0 0 0 0 0 0 0 0 0 0 0 0 0 0 0 0 0 0 0 0 0 0 0 0 0 0 0 0 0 0 0 0 0 0 0 0 0 0 0 0 0 0 0 0 0 0 0 0 0 0 0 0 0 0 0 0 0 0 0 0 0 0 0 0 0 0 0 0 0 0 0 0 0 0 0 0 0 0 0 0 0 0 0 0 0 0 0 0 0 0 0 0 0 0 0 0 0 0 0 0 0 0 0 0 0 0 0 0 0 0 0 0 0 0 0 0 0 0 0 0 0 0 0 0 0 0 0 0 0 0 0 0 0 0 0 0 0 0 0 0 0 0 0 0 0 0 0 0 0 0 0 0 0 0 0 0 0 0 0 0 0 0 0 0 0 0 0 0 0 0 0 0 0 0 0 0 0 0 0 0 0 0 0 0 0 0 0 0 0 0 0 0 0 0 0 0 0 0 0 0 0 0 0 0 0 0 0 0 0 0 0 0 0 0 0 0 0 0 0 0 0 0 0 0 0 0 0 0 0 0 0 0 0 0 0 0 0 0 0 0 0 0 0 0 0 0 0 0 0 0 0 0 0 0 0 0 0 0 0 0 0 0 0 0 0 0 0 0 0 0 0 0 0 0 0 0 0 0 0 0 0 0 0 0 0 0 0 0 0 0 0 0 0 0 0 0 0 0 0 0 0 0 0 0 0 0 0 0 0 0 0 0 0 0 0 0 0 0 0 0 0 0 0 0 0 0 0 0 0 0 0 0 0 0 0 0 0 0 0 0 0 0 0 0 0 0 0 0 0 0 0 0 0 0 0 0 0 0 0 0 0 0 0 0 0 0 0 0 0 0 0 0 0 0 0 0 0 0 0 0 0 0 0 0 0 0 0 0 0 0 0 0 0 0 0 0 0 0 0 0 0 0 0 0 0 0 0 0 0 0 0 0 0 0 0 0 0 0 0 0 0 0 0 0 0 0 0 0 0 0 0 0 0 0 0 0 0 0 0 0 0 0 0 0 0 0 0 0 0 0 0 0 0 0 0 0 0 0 0 0 0 0 0 0 0 0 0 0 0 0 0 0 0 0 0 0 0 0 0 0 0 0 0 0 0 0 0 0 0 0 0 0 0 0 0 0 0 0 0 0 0 0 0 0 0 0 0 0 0 0 0 0 0 0 0 0 0 0 0 0 0 0 0 0 0 0 0 0 0 0 0 0 0 0 0 0 0 0 0 0 0 0 0 0 0 0 0 0 0 0 0 0 0 0 0 0 0 0 0 0 0 0 0 0 0 0 0 0 0 0 0 0 0 0 0 0 0 0 0 0 0 0 0 0 0 0 0 0 0 0 0 0 0 0 0 0 0 0 0 0 0 0 0 0 0 0 0 0 0 0 0 0 0 0 0 0 0 0 0 0 0 0 0 0 0 0 0 0 0 0 0 0 0 0 0 0 0 0 0 0 0 0 0 0 0 0 0 0 0 0 0 0 0 0 0 0 0 0 0 0 0 0 0 0 0 0 0 0 0 0 0 0 0 0 0 0 0 0 0 0 0 0 0 0 0 0 0 0 0 0 0 0 0 0 0 0 0 0 0 0 0 0 0 0 0 0 0 0 0 0 0 0 0 0 0 0 0 0 0 0 0 0 0 0 0 0 0 0 0 0 0 0 0 0 0 0 0 0 0 0 0 0 0 0 0 0 0 0 0 0 0 0 0 0 0 0 0 0 0 0 0 0 0 0 0 0 0 0 0 0 0 0 0 0 0 0 0 0 0 0 0 0 0 0 0 0 0 0 0 0 0 0 0 0 0 0 0 0 0 0 0 0 0 0 0 0 0 0 0 0 0 0 0 0 0 0 0 0 0 0 0 0 0 0 0 0 0 0 0 0 0 0 0 0 0 0 0 0 0 0 0 0 0 0 0 0 0 0 0 0 0 0 0 0 0 0 0 0 0 0 0 0 0 0 0 0 0 0 0 0 0 0 0 0 0 0 0 0 0 0 0 0 0 0 0 0 0 0 0 0 0 0 0 0 0 0 0 0 0 0 0 0 0 0 0 0 0 0 0 0 0 0 0 0 0 0 0 0 0 0 0 0 0 0 0 0 0 0 0 0 0 0 0 0 0 0 0 0 0 0 0 0 0 0 0 0 0 0 0 0 0 0 0 0 0 0 0 0 0 0 0 0 0 0 0 0 0 0 0 0 0 0 0 0 0 0 0 0 0 0 0 0 0 0 0 0 0 0 0 0 0 0 0 0 0 0 0 0 0 0 0 0 0 0 0 0 0 0 0 0 0 0 0 0 0 0 0 0 0 0 0 0 0 0 0 0 0 0 0 0 0 0 0 0 0 0 0 0 0 0 0 0 0 0 0 0 0 0 0 0 0 0 0 0 0 0 0 0 0 0 0 0 0 0 0 0 0 0 0 0 0 0 0 0 0 0 0 0 0 0 0 0 0 0 0 0 0 0 0 0 0 0 0 0 0 0 0 0 0 0 0 0 0 0 0 0 0 0 0 0 0 0 0 0 0 0 0 0 0 0 0 0 0 0 0 0 0 0 0 0 0 0 0 0 0 0 0 0 0 0 0 0 0 0 0 0 0 0 0 0 0 0 0 0 0 0 0 0 0 0 0 0 0 0 0 0 0 0 0 0 0 0 0 0 0 0 0 0 0 0 0 0 0 0 0 0 0 0 0 0 0 0 0 0 0 0 0 0 0 0 0 0 0 0 0 0 0 0 0 0 0 0 0 0 0 0 0 0 0 0 0 0 0 0 0 0 0 0 0 0 0 0 0 0 0 0 0 0 0 0 0 0 0 0 0 0 0 0 0 0 0 0 0 0 0 0 0 0 0 0 0 0 0 0 0 0 0 0 0 0 0 0 0 0 0 0 0 0 0 0 0 0 0 0 0 0 0 0 0 0 0 0 0 0 0 0 0 0 0 0 0 0 0 0 0 0 0 0 0 0 0 0 0 0 0 0 0 0 0 0 0 0 0 0 0 0 0 0 0 0 0 0 0 0 0 0 0 0 0 0 0 0 0 0 0 0 0 0 0 0 0 0 0 0 0 0 0 0 0 0 0 0 0 0 0 0 0 0 0 0 0 0 0 0</float_array>
					<technique_common>
						<accessor source="#D16CA340-4DC7-4567-ABC3-1AD1C12A89D7-mesh-map-1-array" count="15732" stride="2">
							<param name="S" type="float"/>
							<param name="T" type="float"/>
						</accessor>
					</technique_common>
				</source>
				<vertices id="D16CA340-4DC7-4567-ABC3-1AD1C12A89D7-mesh-vertices">
					<input semantic="POSITION" source="#D16CA340-4DC7-4567-ABC3-1AD1C12A89D7-mesh-positions"/>
				</vertices>
				<triangles material="MB|423-material" count="5244">
					<input semantic="VERTEX" source="#D16CA340-4DC7-4567-ABC3-1AD1C12A89D7-mesh-vertices" offset="0"/>
					<input semantic="NORMAL" source="#D16CA340-4DC7-4567-ABC3-1AD1C12A89D7-mesh-normals" offset="1"/>
					<input semantic="TEXCOORD" source="#D16CA340-4DC7-4567-ABC3-1AD1C12A89D7-mesh-map-0" offset="2" set="0"/>
					<input semantic="TEXCOORD" source="#D16CA340-4DC7-4567-ABC3-1AD1C12A89D7-mesh-map-1" offset="2" set="1"/>
					<p>376 376 0 270 270 1 273 273 2 270 270 3 271 271 4 273 273 5 278 278 6 357 357 7 308 308 8 276 276 9 284 284 10 5 5 11 276 276 12 285 285 13 284 284 14 22 22 15 378 378 16 4 4 17 378 378 18 377 377 19 4 4 20 110 110 21 289 289 22 111 111 23 289 289 24 288 288 25 111 111 26 111 111 27 288 288 28 112 112 29 288 288 30 9 9 31 112 112 32 290 290 33 291 291 34 11 11 35 291 291 36 292 292 37 11 11 38 11 11 39 292 292 40 10 10 41 292 292 42 293 293 43 10 10 44 10 10 45 293 293 46 287 287 47 293 293 48 294 294 49 287 287 50 287 287 51 294 294 52 286 286 53 294 294 54 295 295 55 286 286 56 286 286 57 295 295 58 7 7 59 295 295 60 296 296 61 7 7 62 7 7 63 296 296 64 6 6 65 296 296 66 297 297 67 6 6 68 6 6 69 297 297 70 283 283 71 297 297 72 18 18 73 283 283 74 283 283 75 18 18 76 282 282 77 18 18 78 299 299 79 282 282 80 278 278 81 308 308 82 281 281 83 308 308 84 176 176 85 281 281 86 14 14 87 13 13 88 101 101 89 13 13 90 119 119 91 101 101 92 16 16 93 15 15 94 317 317 95 15 15 96 315 315 97 317 317 98 364 364 99 312 312 100 17 17 101 312 312 102 298 298 103 17 17 104 342 342 105 303 303 106 348 348 107 303 303 108 300 300 109 348 348 110 324 324 111 327 327 112 331 331 113 327 327 114 185 185 115 331 331 116 322 322 117 279 279 118 365 365 119 279 279 120 313 313 121 365 365 122 319 319 123 316 316 124 344 344 125 316 316 126 337 337 127 344 344 128 49 49 129 346 346 130 318 318 131 346 346 132 333 333 133 318 318 134 51 51 135 35 35 136 359 359 137 35 35 138 362 362 139 359 359 140 320 320 141 51 51 142 354 354 143 51 51 144 359 359 145 354 354 146 272 272 147 323 323 148 307 307 149 323 323 150 325 325 151 307 307 152 180 180 153 184 184 154 272 272 155 184 184 156 323 323 157 272 272 158 375 375 159 326 326 160 330 330 161 326 326 162 328 328 163 330 330 164 20 20 165 19 19 166 329 329 167 19 19 168 332 332 169 329 329 170 4 4 171 280 280 172 22 22 173 280 280 174 21 21 175 22 22 176 315 315 177 101 101 178 335 335 179 101 101 180 109 109 181 335 335 182 314 314 183 316 316 184 23 23 185 316 316 186 319 319 187 23 23 188 338 338 189 50 50 190 339 339 191 50 50 192 341 341 193 339 339 194 347 347 195 349 349 196 45 45 197 349 349 198 340 340 199 45 45 200 345 345 201 27 27 202 350 350 203 27 27 204 28 28 205 350 350 206 355 355 207 321 321 208 351 351 209 321 321 210 353 353 211 351 351 212 33 33 213 361 361 214 352 352 215 361 361 216 358 358 217 352 352 218 356 356 219 32 32 220 48 48 221 32 32 222 3 3 223 48 48 224 303 303 225 342 342 226 380 380 227 39 39 228 301 301 229 0 0 230 301 301 231 368 368 232 0 0 233 360 360 234 348 348 235 300 300 236 177 177 237 179 179 238 280 280 239 179 179 240 21 21 241 280 280 242 307 307 243 325 325 244 383 383 245 325 325 246 178 178 247 383 383 248 274 274 249 275 275 250 181 181 251 275 275 252 277 277 253 181 181 254 367 367 255 373 373 256 370 370 257 373 373 258 306 306 259 370 370 260 173 173 261 289 289 262 266 266 263 289 289 264 110 110 265 266 266 266 47 47 267 363 363 268 46 46 269 363 363 270 334 334 271 46 46 272 366 366 273 107 107 274 1 1 275 107 107 276 2 2 277 1 1 278 43 43 279 385 385 280 305 305 281 385 385 282 304 304 283 305 305 284 310 310 285 309 309 286 374 374 287 309 309 288 116 116 289 374 374 290 372 372 291 384 384 292 311 311 293 384 384 294 115 115 295 311 311 296 50 50 297 26 26 298 341 341 299 26 26 300 336 336 301 341 341 302 379 379 303 108 108 304 25 25 305 108 108 306 343 343 307 25 25 308 346 346 309 49 49 310 29 29 311 49 49 312 30 30 313 29 29 314 279 279 315 322 322 316 31 31 317 322 322 318 34 34 319 31 31 320 118 118 321 12 12 322 267 267 323 12 12 324 174 174 325 267 267 326 14 14 327 101 101 328 15 15 329 101 101 330 315 315 331 15 15 332 16 16 333 317 317 334 17 17 335 317 317 336 364 364 337 17 17 338 119 119 339 13 13 340 118 118 341 13 13 342 12 12 343 118 118 344 369 369 345 105 105 346 273 273 347 105 105 348 106 106 349 273 273 350 24 24 351 36 36 352 317 317 353 36 36 354 364 364 355 317 317 356 357 357 357 360 360 358 308 308 359 360 360 360 300 300 361 308 308 362 371 371 363 367 367 364 302 302 365 369 369 366 273 273 367 37 37 368 273 273 369 271 271 370 37 37 371 114 114 372 113 113 373 40 40 374 113 113 375 41 41 376 40 40 377 276 276 378 5 5 379 182 182 380 5 5 381 172 172 382 182 182 383 42 42 384 373 373 385 371 371 386 373 373 387 367 367 388 371 371 389 117 117 390 381 381 391 44 44 392 381 381 393 38 38 394 44 44 395 9 9 396 8 8 397 112 112 398 8 8 399 382 382 400 112 112 401 298 298 402 312 312 403 175 175 404 312 312 405 183 183 406 175 175 407 276 276 408 382 382 409 285 285 410 382 382 411 8 8 412 285 285 413 488 488 414 389 389 415 386 386 416 389 389 417 387 387 418 386 386 419 394 394 420 422 422 421 470 470 422 392 392 423 57 57 424 400 400 425 392 392 426 400 400 427 401 401 428 74 74 429 56 56 430 490 490 431 56 56 432 489 489 433 490 490 434 110 110 435 111 111 436 405 405 437 111 111 438 404 404 439 405 405 440 111 111 441 112 112 442 404 404 443 112 112 444 61 61 445 404 404 446 406 406 447 63 63 448 407 407 449 63 63 450 408 408 451 407 407 452 63 63 453 62 62 454 408 408 455 62 62 456 409 409 457 408 408 458 62 62 459 403 403 460 409 409 461 403 403 462 410 410 463 409 409 464 403 403 465 402 402 466 410 410 467 402 402 468 411 411 469 410 410 470 402 402 471 59 59 472 411 411 473 59 59 474 412 412 475 411 411 476 59 59 477 58 58 478 412 412 479 58 58 480 413 413 481 412 412 482 58 58 483 399 399 484 413 413 485 399 399 486 70 70 487 413 413 488 399 399 489 398 398 490 70 70 491 398 398 492 415 415 493 70 70 494 394 394 495 397 397 496 422 422 497 397 397 498 256 256 499 422 422 500 66 66 501 101 101 502 65 65 503 101 101 504 119 119 505 65 65 506 68 68 507 430 430 508 67 67 509 430 430 510 428 428 511 67 67 512 477 477 513 69 69 514 425 425 515 69 69 516 414 414 517 425 425 518 455 455 519 461 461 520 303 303 521 461 461 522 416 416 523 303 303 524 437 437 525 444 444 526 440 440 527 444 444 528 265 265 529 440 440 530 435 435 531 478 478 532 395 395 533 478 478 534 426 426 535 395 395 536 432 432 537 457 457 538 429 429 539 457 457 540 450 450 541 429 429 542 102 102 543 431 431 544 459 459 545 431 431 546 446 446 547 459 459 548 104 104 549 472 472 550 87 87 551 472 472 552 475 475 553 87 87 554 433 433 555 467 467 556 104 104 557 467 467 558 472 472 559 104 104 560 388 388 561 421 421 562 436 436 563 421 421 564 438 438 565 436 436 566 260 260 567 388 388 568 264 264 569 388 388 570 436 436 571 264 264 572 487 487 573 443 443 574 439 439 575 443 443 576 441 441 577 439 439 578 72 72 579 442 442 580 71 71 581 442 442 582 445 445 583 71 71 584 56 56 585 74 74 586 396 396 587 74 74 588 73 73 589 396 396 590 428 428 591 448 448 592 101 101 593 448 448 594 109 109 595 101 101 596 427 427 597 75 75 598 429 429 599 75 75 600 432 432 601 429 429 602 451 451 603 452 452 604 103 103 605 452 452 606 454 454 607 103 103 608 460 460 609 97 97 610 462 462 611 97 97 612 453 453 613 462 462 614 458 458 615 463 463 616 79 79 617 463 463 618 80 80 619 79 79 620 468 468 621 464 464 622 434 434 623 464 464 624 466 466 625 434 434 626 85 85 627 465 465 628 474 474 629 465 465 630 471 471 631 474 474 632 469 469 633 100 100 634 84 84 635 100 100 636 55 55 637 84 84 638 303 303 639 380 380 640 455 455 641 91 91 642 52 52 643 417 417 644 52 52 645 480 480 646 417 417 647 473 473 648 416 416 649 461 461 650 257 257 651 396 396 652 259 259 653 396 396 654 73 73 655 259 259 656 421 421 657 491 491 658 438 438 659 491 491 660 258 258 661 438 438 662 390 390 663 261 261 664 391 391 665 261 261 666 393 393 667 391 391 668 479 479 669 482 482 670 485 485 671 482 482 672 420 420 673 485 485 674 253 253 675 266 266 676 405 405 677 266 266 678 110 110 679 405 405 680 99 99 681 98 98 682 476 476 683 98 98 684 447 447 685 476 476 686 366 366 687 53 53 688 107 107 689 53 53 690 54 54 691 107 107 692 95 95 693 419 419 694 385 385 695 419 419 696 304 304 697 385 385 698 423 423 699 486 486 700 309 309 701 486 486 702 116 116 703 309 309 704 484 484 705 424 424 706 384 384 707 424 424 708 115 115 709 384 384 710 103 103 711 454 454 712 78 78 713 454 454 714 449 449 715 78 78 716 379 379 717 77 77 718 108 108 719 77 77 720 456 456 721 108 108 722 459 459 723 81 81 724 102 102 725 81 81 726 82 82 727 102 102 728 395 395 729 83 83 730 435 435 731 83 83 732 86 86 733 435 435 734 118 118 735 267 267 736 64 64 737 267 267 738 254 254 739 64 64 740 66 66 741 67 67 742 101 101 743 67 67 744 428 428 745 101 101 746 68 68 747 69 69 748 430 430 749 69 69 750 477 477 751 430 430 752 119 119 753 118 118 754 65 65 755 118 118 756 64 64 757 65 65 758 481 481 759 389 389 760 105 105 761 389 389 762 106 106 763 105 105 764 76 76 765 430 430 766 88 88 767 430 430 768 477 477 769 88 88 770 470 470 771 422 422 772 473 473 773 422 422 774 416 416 775 473 473 776 483 483 777 418 418 778 479 479 779 481 481 780 89 89 781 389 389 782 89 89 783 387 387 784 389 389 785 114 114 786 92 92 787 113 113 788 92 92 789 93 93 790 113 113 791 392 392 792 262 262 793 57 57 794 262 262 795 252 252 796 57 57 797 94 94 798 483 483 799 485 485 800 483 483 801 479 479 802 485 485 803 117 117 804 96 96 805 381 381 806 96 96 807 90 90 808 381 381 809 61 61 810 112 112 811 60 60 812 112 112 813 382 382 814 60 60 815 414 414 816 255 255 817 425 425 818 255 255 819 263 263 820 425 425 821 392 392 822 401 401 823 382 382 824 401 401 825 60 60 826 382 382 827 376 376 828 494 494 829 270 270 830 494 494 831 492 492 832 270 270 833 498 498 834 523 523 835 570 570 836 497 497 837 125 125 838 502 502 839 497 497 840 502 502 841 503 503 842 142 142 843 124 124 844 378 378 845 124 124 846 377 377 847 378 378 848 244 244 849 245 245 850 507 507 851 245 245 852 506 506 853 507 507 854 245 245 855 246 246 856 506 506 857 246 246 858 129 129 859 506 506 860 290 290 861 131 131 862 291 291 863 131 131 864 508 508 865 291 291 866 131 131 867 130 130 868 508 508 869 130 130 870 509 509 871 508 508 872 130 130 873 505 505 874 509 509 875 505 505 876 510 510 877 509 509 878 505 505 879 504 504 880 510 510 881 504 504 882 511 511 883 510 510 884 504 504 885 127 127 886 511 511 887 127 127 888 512 512 889 511 511 890 127 127 891 126 126 892 512 512 893 126 126 894 513 513 895 512 512 896 126 126 897 501 501 898 513 513 899 501 501 900 138 138 901 513 513 902 501 501 903 282 282 904 138 138 905 282 282 906 299 299 907 138 138 908 498 498 909 281 281 910 523 523 911 281 281 912 176 176 913 523 523 914 134 134 915 235 235 916 133 133 917 235 235 918 269 269 919 133 133 920 136 136 921 532 532 922 135 135 923 532 532 924 530 530 925 135 135 926 577 577 927 137 137 928 527 527 929 137 137 930 514 514 931 527 527 932 555 555 933 561 561 934 518 518 935 561 561 936 515 515 937 518 518 938 539 539 939 544 544 940 327 327 941 544 544 942 185 185 943 327 327 944 537 537 945 578 578 946 499 499 947 578 578 948 528 528 949 499 499 950 534 534 951 557 557 952 531 531 953 557 557 954 550 550 955 531 531 956 169 169 957 533 533 958 559 559 959 533 533 960 546 546 961 559 559 962 171 171 963 572 572 964 155 155 965 572 572 966 575 575 967 155 155 968 535 535 969 567 567 970 171 171 971 567 567 972 572 572 973 171 171 974 493 493 975 522 522 976 538 538 977 522 522 978 540 540 979 538 538 980 180 180 981 493 493 982 184 184 983 493 493 984 538 538 985 184 184 986 375 375 987 330 330 988 541 541 989 330 330 990 542 542 991 541 541 992 140 140 993 543 543 994 139 139 995 543 543 996 545 545 997 139 139 998 124 124 999 142 142 1000 500 500 1001 142 142 1002 141 141 1003 500 500 1004 530 530 1005 548 548 1006 235 235 1007 548 548 1008 243 243 1009 235 235 1010 529 529 1011 143 143 1012 531 531 1013 143 143 1014 534 534 1015 531 531 1016 551 551 1017 552 552 1018 170 170 1019 552 552 1020 554 554 1021 170 170 1022 560 560 1023 165 165 1024 562 562 1025 165 165 1026 553 553 1027 562 562 1028 558 558 1029 563 563 1030 147 147 1031 563 563 1032 148 148 1033 147 147 1034 568 568 1035 564 564 1036 536 536 1037 564 564 1038 566 566 1039 536 536 1040 153 153 1041 565 565 1042 574 574 1043 565 565 1044 571 571 1045 574 574 1046 569 569 1047 168 168 1048 152 152 1049 168 168 1050 123 123 1051 152 152 1052 518 518 1053 589 589 1054 555 555 1055 159 159 1056 120 120 1057 516 516 1058 120 120 1059 581 581 1060 516 516 1061 573 573 1062 515 515 1063 561 561 1064 177 177 1065 500 500 1066 179 179 1067 500 500 1068 141 141 1069 179 179 1070 522 522 1071 383 383 1072 540 540 1073 383 383 1074 178 178 1075 540 540 1076 495 495 1077 181 181 1078 496 496 1079 181 181 1080 277 277 1081 496 496 1082 580 580 1083 583 583 1084 586 586 1085 583 583 1086 521 521 1087 586 586 1088 173 173 1089 266 266 1090 507 507 1091 266 266 1092 244 244 1093 507 507 1094 167 167 1095 166 166 1096 576 576 1097 166 166 1098 547 547 1099 576 576 1100 579 579 1101 121 121 1102 241 241 1103 121 121 1104 122 122 1105 241 241 1106 163 163 1107 520 520 1108 593 593 1109 520 520 1110 519 519 1111 593 593 1112 525 525 1113 587 587 1114 524 524 1115 587 587 1116 250 250 1117 524 524 1118 585 585 1119 526 526 1120 592 592 1121 526 526 1122 249 249 1123 592 592 1124 170 170 1125 554 554 1126 146 146 1127 554 554 1128 549 549 1129 146 146 1130 588 588 1131 145 145 1132 242 242 1133 145 145 1134 556 556 1135 242 242 1136 559 559 1137 149 149 1138 169 169 1139 149 149 1140 150 150 1141 169 169 1142 499 499 1143 151 151 1144 537 537 1145 151 151 1146 154 154 1147 537 537 1148 268 268 1149 267 267 1150 132 132 1151 267 267 1152 174 174 1153 132 132 1154 134 134 1155 135 135 1156 235 235 1157 135 135 1158 530 530 1159 235 235 1160 136 136 1161 137 137 1162 532 532 1163 137 137 1164 577 577 1165 532 532 1166 269 269 1167 268 268 1168 133 133 1169 268 268 1170 132 132 1171 133 133 1172 582 582 1173 494 494 1174 239 239 1175 494 494 1176 240 240 1177 239 239 1178 144 144 1179 532 532 1180 156 156 1181 532 532 1182 577 577 1183 156 156 1184 570 570 1185 523 523 1186 573 573 1187 523 523 1188 515 515 1189 573 573 1190 584 584 1191 517 517 1192 580 580 1193 582 582 1194 157 157 1195 494 494 1196 157 157 1197 492 492 1198 494 494 1199 248 248 1200 160 160 1201 247 247 1202 160 160 1203 161 161 1204 247 247 1205 497 497 1206 182 182 1207 125 125 1208 182 182 1209 172 172 1210 125 125 1211 162 162 1212 584 584 1213 586 586 1214 584 584 1215 580 580 1216 586 586 1217 251 251 1218 164 164 1219 590 590 1220 164 164 1221 158 158 1222 590 590 1223 129 129 1224 246 246 1225 128 128 1226 246 246 1227 591 591 1228 128 128 1229 514 514 1230 175 175 1231 527 527 1232 175 175 1233 183 183 1234 527 527 1235 497 497 1236 503 503 1237 591 591 1238 503 503 1239 128 128 1240 591 591 1241 488 488 1242 386 386 1243 596 596 1244 386 386 1245 594 594 1246 596 596 1247 600 600 1248 669 669 1249 623 623 1250 599 599 1251 604 604 1252 191 191 1253 599 599 1254 605 605 1255 604 604 1256 208 208 1257 490 490 1258 190 190 1259 490 490 1260 489 489 1261 190 190 1262 244 244 1263 609 609 1264 245 245 1265 609 609 1266 608 608 1267 245 245 1268 245 245 1269 608 608 1270 246 246 1271 608 608 1272 195 195 1273 246 246 1274 406 406 1275 407 407 1276 197 197 1277 407 407 1278 610 610 1279 197 197 1280 197 197 1281 610 610 1282 196 196 1283 610 610 1284 611 611 1285 196 196 1286 196 196 1287 611 611 1288 607 607 1289 611 611 1290 612 612 1291 607 607 1292 607 607 1293 612 612 1294 606 606 1295 612 612 1296 613 613 1297 606 606 1298 606 606 1299 613 613 1300 193 193 1301 613 613 1302 614 614 1303 193 193 1304 193 193 1305 614 614 1306 192 192 1307 614 614 1308 615 615 1309 192 192 1310 192 192 1311 615 615 1312 603 603 1313 615 615 1314 204 204 1315 603 603 1316 603 603 1317 204 204 1318 398 398 1319 204 204 1320 415 415 1321 398 398 1322 600 600 1323 623 623 1324 397 397 1325 623 623 1326 256 256 1327 397 397 1328 200 200 1329 199 199 1330 235 235 1331 199 199 1332 269 269 1333 235 235 1334 202 202 1335 201 201 1336 631 631 1337 201 201 1338 629 629 1339 631 631 1340 676 676 1341 626 626 1342 203 203 1343 626 626 1344 616 616 1345 203 203 1346 654 654 1347 518 518 1348 660 660 1349 518 518 1350 617 617 1351 660 660 1352 638 638 1353 440 440 1354 643 643 1355 440 440 1356 265 265 1357 643 643 1358 636 636 1359 601 601 1360 677 677 1361 601 601 1362 627 627 1363 677 677 1364 633 633 1365 630 630 1366 656 656 1367 630 630 1368 649 649 1369 656 656 1370 236 236 1371 658 658 1372 632 632 1373 658 658 1374 645 645 1375 632 632 1376 238 238 1377 221 221 1378 671 671 1379 221 221 1380 674 674 1381 671 671 1382 634 634 1383 238 238 1384 666 666 1385 238 238 1386 671 671 1387 666 666 1388 595 595 1389 637 637 1390 622 622 1391 637 637 1392 639 639 1393 622 622 1394 260 260 1395 264 264 1396 595 595 1397 264 264 1398 637 637 1399 595 595 1400 487 487 1401 640 640 1402 443 443 1403 640 640 1404 641 641 1405 443 443 1406 206 206 1407 205 205 1408 642 642 1409 205 205 1410 644 644 1411 642 642 1412 190 190 1413 602 602 1414 208 208 1415 602 602 1416 207 207 1417 208 208 1418 629 629 1419 235 235 1420 647 647 1421 235 235 1422 243 243 1423 647 647 1424 628 628 1425 630 630 1426 209 209 1427 630 630 1428 633 633 1429 209 209 1430 650 650 1431 237 237 1432 651 651 1433 237 237 1434 653 653 1435 651 651 1436 659 659 1437 661 661 1438 231 231 1439 661 661 1440 652 652 1441 231 231 1442 657 657 1443 213 213 1444 662 662 1445 213 213 1446 214 214 1447 662 662 1448 667 667 1449 635 635 1450 663 663 1451 635 635 1452 665 665 1453 663 663 1454 219 219 1455 673 673 1456 664 664 1457 673 673 1458 670 670 1459 664 664 1460 668 668 1461 218 218 1462 234 234 1463 218 218 1464 189 189 1465 234 234 1466 518 518 1467 654 654 1468 589 589 1469 225 225 1470 618 618 1471 186 186 1472 618 618 1473 679 679 1474 186 186 1475 672 672 1476 660 660 1477 617 617 1478 257 257 1479 259 259 1480 602 602 1481 259 259 1482 207 207 1483 602 602 1484 622 622 1485 639 639 1486 491 491 1487 639 639 1488 258 258 1489 491 491 1490 597 597 1491 598 598 1492 261 261 1493 598 598 1494 393 393 1495 261 261 1496 678 678 1497 684 684 1498 681 681 1499 684 684 1500 621 621 1501 681 681 1502 253 253 1503 609 609 1504 266 266 1505 609 609 1506 244 244 1507 266 266 1508 233 233 1509 675 675 1510 232 232 1511 675 675 1512 646 646 1513 232 232 1514 579 579 1515 241 241 1516 187 187 1517 241 241 1518 188 188 1519 187 187 1520 229 229 1521 593 593 1522 620 620 1523 593 593 1524 519 519 1525 620 620 1526 624 624 1527 524 524 1528 685 685 1529 524 524 1530 250 250 1531 685 685 1532 683 683 1533 592 592 1534 625 625 1535 592 592 1536 249 249 1537 625 625 1538 237 237 1539 212 212 1540 653 653 1541 212 212 1542 648 648 1543 653 653 1544 588 588 1545 242 242 1546 211 211 1547 242 242 1548 655 655 1549 211 211 1550 658 658 1551 236 236 1552 215 215 1553 236 236 1554 216 216 1555 215 215 1556 601 601 1557 636 636 1558 217 217 1559 636 636 1560 220 220 1561 217 217 1562 268 268 1563 198 198 1564 267 267 1565 198 198 1566 254 254 1567 267 267 1568 200 200 1569 235 235 1570 201 201 1571 235 235 1572 629 629 1573 201 201 1574 202 202 1575 631 631 1576 203 203 1577 631 631 1578 676 676 1579 203 203 1580 269 269 1581 199 199 1582 268 268 1583 199 199 1584 198 198 1585 268 268 1586 680 680 1587 239 239 1588 596 596 1589 239 239 1590 240 240 1591 596 596 1592 210 210 1593 222 222 1594 631 631 1595 222 222 1596 676 676 1597 631 631 1598 669 669 1599 672 672 1600 623 623 1601 672 672 1602 617 617 1603 623 623 1604 682 682 1605 678 678 1606 619 619 1607 680 680 1608 596 596 1609 223 223 1610 596 596 1611 594 594 1612 223 223 1613 248 248 1614 247 247 1615 226 226 1616 247 247 1617 227 227 1618 226 226 1619 599 599 1620 191 191 1621 262 262 1622 191 191 1623 252 252 1624 262 262 1625 228 228 1626 684 684 1627 682 682 1628 684 684 1629 678 678 1630 682 682 1631 251 251 1632 590 590 1633 230 230 1634 590 590 1635 224 224 1636 230 230 1637 195 195 1638 194 194 1639 246 246 1640 194 194 1641 591 591 1642 246 246 1643 616 616 1644 626 626 1645 255 255 1646 626 626 1647 263 263 1648 255 255 1649 599 599 1650 591 591 1651 605 605 1652 591 591 1653 194 194 1654 605 605 1655 693 693 1656 736 736 1657 695 695 1658 736 736 1659 735 735 1660 695 695 1661 722 722 1662 726 726 1663 753 753 1664 726 726 1665 750 750 1666 753 753 1667 741 741 1668 720 720 1669 740 740 1670 720 720 1671 717 717 1672 740 740 1673 737 737 1674 740 740 1675 708 708 1676 740 740 1677 710 710 1678 708 708 1679 725 725 1680 723 723 1681 729 729 1682 723 723 1683 742 742 1684 729 729 1685 732 732 1686 739 739 1687 687 687 1688 739 739 1689 736 736 1690 687 687 1691 740 740 1692 717 717 1693 710 710 1694 717 717 1695 714 714 1696 710 710 1697 699 699 1698 734 734 1699 702 702 1700 734 734 1701 705 705 1702 702 702 1703 729 729 1704 742 742 1705 732 732 1706 742 742 1707 739 739 1708 732 732 1709 742 742 1710 723 723 1711 741 741 1712 723 723 1713 720 720 1714 741 741 1715 687 687 1716 736 736 1717 689 689 1718 736 736 1719 693 693 1720 689 689 1721 695 695 1722 735 735 1723 699 699 1724 735 735 1725 734 734 1726 699 699 1727 734 734 1728 737 737 1729 705 705 1730 737 737 1731 708 708 1732 705 705 1733 690 690 1734 691 691 1735 692 692 1736 691 691 1737 694 694 1738 692 692 1739 691 691 1740 689 689 1741 694 694 1742 689 689 1743 693 693 1744 694 694 1745 696 696 1746 697 697 1747 698 698 1748 697 697 1749 700 700 1750 698 698 1751 697 697 1752 695 695 1753 700 700 1754 695 695 1755 699 699 1756 700 700 1757 711 711 1758 712 712 1759 713 713 1760 712 712 1761 715 715 1762 713 713 1763 712 712 1764 710 710 1765 715 715 1766 710 710 1767 714 714 1768 715 715 1769 698 698 1770 700 700 1771 701 701 1772 700 700 1773 703 703 1774 701 701 1775 700 700 1776 699 699 1777 703 703 1778 699 699 1779 702 702 1780 703 703 1781 701 701 1782 703 703 1783 704 704 1784 703 703 1785 706 706 1786 704 704 1787 703 703 1788 702 702 1789 706 706 1790 702 702 1791 705 705 1792 706 706 1793 713 713 1794 715 715 1795 716 716 1796 715 715 1797 718 718 1798 716 716 1799 715 715 1800 714 714 1801 718 718 1802 714 714 1803 717 717 1804 718 718 1805 716 716 1806 718 718 1807 719 719 1808 718 718 1809 721 721 1810 719 719 1811 718 718 1812 717 717 1813 721 721 1814 717 717 1815 720 720 1816 721 721 1817 726 726 1818 727 727 1819 728 728 1820 727 727 1821 730 730 1822 728 728 1823 727 727 1824 725 725 1825 730 730 1826 725 725 1827 729 729 1828 730 730 1829 704 704 1830 706 706 1831 707 707 1832 706 706 1833 709 709 1834 707 707 1835 706 706 1836 705 705 1837 709 709 1838 705 705 1839 708 708 1840 709 709 1841 707 707 1842 709 709 1843 711 711 1844 709 709 1845 712 712 1846 711 711 1847 709 709 1848 708 708 1849 712 712 1850 708 708 1851 710 710 1852 712 712 1853 719 719 1854 721 721 1855 722 722 1856 721 721 1857 724 724 1858 722 722 1859 721 721 1860 720 720 1861 724 724 1862 720 720 1863 723 723 1864 724 724 1865 722 722 1866 724 724 1867 726 726 1868 724 724 1869 727 727 1870 726 726 1871 724 724 1872 723 723 1873 727 727 1874 723 723 1875 725 725 1876 727 727 1877 728 728 1878 730 730 1879 731 731 1880 730 730 1881 733 733 1882 731 731 1883 730 730 1884 729 729 1885 733 733 1886 729 729 1887 732 732 1888 733 733 1889 692 692 1890 694 694 1891 696 696 1892 694 694 1893 697 697 1894 696 696 1895 694 694 1896 693 693 1897 697 697 1898 693 693 1899 695 695 1900 697 697 1901 731 731 1902 733 733 1903 686 686 1904 733 733 1905 688 688 1906 686 686 1907 733 733 1908 732 732 1909 688 688 1910 732 732 1911 687 687 1912 688 688 1913 686 686 1914 688 688 1915 690 690 1916 688 688 1917 691 691 1918 690 690 1919 688 688 1920 687 687 1921 691 691 1922 687 687 1923 689 689 1924 691 691 1925 735 735 1926 738 738 1927 734 734 1928 738 738 1929 737 737 1930 734 734 1931 738 738 1932 741 741 1933 737 737 1934 741 741 1935 740 740 1936 737 737 1937 736 736 1938 739 739 1939 735 735 1940 739 739 1941 738 738 1942 735 735 1943 739 739 1944 742 742 1945 738 738 1946 742 742 1947 741 741 1948 738 738 1949 747 747 1950 743 743 1951 748 748 1952 743 743 1953 745 745 1954 748 748 1955 748 748 1956 745 745 1957 746 746 1958 745 745 1959 744 744 1960 746 746 1961 750 750 1962 747 747 1963 751 751 1964 747 747 1965 748 748 1966 751 751 1967 751 751 1968 748 748 1969 749 749 1970 748 748 1971 746 746 1972 749 749 1973 753 753 1974 750 750 1975 754 754 1976 750 750 1977 751 751 1978 754 754 1979 754 754 1980 751 751 1981 752 752 1982 751 751 1983 749 749 1984 752 752 1985 756 756 1986 753 753 1987 757 757 1988 753 753 1989 754 754 1990 757 757 1991 757 757 1992 754 754 1993 755 755 1994 754 754 1995 752 752 1996 755 755 1997 759 759 1998 756 756 1999 760 760 2000 756 756 2001 757 757 2002 760 760 2003 760 760 2004 757 757 2005 758 758 2006 757 757 2007 755 755 2008 758 758 2009 762 762 2010 759 759 2011 763 763 2012 759 759 2013 760 760 2014 763 763 2015 763 763 2016 760 760 2017 761 761 2018 760 760 2019 758 758 2020 761 761 2021 765 765 2022 762 762 2023 766 766 2024 762 762 2025 763 763 2026 766 766 2027 766 766 2028 763 763 2029 764 764 2030 763 763 2031 761 761 2032 764 764 2033 768 768 2034 765 765 2035 769 769 2036 765 765 2037 766 766 2038 769 769 2039 769 769 2040 766 766 2041 767 767 2042 766 766 2043 764 764 2044 767 767 2045 771 771 2046 768 768 2047 772 772 2048 768 768 2049 769 769 2050 772 772 2051 772 772 2052 769 769 2053 770 770 2054 769 769 2055 767 767 2056 770 770 2057 774 774 2058 771 771 2059 775 775 2060 771 771 2061 772 772 2062 775 775 2063 775 775 2064 772 772 2065 773 773 2066 772 772 2067 770 770 2068 773 773 2069 777 777 2070 774 774 2071 778 778 2072 774 774 2073 775 775 2074 778 778 2075 778 778 2076 775 775 2077 776 776 2078 775 775 2079 773 773 2080 776 776 2081 780 780 2082 777 777 2083 781 781 2084 777 777 2085 778 778 2086 781 781 2087 781 781 2088 778 778 2089 779 779 2090 778 778 2091 776 776 2092 779 779 2093 783 783 2094 780 780 2095 784 784 2096 780 780 2097 781 781 2098 784 784 2099 784 784 2100 781 781 2101 782 782 2102 781 781 2103 779 779 2104 782 782 2105 786 786 2106 783 783 2107 787 787 2108 783 783 2109 784 784 2110 787 787 2111 787 787 2112 784 784 2113 785 785 2114 784 784 2115 782 782 2116 785 785 2117 789 789 2118 786 786 2119 790 790 2120 786 786 2121 787 787 2122 790 790 2123 790 790 2124 787 787 2125 788 788 2126 787 787 2127 785 785 2128 788 788 2129 743 743 2130 789 789 2131 745 745 2132 789 789 2133 790 790 2134 745 745 2135 745 745 2136 790 790 2137 744 744 2138 790 790 2139 788 788 2140 744 744 2141 701 701 2142 704 704 2143 774 774 2144 704 704 2145 771 771 2146 774 774 2147 726 726 2148 728 728 2149 750 750 2150 728 728 2151 747 747 2152 750 750 2153 704 704 2154 707 707 2155 771 771 2156 707 707 2157 768 768 2158 771 771 2159 743 743 2160 731 731 2161 789 789 2162 731 731 2163 686 686 2164 789 789 2165 728 728 2166 731 731 2167 747 747 2168 731 731 2169 743 743 2170 747 747 2171 707 707 2172 711 711 2173 768 768 2174 711 711 2175 765 765 2176 768 768 2177 789 789 2178 686 686 2179 786 786 2180 686 686 2181 690 690 2182 786 786 2183 711 711 2184 713 713 2185 765 765 2186 713 713 2187 762 762 2188 765 765 2189 690 690 2190 692 692 2191 786 786 2192 692 692 2193 783 783 2194 786 786 2195 713 713 2196 716 716 2197 762 762 2198 716 716 2199 759 759 2200 762 762 2201 692 692 2202 696 696 2203 783 783 2204 696 696 2205 780 780 2206 783 783 2207 716 716 2208 719 719 2209 759 759 2210 719 719 2211 756 756 2212 759 759 2213 696 696 2214 698 698 2215 780 780 2216 698 698 2217 777 777 2218 780 780 2219 719 719 2220 722 722 2221 756 756 2222 722 722 2223 753 753 2224 756 756 2225 698 698 2226 701 701 2227 777 777 2228 701 701 2229 774 774 2230 777 777 2231 798 798 2232 841 841 2233 800 800 2234 841 841 2235 840 840 2236 800 800 2237 827 827 2238 831 831 2239 858 858 2240 831 831 2241 855 855 2242 858 858 2243 846 846 2244 825 825 2245 845 845 2246 825 825 2247 822 822 2248 845 845 2249 842 842 2250 845 845 2251 813 813 2252 845 845 2253 815 815 2254 813 813 2255 830 830 2256 828 828 2257 834 834 2258 828 828 2259 847 847 2260 834 834 2261 837 837 2262 844 844 2263 792 792 2264 844 844 2265 841 841 2266 792 792 2267 845 845 2268 822 822 2269 815 815 2270 822 822 2271 819 819 2272 815 815 2273 804 804 2274 839 839 2275 807 807 2276 839 839 2277 810 810 2278 807 807 2279 834 834 2280 847 847 2281 837 837 2282 847 847 2283 844 844 2284 837 837 2285 847 847 2286 828 828 2287 846 846 2288 828 828 2289 825 825 2290 846 846 2291 792 792 2292 841 841 2293 794 794 2294 841 841 2295 798 798 2296 794 794 2297 800 800 2298 840 840 2299 804 804 2300 840 840 2301 839 839 2302 804 804 2303 839 839 2304 842 842 2305 810 810 2306 842 842 2307 813 813 2308 810 810 2309 795 795 2310 796 796 2311 797 797 2312 796 796 2313 799 799 2314 797 797 2315 796 796 2316 794 794 2317 799 799 2318 794 794 2319 798 798 2320 799 799 2321 801 801 2322 802 802 2323 803 803 2324 802 802 2325 805 805 2326 803 803 2327 802 802 2328 800 800 2329 805 805 2330 800 800 2331 804 804 2332 805 805 2333 816 816 2334 817 817 2335 818 818 2336 817 817 2337 820 820 2338 818 818 2339 817 817 2340 815 815 2341 820 820 2342 815 815 2343 819 819 2344 820 820 2345 803 803 2346 805 805 2347 806 806 2348 805 805 2349 808 808 2350 806 806 2351 805 805 2352 804 804 2353 808 808 2354 804 804 2355 807 807 2356 808 808 2357 806 806 2358 808 808 2359 809 809 2360 808 808 2361 811 811 2362 809 809 2363 808 808 2364 807 807 2365 811 811 2366 807 807 2367 810 810 2368 811 811 2369 818 818 2370 820 820 2371 821 821 2372 820 820 2373 823 823 2374 821 821 2375 820 820 2376 819 819 2377 823 823 2378 819 819 2379 822 822 2380 823 823 2381 821 821 2382 823 823 2383 824 824 2384 823 823 2385 826 826 2386 824 824 2387 823 823 2388 822 822 2389 826 826 2390 822 822 2391 825 825 2392 826 826 2393 831 831 2394 832 832 2395 833 833 2396 832 832 2397 835 835 2398 833 833 2399 832 832 2400 830 830 2401 835 835 2402 830 830 2403 834 834 2404 835 835 2405 809 809 2406 811 811 2407 812 812 2408 811 811 2409 814 814 2410 812 812 2411 811 811 2412 810 810 2413 814 814 2414 810 810 2415 813 813 2416 814 814 2417 812 812 2418 814 814 2419 816 816 2420 814 814 2421 817 817 2422 816 816 2423 814 814 2424 813 813 2425 817 817 2426 813 813 2427 815 815 2428 817 817 2429 824 824 2430 826 826 2431 827 827 2432 826 826 2433 829 829 2434 827 827 2435 826 826 2436 825 825 2437 829 829 2438 825 825 2439 828 828 2440 829 829 2441 827 827 2442 829 829 2443 831 831 2444 829 829 2445 832 832 2446 831 831 2447 829 829 2448 828 828 2449 832 832 2450 828 828 2451 830 830 2452 832 832 2453 833 833 2454 835 835 2455 836 836 2456 835 835 2457 838 838 2458 836 836 2459 835 835 2460 834 834 2461 838 838 2462 834 834 2463 837 837 2464 838 838 2465 797 797 2466 799 799 2467 801 801 2468 799 799 2469 802 802 2470 801 801 2471 799 799 2472 798 798 2473 802 802 2474 798 798 2475 800 800 2476 802 802 2477 836 836 2478 838 838 2479 791 791 2480 838 838 2481 793 793 2482 791 791 2483 838 838 2484 837 837 2485 793 793 2486 837 837 2487 792 792 2488 793 793 2489 791 791 2490 793 793 2491 795 795 2492 793 793 2493 796 796 2494 795 795 2495 793 793 2496 792 792 2497 796 796 2498 792 792 2499 794 794 2500 796 796 2501 840 840 2502 843 843 2503 839 839 2504 843 843 2505 842 842 2506 839 839 2507 843 843 2508 846 846 2509 842 842 2510 846 846 2511 845 845 2512 842 842 2513 841 841 2514 844 844 2515 840 840 2516 844 844 2517 843 843 2518 840 840 2519 844 844 2520 847 847 2521 843 843 2522 847 847 2523 846 846 2524 843 843 2525 852 852 2526 848 848 2527 853 853 2528 848 848 2529 850 850 2530 853 853 2531 853 853 2532 850 850 2533 851 851 2534 850 850 2535 849 849 2536 851 851 2537 855 855 2538 852 852 2539 856 856 2540 852 852 2541 853 853 2542 856 856 2543 856 856 2544 853 853 2545 854 854 2546 853 853 2547 851 851 2548 854 854 2549 858 858 2550 855 855 2551 859 859 2552 855 855 2553 856 856 2554 859 859 2555 859 859 2556 856 856 2557 857 857 2558 856 856 2559 854 854 2560 857 857 2561 861 861 2562 858 858 2563 862 862 2564 858 858 2565 859 859 2566 862 862 2567 862 862 2568 859 859 2569 860 860 2570 859 859 2571 857 857 2572 860 860 2573 864 864 2574 861 861 2575 865 865 2576 861 861 2577 862 862 2578 865 865 2579 865 865 2580 862 862 2581 863 863 2582 862 862 2583 860 860 2584 863 863 2585 867 867 2586 864 864 2587 868 868 2588 864 864 2589 865 865 2590 868 868 2591 868 868 2592 865 865 2593 866 866 2594 865 865 2595 863 863 2596 866 866 2597 870 870 2598 867 867 2599 871 871 2600 867 867 2601 868 868 2602 871 871 2603 871 871 2604 868 868 2605 869 869 2606 868 868 2607 866 866 2608 869 869 2609 873 873 2610 870 870 2611 874 874 2612 870 870 2613 871 871 2614 874 874 2615 874 874 2616 871 871 2617 872 872 2618 871 871 2619 869 869 2620 872 872 2621 876 876 2622 873 873 2623 877 877 2624 873 873 2625 874 874 2626 877 877 2627 877 877 2628 874 874 2629 875 875 2630 874 874 2631 872 872 2632 875 875 2633 879 879 2634 876 876 2635 880 880 2636 876 876 2637 877 877 2638 880 880 2639 880 880 2640 877 877 2641 878 878 2642 877 877 2643 875 875 2644 878 878 2645 882 882 2646 879 879 2647 883 883 2648 879 879 2649 880 880 2650 883 883 2651 883 883 2652 880 880 2653 881 881 2654 880 880 2655 878 878 2656 881 881 2657 885 885 2658 882 882 2659 886 886 2660 882 882 2661 883 883 2662 886 886 2663 886 886 2664 883 883 2665 884 884 2666 883 883 2667 881 881 2668 884 884 2669 888 888 2670 885 885 2671 889 889 2672 885 885 2673 886 886 2674 889 889 2675 889 889 2676 886 886 2677 887 887 2678 886 886 2679 884 884 2680 887 887 2681 891 891 2682 888 888 2683 892 892 2684 888 888 2685 889 889 2686 892 892 2687 892 892 2688 889 889 2689 890 890 2690 889 889 2691 887 887 2692 890 890 2693 894 894 2694 891 891 2695 895 895 2696 891 891 2697 892 892 2698 895 895 2699 895 895 2700 892 892 2701 893 893 2702 892 892 2703 890 890 2704 893 893 2705 848 848 2706 894 894 2707 850 850 2708 894 894 2709 895 895 2710 850 850 2711 850 850 2712 895 895 2713 849 849 2714 895 895 2715 893 893 2716 849 849 2717 806 806 2718 809 809 2719 879 879 2720 809 809 2721 876 876 2722 879 879 2723 831 831 2724 833 833 2725 855 855 2726 833 833 2727 852 852 2728 855 855 2729 809 809 2730 812 812 2731 876 876 2732 812 812 2733 873 873 2734 876 876 2735 848 848 2736 836 836 2737 894 894 2738 836 836 2739 791 791 2740 894 894 2741 833 833 2742 836 836 2743 852 852 2744 836 836 2745 848 848 2746 852 852 2747 812 812 2748 816 816 2749 873 873 2750 816 816 2751 870 870 2752 873 873 2753 894 894 2754 791 791 2755 891 891 2756 791 791 2757 795 795 2758 891 891 2759 816 816 2760 818 818 2761 870 870 2762 818 818 2763 867 867 2764 870 870 2765 795 795 2766 797 797 2767 891 891 2768 797 797 2769 888 888 2770 891 891 2771 818 818 2772 821 821 2773 867 867 2774 821 821 2775 864 864 2776 867 867 2777 797 797 2778 801 801 2779 888 888 2780 801 801 2781 885 885 2782 888 888 2783 821 821 2784 824 824 2785 864 864 2786 824 824 2787 861 861 2788 864 864 2789 801 801 2790 803 803 2791 885 885 2792 803 803 2793 882 882 2794 885 885 2795 824 824 2796 827 827 2797 861 861 2798 827 827 2799 858 858 2800 861 861 2801 803 803 2802 806 806 2803 882 882 2804 806 806 2805 879 879 2806 882 882 2807 903 903 2808 946 946 2809 905 905 2810 946 946 2811 945 945 2812 905 905 2813 932 932 2814 936 936 2815 963 963 2816 936 936 2817 960 960 2818 963 963 2819 951 951 2820 930 930 2821 950 950 2822 930 930 2823 927 927 2824 950 950 2825 947 947 2826 950 950 2827 918 918 2828 950 950 2829 920 920 2830 918 918 2831 935 935 2832 933 933 2833 939 939 2834 933 933 2835 952 952 2836 939 939 2837 942 942 2838 949 949 2839 897 897 2840 949 949 2841 946 946 2842 897 897 2843 950 950 2844 927 927 2845 920 920 2846 927 927 2847 924 924 2848 920 920 2849 909 909 2850 944 944 2851 912 912 2852 944 944 2853 915 915 2854 912 912 2855 939 939 2856 952 952 2857 942 942 2858 952 952 2859 949 949 2860 942 942 2861 952 952 2862 933 933 2863 951 951 2864 933 933 2865 930 930 2866 951 951 2867 897 897 2868 946 946 2869 899 899 2870 946 946 2871 903 903 2872 899 899 2873 905 905 2874 945 945 2875 909 909 2876 945 945 2877 944 944 2878 909 909 2879 944 944 2880 947 947 2881 915 915 2882 947 947 2883 918 918 2884 915 915 2885 900 900 2886 901 901 2887 902 902 2888 901 901 2889 904 904 2890 902 902 2891 901 901 2892 899 899 2893 904 904 2894 899 899 2895 903 903 2896 904 904 2897 906 906 2898 907 907 2899 908 908 2900 907 907 2901 910 910 2902 908 908 2903 907 907 2904 905 905 2905 910 910 2906 905 905 2907 909 909 2908 910 910 2909 921 921 2910 922 922 2911 923 923 2912 922 922 2913 925 925 2914 923 923 2915 922 922 2916 920 920 2917 925 925 2918 920 920 2919 924 924 2920 925 925 2921 908 908 2922 910 910 2923 911 911 2924 910 910 2925 913 913 2926 911 911 2927 910 910 2928 909 909 2929 913 913 2930 909 909 2931 912 912 2932 913 913 2933 911 911 2934 913 913 2935 914 914 2936 913 913 2937 916 916 2938 914 914 2939 913 913 2940 912 912 2941 916 916 2942 912 912 2943 915 915 2944 916 916 2945 923 923 2946 925 925 2947 926 926 2948 925 925 2949 928 928 2950 926 926 2951 925 925 2952 924 924 2953 928 928 2954 924 924 2955 927 927 2956 928 928 2957 926 926 2958 928 928 2959 929 929 2960 928 928 2961 931 931 2962 929 929 2963 928 928 2964 927 927 2965 931 931 2966 927 927 2967 930 930 2968 931 931 2969 936 936 2970 937 937 2971 938 938 2972 937 937 2973 940 940 2974 938 938 2975 937 937 2976 935 935 2977 940 940 2978 935 935 2979 939 939 2980 940 940 2981 914 914 2982 916 916 2983 917 917 2984 916 916 2985 919 919 2986 917 917 2987 916 916 2988 915 915 2989 919 919 2990 915 915 2991 918 918 2992 919 919 2993 917 917 2994 919 919 2995 921 921 2996 919 919 2997 922 922 2998 921 921 2999 919 919 3000 918 918 3001 922 922 3002 918 918 3003 920 920 3004 922 922 3005 929 929 3006 931 931 3007 932 932 3008 931 931 3009 934 934 3010 932 932 3011 931 931 3012 930 930 3013 934 934 3014 930 930 3015 933 933 3016 934 934 3017 932 932 3018 934 934 3019 936 936 3020 934 934 3021 937 937 3022 936 936 3023 934 934 3024 933 933 3025 937 937 3026 933 933 3027 935 935 3028 937 937 3029 938 938 3030 940 940 3031 941 941 3032 940 940 3033 943 943 3034 941 941 3035 940 940 3036 939 939 3037 943 943 3038 939 939 3039 942 942 3040 943 943 3041 902 902 3042 904 904 3043 906 906 3044 904 904 3045 907 907 3046 906 906 3047 904 904 3048 903 903 3049 907 907 3050 903 903 3051 905 905 3052 907 907 3053 941 941 3054 943 943 3055 896 896 3056 943 943 3057 898 898 3058 896 896 3059 943 943 3060 942 942 3061 898 898 3062 942 942 3063 897 897 3064 898 898 3065 896 896 3066 898 898 3067 900 900 3068 898 898 3069 901 901 3070 900 900 3071 898 898 3072 897 897 3073 901 901 3074 897 897 3075 899 899 3076 901 901 3077 945 945 3078 948 948 3079 944 944 3080 948 948 3081 947 947 3082 944 944 3083 948 948 3084 951 951 3085 947 947 3086 951 951 3087 950 950 3088 947 947 3089 946 946 3090 949 949 3091 945 945 3092 949 949 3093 948 948 3094 945 945 3095 949 949 3096 952 952 3097 948 948 3098 952 952 3099 951 951 3100 948 948 3101 957 957 3102 953 953 3103 958 958 3104 953 953 3105 955 955 3106 958 958 3107 958 958 3108 955 955 3109 956 956 3110 955 955 3111 954 954 3112 956 956 3113 960 960 3114 957 957 3115 961 961 3116 957 957 3117 958 958 3118 961 961 3119 961 961 3120 958 958 3121 959 959 3122 958 958 3123 956 956 3124 959 959 3125 963 963 3126 960 960 3127 964 964 3128 960 960 3129 961 961 3130 964 964 3131 964 964 3132 961 961 3133 962 962 3134 961 961 3135 959 959 3136 962 962 3137 966 966 3138 963 963 3139 967 967 3140 963 963 3141 964 964 3142 967 967 3143 967 967 3144 964 964 3145 965 965 3146 964 964 3147 962 962 3148 965 965 3149 969 969 3150 966 966 3151 970 970 3152 966 966 3153 967 967 3154 970 970 3155 970 970 3156 967 967 3157 968 968 3158 967 967 3159 965 965 3160 968 968 3161 972 972 3162 969 969 3163 973 973 3164 969 969 3165 970 970 3166 973 973 3167 973 973 3168 970 970 3169 971 971 3170 970 970 3171 968 968 3172 971 971 3173 975 975 3174 972 972 3175 976 976 3176 972 972 3177 973 973 3178 976 976 3179 976 976 3180 973 973 3181 974 974 3182 973 973 3183 971 971 3184 974 974 3185 978 978 3186 975 975 3187 979 979 3188 975 975 3189 976 976 3190 979 979 3191 979 979 3192 976 976 3193 977 977 3194 976 976 3195 974 974 3196 977 977 3197 981 981 3198 978 978 3199 982 982 3200 978 978 3201 979 979 3202 982 982 3203 982 982 3204 979 979 3205 980 980 3206 979 979 3207 977 977 3208 980 980 3209 984 984 3210 981 981 3211 985 985 3212 981 981 3213 982 982 3214 985 985 3215 985 985 3216 982 982 3217 983 983 3218 982 982 3219 980 980 3220 983 983 3221 987 987 3222 984 984 3223 988 988 3224 984 984 3225 985 985 3226 988 988 3227 988 988 3228 985 985 3229 986 986 3230 985 985 3231 983 983 3232 986 986 3233 990 990 3234 987 987 3235 991 991 3236 987 987 3237 988 988 3238 991 991 3239 991 991 3240 988 988 3241 989 989 3242 988 988 3243 986 986 3244 989 989 3245 993 993 3246 990 990 3247 994 994 3248 990 990 3249 991 991 3250 994 994 3251 994 994 3252 991 991 3253 992 992 3254 991 991 3255 989 989 3256 992 992 3257 996 996 3258 993 993 3259 997 997 3260 993 993 3261 994 994 3262 997 997 3263 997 997 3264 994 994 3265 995 995 3266 994 994 3267 992 992 3268 995 995 3269 999 999 3270 996 996 3271 1000 1000 3272 996 996 3273 997 997 3274 1000 1000 3275 1000 1000 3276 997 997 3277 998 998 3278 997 997 3279 995 995 3280 998 998 3281 953 953 3282 999 999 3283 955 955 3284 999 999 3285 1000 1000 3286 955 955 3287 955 955 3288 1000 1000 3289 954 954 3290 1000 1000 3291 998 998 3292 954 954 3293 911 911 3294 914 914 3295 984 984 3296 914 914 3297 981 981 3298 984 984 3299 936 936 3300 938 938 3301 960 960 3302 938 938 3303 957 957 3304 960 960 3305 914 914 3306 917 917 3307 981 981 3308 917 917 3309 978 978 3310 981 981 3311 953 953 3312 941 941 3313 999 999 3314 941 941 3315 896 896 3316 999 999 3317 938 938 3318 941 941 3319 957 957 3320 941 941 3321 953 953 3322 957 957 3323 917 917 3324 921 921 3325 978 978 3326 921 921 3327 975 975 3328 978 978 3329 999 999 3330 896 896 3331 996 996 3332 896 896 3333 900 900 3334 996 996 3335 921 921 3336 923 923 3337 975 975 3338 923 923 3339 972 972 3340 975 975 3341 900 900 3342 902 902 3343 996 996 3344 902 902 3345 993 993 3346 996 996 3347 923 923 3348 926 926 3349 972 972 3350 926 926 3351 969 969 3352 972 972 3353 902 902 3354 906 906 3355 993 993 3356 906 906 3357 990 990 3358 993 993 3359 926 926 3360 929 929 3361 969 969 3362 929 929 3363 966 966 3364 969 969 3365 906 906 3366 908 908 3367 990 990 3368 908 908 3369 987 987 3370 990 990 3371 929 929 3372 932 932 3373 966 966 3374 932 932 3375 963 963 3376 966 966 3377 908 908 3378 911 911 3379 987 987 3380 911 911 3381 984 984 3382 987 987 3383 1008 1008 3384 1051 1051 3385 1010 1010 3386 1051 1051 3387 1050 1050 3388 1010 1010 3389 1037 1037 3390 1041 1041 3391 1068 1068 3392 1041 1041 3393 1065 1065 3394 1068 1068 3395 1056 1056 3396 1035 1035 3397 1055 1055 3398 1035 1035 3399 1032 1032 3400 1055 1055 3401 1052 1052 3402 1055 1055 3403 1023 1023 3404 1055 1055 3405 1025 1025 3406 1023 1023 3407 1040 1040 3408 1038 1038 3409 1044 1044 3410 1038 1038 3411 1057 1057 3412 1044 1044 3413 1047 1047 3414 1054 1054 3415 1002 1002 3416 1054 1054 3417 1051 1051 3418 1002 1002 3419 1055 1055 3420 1032 1032 3421 1025 1025 3422 1032 1032 3423 1029 1029 3424 1025 1025 3425 1014 1014 3426 1049 1049 3427 1017 1017 3428 1049 1049 3429 1020 1020 3430 1017 1017 3431 1044 1044 3432 1057 1057 3433 1047 1047 3434 1057 1057 3435 1054 1054 3436 1047 1047 3437 1057 1057 3438 1038 1038 3439 1056 1056 3440 1038 1038 3441 1035 1035 3442 1056 1056 3443 1002 1002 3444 1051 1051 3445 1004 1004 3446 1051 1051 3447 1008 1008 3448 1004 1004 3449 1010 1010 3450 1050 1050 3451 1014 1014 3452 1050 1050 3453 1049 1049 3454 1014 1014 3455 1049 1049 3456 1052 1052 3457 1020 1020 3458 1052 1052 3459 1023 1023 3460 1020 1020 3461 1005 1005 3462 1006 1006 3463 1007 1007 3464 1006 1006 3465 1009 1009 3466 1007 1007 3467 1006 1006 3468 1004 1004 3469 1009 1009 3470 1004 1004 3471 1008 1008 3472 1009 1009 3473 1011 1011 3474 1012 1012 3475 1013 1013 3476 1012 1012 3477 1015 1015 3478 1013 1013 3479 1012 1012 3480 1010 1010 3481 1015 1015 3482 1010 1010 3483 1014 1014 3484 1015 1015 3485 1026 1026 3486 1027 1027 3487 1028 1028 3488 1027 1027 3489 1030 1030 3490 1028 1028 3491 1027 1027 3492 1025 1025 3493 1030 1030 3494 1025 1025 3495 1029 1029 3496 1030 1030 3497 1013 1013 3498 1015 1015 3499 1016 1016 3500 1015 1015 3501 1018 1018 3502 1016 1016 3503 1015 1015 3504 1014 1014 3505 1018 1018 3506 1014 1014 3507 1017 1017 3508 1018 1018 3509 1016 1016 3510 1018 1018 3511 1019 1019 3512 1018 1018 3513 1021 1021 3514 1019 1019 3515 1018 1018 3516 1017 1017 3517 1021 1021 3518 1017 1017 3519 1020 1020 3520 1021 1021 3521 1028 1028 3522 1030 1030 3523 1031 1031 3524 1030 1030 3525 1033 1033 3526 1031 1031 3527 1030 1030 3528 1029 1029 3529 1033 1033 3530 1029 1029 3531 1032 1032 3532 1033 1033 3533 1031 1031 3534 1033 1033 3535 1034 1034 3536 1033 1033 3537 1036 1036 3538 1034 1034 3539 1033 1033 3540 1032 1032 3541 1036 1036 3542 1032 1032 3543 1035 1035 3544 1036 1036 3545 1041 1041 3546 1042 1042 3547 1043 1043 3548 1042 1042 3549 1045 1045 3550 1043 1043 3551 1042 1042 3552 1040 1040 3553 1045 1045 3554 1040 1040 3555 1044 1044 3556 1045 1045 3557 1019 1019 3558 1021 1021 3559 1022 1022 3560 1021 1021 3561 1024 1024 3562 1022 1022 3563 1021 1021 3564 1020 1020 3565 1024 1024 3566 1020 1020 3567 1023 1023 3568 1024 1024 3569 1022 1022 3570 1024 1024 3571 1026 1026 3572 1024 1024 3573 1027 1027 3574 1026 1026 3575 1024 1024 3576 1023 1023 3577 1027 1027 3578 1023 1023 3579 1025 1025 3580 1027 1027 3581 1034 1034 3582 1036 1036 3583 1037 1037 3584 1036 1036 3585 1039 1039 3586 1037 1037 3587 1036 1036 3588 1035 1035 3589 1039 1039 3590 1035 1035 3591 1038 1038 3592 1039 1039 3593 1037 1037 3594 1039 1039 3595 1041 1041 3596 1039 1039 3597 1042 1042 3598 1041 1041 3599 1039 1039 3600 1038 1038 3601 1042 1042 3602 1038 1038 3603 1040 1040 3604 1042 1042 3605 1043 1043 3606 1045 1045 3607 1046 1046 3608 1045 1045 3609 1048 1048 3610 1046 1046 3611 1045 1045 3612 1044 1044 3613 1048 1048 3614 1044 1044 3615 1047 1047 3616 1048 1048 3617 1007 1007 3618 1009 1009 3619 1011 1011 3620 1009 1009 3621 1012 1012 3622 1011 1011 3623 1009 1009 3624 1008 1008 3625 1012 1012 3626 1008 1008 3627 1010 1010 3628 1012 1012 3629 1046 1046 3630 1048 1048 3631 1001 1001 3632 1048 1048 3633 1003 1003 3634 1001 1001 3635 1048 1048 3636 1047 1047 3637 1003 1003 3638 1047 1047 3639 1002 1002 3640 1003 1003 3641 1001 1001 3642 1003 1003 3643 1005 1005 3644 1003 1003 3645 1006 1006 3646 1005 1005 3647 1003 1003 3648 1002 1002 3649 1006 1006 3650 1002 1002 3651 1004 1004 3652 1006 1006 3653 1050 1050 3654 1053 1053 3655 1049 1049 3656 1053 1053 3657 1052 1052 3658 1049 1049 3659 1053 1053 3660 1056 1056 3661 1052 1052 3662 1056 1056 3663 1055 1055 3664 1052 1052 3665 1051 1051 3666 1054 1054 3667 1050 1050 3668 1054 1054 3669 1053 1053 3670 1050 1050 3671 1054 1054 3672 1057 1057 3673 1053 1053 3674 1057 1057 3675 1056 1056 3676 1053 1053 3677 1062 1062 3678 1058 1058 3679 1063 1063 3680 1058 1058 3681 1060 1060 3682 1063 1063 3683 1063 1063 3684 1060 1060 3685 1061 1061 3686 1060 1060 3687 1059 1059 3688 1061 1061 3689 1065 1065 3690 1062 1062 3691 1066 1066 3692 1062 1062 3693 1063 1063 3694 1066 1066 3695 1066 1066 3696 1063 1063 3697 1064 1064 3698 1063 1063 3699 1061 1061 3700 1064 1064 3701 1068 1068 3702 1065 1065 3703 1069 1069 3704 1065 1065 3705 1066 1066 3706 1069 1069 3707 1069 1069 3708 1066 1066 3709 1067 1067 3710 1066 1066 3711 1064 1064 3712 1067 1067 3713 1071 1071 3714 1068 1068 3715 1072 1072 3716 1068 1068 3717 1069 1069 3718 1072 1072 3719 1072 1072 3720 1069 1069 3721 1070 1070 3722 1069 1069 3723 1067 1067 3724 1070 1070 3725 1074 1074 3726 1071 1071 3727 1075 1075 3728 1071 1071 3729 1072 1072 3730 1075 1075 3731 1075 1075 3732 1072 1072 3733 1073 1073 3734 1072 1072 3735 1070 1070 3736 1073 1073 3737 1077 1077 3738 1074 1074 3739 1078 1078 3740 1074 1074 3741 1075 1075 3742 1078 1078 3743 1078 1078 3744 1075 1075 3745 1076 1076 3746 1075 1075 3747 1073 1073 3748 1076 1076 3749 1080 1080 3750 1077 1077 3751 1081 1081 3752 1077 1077 3753 1078 1078 3754 1081 1081 3755 1081 1081 3756 1078 1078 3757 1079 1079 3758 1078 1078 3759 1076 1076 3760 1079 1079 3761 1083 1083 3762 1080 1080 3763 1084 1084 3764 1080 1080 3765 1081 1081 3766 1084 1084 3767 1084 1084 3768 1081 1081 3769 1082 1082 3770 1081 1081 3771 1079 1079 3772 1082 1082 3773 1086 1086 3774 1083 1083 3775 1087 1087 3776 1083 1083 3777 1084 1084 3778 1087 1087 3779 1087 1087 3780 1084 1084 3781 1085 1085 3782 1084 1084 3783 1082 1082 3784 1085 1085 3785 1089 1089 3786 1086 1086 3787 1090 1090 3788 1086 1086 3789 1087 1087 3790 1090 1090 3791 1090 1090 3792 1087 1087 3793 1088 1088 3794 1087 1087 3795 1085 1085 3796 1088 1088 3797 1092 1092 3798 1089 1089 3799 1093 1093 3800 1089 1089 3801 1090 1090 3802 1093 1093 3803 1093 1093 3804 1090 1090 3805 1091 1091 3806 1090 1090 3807 1088 1088 3808 1091 1091 3809 1095 1095 3810 1092 1092 3811 1096 1096 3812 1092 1092 3813 1093 1093 3814 1096 1096 3815 1096 1096 3816 1093 1093 3817 1094 1094 3818 1093 1093 3819 1091 1091 3820 1094 1094 3821 1098 1098 3822 1095 1095 3823 1099 1099 3824 1095 1095 3825 1096 1096 3826 1099 1099 3827 1099 1099 3828 1096 1096 3829 1097 1097 3830 1096 1096 3831 1094 1094 3832 1097 1097 3833 1101 1101 3834 1098 1098 3835 1102 1102 3836 1098 1098 3837 1099 1099 3838 1102 1102 3839 1102 1102 3840 1099 1099 3841 1100 1100 3842 1099 1099 3843 1097 1097 3844 1100 1100 3845 1104 1104 3846 1101 1101 3847 1105 1105 3848 1101 1101 3849 1102 1102 3850 1105 1105 3851 1105 1105 3852 1102 1102 3853 1103 1103 3854 1102 1102 3855 1100 1100 3856 1103 1103 3857 1058 1058 3858 1104 1104 3859 1060 1060 3860 1104 1104 3861 1105 1105 3862 1060 1060 3863 1060 1060 3864 1105 1105 3865 1059 1059 3866 1105 1105 3867 1103 1103 3868 1059 1059 3869 1016 1016 3870 1019 1019 3871 1089 1089 3872 1019 1019 3873 1086 1086 3874 1089 1089 3875 1041 1041 3876 1043 1043 3877 1065 1065 3878 1043 1043 3879 1062 1062 3880 1065 1065 3881 1019 1019 3882 1022 1022 3883 1086 1086 3884 1022 1022 3885 1083 1083 3886 1086 1086 3887 1058 1058 3888 1046 1046 3889 1104 1104 3890 1046 1046 3891 1001 1001 3892 1104 1104 3893 1043 1043 3894 1046 1046 3895 1062 1062 3896 1046 1046 3897 1058 1058 3898 1062 1062 3899 1022 1022 3900 1026 1026 3901 1083 1083 3902 1026 1026 3903 1080 1080 3904 1083 1083 3905 1104 1104 3906 1001 1001 3907 1101 1101 3908 1001 1001 3909 1005 1005 3910 1101 1101 3911 1026 1026 3912 1028 1028 3913 1080 1080 3914 1028 1028 3915 1077 1077 3916 1080 1080 3917 1005 1005 3918 1007 1007 3919 1101 1101 3920 1007 1007 3921 1098 1098 3922 1101 1101 3923 1028 1028 3924 1031 1031 3925 1077 1077 3926 1031 1031 3927 1074 1074 3928 1077 1077 3929 1007 1007 3930 1011 1011 3931 1098 1098 3932 1011 1011 3933 1095 1095 3934 1098 1098 3935 1031 1031 3936 1034 1034 3937 1074 1074 3938 1034 1034 3939 1071 1071 3940 1074 1074 3941 1011 1011 3942 1013 1013 3943 1095 1095 3944 1013 1013 3945 1092 1092 3946 1095 1095 3947 1034 1034 3948 1037 1037 3949 1071 1071 3950 1037 1037 3951 1068 1068 3952 1071 1071 3953 1013 1013 3954 1016 1016 3955 1092 1092 3956 1016 1016 3957 1089 1089 3958 1092 1092 3959 1113 1113 3960 1156 1156 3961 1115 1115 3962 1156 1156 3963 1155 1155 3964 1115 1115 3965 1142 1142 3966 1146 1146 3967 1173 1173 3968 1146 1146 3969 1170 1170 3970 1173 1173 3971 1161 1161 3972 1140 1140 3973 1160 1160 3974 1140 1140 3975 1137 1137 3976 1160 1160 3977 1157 1157 3978 1160 1160 3979 1128 1128 3980 1160 1160 3981 1130 1130 3982 1128 1128 3983 1145 1145 3984 1143 1143 3985 1149 1149 3986 1143 1143 3987 1162 1162 3988 1149 1149 3989 1152 1152 3990 1159 1159 3991 1107 1107 3992 1159 1159 3993 1156 1156 3994 1107 1107 3995 1160 1160 3996 1137 1137 3997 1130 1130 3998 1137 1137 3999 1134 1134 4000 1130 1130 4001 1119 1119 4002 1154 1154 4003 1122 1122 4004 1154 1154 4005 1125 1125 4006 1122 1122 4007 1149 1149 4008 1162 1162 4009 1152 1152 4010 1162 1162 4011 1159 1159 4012 1152 1152 4013 1162 1162 4014 1143 1143 4015 1161 1161 4016 1143 1143 4017 1140 1140 4018 1161 1161 4019 1107 1107 4020 1156 1156 4021 1109 1109 4022 1156 1156 4023 1113 1113 4024 1109 1109 4025 1115 1115 4026 1155 1155 4027 1119 1119 4028 1155 1155 4029 1154 1154 4030 1119 1119 4031 1154 1154 4032 1157 1157 4033 1125 1125 4034 1157 1157 4035 1128 1128 4036 1125 1125 4037 1110 1110 4038 1111 1111 4039 1112 1112 4040 1111 1111 4041 1114 1114 4042 1112 1112 4043 1111 1111 4044 1109 1109 4045 1114 1114 4046 1109 1109 4047 1113 1113 4048 1114 1114 4049 1116 1116 4050 1117 1117 4051 1118 1118 4052 1117 1117 4053 1120 1120 4054 1118 1118 4055 1117 1117 4056 1115 1115 4057 1120 1120 4058 1115 1115 4059 1119 1119 4060 1120 1120 4061 1131 1131 4062 1132 1132 4063 1133 1133 4064 1132 1132 4065 1135 1135 4066 1133 1133 4067 1132 1132 4068 1130 1130 4069 1135 1135 4070 1130 1130 4071 1134 1134 4072 1135 1135 4073 1118 1118 4074 1120 1120 4075 1121 1121 4076 1120 1120 4077 1123 1123 4078 1121 1121 4079 1120 1120 4080 1119 1119 4081 1123 1123 4082 1119 1119 4083 1122 1122 4084 1123 1123 4085 1121 1121 4086 1123 1123 4087 1124 1124 4088 1123 1123 4089 1126 1126 4090 1124 1124 4091 1123 1123 4092 1122 1122 4093 1126 1126 4094 1122 1122 4095 1125 1125 4096 1126 1126 4097 1133 1133 4098 1135 1135 4099 1136 1136 4100 1135 1135 4101 1138 1138 4102 1136 1136 4103 1135 1135 4104 1134 1134 4105 1138 1138 4106 1134 1134 4107 1137 1137 4108 1138 1138 4109 1136 1136 4110 1138 1138 4111 1139 1139 4112 1138 1138 4113 1141 1141 4114 1139 1139 4115 1138 1138 4116 1137 1137 4117 1141 1141 4118 1137 1137 4119 1140 1140 4120 1141 1141 4121 1146 1146 4122 1147 1147 4123 1148 1148 4124 1147 1147 4125 1150 1150 4126 1148 1148 4127 1147 1147 4128 1145 1145 4129 1150 1150 4130 1145 1145 4131 1149 1149 4132 1150 1150 4133 1124 1124 4134 1126 1126 4135 1127 1127 4136 1126 1126 4137 1129 1129 4138 1127 1127 4139 1126 1126 4140 1125 1125 4141 1129 1129 4142 1125 1125 4143 1128 1128 4144 1129 1129 4145 1127 1127 4146 1129 1129 4147 1131 1131 4148 1129 1129 4149 1132 1132 4150 1131 1131 4151 1129 1129 4152 1128 1128 4153 1132 1132 4154 1128 1128 4155 1130 1130 4156 1132 1132 4157 1139 1139 4158 1141 1141 4159 1142 1142 4160 1141 1141 4161 1144 1144 4162 1142 1142 4163 1141 1141 4164 1140 1140 4165 1144 1144 4166 1140 1140 4167 1143 1143 4168 1144 1144 4169 1142 1142 4170 1144 1144 4171 1146 1146 4172 1144 1144 4173 1147 1147 4174 1146 1146 4175 1144 1144 4176 1143 1143 4177 1147 1147 4178 1143 1143 4179 1145 1145 4180 1147 1147 4181 1148 1148 4182 1150 1150 4183 1151 1151 4184 1150 1150 4185 1153 1153 4186 1151 1151 4187 1150 1150 4188 1149 1149 4189 1153 1153 4190 1149 1149 4191 1152 1152 4192 1153 1153 4193 1112 1112 4194 1114 1114 4195 1116 1116 4196 1114 1114 4197 1117 1117 4198 1116 1116 4199 1114 1114 4200 1113 1113 4201 1117 1117 4202 1113 1113 4203 1115 1115 4204 1117 1117 4205 1151 1151 4206 1153 1153 4207 1106 1106 4208 1153 1153 4209 1108 1108 4210 1106 1106 4211 1153 1153 4212 1152 1152 4213 1108 1108 4214 1152 1152 4215 1107 1107 4216 1108 1108 4217 1106 1106 4218 1108 1108 4219 1110 1110 4220 1108 1108 4221 1111 1111 4222 1110 1110 4223 1108 1108 4224 1107 1107 4225 1111 1111 4226 1107 1107 4227 1109 1109 4228 1111 1111 4229 1155 1155 4230 1158 1158 4231 1154 1154 4232 1158 1158 4233 1157 1157 4234 1154 1154 4235 1158 1158 4236 1161 1161 4237 1157 1157 4238 1161 1161 4239 1160 1160 4240 1157 1157 4241 1156 1156 4242 1159 1159 4243 1155 1155 4244 1159 1159 4245 1158 1158 4246 1155 1155 4247 1159 1159 4248 1162 1162 4249 1158 1158 4250 1162 1162 4251 1161 1161 4252 1158 1158 4253 1167 1167 4254 1163 1163 4255 1168 1168 4256 1163 1163 4257 1165 1165 4258 1168 1168 4259 1168 1168 4260 1165 1165 4261 1166 1166 4262 1165 1165 4263 1164 1164 4264 1166 1166 4265 1170 1170 4266 1167 1167 4267 1171 1171 4268 1167 1167 4269 1168 1168 4270 1171 1171 4271 1171 1171 4272 1168 1168 4273 1169 1169 4274 1168 1168 4275 1166 1166 4276 1169 1169 4277 1173 1173 4278 1170 1170 4279 1174 1174 4280 1170 1170 4281 1171 1171 4282 1174 1174 4283 1174 1174 4284 1171 1171 4285 1172 1172 4286 1171 1171 4287 1169 1169 4288 1172 1172 4289 1176 1176 4290 1173 1173 4291 1177 1177 4292 1173 1173 4293 1174 1174 4294 1177 1177 4295 1177 1177 4296 1174 1174 4297 1175 1175 4298 1174 1174 4299 1172 1172 4300 1175 1175 4301 1179 1179 4302 1176 1176 4303 1180 1180 4304 1176 1176 4305 1177 1177 4306 1180 1180 4307 1180 1180 4308 1177 1177 4309 1178 1178 4310 1177 1177 4311 1175 1175 4312 1178 1178 4313 1182 1182 4314 1179 1179 4315 1183 1183 4316 1179 1179 4317 1180 1180 4318 1183 1183 4319 1183 1183 4320 1180 1180 4321 1181 1181 4322 1180 1180 4323 1178 1178 4324 1181 1181 4325 1185 1185 4326 1182 1182 4327 1186 1186 4328 1182 1182 4329 1183 1183 4330 1186 1186 4331 1186 1186 4332 1183 1183 4333 1184 1184 4334 1183 1183 4335 1181 1181 4336 1184 1184 4337 1188 1188 4338 1185 1185 4339 1189 1189 4340 1185 1185 4341 1186 1186 4342 1189 1189 4343 1189 1189 4344 1186 1186 4345 1187 1187 4346 1186 1186 4347 1184 1184 4348 1187 1187 4349 1191 1191 4350 1188 1188 4351 1192 1192 4352 1188 1188 4353 1189 1189 4354 1192 1192 4355 1192 1192 4356 1189 1189 4357 1190 1190 4358 1189 1189 4359 1187 1187 4360 1190 1190 4361 1194 1194 4362 1191 1191 4363 1195 1195 4364 1191 1191 4365 1192 1192 4366 1195 1195 4367 1195 1195 4368 1192 1192 4369 1193 1193 4370 1192 1192 4371 1190 1190 4372 1193 1193 4373 1197 1197 4374 1194 1194 4375 1198 1198 4376 1194 1194 4377 1195 1195 4378 1198 1198 4379 1198 1198 4380 1195 1195 4381 1196 1196 4382 1195 1195 4383 1193 1193 4384 1196 1196 4385 1200 1200 4386 1197 1197 4387 1201 1201 4388 1197 1197 4389 1198 1198 4390 1201 1201 4391 1201 1201 4392 1198 1198 4393 1199 1199 4394 1198 1198 4395 1196 1196 4396 1199 1199 4397 1203 1203 4398 1200 1200 4399 1204 1204 4400 1200 1200 4401 1201 1201 4402 1204 1204 4403 1204 1204 4404 1201 1201 4405 1202 1202 4406 1201 1201 4407 1199 1199 4408 1202 1202 4409 1206 1206 4410 1203 1203 4411 1207 1207 4412 1203 1203 4413 1204 1204 4414 1207 1207 4415 1207 1207 4416 1204 1204 4417 1205 1205 4418 1204 1204 4419 1202 1202 4420 1205 1205 4421 1209 1209 4422 1206 1206 4423 1210 1210 4424 1206 1206 4425 1207 1207 4426 1210 1210 4427 1210 1210 4428 1207 1207 4429 1208 1208 4430 1207 1207 4431 1205 1205 4432 1208 1208 4433 1163 1163 4434 1209 1209 4435 1165 1165 4436 1209 1209 4437 1210 1210 4438 1165 1165 4439 1165 1165 4440 1210 1210 4441 1164 1164 4442 1210 1210 4443 1208 1208 4444 1164 1164 4445 1121 1121 4446 1124 1124 4447 1194 1194 4448 1124 1124 4449 1191 1191 4450 1194 1194 4451 1146 1146 4452 1148 1148 4453 1170 1170 4454 1148 1148 4455 1167 1167 4456 1170 1170 4457 1124 1124 4458 1127 1127 4459 1191 1191 4460 1127 1127 4461 1188 1188 4462 1191 1191 4463 1163 1163 4464 1151 1151 4465 1209 1209 4466 1151 1151 4467 1106 1106 4468 1209 1209 4469 1148 1148 4470 1151 1151 4471 1167 1167 4472 1151 1151 4473 1163 1163 4474 1167 1167 4475 1127 1127 4476 1131 1131 4477 1188 1188 4478 1131 1131 4479 1185 1185 4480 1188 1188 4481 1209 1209 4482 1106 1106 4483 1206 1206 4484 1106 1106 4485 1110 1110 4486 1206 1206 4487 1131 1131 4488 1133 1133 4489 1185 1185 4490 1133 1133 4491 1182 1182 4492 1185 1185 4493 1110 1110 4494 1112 1112 4495 1206 1206 4496 1112 1112 4497 1203 1203 4498 1206 1206 4499 1133 1133 4500 1136 1136 4501 1182 1182 4502 1136 1136 4503 1179 1179 4504 1182 1182 4505 1112 1112 4506 1116 1116 4507 1203 1203 4508 1116 1116 4509 1200 1200 4510 1203 1203 4511 1136 1136 4512 1139 1139 4513 1179 1179 4514 1139 1139 4515 1176 1176 4516 1179 1179 4517 1116 1116 4518 1118 1118 4519 1200 1200 4520 1118 1118 4521 1197 1197 4522 1200 1200 4523 1139 1139 4524 1142 1142 4525 1176 1176 4526 1142 1142 4527 1173 1173 4528 1176 1176 4529 1118 1118 4530 1121 1121 4531 1197 1197 4532 1121 1121 4533 1194 1194 4534 1197 1197 4535 1218 1218 4536 1261 1261 4537 1220 1220 4538 1261 1261 4539 1260 1260 4540 1220 1220 4541 1247 1247 4542 1251 1251 4543 1278 1278 4544 1251 1251 4545 1275 1275 4546 1278 1278 4547 1266 1266 4548 1245 1245 4549 1265 1265 4550 1245 1245 4551 1242 1242 4552 1265 1265 4553 1262 1262 4554 1265 1265 4555 1233 1233 4556 1265 1265 4557 1235 1235 4558 1233 1233 4559 1250 1250 4560 1248 1248 4561 1254 1254 4562 1248 1248 4563 1267 1267 4564 1254 1254 4565 1257 1257 4566 1264 1264 4567 1212 1212 4568 1264 1264 4569 1261 1261 4570 1212 1212 4571 1265 1265 4572 1242 1242 4573 1235 1235 4574 1242 1242 4575 1239 1239 4576 1235 1235 4577 1224 1224 4578 1259 1259 4579 1227 1227 4580 1259 1259 4581 1230 1230 4582 1227 1227 4583 1254 1254 4584 1267 1267 4585 1257 1257 4586 1267 1267 4587 1264 1264 4588 1257 1257 4589 1267 1267 4590 1248 1248 4591 1266 1266 4592 1248 1248 4593 1245 1245 4594 1266 1266 4595 1212 1212 4596 1261 1261 4597 1214 1214 4598 1261 1261 4599 1218 1218 4600 1214 1214 4601 1220 1220 4602 1260 1260 4603 1224 1224 4604 1260 1260 4605 1259 1259 4606 1224 1224 4607 1259 1259 4608 1262 1262 4609 1230 1230 4610 1262 1262 4611 1233 1233 4612 1230 1230 4613 1215 1215 4614 1216 1216 4615 1217 1217 4616 1216 1216 4617 1219 1219 4618 1217 1217 4619 1216 1216 4620 1214 1214 4621 1219 1219 4622 1214 1214 4623 1218 1218 4624 1219 1219 4625 1221 1221 4626 1222 1222 4627 1223 1223 4628 1222 1222 4629 1225 1225 4630 1223 1223 4631 1222 1222 4632 1220 1220 4633 1225 1225 4634 1220 1220 4635 1224 1224 4636 1225 1225 4637 1236 1236 4638 1237 1237 4639 1238 1238 4640 1237 1237 4641 1240 1240 4642 1238 1238 4643 1237 1237 4644 1235 1235 4645 1240 1240 4646 1235 1235 4647 1239 1239 4648 1240 1240 4649 1223 1223 4650 1225 1225 4651 1226 1226 4652 1225 1225 4653 1228 1228 4654 1226 1226 4655 1225 1225 4656 1224 1224 4657 1228 1228 4658 1224 1224 4659 1227 1227 4660 1228 1228 4661 1226 1226 4662 1228 1228 4663 1229 1229 4664 1228 1228 4665 1231 1231 4666 1229 1229 4667 1228 1228 4668 1227 1227 4669 1231 1231 4670 1227 1227 4671 1230 1230 4672 1231 1231 4673 1238 1238 4674 1240 1240 4675 1241 1241 4676 1240 1240 4677 1243 1243 4678 1241 1241 4679 1240 1240 4680 1239 1239 4681 1243 1243 4682 1239 1239 4683 1242 1242 4684 1243 1243 4685 1241 1241 4686 1243 1243 4687 1244 1244 4688 1243 1243 4689 1246 1246 4690 1244 1244 4691 1243 1243 4692 1242 1242 4693 1246 1246 4694 1242 1242 4695 1245 1245 4696 1246 1246 4697 1251 1251 4698 1252 1252 4699 1253 1253 4700 1252 1252 4701 1255 1255 4702 1253 1253 4703 1252 1252 4704 1250 1250 4705 1255 1255 4706 1250 1250 4707 1254 1254 4708 1255 1255 4709 1229 1229 4710 1231 1231 4711 1232 1232 4712 1231 1231 4713 1234 1234 4714 1232 1232 4715 1231 1231 4716 1230 1230 4717 1234 1234 4718 1230 1230 4719 1233 1233 4720 1234 1234 4721 1232 1232 4722 1234 1234 4723 1236 1236 4724 1234 1234 4725 1237 1237 4726 1236 1236 4727 1234 1234 4728 1233 1233 4729 1237 1237 4730 1233 1233 4731 1235 1235 4732 1237 1237 4733 1244 1244 4734 1246 1246 4735 1247 1247 4736 1246 1246 4737 1249 1249 4738 1247 1247 4739 1246 1246 4740 1245 1245 4741 1249 1249 4742 1245 1245 4743 1248 1248 4744 1249 1249 4745 1247 1247 4746 1249 1249 4747 1251 1251 4748 1249 1249 4749 1252 1252 4750 1251 1251 4751 1249 1249 4752 1248 1248 4753 1252 1252 4754 1248 1248 4755 1250 1250 4756 1252 1252 4757 1253 1253 4758 1255 1255 4759 1256 1256 4760 1255 1255 4761 1258 1258 4762 1256 1256 4763 1255 1255 4764 1254 1254 4765 1258 1258 4766 1254 1254 4767 1257 1257 4768 1258 1258 4769 1217 1217 4770 1219 1219 4771 1221 1221 4772 1219 1219 4773 1222 1222 4774 1221 1221 4775 1219 1219 4776 1218 1218 4777 1222 1222 4778 1218 1218 4779 1220 1220 4780 1222 1222 4781 1256 1256 4782 1258 1258 4783 1211 1211 4784 1258 1258 4785 1213 1213 4786 1211 1211 4787 1258 1258 4788 1257 1257 4789 1213 1213 4790 1257 1257 4791 1212 1212 4792 1213 1213 4793 1211 1211 4794 1213 1213 4795 1215 1215 4796 1213 1213 4797 1216 1216 4798 1215 1215 4799 1213 1213 4800 1212 1212 4801 1216 1216 4802 1212 1212 4803 1214 1214 4804 1216 1216 4805 1260 1260 4806 1263 1263 4807 1259 1259 4808 1263 1263 4809 1262 1262 4810 1259 1259 4811 1263 1263 4812 1266 1266 4813 1262 1262 4814 1266 1266 4815 1265 1265 4816 1262 1262 4817 1261 1261 4818 1264 1264 4819 1260 1260 4820 1264 1264 4821 1263 1263 4822 1260 1260 4823 1264 1264 4824 1267 1267 4825 1263 1263 4826 1267 1267 4827 1266 1266 4828 1263 1263 4829 1272 1272 4830 1268 1268 4831 1273 1273 4832 1268 1268 4833 1270 1270 4834 1273 1273 4835 1273 1273 4836 1270 1270 4837 1271 1271 4838 1270 1270 4839 1269 1269 4840 1271 1271 4841 1275 1275 4842 1272 1272 4843 1276 1276 4844 1272 1272 4845 1273 1273 4846 1276 1276 4847 1276 1276 4848 1273 1273 4849 1274 1274 4850 1273 1273 4851 1271 1271 4852 1274 1274 4853 1278 1278 4854 1275 1275 4855 1279 1279 4856 1275 1275 4857 1276 1276 4858 1279 1279 4859 1279 1279 4860 1276 1276 4861 1277 1277 4862 1276 1276 4863 1274 1274 4864 1277 1277 4865 1281 1281 4866 1278 1278 4867 1282 1282 4868 1278 1278 4869 1279 1279 4870 1282 1282 4871 1282 1282 4872 1279 1279 4873 1280 1280 4874 1279 1279 4875 1277 1277 4876 1280 1280 4877 1284 1284 4878 1281 1281 4879 1285 1285 4880 1281 1281 4881 1282 1282 4882 1285 1285 4883 1285 1285 4884 1282 1282 4885 1283 1283 4886 1282 1282 4887 1280 1280 4888 1283 1283 4889 1287 1287 4890 1284 1284 4891 1288 1288 4892 1284 1284 4893 1285 1285 4894 1288 1288 4895 1288 1288 4896 1285 1285 4897 1286 1286 4898 1285 1285 4899 1283 1283 4900 1286 1286 4901 1290 1290 4902 1287 1287 4903 1291 1291 4904 1287 1287 4905 1288 1288 4906 1291 1291 4907 1291 1291 4908 1288 1288 4909 1289 1289 4910 1288 1288 4911 1286 1286 4912 1289 1289 4913 1293 1293 4914 1290 1290 4915 1294 1294 4916 1290 1290 4917 1291 1291 4918 1294 1294 4919 1294 1294 4920 1291 1291 4921 1292 1292 4922 1291 1291 4923 1289 1289 4924 1292 1292 4925 1296 1296 4926 1293 1293 4927 1297 1297 4928 1293 1293 4929 1294 1294 4930 1297 1297 4931 1297 1297 4932 1294 1294 4933 1295 1295 4934 1294 1294 4935 1292 1292 4936 1295 1295 4937 1299 1299 4938 1296 1296 4939 1300 1300 4940 1296 1296 4941 1297 1297 4942 1300 1300 4943 1300 1300 4944 1297 1297 4945 1298 1298 4946 1297 1297 4947 1295 1295 4948 1298 1298 4949 1302 1302 4950 1299 1299 4951 1303 1303 4952 1299 1299 4953 1300 1300 4954 1303 1303 4955 1303 1303 4956 1300 1300 4957 1301 1301 4958 1300 1300 4959 1298 1298 4960 1301 1301 4961 1305 1305 4962 1302 1302 4963 1306 1306 4964 1302 1302 4965 1303 1303 4966 1306 1306 4967 1306 1306 4968 1303 1303 4969 1304 1304 4970 1303 1303 4971 1301 1301 4972 1304 1304 4973 1308 1308 4974 1305 1305 4975 1309 1309 4976 1305 1305 4977 1306 1306 4978 1309 1309 4979 1309 1309 4980 1306 1306 4981 1307 1307 4982 1306 1306 4983 1304 1304 4984 1307 1307 4985 1311 1311 4986 1308 1308 4987 1312 1312 4988 1308 1308 4989 1309 1309 4990 1312 1312 4991 1312 1312 4992 1309 1309 4993 1310 1310 4994 1309 1309 4995 1307 1307 4996 1310 1310 4997 1314 1314 4998 1311 1311 4999 1315 1315 5000 1311 1311 5001 1312 1312 5002 1315 1315 5003 1315 1315 5004 1312 1312 5005 1313 1313 5006 1312 1312 5007 1310 1310 5008 1313 1313 5009 1268 1268 5010 1314 1314 5011 1270 1270 5012 1314 1314 5013 1315 1315 5014 1270 1270 5015 1270 1270 5016 1315 1315 5017 1269 1269 5018 1315 1315 5019 1313 1313 5020 1269 1269 5021 1226 1226 5022 1229 1229 5023 1299 1299 5024 1229 1229 5025 1296 1296 5026 1299 1299 5027 1251 1251 5028 1253 1253 5029 1275 1275 5030 1253 1253 5031 1272 1272 5032 1275 1275 5033 1229 1229 5034 1232 1232 5035 1296 1296 5036 1232 1232 5037 1293 1293 5038 1296 1296 5039 1268 1268 5040 1256 1256 5041 1314 1314 5042 1256 1256 5043 1211 1211 5044 1314 1314 5045 1253 1253 5046 1256 1256 5047 1272 1272 5048 1256 1256 5049 1268 1268 5050 1272 1272 5051 1232 1232 5052 1236 1236 5053 1293 1293 5054 1236 1236 5055 1290 1290 5056 1293 1293 5057 1314 1314 5058 1211 1211 5059 1311 1311 5060 1211 1211 5061 1215 1215 5062 1311 1311 5063 1236 1236 5064 1238 1238 5065 1290 1290 5066 1238 1238 5067 1287 1287 5068 1290 1290 5069 1215 1215 5070 1217 1217 5071 1311 1311 5072 1217 1217 5073 1308 1308 5074 1311 1311 5075 1238 1238 5076 1241 1241 5077 1287 1287 5078 1241 1241 5079 1284 1284 5080 1287 1287 5081 1217 1217 5082 1221 1221 5083 1308 1308 5084 1221 1221 5085 1305 1305 5086 1308 1308 5087 1241 1241 5088 1244 1244 5089 1284 1284 5090 1244 1244 5091 1281 1281 5092 1284 1284 5093 1221 1221 5094 1223 1223 5095 1305 1305 5096 1223 1223 5097 1302 1302 5098 1305 1305 5099 1244 1244 5100 1247 1247 5101 1281 1281 5102 1247 1247 5103 1278 1278 5104 1281 1281 5105 1223 1223 5106 1226 1226 5107 1302 1302 5108 1226 1226 5109 1299 1299 5110 1302 1302 5111 1402 1402 5112 1399 1399 5113 1334 1334 5114 1399 1399 5115 1333 1333 5116 1334 1334 5117 1361 1361 5118 1320 1320 5119 1358 1358 5120 1320 1320 5121 1319 1319 5122 1358 1358 5123 1373 1373 5124 1324 1324 5125 1370 1370 5126 1324 1324 5127 1323 1323 5128 1370 1370 5129 1367 1367 5130 1322 1322 5131 1364 1364 5132 1322 1322 5133 1321 1321 5134 1364 1364 5135 1358 1358 5136 1319 1319 5137 1355 1355 5138 1319 1319 5139 1318 1318 5140 1355 1355 5141 1385 1385 5142 1328 1328 5143 1382 1382 5144 1328 1328 5145 1327 1327 5146 1382 1382 5147 1348 1348 5148 1316 1316 5149 1394 1394 5150 1316 1316 5151 1331 1331 5152 1394 1394 5153 1382 1382 5154 1327 1327 5155 1379 1379 5156 1327 1327 5157 1326 1326 5158 1379 1379 5159 1364 1364 5160 1321 1321 5161 1361 1361 5162 1321 1321 5163 1320 1320 5164 1361 1361 5165 1355 1355 5166 1318 1318 5167 1352 1352 5168 1318 1318 5169 1317 1317 5170 1352 1352 5171 1394 1394 5172 1331 1331 5173 1391 1391 5174 1331 1331 5175 1330 1330 5176 1391 1391 5177 1388 1388 5178 1329 1329 5179 1385 1385 5180 1329 1329 5181 1328 1328 5182 1385 1385 5183 1379 1379 5184 1326 1326 5185 1376 1376 5186 1326 1326 5187 1325 1325 5188 1376 1376 5189 1370 1370 5190 1323 1323 5191 1367 1367 5192 1323 1323 5193 1322 1322 5194 1367 1367 5195 1376 1376 5196 1325 1325 5197 1373 1373 5198 1325 1325 5199 1324 1324 5200 1373 1373 5201 1391 1391 5202 1330 1330 5203 1388 1388 5204 1330 1330 5205 1329 1329 5206 1388 1388 5207 1423 1423 5208 1420 1420 5209 1341 1341 5210 1420 1420 5211 1340 1340 5212 1341 1341 5213 1352 1352 5214 1317 1317 5215 1348 1348 5216 1317 1317 5217 1316 1316 5218 1348 1348 5219 1426 1426 5220 1423 1423 5221 1342 1342 5222 1423 1423 5223 1341 1341 5224 1342 1342 5225 1405 1405 5226 1402 1402 5227 1335 1335 5228 1402 1402 5229 1334 1334 5230 1335 1335 5231 1429 1429 5232 1426 1426 5233 1343 1343 5234 1426 1426 5235 1342 1342 5236 1343 1343 5237 1408 1408 5238 1405 1405 5239 1336 1336 5240 1405 1405 5241 1335 1335 5242 1336 1336 5243 1432 1432 5244 1429 1429 5245 1344 1344 5246 1429 1429 5247 1343 1343 5248 1344 1344 5249 1411 1411 5250 1408 1408 5251 1337 1337 5252 1408 1408 5253 1336 1336 5254 1337 1337 5255 1435 1435 5256 1432 1432 5257 1345 1345 5258 1432 1432 5259 1344 1344 5260 1345 1345 5261 1414 1414 5262 1411 1411 5263 1338 1338 5264 1411 1411 5265 1337 1337 5266 1338 1338 5267 1438 1438 5268 1435 1435 5269 1346 1346 5270 1435 1435 5271 1345 1345 5272 1346 1346 5273 1417 1417 5274 1414 1414 5275 1339 1339 5276 1414 1414 5277 1338 1338 5278 1339 1339 5279 1441 1441 5280 1438 1438 5281 1347 1347 5282 1438 1438 5283 1346 1346 5284 1347 1347 5285 1420 1420 5286 1417 1417 5287 1340 1340 5288 1417 1417 5289 1339 1339 5290 1340 1340 5291 1378 1378 5292 1375 1375 5293 1427 1427 5294 1375 1375 5295 1424 1424 5296 1427 1427 5297 1357 1357 5298 1354 1354 5299 1406 1406 5300 1354 1354 5301 1403 1403 5302 1406 1406 5303 1381 1381 5304 1378 1378 5305 1430 1430 5306 1378 1378 5307 1427 1427 5308 1430 1430 5309 1406 1406 5310 1409 1409 5311 1357 1357 5312 1409 1409 5313 1360 1360 5314 1357 1357 5315 1381 1381 5316 1430 1430 5317 1384 1384 5318 1430 1430 5319 1433 1433 5320 1384 1384 5321 1363 1363 5322 1360 1360 5323 1412 1412 5324 1360 1360 5325 1409 1409 5326 1412 1412 5327 1433 1433 5328 1436 1436 5329 1384 1384 5330 1436 1436 5331 1387 1387 5332 1384 1384 5333 1366 1366 5334 1363 1363 5335 1415 1415 5336 1363 1363 5337 1412 1412 5338 1415 1415 5339 1439 1439 5340 1390 1390 5341 1436 1436 5342 1390 1390 5343 1387 1387 5344 1436 1436 5345 1369 1369 5346 1366 1366 5347 1418 1418 5348 1366 1366 5349 1415 1415 5350 1418 1418 5351 1393 1393 5352 1390 1390 5353 1442 1442 5354 1390 1390 5355 1439 1439 5356 1442 1442 5357 1369 1369 5358 1418 1418 5359 1372 1372 5360 1418 1418 5361 1421 1421 5362 1372 1372 5363 1393 1393 5364 1442 1442 5365 1349 1349 5366 1442 1442 5367 1396 1396 5368 1349 1349 5369 1399 1399 5370 1397 1397 5371 1333 1333 5372 1397 1397 5373 1332 1332 5374 1333 1333 5375 1421 1421 5376 1424 1424 5377 1372 1372 5378 1424 1424 5379 1375 1375 5380 1372 1372 5381 1400 1400 5382 1403 1403 5383 1351 1351 5384 1403 1403 5385 1354 1354 5386 1351 1351 5387 1352 1352 5388 1348 1348 5389 1353 1353 5390 1348 1348 5391 1350 1350 5392 1353 1353 5393 1353 1353 5394 1350 1350 5395 1351 1351 5396 1350 1350 5397 1349 1349 5398 1351 1351 5399 1355 1355 5400 1352 1352 5401 1356 1356 5402 1352 1352 5403 1353 1353 5404 1356 1356 5405 1356 1356 5406 1353 1353 5407 1354 1354 5408 1353 1353 5409 1351 1351 5410 1354 1354 5411 1358 1358 5412 1355 1355 5413 1359 1359 5414 1355 1355 5415 1356 1356 5416 1359 1359 5417 1359 1359 5418 1356 1356 5419 1357 1357 5420 1356 1356 5421 1354 1354 5422 1357 1357 5423 1361 1361 5424 1358 1358 5425 1362 1362 5426 1358 1358 5427 1359 1359 5428 1362 1362 5429 1362 1362 5430 1359 1359 5431 1360 1360 5432 1359 1359 5433 1357 1357 5434 1360 1360 5435 1364 1364 5436 1361 1361 5437 1365 1365 5438 1361 1361 5439 1362 1362 5440 1365 1365 5441 1365 1365 5442 1362 1362 5443 1363 1363 5444 1362 1362 5445 1360 1360 5446 1363 1363 5447 1367 1367 5448 1364 1364 5449 1368 1368 5450 1364 1364 5451 1365 1365 5452 1368 1368 5453 1368 1368 5454 1365 1365 5455 1366 1366 5456 1365 1365 5457 1363 1363 5458 1366 1366 5459 1370 1370 5460 1367 1367 5461 1371 1371 5462 1367 1367 5463 1368 1368 5464 1371 1371 5465 1371 1371 5466 1368 1368 5467 1369 1369 5468 1368 1368 5469 1366 1366 5470 1369 1369 5471 1373 1373 5472 1370 1370 5473 1374 1374 5474 1370 1370 5475 1371 1371 5476 1374 1374 5477 1374 1374 5478 1371 1371 5479 1372 1372 5480 1371 1371 5481 1369 1369 5482 1372 1372 5483 1376 1376 5484 1373 1373 5485 1377 1377 5486 1373 1373 5487 1374 1374 5488 1377 1377 5489 1377 1377 5490 1374 1374 5491 1375 1375 5492 1374 1374 5493 1372 1372 5494 1375 1375 5495 1379 1379 5496 1376 1376 5497 1380 1380 5498 1376 1376 5499 1377 1377 5500 1380 1380 5501 1380 1380 5502 1377 1377 5503 1378 1378 5504 1377 1377 5505 1375 1375 5506 1378 1378 5507 1382 1382 5508 1379 1379 5509 1383 1383 5510 1379 1379 5511 1380 1380 5512 1383 1383 5513 1383 1383 5514 1380 1380 5515 1381 1381 5516 1380 1380 5517 1378 1378 5518 1381 1381 5519 1385 1385 5520 1382 1382 5521 1386 1386 5522 1382 1382 5523 1383 1383 5524 1386 1386 5525 1386 1386 5526 1383 1383 5527 1384 1384 5528 1383 1383 5529 1381 1381 5530 1384 1384 5531 1388 1388 5532 1385 1385 5533 1389 1389 5534 1385 1385 5535 1386 1386 5536 1389 1389 5537 1389 1389 5538 1386 1386 5539 1387 1387 5540 1386 1386 5541 1384 1384 5542 1387 1387 5543 1391 1391 5544 1388 1388 5545 1392 1392 5546 1388 1388 5547 1389 1389 5548 1392 1392 5549 1392 1392 5550 1389 1389 5551 1390 1390 5552 1389 1389 5553 1387 1387 5554 1390 1390 5555 1394 1394 5556 1391 1391 5557 1395 1395 5558 1391 1391 5559 1392 1392 5560 1395 1395 5561 1395 1395 5562 1392 1392 5563 1393 1393 5564 1392 1392 5565 1390 1390 5566 1393 1393 5567 1348 1348 5568 1394 1394 5569 1350 1350 5570 1394 1394 5571 1395 1395 5572 1350 1350 5573 1350 1350 5574 1395 1395 5575 1349 1349 5576 1395 1395 5577 1393 1393 5578 1349 1349 5579 1397 1397 5580 1441 1441 5581 1332 1332 5582 1441 1441 5583 1347 1347 5584 1332 1332 5585 1397 1397 5586 1399 1399 5587 1398 1398 5588 1399 1399 5589 1401 1401 5590 1398 1398 5591 1398 1398 5592 1401 1401 5593 1396 1396 5594 1401 1401 5595 1400 1400 5596 1396 1396 5597 1399 1399 5598 1402 1402 5599 1401 1401 5600 1402 1402 5601 1404 1404 5602 1401 1401 5603 1401 1401 5604 1404 1404 5605 1400 1400 5606 1404 1404 5607 1403 1403 5608 1400 1400 5609 1402 1402 5610 1405 1405 5611 1404 1404 5612 1405 1405 5613 1407 1407 5614 1404 1404 5615 1404 1404 5616 1407 1407 5617 1403 1403 5618 1407 1407 5619 1406 1406 5620 1403 1403 5621 1405 1405 5622 1408 1408 5623 1407 1407 5624 1408 1408 5625 1410 1410 5626 1407 1407 5627 1407 1407 5628 1410 1410 5629 1406 1406 5630 1410 1410 5631 1409 1409 5632 1406 1406 5633 1408 1408 5634 1411 1411 5635 1410 1410 5636 1411 1411 5637 1413 1413 5638 1410 1410 5639 1410 1410 5640 1413 1413 5641 1409 1409 5642 1413 1413 5643 1412 1412 5644 1409 1409 5645 1411 1411 5646 1414 1414 5647 1413 1413 5648 1414 1414 5649 1416 1416 5650 1413 1413 5651 1413 1413 5652 1416 1416 5653 1412 1412 5654 1416 1416 5655 1415 1415 5656 1412 1412 5657 1414 1414 5658 1417 1417 5659 1416 1416 5660 1417 1417 5661 1419 1419 5662 1416 1416 5663 1416 1416 5664 1419 1419 5665 1415 1415 5666 1419 1419 5667 1418 1418 5668 1415 1415 5669 1417 1417 5670 1420 1420 5671 1419 1419 5672 1420 1420 5673 1422 1422 5674 1419 1419 5675 1419 1419 5676 1422 1422 5677 1418 1418 5678 1422 1422 5679 1421 1421 5680 1418 1418 5681 1420 1420 5682 1423 1423 5683 1422 1422 5684 1423 1423 5685 1425 1425 5686 1422 1422 5687 1422 1422 5688 1425 1425 5689 1421 1421 5690 1425 1425 5691 1424 1424 5692 1421 1421 5693 1423 1423 5694 1426 1426 5695 1425 1425 5696 1426 1426 5697 1428 1428 5698 1425 1425 5699 1425 1425 5700 1428 1428 5701 1424 1424 5702 1428 1428 5703 1427 1427 5704 1424 1424 5705 1426 1426 5706 1429 1429 5707 1428 1428 5708 1429 1429 5709 1431 1431 5710 1428 1428 5711 1428 1428 5712 1431 1431 5713 1427 1427 5714 1431 1431 5715 1430 1430 5716 1427 1427 5717 1429 1429 5718 1432 1432 5719 1431 1431 5720 1432 1432 5721 1434 1434 5722 1431 1431 5723 1431 1431 5724 1434 1434 5725 1430 1430 5726 1434 1434 5727 1433 1433 5728 1430 1430 5729 1432 1432 5730 1435 1435 5731 1434 1434 5732 1435 1435 5733 1437 1437 5734 1434 1434 5735 1434 1434 5736 1437 1437 5737 1433 1433 5738 1437 1437 5739 1436 1436 5740 1433 1433 5741 1435 1435 5742 1438 1438 5743 1437 1437 5744 1438 1438 5745 1440 1440 5746 1437 1437 5747 1437 1437 5748 1440 1440 5749 1436 1436 5750 1440 1440 5751 1439 1439 5752 1436 1436 5753 1438 1438 5754 1441 1441 5755 1440 1440 5756 1441 1441 5757 1443 1443 5758 1440 1440 5759 1440 1440 5760 1443 1443 5761 1439 1439 5762 1443 1443 5763 1442 1442 5764 1439 1439 5765 1441 1441 5766 1397 1397 5767 1443 1443 5768 1397 1397 5769 1398 1398 5770 1443 1443 5771 1443 1443 5772 1398 1398 5773 1442 1442 5774 1398 1398 5775 1396 1396 5776 1442 1442 5777 1396 1396 5778 1400 1400 5779 1349 1349 5780 1400 1400 5781 1351 1351 5782 1349 1349 5783 1530 1530 5784 1527 1527 5785 1462 1462 5786 1527 1527 5787 1461 1461 5788 1462 1462 5789 1489 1489 5790 1448 1448 5791 1486 1486 5792 1448 1448 5793 1447 1447 5794 1486 1486 5795 1501 1501 5796 1452 1452 5797 1498 1498 5798 1452 1452 5799 1451 1451 5800 1498 1498 5801 1495 1495 5802 1450 1450 5803 1492 1492 5804 1450 1450 5805 1449 1449 5806 1492 1492 5807 1486 1486 5808 1447 1447 5809 1483 1483 5810 1447 1447 5811 1446 1446 5812 1483 1483 5813 1513 1513 5814 1456 1456 5815 1510 1510 5816 1456 1456 5817 1455 1455 5818 1510 1510 5819 1476 1476 5820 1444 1444 5821 1522 1522 5822 1444 1444 5823 1459 1459 5824 1522 1522 5825 1510 1510 5826 1455 1455 5827 1507 1507 5828 1455 1455 5829 1454 1454 5830 1507 1507 5831 1492 1492 5832 1449 1449 5833 1489 1489 5834 1449 1449 5835 1448 1448 5836 1489 1489 5837 1483 1483 5838 1446 1446 5839 1480 1480 5840 1446 1446 5841 1445 1445 5842 1480 1480 5843 1522 1522 5844 1459 1459 5845 1519 1519 5846 1459 1459 5847 1458 1458 5848 1519 1519 5849 1516 1516 5850 1457 1457 5851 1513 1513 5852 1457 1457 5853 1456 1456 5854 1513 1513 5855 1507 1507 5856 1454 1454 5857 1504 1504 5858 1454 1454 5859 1453 1453 5860 1504 1504 5861 1498 1498 5862 1451 1451 5863 1495 1495 5864 1451 1451 5865 1450 1450 5866 1495 1495 5867 1504 1504 5868 1453 1453 5869 1501 1501 5870 1453 1453 5871 1452 1452 5872 1501 1501 5873 1519 1519 5874 1458 1458 5875 1516 1516 5876 1458 1458 5877 1457 1457 5878 1516 1516 5879 1551 1551 5880 1548 1548 5881 1469 1469 5882 1548 1548 5883 1468 1468 5884 1469 1469 5885 1480 1480 5886 1445 1445 5887 1476 1476 5888 1445 1445 5889 1444 1444 5890 1476 1476 5891 1554 1554 5892 1551 1551 5893 1470 1470 5894 1551 1551 5895 1469 1469 5896 1470 1470 5897 1533 1533 5898 1530 1530 5899 1463 1463 5900 1530 1530 5901 1462 1462 5902 1463 1463 5903 1557 1557 5904 1554 1554 5905 1471 1471 5906 1554 1554 5907 1470 1470 5908 1471 1471 5909 1536 1536 5910 1533 1533 5911 1464 1464 5912 1533 1533 5913 1463 1463 5914 1464 1464 5915 1560 1560 5916 1557 1557 5917 1472 1472 5918 1557 1557 5919 1471 1471 5920 1472 1472 5921 1539 1539 5922 1536 1536 5923 1465 1465 5924 1536 1536 5925 1464 1464 5926 1465 1465 5927 1563 1563 5928 1560 1560 5929 1473 1473 5930 1560 1560 5931 1472 1472 5932 1473 1473 5933 1542 1542 5934 1539 1539 5935 1466 1466 5936 1539 1539 5937 1465 1465 5938 1466 1466 5939 1566 1566 5940 1563 1563 5941 1474 1474 5942 1563 1563 5943 1473 1473 5944 1474 1474 5945 1545 1545 5946 1542 1542 5947 1467 1467 5948 1542 1542 5949 1466 1466 5950 1467 1467 5951 1569 1569 5952 1566 1566 5953 1475 1475 5954 1566 1566 5955 1474 1474 5956 1475 1475 5957 1548 1548 5958 1545 1545 5959 1468 1468 5960 1545 1545 5961 1467 1467 5962 1468 1468 5963 1506 1506 5964 1503 1503 5965 1555 1555 5966 1503 1503 5967 1552 1552 5968 1555 1555 5969 1485 1485 5970 1482 1482 5971 1534 1534 5972 1482 1482 5973 1531 1531 5974 1534 1534 5975 1509 1509 5976 1506 1506 5977 1558 1558 5978 1506 1506 5979 1555 1555 5980 1558 1558 5981 1534 1534 5982 1537 1537 5983 1485 1485 5984 1537 1537 5985 1488 1488 5986 1485 1485 5987 1509 1509 5988 1558 1558 5989 1512 1512 5990 1558 1558 5991 1561 1561 5992 1512 1512 5993 1491 1491 5994 1488 1488 5995 1540 1540 5996 1488 1488 5997 1537 1537 5998 1540 1540 5999 1561 1561 6000 1564 1564 6001 1512 1512 6002 1564 1564 6003 1515 1515 6004 1512 1512 6005 1494 1494 6006 1491 1491 6007 1543 1543 6008 1491 1491 6009 1540 1540 6010 1543 1543 6011 1567 1567 6012 1518 1518 6013 1564 1564 6014 1518 1518 6015 1515 1515 6016 1564 1564 6017 1497 1497 6018 1494 1494 6019 1546 1546 6020 1494 1494 6021 1543 1543 6022 1546 1546 6023 1521 1521 6024 1518 1518 6025 1570 1570 6026 1518 1518 6027 1567 1567 6028 1570 1570 6029 1497 1497 6030 1546 1546 6031 1500 1500 6032 1546 1546 6033 1549 1549 6034 1500 1500 6035 1521 1521 6036 1570 1570 6037 1477 1477 6038 1570 1570 6039 1524 1524 6040 1477 1477 6041 1527 1527 6042 1525 1525 6043 1461 1461 6044 1525 1525 6045 1460 1460 6046 1461 1461 6047 1549 1549 6048 1552 1552 6049 1500 1500 6050 1552 1552 6051 1503 1503 6052 1500 1500 6053 1528 1528 6054 1531 1531 6055 1479 1479 6056 1531 1531 6057 1482 1482 6058 1479 1479 6059 1480 1480 6060 1476 1476 6061 1481 1481 6062 1476 1476 6063 1478 1478 6064 1481 1481 6065 1481 1481 6066 1478 1478 6067 1479 1479 6068 1478 1478 6069 1477 1477 6070 1479 1479 6071 1483 1483 6072 1480 1480 6073 1484 1484 6074 1480 1480 6075 1481 1481 6076 1484 1484 6077 1484 1484 6078 1481 1481 6079 1482 1482 6080 1481 1481 6081 1479 1479 6082 1482 1482 6083 1486 1486 6084 1483 1483 6085 1487 1487 6086 1483 1483 6087 1484 1484 6088 1487 1487 6089 1487 1487 6090 1484 1484 6091 1485 1485 6092 1484 1484 6093 1482 1482 6094 1485 1485 6095 1489 1489 6096 1486 1486 6097 1490 1490 6098 1486 1486 6099 1487 1487 6100 1490 1490 6101 1490 1490 6102 1487 1487 6103 1488 1488 6104 1487 1487 6105 1485 1485 6106 1488 1488 6107 1492 1492 6108 1489 1489 6109 1493 1493 6110 1489 1489 6111 1490 1490 6112 1493 1493 6113 1493 1493 6114 1490 1490 6115 1491 1491 6116 1490 1490 6117 1488 1488 6118 1491 1491 6119 1495 1495 6120 1492 1492 6121 1496 1496 6122 1492 1492 6123 1493 1493 6124 1496 1496 6125 1496 1496 6126 1493 1493 6127 1494 1494 6128 1493 1493 6129 1491 1491 6130 1494 1494 6131 1498 1498 6132 1495 1495 6133 1499 1499 6134 1495 1495 6135 1496 1496 6136 1499 1499 6137 1499 1499 6138 1496 1496 6139 1497 1497 6140 1496 1496 6141 1494 1494 6142 1497 1497 6143 1501 1501 6144 1498 1498 6145 1502 1502 6146 1498 1498 6147 1499 1499 6148 1502 1502 6149 1502 1502 6150 1499 1499 6151 1500 1500 6152 1499 1499 6153 1497 1497 6154 1500 1500 6155 1504 1504 6156 1501 1501 6157 1505 1505 6158 1501 1501 6159 1502 1502 6160 1505 1505 6161 1505 1505 6162 1502 1502 6163 1503 1503 6164 1502 1502 6165 1500 1500 6166 1503 1503 6167 1507 1507 6168 1504 1504 6169 1508 1508 6170 1504 1504 6171 1505 1505 6172 1508 1508 6173 1508 1508 6174 1505 1505 6175 1506 1506 6176 1505 1505 6177 1503 1503 6178 1506 1506 6179 1510 1510 6180 1507 1507 6181 1511 1511 6182 1507 1507 6183 1508 1508 6184 1511 1511 6185 1511 1511 6186 1508 1508 6187 1509 1509 6188 1508 1508 6189 1506 1506 6190 1509 1509 6191 1513 1513 6192 1510 1510 6193 1514 1514 6194 1510 1510 6195 1511 1511 6196 1514 1514 6197 1514 1514 6198 1511 1511 6199 1512 1512 6200 1511 1511 6201 1509 1509 6202 1512 1512 6203 1516 1516 6204 1513 1513 6205 1517 1517 6206 1513 1513 6207 1514 1514 6208 1517 1517 6209 1517 1517 6210 1514 1514 6211 1515 1515 6212 1514 1514 6213 1512 1512 6214 1515 1515 6215 1519 1519 6216 1516 1516 6217 1520 1520 6218 1516 1516 6219 1517 1517 6220 1520 1520 6221 1520 1520 6222 1517 1517 6223 1518 1518 6224 1517 1517 6225 1515 1515 6226 1518 1518 6227 1522 1522 6228 1519 1519 6229 1523 1523 6230 1519 1519 6231 1520 1520 6232 1523 1523 6233 1523 1523 6234 1520 1520 6235 1521 1521 6236 1520 1520 6237 1518 1518 6238 1521 1521 6239 1476 1476 6240 1522 1522 6241 1478 1478 6242 1522 1522 6243 1523 1523 6244 1478 1478 6245 1478 1478 6246 1523 1523 6247 1477 1477 6248 1523 1523 6249 1521 1521 6250 1477 1477 6251 1525 1525 6252 1569 1569 6253 1460 1460 6254 1569 1569 6255 1475 1475 6256 1460 1460 6257 1525 1525 6258 1527 1527 6259 1526 1526 6260 1527 1527 6261 1529 1529 6262 1526 1526 6263 1526 1526 6264 1529 1529 6265 1524 1524 6266 1529 1529 6267 1528 1528 6268 1524 1524 6269 1527 1527 6270 1530 1530 6271 1529 1529 6272 1530 1530 6273 1532 1532 6274 1529 1529 6275 1529 1529 6276 1532 1532 6277 1528 1528 6278 1532 1532 6279 1531 1531 6280 1528 1528 6281 1530 1530 6282 1533 1533 6283 1532 1532 6284 1533 1533 6285 1535 1535 6286 1532 1532 6287 1532 1532 6288 1535 1535 6289 1531 1531 6290 1535 1535 6291 1534 1534 6292 1531 1531 6293 1533 1533 6294 1536 1536 6295 1535 1535 6296 1536 1536 6297 1538 1538 6298 1535 1535 6299 1535 1535 6300 1538 1538 6301 1534 1534 6302 1538 1538 6303 1537 1537 6304 1534 1534 6305 1536 1536 6306 1539 1539 6307 1538 1538 6308 1539 1539 6309 1541 1541 6310 1538 1538 6311 1538 1538 6312 1541 1541 6313 1537 1537 6314 1541 1541 6315 1540 1540 6316 1537 1537 6317 1539 1539 6318 1542 1542 6319 1541 1541 6320 1542 1542 6321 1544 1544 6322 1541 1541 6323 1541 1541 6324 1544 1544 6325 1540 1540 6326 1544 1544 6327 1543 1543 6328 1540 1540 6329 1542 1542 6330 1545 1545 6331 1544 1544 6332 1545 1545 6333 1547 1547 6334 1544 1544 6335 1544 1544 6336 1547 1547 6337 1543 1543 6338 1547 1547 6339 1546 1546 6340 1543 1543 6341 1545 1545 6342 1548 1548 6343 1547 1547 6344 1548 1548 6345 1550 1550 6346 1547 1547 6347 1547 1547 6348 1550 1550 6349 1546 1546 6350 1550 1550 6351 1549 1549 6352 1546 1546 6353 1548 1548 6354 1551 1551 6355 1550 1550 6356 1551 1551 6357 1553 1553 6358 1550 1550 6359 1550 1550 6360 1553 1553 6361 1549 1549 6362 1553 1553 6363 1552 1552 6364 1549 1549 6365 1551 1551 6366 1554 1554 6367 1553 1553 6368 1554 1554 6369 1556 1556 6370 1553 1553 6371 1553 1553 6372 1556 1556 6373 1552 1552 6374 1556 1556 6375 1555 1555 6376 1552 1552 6377 1554 1554 6378 1557 1557 6379 1556 1556 6380 1557 1557 6381 1559 1559 6382 1556 1556 6383 1556 1556 6384 1559 1559 6385 1555 1555 6386 1559 1559 6387 1558 1558 6388 1555 1555 6389 1557 1557 6390 1560 1560 6391 1559 1559 6392 1560 1560 6393 1562 1562 6394 1559 1559 6395 1559 1559 6396 1562 1562 6397 1558 1558 6398 1562 1562 6399 1561 1561 6400 1558 1558 6401 1560 1560 6402 1563 1563 6403 1562 1562 6404 1563 1563 6405 1565 1565 6406 1562 1562 6407 1562 1562 6408 1565 1565 6409 1561 1561 6410 1565 1565 6411 1564 1564 6412 1561 1561 6413 1563 1563 6414 1566 1566 6415 1565 1565 6416 1566 1566 6417 1568 1568 6418 1565 1565 6419 1565 1565 6420 1568 1568 6421 1564 1564 6422 1568 1568 6423 1567 1567 6424 1564 1564 6425 1566 1566 6426 1569 1569 6427 1568 1568 6428 1569 1569 6429 1571 1571 6430 1568 1568 6431 1568 1568 6432 1571 1571 6433 1567 1567 6434 1571 1571 6435 1570 1570 6436 1567 1567 6437 1569 1569 6438 1525 1525 6439 1571 1571 6440 1525 1525 6441 1526 1526 6442 1571 1571 6443 1571 1571 6444 1526 1526 6445 1570 1570 6446 1526 1526 6447 1524 1524 6448 1570 1570 6449 1524 1524 6450 1528 1528 6451 1477 1477 6452 1528 1528 6453 1479 1479 6454 1477 1477 6455 1658 1658 6456 1655 1655 6457 1590 1590 6458 1655 1655 6459 1589 1589 6460 1590 1590 6461 1617 1617 6462 1576 1576 6463 1614 1614 6464 1576 1576 6465 1575 1575 6466 1614 1614 6467 1629 1629 6468 1580 1580 6469 1626 1626 6470 1580 1580 6471 1579 1579 6472 1626 1626 6473 1623 1623 6474 1578 1578 6475 1620 1620 6476 1578 1578 6477 1577 1577 6478 1620 1620 6479 1614 1614 6480 1575 1575 6481 1611 1611 6482 1575 1575 6483 1574 1574 6484 1611 1611 6485 1641 1641 6486 1584 1584 6487 1638 1638 6488 1584 1584 6489 1583 1583 6490 1638 1638 6491 1604 1604 6492 1572 1572 6493 1650 1650 6494 1572 1572 6495 1587 1587 6496 1650 1650 6497 1638 1638 6498 1583 1583 6499 1635 1635 6500 1583 1583 6501 1582 1582 6502 1635 1635 6503 1620 1620 6504 1577 1577 6505 1617 1617 6506 1577 1577 6507 1576 1576 6508 1617 1617 6509 1611 1611 6510 1574 1574 6511 1608 1608 6512 1574 1574 6513 1573 1573 6514 1608 1608 6515 1650 1650 6516 1587 1587 6517 1647 1647 6518 1587 1587 6519 1586 1586 6520 1647 1647 6521 1644 1644 6522 1585 1585 6523 1641 1641 6524 1585 1585 6525 1584 1584 6526 1641 1641 6527 1635 1635 6528 1582 1582 6529 1632 1632 6530 1582 1582 6531 1581 1581 6532 1632 1632 6533 1626 1626 6534 1579 1579 6535 1623 1623 6536 1579 1579 6537 1578 1578 6538 1623 1623 6539 1632 1632 6540 1581 1581 6541 1629 1629 6542 1581 1581 6543 1580 1580 6544 1629 1629 6545 1647 1647 6546 1586 1586 6547 1644 1644 6548 1586 1586 6549 1585 1585 6550 1644 1644 6551 1679 1679 6552 1676 1676 6553 1597 1597 6554 1676 1676 6555 1596 1596 6556 1597 1597 6557 1608 1608 6558 1573 1573 6559 1604 1604 6560 1573 1573 6561 1572 1572 6562 1604 1604 6563 1682 1682 6564 1679 1679 6565 1598 1598 6566 1679 1679 6567 1597 1597 6568 1598 1598 6569 1661 1661 6570 1658 1658 6571 1591 1591 6572 1658 1658 6573 1590 1590 6574 1591 1591 6575 1685 1685 6576 1682 1682 6577 1599 1599 6578 1682 1682 6579 1598 1598 6580 1599 1599 6581 1664 1664 6582 1661 1661 6583 1592 1592 6584 1661 1661 6585 1591 1591 6586 1592 1592 6587 1688 1688 6588 1685 1685 6589 1600 1600 6590 1685 1685 6591 1599 1599 6592 1600 1600 6593 1667 1667 6594 1664 1664 6595 1593 1593 6596 1664 1664 6597 1592 1592 6598 1593 1593 6599 1691 1691 6600 1688 1688 6601 1601 1601 6602 1688 1688 6603 1600 1600 6604 1601 1601 6605 1670 1670 6606 1667 1667 6607 1594 1594 6608 1667 1667 6609 1593 1593 6610 1594 1594 6611 1694 1694 6612 1691 1691 6613 1602 1602 6614 1691 1691 6615 1601 1601 6616 1602 1602 6617 1673 1673 6618 1670 1670 6619 1595 1595 6620 1670 1670 6621 1594 1594 6622 1595 1595 6623 1697 1697 6624 1694 1694 6625 1603 1603 6626 1694 1694 6627 1602 1602 6628 1603 1603 6629 1676 1676 6630 1673 1673 6631 1596 1596 6632 1673 1673 6633 1595 1595 6634 1596 1596 6635 1634 1634 6636 1631 1631 6637 1683 1683 6638 1631 1631 6639 1680 1680 6640 1683 1683 6641 1613 1613 6642 1610 1610 6643 1662 1662 6644 1610 1610 6645 1659 1659 6646 1662 1662 6647 1637 1637 6648 1634 1634 6649 1686 1686 6650 1634 1634 6651 1683 1683 6652 1686 1686 6653 1662 1662 6654 1665 1665 6655 1613 1613 6656 1665 1665 6657 1616 1616 6658 1613 1613 6659 1637 1637 6660 1686 1686 6661 1640 1640 6662 1686 1686 6663 1689 1689 6664 1640 1640 6665 1619 1619 6666 1616 1616 6667 1668 1668 6668 1616 1616 6669 1665 1665 6670 1668 1668 6671 1689 1689 6672 1692 1692 6673 1640 1640 6674 1692 1692 6675 1643 1643 6676 1640 1640 6677 1622 1622 6678 1619 1619 6679 1671 1671 6680 1619 1619 6681 1668 1668 6682 1671 1671 6683 1695 1695 6684 1646 1646 6685 1692 1692 6686 1646 1646 6687 1643 1643 6688 1692 1692 6689 1625 1625 6690 1622 1622 6691 1674 1674 6692 1622 1622 6693 1671 1671 6694 1674 1674 6695 1649 1649 6696 1646 1646 6697 1698 1698 6698 1646 1646 6699 1695 1695 6700 1698 1698 6701 1625 1625 6702 1674 1674 6703 1628 1628 6704 1674 1674 6705 1677 1677 6706 1628 1628 6707 1649 1649 6708 1698 1698 6709 1605 1605 6710 1698 1698 6711 1652 1652 6712 1605 1605 6713 1655 1655 6714 1653 1653 6715 1589 1589 6716 1653 1653 6717 1588 1588 6718 1589 1589 6719 1677 1677 6720 1680 1680 6721 1628 1628 6722 1680 1680 6723 1631 1631 6724 1628 1628 6725 1656 1656 6726 1659 1659 6727 1607 1607 6728 1659 1659 6729 1610 1610 6730 1607 1607 6731 1608 1608 6732 1604 1604 6733 1609 1609 6734 1604 1604 6735 1606 1606 6736 1609 1609 6737 1609 1609 6738 1606 1606 6739 1607 1607 6740 1606 1606 6741 1605 1605 6742 1607 1607 6743 1611 1611 6744 1608 1608 6745 1612 1612 6746 1608 1608 6747 1609 1609 6748 1612 1612 6749 1612 1612 6750 1609 1609 6751 1610 1610 6752 1609 1609 6753 1607 1607 6754 1610 1610 6755 1614 1614 6756 1611 1611 6757 1615 1615 6758 1611 1611 6759 1612 1612 6760 1615 1615 6761 1615 1615 6762 1612 1612 6763 1613 1613 6764 1612 1612 6765 1610 1610 6766 1613 1613 6767 1617 1617 6768 1614 1614 6769 1618 1618 6770 1614 1614 6771 1615 1615 6772 1618 1618 6773 1618 1618 6774 1615 1615 6775 1616 1616 6776 1615 1615 6777 1613 1613 6778 1616 1616 6779 1620 1620 6780 1617 1617 6781 1621 1621 6782 1617 1617 6783 1618 1618 6784 1621 1621 6785 1621 1621 6786 1618 1618 6787 1619 1619 6788 1618 1618 6789 1616 1616 6790 1619 1619 6791 1623 1623 6792 1620 1620 6793 1624 1624 6794 1620 1620 6795 1621 1621 6796 1624 1624 6797 1624 1624 6798 1621 1621 6799 1622 1622 6800 1621 1621 6801 1619 1619 6802 1622 1622 6803 1626 1626 6804 1623 1623 6805 1627 1627 6806 1623 1623 6807 1624 1624 6808 1627 1627 6809 1627 1627 6810 1624 1624 6811 1625 1625 6812 1624 1624 6813 1622 1622 6814 1625 1625 6815 1629 1629 6816 1626 1626 6817 1630 1630 6818 1626 1626 6819 1627 1627 6820 1630 1630 6821 1630 1630 6822 1627 1627 6823 1628 1628 6824 1627 1627 6825 1625 1625 6826 1628 1628 6827 1632 1632 6828 1629 1629 6829 1633 1633 6830 1629 1629 6831 1630 1630 6832 1633 1633 6833 1633 1633 6834 1630 1630 6835 1631 1631 6836 1630 1630 6837 1628 1628 6838 1631 1631 6839 1635 1635 6840 1632 1632 6841 1636 1636 6842 1632 1632 6843 1633 1633 6844 1636 1636 6845 1636 1636 6846 1633 1633 6847 1634 1634 6848 1633 1633 6849 1631 1631 6850 1634 1634 6851 1638 1638 6852 1635 1635 6853 1639 1639 6854 1635 1635 6855 1636 1636 6856 1639 1639 6857 1639 1639 6858 1636 1636 6859 1637 1637 6860 1636 1636 6861 1634 1634 6862 1637 1637 6863 1641 1641 6864 1638 1638 6865 1642 1642 6866 1638 1638 6867 1639 1639 6868 1642 1642 6869 1642 1642 6870 1639 1639 6871 1640 1640 6872 1639 1639 6873 1637 1637 6874 1640 1640 6875 1644 1644 6876 1641 1641 6877 1645 1645 6878 1641 1641 6879 1642 1642 6880 1645 1645 6881 1645 1645 6882 1642 1642 6883 1643 1643 6884 1642 1642 6885 1640 1640 6886 1643 1643 6887 1647 1647 6888 1644 1644 6889 1648 1648 6890 1644 1644 6891 1645 1645 6892 1648 1648 6893 1648 1648 6894 1645 1645 6895 1646 1646 6896 1645 1645 6897 1643 1643 6898 1646 1646 6899 1650 1650 6900 1647 1647 6901 1651 1651 6902 1647 1647 6903 1648 1648 6904 1651 1651 6905 1651 1651 6906 1648 1648 6907 1649 1649 6908 1648 1648 6909 1646 1646 6910 1649 1649 6911 1604 1604 6912 1650 1650 6913 1606 1606 6914 1650 1650 6915 1651 1651 6916 1606 1606 6917 1606 1606 6918 1651 1651 6919 1605 1605 6920 1651 1651 6921 1649 1649 6922 1605 1605 6923 1653 1653 6924 1697 1697 6925 1588 1588 6926 1697 1697 6927 1603 1603 6928 1588 1588 6929 1653 1653 6930 1655 1655 6931 1654 1654 6932 1655 1655 6933 1657 1657 6934 1654 1654 6935 1654 1654 6936 1657 1657 6937 1652 1652 6938 1657 1657 6939 1656 1656 6940 1652 1652 6941 1655 1655 6942 1658 1658 6943 1657 1657 6944 1658 1658 6945 1660 1660 6946 1657 1657 6947 1657 1657 6948 1660 1660 6949 1656 1656 6950 1660 1660 6951 1659 1659 6952 1656 1656 6953 1658 1658 6954 1661 1661 6955 1660 1660 6956 1661 1661 6957 1663 1663 6958 1660 1660 6959 1660 1660 6960 1663 1663 6961 1659 1659 6962 1663 1663 6963 1662 1662 6964 1659 1659 6965 1661 1661 6966 1664 1664 6967 1663 1663 6968 1664 1664 6969 1666 1666 6970 1663 1663 6971 1663 1663 6972 1666 1666 6973 1662 1662 6974 1666 1666 6975 1665 1665 6976 1662 1662 6977 1664 1664 6978 1667 1667 6979 1666 1666 6980 1667 1667 6981 1669 1669 6982 1666 1666 6983 1666 1666 6984 1669 1669 6985 1665 1665 6986 1669 1669 6987 1668 1668 6988 1665 1665 6989 1667 1667 6990 1670 1670 6991 1669 1669 6992 1670 1670 6993 1672 1672 6994 1669 1669 6995 1669 1669 6996 1672 1672 6997 1668 1668 6998 1672 1672 6999 1671 1671 7000 1668 1668 7001 1670 1670 7002 1673 1673 7003 1672 1672 7004 1673 1673 7005 1675 1675 7006 1672 1672 7007 1672 1672 7008 1675 1675 7009 1671 1671 7010 1675 1675 7011 1674 1674 7012 1671 1671 7013 1673 1673 7014 1676 1676 7015 1675 1675 7016 1676 1676 7017 1678 1678 7018 1675 1675 7019 1675 1675 7020 1678 1678 7021 1674 1674 7022 1678 1678 7023 1677 1677 7024 1674 1674 7025 1676 1676 7026 1679 1679 7027 1678 1678 7028 1679 1679 7029 1681 1681 7030 1678 1678 7031 1678 1678 7032 1681 1681 7033 1677 1677 7034 1681 1681 7035 1680 1680 7036 1677 1677 7037 1679 1679 7038 1682 1682 7039 1681 1681 7040 1682 1682 7041 1684 1684 7042 1681 1681 7043 1681 1681 7044 1684 1684 7045 1680 1680 7046 1684 1684 7047 1683 1683 7048 1680 1680 7049 1682 1682 7050 1685 1685 7051 1684 1684 7052 1685 1685 7053 1687 1687 7054 1684 1684 7055 1684 1684 7056 1687 1687 7057 1683 1683 7058 1687 1687 7059 1686 1686 7060 1683 1683 7061 1685 1685 7062 1688 1688 7063 1687 1687 7064 1688 1688 7065 1690 1690 7066 1687 1687 7067 1687 1687 7068 1690 1690 7069 1686 1686 7070 1690 1690 7071 1689 1689 7072 1686 1686 7073 1688 1688 7074 1691 1691 7075 1690 1690 7076 1691 1691 7077 1693 1693 7078 1690 1690 7079 1690 1690 7080 1693 1693 7081 1689 1689 7082 1693 1693 7083 1692 1692 7084 1689 1689 7085 1691 1691 7086 1694 1694 7087 1693 1693 7088 1694 1694 7089 1696 1696 7090 1693 1693 7091 1693 1693 7092 1696 1696 7093 1692 1692 7094 1696 1696 7095 1695 1695 7096 1692 1692 7097 1694 1694 7098 1697 1697 7099 1696 1696 7100 1697 1697 7101 1699 1699 7102 1696 1696 7103 1696 1696 7104 1699 1699 7105 1695 1695 7106 1699 1699 7107 1698 1698 7108 1695 1695 7109 1697 1697 7110 1653 1653 7111 1699 1699 7112 1653 1653 7113 1654 1654 7114 1699 1699 7115 1699 1699 7116 1654 1654 7117 1698 1698 7118 1654 1654 7119 1652 1652 7120 1698 1698 7121 1652 1652 7122 1656 1656 7123 1605 1605 7124 1656 1656 7125 1607 1607 7126 1605 1605 7127 1786 1786 7128 1783 1783 7129 1718 1718 7130 1783 1783 7131 1717 1717 7132 1718 1718 7133 1745 1745 7134 1704 1704 7135 1742 1742 7136 1704 1704 7137 1703 1703 7138 1742 1742 7139 1757 1757 7140 1708 1708 7141 1754 1754 7142 1708 1708 7143 1707 1707 7144 1754 1754 7145 1751 1751 7146 1706 1706 7147 1748 1748 7148 1706 1706 7149 1705 1705 7150 1748 1748 7151 1742 1742 7152 1703 1703 7153 1739 1739 7154 1703 1703 7155 1702 1702 7156 1739 1739 7157 1769 1769 7158 1712 1712 7159 1766 1766 7160 1712 1712 7161 1711 1711 7162 1766 1766 7163 1732 1732 7164 1700 1700 7165 1778 1778 7166 1700 1700 7167 1715 1715 7168 1778 1778 7169 1766 1766 7170 1711 1711 7171 1763 1763 7172 1711 1711 7173 1710 1710 7174 1763 1763 7175 1748 1748 7176 1705 1705 7177 1745 1745 7178 1705 1705 7179 1704 1704 7180 1745 1745 7181 1739 1739 7182 1702 1702 7183 1736 1736 7184 1702 1702 7185 1701 1701 7186 1736 1736 7187 1778 1778 7188 1715 1715 7189 1775 1775 7190 1715 1715 7191 1714 1714 7192 1775 1775 7193 1772 1772 7194 1713 1713 7195 1769 1769 7196 1713 1713 7197 1712 1712 7198 1769 1769 7199 1763 1763 7200 1710 1710 7201 1760 1760 7202 1710 1710 7203 1709 1709 7204 1760 1760 7205 1754 1754 7206 1707 1707 7207 1751 1751 7208 1707 1707 7209 1706 1706 7210 1751 1751 7211 1760 1760 7212 1709 1709 7213 1757 1757 7214 1709 1709 7215 1708 1708 7216 1757 1757 7217 1775 1775 7218 1714 1714 7219 1772 1772 7220 1714 1714 7221 1713 1713 7222 1772 1772 7223 1807 1807 7224 1804 1804 7225 1725 1725 7226 1804 1804 7227 1724 1724 7228 1725 1725 7229 1736 1736 7230 1701 1701 7231 1732 1732 7232 1701 1701 7233 1700 1700 7234 1732 1732 7235 1810 1810 7236 1807 1807 7237 1726 1726 7238 1807 1807 7239 1725 1725 7240 1726 1726 7241 1789 1789 7242 1786 1786 7243 1719 1719 7244 1786 1786 7245 1718 1718 7246 1719 1719 7247 1813 1813 7248 1810 1810 7249 1727 1727 7250 1810 1810 7251 1726 1726 7252 1727 1727 7253 1792 1792 7254 1789 1789 7255 1720 1720 7256 1789 1789 7257 1719 1719 7258 1720 1720 7259 1816 1816 7260 1813 1813 7261 1728 1728 7262 1813 1813 7263 1727 1727 7264 1728 1728 7265 1795 1795 7266 1792 1792 7267 1721 1721 7268 1792 1792 7269 1720 1720 7270 1721 1721 7271 1819 1819 7272 1816 1816 7273 1729 1729 7274 1816 1816 7275 1728 1728 7276 1729 1729 7277 1798 1798 7278 1795 1795 7279 1722 1722 7280 1795 1795 7281 1721 1721 7282 1722 1722 7283 1822 1822 7284 1819 1819 7285 1730 1730 7286 1819 1819 7287 1729 1729 7288 1730 1730 7289 1801 1801 7290 1798 1798 7291 1723 1723 7292 1798 1798 7293 1722 1722 7294 1723 1723 7295 1825 1825 7296 1822 1822 7297 1731 1731 7298 1822 1822 7299 1730 1730 7300 1731 1731 7301 1804 1804 7302 1801 1801 7303 1724 1724 7304 1801 1801 7305 1723 1723 7306 1724 1724 7307 1762 1762 7308 1759 1759 7309 1811 1811 7310 1759 1759 7311 1808 1808 7312 1811 1811 7313 1741 1741 7314 1738 1738 7315 1790 1790 7316 1738 1738 7317 1787 1787 7318 1790 1790 7319 1765 1765 7320 1762 1762 7321 1814 1814 7322 1762 1762 7323 1811 1811 7324 1814 1814 7325 1790 1790 7326 1793 1793 7327 1741 1741 7328 1793 1793 7329 1744 1744 7330 1741 1741 7331 1765 1765 7332 1814 1814 7333 1768 1768 7334 1814 1814 7335 1817 1817 7336 1768 1768 7337 1747 1747 7338 1744 1744 7339 1796 1796 7340 1744 1744 7341 1793 1793 7342 1796 1796 7343 1817 1817 7344 1820 1820 7345 1768 1768 7346 1820 1820 7347 1771 1771 7348 1768 1768 7349 1750 1750 7350 1747 1747 7351 1799 1799 7352 1747 1747 7353 1796 1796 7354 1799 1799 7355 1823 1823 7356 1774 1774 7357 1820 1820 7358 1774 1774 7359 1771 1771 7360 1820 1820 7361 1753 1753 7362 1750 1750 7363 1802 1802 7364 1750 1750 7365 1799 1799 7366 1802 1802 7367 1777 1777 7368 1774 1774 7369 1826 1826 7370 1774 1774 7371 1823 1823 7372 1826 1826 7373 1753 1753 7374 1802 1802 7375 1756 1756 7376 1802 1802 7377 1805 1805 7378 1756 1756 7379 1777 1777 7380 1826 1826 7381 1733 1733 7382 1826 1826 7383 1780 1780 7384 1733 1733 7385 1783 1783 7386 1781 1781 7387 1717 1717 7388 1781 1781 7389 1716 1716 7390 1717 1717 7391 1805 1805 7392 1808 1808 7393 1756 1756 7394 1808 1808 7395 1759 1759 7396 1756 1756 7397 1784 1784 7398 1787 1787 7399 1735 1735 7400 1787 1787 7401 1738 1738 7402 1735 1735 7403 1736 1736 7404 1732 1732 7405 1737 1737 7406 1732 1732 7407 1734 1734 7408 1737 1737 7409 1737 1737 7410 1734 1734 7411 1735 1735 7412 1734 1734 7413 1733 1733 7414 1735 1735 7415 1739 1739 7416 1736 1736 7417 1740 1740 7418 1736 1736 7419 1737 1737 7420 1740 1740 7421 1740 1740 7422 1737 1737 7423 1738 1738 7424 1737 1737 7425 1735 1735 7426 1738 1738 7427 1742 1742 7428 1739 1739 7429 1743 1743 7430 1739 1739 7431 1740 1740 7432 1743 1743 7433 1743 1743 7434 1740 1740 7435 1741 1741 7436 1740 1740 7437 1738 1738 7438 1741 1741 7439 1745 1745 7440 1742 1742 7441 1746 1746 7442 1742 1742 7443 1743 1743 7444 1746 1746 7445 1746 1746 7446 1743 1743 7447 1744 1744 7448 1743 1743 7449 1741 1741 7450 1744 1744 7451 1748 1748 7452 1745 1745 7453 1749 1749 7454 1745 1745 7455 1746 1746 7456 1749 1749 7457 1749 1749 7458 1746 1746 7459 1747 1747 7460 1746 1746 7461 1744 1744 7462 1747 1747 7463 1751 1751 7464 1748 1748 7465 1752 1752 7466 1748 1748 7467 1749 1749 7468 1752 1752 7469 1752 1752 7470 1749 1749 7471 1750 1750 7472 1749 1749 7473 1747 1747 7474 1750 1750 7475 1754 1754 7476 1751 1751 7477 1755 1755 7478 1751 1751 7479 1752 1752 7480 1755 1755 7481 1755 1755 7482 1752 1752 7483 1753 1753 7484 1752 1752 7485 1750 1750 7486 1753 1753 7487 1757 1757 7488 1754 1754 7489 1758 1758 7490 1754 1754 7491 1755 1755 7492 1758 1758 7493 1758 1758 7494 1755 1755 7495 1756 1756 7496 1755 1755 7497 1753 1753 7498 1756 1756 7499 1760 1760 7500 1757 1757 7501 1761 1761 7502 1757 1757 7503 1758 1758 7504 1761 1761 7505 1761 1761 7506 1758 1758 7507 1759 1759 7508 1758 1758 7509 1756 1756 7510 1759 1759 7511 1763 1763 7512 1760 1760 7513 1764 1764 7514 1760 1760 7515 1761 1761 7516 1764 1764 7517 1764 1764 7518 1761 1761 7519 1762 1762 7520 1761 1761 7521 1759 1759 7522 1762 1762 7523 1766 1766 7524 1763 1763 7525 1767 1767 7526 1763 1763 7527 1764 1764 7528 1767 1767 7529 1767 1767 7530 1764 1764 7531 1765 1765 7532 1764 1764 7533 1762 1762 7534 1765 1765 7535 1769 1769 7536 1766 1766 7537 1770 1770 7538 1766 1766 7539 1767 1767 7540 1770 1770 7541 1770 1770 7542 1767 1767 7543 1768 1768 7544 1767 1767 7545 1765 1765 7546 1768 1768 7547 1772 1772 7548 1769 1769 7549 1773 1773 7550 1769 1769 7551 1770 1770 7552 1773 1773 7553 1773 1773 7554 1770 1770 7555 1771 1771 7556 1770 1770 7557 1768 1768 7558 1771 1771 7559 1775 1775 7560 1772 1772 7561 1776 1776 7562 1772 1772 7563 1773 1773 7564 1776 1776 7565 1776 1776 7566 1773 1773 7567 1774 1774 7568 1773 1773 7569 1771 1771 7570 1774 1774 7571 1778 1778 7572 1775 1775 7573 1779 1779 7574 1775 1775 7575 1776 1776 7576 1779 1779 7577 1779 1779 7578 1776 1776 7579 1777 1777 7580 1776 1776 7581 1774 1774 7582 1777 1777 7583 1732 1732 7584 1778 1778 7585 1734 1734 7586 1778 1778 7587 1779 1779 7588 1734 1734 7589 1734 1734 7590 1779 1779 7591 1733 1733 7592 1779 1779 7593 1777 1777 7594 1733 1733 7595 1781 1781 7596 1825 1825 7597 1716 1716 7598 1825 1825 7599 1731 1731 7600 1716 1716 7601 1781 1781 7602 1783 1783 7603 1782 1782 7604 1783 1783 7605 1785 1785 7606 1782 1782 7607 1782 1782 7608 1785 1785 7609 1780 1780 7610 1785 1785 7611 1784 1784 7612 1780 1780 7613 1783 1783 7614 1786 1786 7615 1785 1785 7616 1786 1786 7617 1788 1788 7618 1785 1785 7619 1785 1785 7620 1788 1788 7621 1784 1784 7622 1788 1788 7623 1787 1787 7624 1784 1784 7625 1786 1786 7626 1789 1789 7627 1788 1788 7628 1789 1789 7629 1791 1791 7630 1788 1788 7631 1788 1788 7632 1791 1791 7633 1787 1787 7634 1791 1791 7635 1790 1790 7636 1787 1787 7637 1789 1789 7638 1792 1792 7639 1791 1791 7640 1792 1792 7641 1794 1794 7642 1791 1791 7643 1791 1791 7644 1794 1794 7645 1790 1790 7646 1794 1794 7647 1793 1793 7648 1790 1790 7649 1792 1792 7650 1795 1795 7651 1794 1794 7652 1795 1795 7653 1797 1797 7654 1794 1794 7655 1794 1794 7656 1797 1797 7657 1793 1793 7658 1797 1797 7659 1796 1796 7660 1793 1793 7661 1795 1795 7662 1798 1798 7663 1797 1797 7664 1798 1798 7665 1800 1800 7666 1797 1797 7667 1797 1797 7668 1800 1800 7669 1796 1796 7670 1800 1800 7671 1799 1799 7672 1796 1796 7673 1798 1798 7674 1801 1801 7675 1800 1800 7676 1801 1801 7677 1803 1803 7678 1800 1800 7679 1800 1800 7680 1803 1803 7681 1799 1799 7682 1803 1803 7683 1802 1802 7684 1799 1799 7685 1801 1801 7686 1804 1804 7687 1803 1803 7688 1804 1804 7689 1806 1806 7690 1803 1803 7691 1803 1803 7692 1806 1806 7693 1802 1802 7694 1806 1806 7695 1805 1805 7696 1802 1802 7697 1804 1804 7698 1807 1807 7699 1806 1806 7700 1807 1807 7701 1809 1809 7702 1806 1806 7703 1806 1806 7704 1809 1809 7705 1805 1805 7706 1809 1809 7707 1808 1808 7708 1805 1805 7709 1807 1807 7710 1810 1810 7711 1809 1809 7712 1810 1810 7713 1812 1812 7714 1809 1809 7715 1809 1809 7716 1812 1812 7717 1808 1808 7718 1812 1812 7719 1811 1811 7720 1808 1808 7721 1810 1810 7722 1813 1813 7723 1812 1812 7724 1813 1813 7725 1815 1815 7726 1812 1812 7727 1812 1812 7728 1815 1815 7729 1811 1811 7730 1815 1815 7731 1814 1814 7732 1811 1811 7733 1813 1813 7734 1816 1816 7735 1815 1815 7736 1816 1816 7737 1818 1818 7738 1815 1815 7739 1815 1815 7740 1818 1818 7741 1814 1814 7742 1818 1818 7743 1817 1817 7744 1814 1814 7745 1816 1816 7746 1819 1819 7747 1818 1818 7748 1819 1819 7749 1821 1821 7750 1818 1818 7751 1818 1818 7752 1821 1821 7753 1817 1817 7754 1821 1821 7755 1820 1820 7756 1817 1817 7757 1819 1819 7758 1822 1822 7759 1821 1821 7760 1822 1822 7761 1824 1824 7762 1821 1821 7763 1821 1821 7764 1824 1824 7765 1820 1820 7766 1824 1824 7767 1823 1823 7768 1820 1820 7769 1822 1822 7770 1825 1825 7771 1824 1824 7772 1825 1825 7773 1827 1827 7774 1824 1824 7775 1824 1824 7776 1827 1827 7777 1823 1823 7778 1827 1827 7779 1826 1826 7780 1823 1823 7781 1825 1825 7782 1781 1781 7783 1827 1827 7784 1781 1781 7785 1782 1782 7786 1827 1827 7787 1827 1827 7788 1782 1782 7789 1826 1826 7790 1782 1782 7791 1780 1780 7792 1826 1826 7793 1780 1780 7794 1784 1784 7795 1733 1733 7796 1784 1784 7797 1735 1735 7798 1733 1733 7799 1914 1914 7800 1911 1911 7801 1846 1846 7802 1911 1911 7803 1845 1845 7804 1846 1846 7805 1873 1873 7806 1832 1832 7807 1870 1870 7808 1832 1832 7809 1831 1831 7810 1870 1870 7811 1885 1885 7812 1836 1836 7813 1882 1882 7814 1836 1836 7815 1835 1835 7816 1882 1882 7817 1879 1879 7818 1834 1834 7819 1876 1876 7820 1834 1834 7821 1833 1833 7822 1876 1876 7823 1870 1870 7824 1831 1831 7825 1867 1867 7826 1831 1831 7827 1830 1830 7828 1867 1867 7829 1897 1897 7830 1840 1840 7831 1894 1894 7832 1840 1840 7833 1839 1839 7834 1894 1894 7835 1860 1860 7836 1828 1828 7837 1906 1906 7838 1828 1828 7839 1843 1843 7840 1906 1906 7841 1894 1894 7842 1839 1839 7843 1891 1891 7844 1839 1839 7845 1838 1838 7846 1891 1891 7847 1876 1876 7848 1833 1833 7849 1873 1873 7850 1833 1833 7851 1832 1832 7852 1873 1873 7853 1867 1867 7854 1830 1830 7855 1864 1864 7856 1830 1830 7857 1829 1829 7858 1864 1864 7859 1906 1906 7860 1843 1843 7861 1903 1903 7862 1843 1843 7863 1842 1842 7864 1903 1903 7865 1900 1900 7866 1841 1841 7867 1897 1897 7868 1841 1841 7869 1840 1840 7870 1897 1897 7871 1891 1891 7872 1838 1838 7873 1888 1888 7874 1838 1838 7875 1837 1837 7876 1888 1888 7877 1882 1882 7878 1835 1835 7879 1879 1879 7880 1835 1835 7881 1834 1834 7882 1879 1879 7883 1888 1888 7884 1837 1837 7885 1885 1885 7886 1837 1837 7887 1836 1836 7888 1885 1885 7889 1903 1903 7890 1842 1842 7891 1900 1900 7892 1842 1842 7893 1841 1841 7894 1900 1900 7895 1935 1935 7896 1932 1932 7897 1853 1853 7898 1932 1932 7899 1852 1852 7900 1853 1853 7901 1864 1864 7902 1829 1829 7903 1860 1860 7904 1829 1829 7905 1828 1828 7906 1860 1860 7907 1938 1938 7908 1935 1935 7909 1854 1854 7910 1935 1935 7911 1853 1853 7912 1854 1854 7913 1917 1917 7914 1914 1914 7915 1847 1847 7916 1914 1914 7917 1846 1846 7918 1847 1847 7919 1941 1941 7920 1938 1938 7921 1855 1855 7922 1938 1938 7923 1854 1854 7924 1855 1855 7925 1920 1920 7926 1917 1917 7927 1848 1848 7928 1917 1917 7929 1847 1847 7930 1848 1848 7931 1944 1944 7932 1941 1941 7933 1856 1856 7934 1941 1941 7935 1855 1855 7936 1856 1856 7937 1923 1923 7938 1920 1920 7939 1849 1849 7940 1920 1920 7941 1848 1848 7942 1849 1849 7943 1947 1947 7944 1944 1944 7945 1857 1857 7946 1944 1944 7947 1856 1856 7948 1857 1857 7949 1926 1926 7950 1923 1923 7951 1850 1850 7952 1923 1923 7953 1849 1849 7954 1850 1850 7955 1950 1950 7956 1947 1947 7957 1858 1858 7958 1947 1947 7959 1857 1857 7960 1858 1858 7961 1929 1929 7962 1926 1926 7963 1851 1851 7964 1926 1926 7965 1850 1850 7966 1851 1851 7967 1953 1953 7968 1950 1950 7969 1859 1859 7970 1950 1950 7971 1858 1858 7972 1859 1859 7973 1932 1932 7974 1929 1929 7975 1852 1852 7976 1929 1929 7977 1851 1851 7978 1852 1852 7979 1890 1890 7980 1887 1887 7981 1939 1939 7982 1887 1887 7983 1936 1936 7984 1939 1939 7985 1869 1869 7986 1866 1866 7987 1918 1918 7988 1866 1866 7989 1915 1915 7990 1918 1918 7991 1893 1893 7992 1890 1890 7993 1942 1942 7994 1890 1890 7995 1939 1939 7996 1942 1942 7997 1918 1918 7998 1921 1921 7999 1869 1869 8000 1921 1921 8001 1872 1872 8002 1869 1869 8003 1893 1893 8004 1942 1942 8005 1896 1896 8006 1942 1942 8007 1945 1945 8008 1896 1896 8009 1875 1875 8010 1872 1872 8011 1924 1924 8012 1872 1872 8013 1921 1921 8014 1924 1924 8015 1945 1945 8016 1948 1948 8017 1896 1896 8018 1948 1948 8019 1899 1899 8020 1896 1896 8021 1878 1878 8022 1875 1875 8023 1927 1927 8024 1875 1875 8025 1924 1924 8026 1927 1927 8027 1951 1951 8028 1902 1902 8029 1948 1948 8030 1902 1902 8031 1899 1899 8032 1948 1948 8033 1881 1881 8034 1878 1878 8035 1930 1930 8036 1878 1878 8037 1927 1927 8038 1930 1930 8039 1905 1905 8040 1902 1902 8041 1954 1954 8042 1902 1902 8043 1951 1951 8044 1954 1954 8045 1881 1881 8046 1930 1930 8047 1884 1884 8048 1930 1930 8049 1933 1933 8050 1884 1884 8051 1905 1905 8052 1954 1954 8053 1861 1861 8054 1954 1954 8055 1908 1908 8056 1861 1861 8057 1911 1911 8058 1909 1909 8059 1845 1845 8060 1909 1909 8061 1844 1844 8062 1845 1845 8063 1933 1933 8064 1936 1936 8065 1884 1884 8066 1936 1936 8067 1887 1887 8068 1884 1884 8069 1912 1912 8070 1915 1915 8071 1863 1863 8072 1915 1915 8073 1866 1866 8074 1863 1863 8075 1864 1864 8076 1860 1860 8077 1865 1865 8078 1860 1860 8079 1862 1862 8080 1865 1865 8081 1865 1865 8082 1862 1862 8083 1863 1863 8084 1862 1862 8085 1861 1861 8086 1863 1863 8087 1867 1867 8088 1864 1864 8089 1868 1868 8090 1864 1864 8091 1865 1865 8092 1868 1868 8093 1868 1868 8094 1865 1865 8095 1866 1866 8096 1865 1865 8097 1863 1863 8098 1866 1866 8099 1870 1870 8100 1867 1867 8101 1871 1871 8102 1867 1867 8103 1868 1868 8104 1871 1871 8105 1871 1871 8106 1868 1868 8107 1869 1869 8108 1868 1868 8109 1866 1866 8110 1869 1869 8111 1873 1873 8112 1870 1870 8113 1874 1874 8114 1870 1870 8115 1871 1871 8116 1874 1874 8117 1874 1874 8118 1871 1871 8119 1872 1872 8120 1871 1871 8121 1869 1869 8122 1872 1872 8123 1876 1876 8124 1873 1873 8125 1877 1877 8126 1873 1873 8127 1874 1874 8128 1877 1877 8129 1877 1877 8130 1874 1874 8131 1875 1875 8132 1874 1874 8133 1872 1872 8134 1875 1875 8135 1879 1879 8136 1876 1876 8137 1880 1880 8138 1876 1876 8139 1877 1877 8140 1880 1880 8141 1880 1880 8142 1877 1877 8143 1878 1878 8144 1877 1877 8145 1875 1875 8146 1878 1878 8147 1882 1882 8148 1879 1879 8149 1883 1883 8150 1879 1879 8151 1880 1880 8152 1883 1883 8153 1883 1883 8154 1880 1880 8155 1881 1881 8156 1880 1880 8157 1878 1878 8158 1881 1881 8159 1885 1885 8160 1882 1882 8161 1886 1886 8162 1882 1882 8163 1883 1883 8164 1886 1886 8165 1886 1886 8166 1883 1883 8167 1884 1884 8168 1883 1883 8169 1881 1881 8170 1884 1884 8171 1888 1888 8172 1885 1885 8173 1889 1889 8174 1885 1885 8175 1886 1886 8176 1889 1889 8177 1889 1889 8178 1886 1886 8179 1887 1887 8180 1886 1886 8181 1884 1884 8182 1887 1887 8183 1891 1891 8184 1888 1888 8185 1892 1892 8186 1888 1888 8187 1889 1889 8188 1892 1892 8189 1892 1892 8190 1889 1889 8191 1890 1890 8192 1889 1889 8193 1887 1887 8194 1890 1890 8195 1894 1894 8196 1891 1891 8197 1895 1895 8198 1891 1891 8199 1892 1892 8200 1895 1895 8201 1895 1895 8202 1892 1892 8203 1893 1893 8204 1892 1892 8205 1890 1890 8206 1893 1893 8207 1897 1897 8208 1894 1894 8209 1898 1898 8210 1894 1894 8211 1895 1895 8212 1898 1898 8213 1898 1898 8214 1895 1895 8215 1896 1896 8216 1895 1895 8217 1893 1893 8218 1896 1896 8219 1900 1900 8220 1897 1897 8221 1901 1901 8222 1897 1897 8223 1898 1898 8224 1901 1901 8225 1901 1901 8226 1898 1898 8227 1899 1899 8228 1898 1898 8229 1896 1896 8230 1899 1899 8231 1903 1903 8232 1900 1900 8233 1904 1904 8234 1900 1900 8235 1901 1901 8236 1904 1904 8237 1904 1904 8238 1901 1901 8239 1902 1902 8240 1901 1901 8241 1899 1899 8242 1902 1902 8243 1906 1906 8244 1903 1903 8245 1907 1907 8246 1903 1903 8247 1904 1904 8248 1907 1907 8249 1907 1907 8250 1904 1904 8251 1905 1905 8252 1904 1904 8253 1902 1902 8254 1905 1905 8255 1860 1860 8256 1906 1906 8257 1862 1862 8258 1906 1906 8259 1907 1907 8260 1862 1862 8261 1862 1862 8262 1907 1907 8263 1861 1861 8264 1907 1907 8265 1905 1905 8266 1861 1861 8267 1909 1909 8268 1953 1953 8269 1844 1844 8270 1953 1953 8271 1859 1859 8272 1844 1844 8273 1909 1909 8274 1911 1911 8275 1910 1910 8276 1911 1911 8277 1913 1913 8278 1910 1910 8279 1910 1910 8280 1913 1913 8281 1908 1908 8282 1913 1913 8283 1912 1912 8284 1908 1908 8285 1911 1911 8286 1914 1914 8287 1913 1913 8288 1914 1914 8289 1916 1916 8290 1913 1913 8291 1913 1913 8292 1916 1916 8293 1912 1912 8294 1916 1916 8295 1915 1915 8296 1912 1912 8297 1914 1914 8298 1917 1917 8299 1916 1916 8300 1917 1917 8301 1919 1919 8302 1916 1916 8303 1916 1916 8304 1919 1919 8305 1915 1915 8306 1919 1919 8307 1918 1918 8308 1915 1915 8309 1917 1917 8310 1920 1920 8311 1919 1919 8312 1920 1920 8313 1922 1922 8314 1919 1919 8315 1919 1919 8316 1922 1922 8317 1918 1918 8318 1922 1922 8319 1921 1921 8320 1918 1918 8321 1920 1920 8322 1923 1923 8323 1922 1922 8324 1923 1923 8325 1925 1925 8326 1922 1922 8327 1922 1922 8328 1925 1925 8329 1921 1921 8330 1925 1925 8331 1924 1924 8332 1921 1921 8333 1923 1923 8334 1926 1926 8335 1925 1925 8336 1926 1926 8337 1928 1928 8338 1925 1925 8339 1925 1925 8340 1928 1928 8341 1924 1924 8342 1928 1928 8343 1927 1927 8344 1924 1924 8345 1926 1926 8346 1929 1929 8347 1928 1928 8348 1929 1929 8349 1931 1931 8350 1928 1928 8351 1928 1928 8352 1931 1931 8353 1927 1927 8354 1931 1931 8355 1930 1930 8356 1927 1927 8357 1929 1929 8358 1932 1932 8359 1931 1931 8360 1932 1932 8361 1934 1934 8362 1931 1931 8363 1931 1931 8364 1934 1934 8365 1930 1930 8366 1934 1934 8367 1933 1933 8368 1930 1930 8369 1932 1932 8370 1935 1935 8371 1934 1934 8372 1935 1935 8373 1937 1937 8374 1934 1934 8375 1934 1934 8376 1937 1937 8377 1933 1933 8378 1937 1937 8379 1936 1936 8380 1933 1933 8381 1935 1935 8382 1938 1938 8383 1937 1937 8384 1938 1938 8385 1940 1940 8386 1937 1937 8387 1937 1937 8388 1940 1940 8389 1936 1936 8390 1940 1940 8391 1939 1939 8392 1936 1936 8393 1938 1938 8394 1941 1941 8395 1940 1940 8396 1941 1941 8397 1943 1943 8398 1940 1940 8399 1940 1940 8400 1943 1943 8401 1939 1939 8402 1943 1943 8403 1942 1942 8404 1939 1939 8405 1941 1941 8406 1944 1944 8407 1943 1943 8408 1944 1944 8409 1946 1946 8410 1943 1943 8411 1943 1943 8412 1946 1946 8413 1942 1942 8414 1946 1946 8415 1945 1945 8416 1942 1942 8417 1944 1944 8418 1947 1947 8419 1946 1946 8420 1947 1947 8421 1949 1949 8422 1946 1946 8423 1946 1946 8424 1949 1949 8425 1945 1945 8426 1949 1949 8427 1948 1948 8428 1945 1945 8429 1947 1947 8430 1950 1950 8431 1949 1949 8432 1950 1950 8433 1952 1952 8434 1949 1949 8435 1949 1949 8436 1952 1952 8437 1948 1948 8438 1952 1952 8439 1951 1951 8440 1948 1948 8441 1950 1950 8442 1953 1953 8443 1952 1952 8444 1953 1953 8445 1955 1955 8446 1952 1952 8447 1952 1952 8448 1955 1955 8449 1951 1951 8450 1955 1955 8451 1954 1954 8452 1951 1951 8453 1953 1953 8454 1909 1909 8455 1955 1955 8456 1909 1909 8457 1910 1910 8458 1955 1955 8459 1955 1955 8460 1910 1910 8461 1954 1954 8462 1910 1910 8463 1908 1908 8464 1954 1954 8465 1908 1908 8466 1912 1912 8467 1861 1861 8468 1912 1912 8469 1863 1863 8470 1861 1861 8471 2042 2042 8472 2039 2039 8473 1974 1974 8474 2039 2039 8475 1973 1973 8476 1974 1974 8477 2001 2001 8478 1960 1960 8479 1998 1998 8480 1960 1960 8481 1959 1959 8482 1998 1998 8483 2013 2013 8484 1964 1964 8485 2010 2010 8486 1964 1964 8487 1963 1963 8488 2010 2010 8489 2007 2007 8490 1962 1962 8491 2004 2004 8492 1962 1962 8493 1961 1961 8494 2004 2004 8495 1998 1998 8496 1959 1959 8497 1995 1995 8498 1959 1959 8499 1958 1958 8500 1995 1995 8501 2025 2025 8502 1968 1968 8503 2022 2022 8504 1968 1968 8505 1967 1967 8506 2022 2022 8507 1988 1988 8508 1956 1956 8509 2034 2034 8510 1956 1956 8511 1971 1971 8512 2034 2034 8513 2022 2022 8514 1967 1967 8515 2019 2019 8516 1967 1967 8517 1966 1966 8518 2019 2019 8519 2004 2004 8520 1961 1961 8521 2001 2001 8522 1961 1961 8523 1960 1960 8524 2001 2001 8525 1995 1995 8526 1958 1958 8527 1992 1992 8528 1958 1958 8529 1957 1957 8530 1992 1992 8531 2034 2034 8532 1971 1971 8533 2031 2031 8534 1971 1971 8535 1970 1970 8536 2031 2031 8537 2028 2028 8538 1969 1969 8539 2025 2025 8540 1969 1969 8541 1968 1968 8542 2025 2025 8543 2019 2019 8544 1966 1966 8545 2016 2016 8546 1966 1966 8547 1965 1965 8548 2016 2016 8549 2010 2010 8550 1963 1963 8551 2007 2007 8552 1963 1963 8553 1962 1962 8554 2007 2007 8555 2016 2016 8556 1965 1965 8557 2013 2013 8558 1965 1965 8559 1964 1964 8560 2013 2013 8561 2031 2031 8562 1970 1970 8563 2028 2028 8564 1970 1970 8565 1969 1969 8566 2028 2028 8567 2063 2063 8568 2060 2060 8569 1981 1981 8570 2060 2060 8571 1980 1980 8572 1981 1981 8573 1992 1992 8574 1957 1957 8575 1988 1988 8576 1957 1957 8577 1956 1956 8578 1988 1988 8579 2066 2066 8580 2063 2063 8581 1982 1982 8582 2063 2063 8583 1981 1981 8584 1982 1982 8585 2045 2045 8586 2042 2042 8587 1975 1975 8588 2042 2042 8589 1974 1974 8590 1975 1975 8591 2069 2069 8592 2066 2066 8593 1983 1983 8594 2066 2066 8595 1982 1982 8596 1983 1983 8597 2048 2048 8598 2045 2045 8599 1976 1976 8600 2045 2045 8601 1975 1975 8602 1976 1976 8603 2072 2072 8604 2069 2069 8605 1984 1984 8606 2069 2069 8607 1983 1983 8608 1984 1984 8609 2051 2051 8610 2048 2048 8611 1977 1977 8612 2048 2048 8613 1976 1976 8614 1977 1977 8615 2075 2075 8616 2072 2072 8617 1985 1985 8618 2072 2072 8619 1984 1984 8620 1985 1985 8621 2054 2054 8622 2051 2051 8623 1978 1978 8624 2051 2051 8625 1977 1977 8626 1978 1978 8627 2078 2078 8628 2075 2075 8629 1986 1986 8630 2075 2075 8631 1985 1985 8632 1986 1986 8633 2057 2057 8634 2054 2054 8635 1979 1979 8636 2054 2054 8637 1978 1978 8638 1979 1979 8639 2081 2081 8640 2078 2078 8641 1987 1987 8642 2078 2078 8643 1986 1986 8644 1987 1987 8645 2060 2060 8646 2057 2057 8647 1980 1980 8648 2057 2057 8649 1979 1979 8650 1980 1980 8651 2018 2018 8652 2015 2015 8653 2067 2067 8654 2015 2015 8655 2064 2064 8656 2067 2067 8657 1997 1997 8658 1994 1994 8659 2046 2046 8660 1994 1994 8661 2043 2043 8662 2046 2046 8663 2021 2021 8664 2018 2018 8665 2070 2070 8666 2018 2018 8667 2067 2067 8668 2070 2070 8669 2046 2046 8670 2049 2049 8671 1997 1997 8672 2049 2049 8673 2000 2000 8674 1997 1997 8675 2021 2021 8676 2070 2070 8677 2024 2024 8678 2070 2070 8679 2073 2073 8680 2024 2024 8681 2003 2003 8682 2000 2000 8683 2052 2052 8684 2000 2000 8685 2049 2049 8686 2052 2052 8687 2073 2073 8688 2076 2076 8689 2024 2024 8690 2076 2076 8691 2027 2027 8692 2024 2024 8693 2006 2006 8694 2003 2003 8695 2055 2055 8696 2003 2003 8697 2052 2052 8698 2055 2055 8699 2079 2079 8700 2030 2030 8701 2076 2076 8702 2030 2030 8703 2027 2027 8704 2076 2076 8705 2009 2009 8706 2006 2006 8707 2058 2058 8708 2006 2006 8709 2055 2055 8710 2058 2058 8711 2033 2033 8712 2030 2030 8713 2082 2082 8714 2030 2030 8715 2079 2079 8716 2082 2082 8717 2009 2009 8718 2058 2058 8719 2012 2012 8720 2058 2058 8721 2061 2061 8722 2012 2012 8723 2033 2033 8724 2082 2082 8725 1989 1989 8726 2082 2082 8727 2036 2036 8728 1989 1989 8729 2039 2039 8730 2037 2037 8731 1973 1973 8732 2037 2037 8733 1972 1972 8734 1973 1973 8735 2061 2061 8736 2064 2064 8737 2012 2012 8738 2064 2064 8739 2015 2015 8740 2012 2012 8741 2040 2040 8742 2043 2043 8743 1991 1991 8744 2043 2043 8745 1994 1994 8746 1991 1991 8747 1992 1992 8748 1988 1988 8749 1993 1993 8750 1988 1988 8751 1990 1990 8752 1993 1993 8753 1993 1993 8754 1990 1990 8755 1991 1991 8756 1990 1990 8757 1989 1989 8758 1991 1991 8759 1995 1995 8760 1992 1992 8761 1996 1996 8762 1992 1992 8763 1993 1993 8764 1996 1996 8765 1996 1996 8766 1993 1993 8767 1994 1994 8768 1993 1993 8769 1991 1991 8770 1994 1994 8771 1998 1998 8772 1995 1995 8773 1999 1999 8774 1995 1995 8775 1996 1996 8776 1999 1999 8777 1999 1999 8778 1996 1996 8779 1997 1997 8780 1996 1996 8781 1994 1994 8782 1997 1997 8783 2001 2001 8784 1998 1998 8785 2002 2002 8786 1998 1998 8787 1999 1999 8788 2002 2002 8789 2002 2002 8790 1999 1999 8791 2000 2000 8792 1999 1999 8793 1997 1997 8794 2000 2000 8795 2004 2004 8796 2001 2001 8797 2005 2005 8798 2001 2001 8799 2002 2002 8800 2005 2005 8801 2005 2005 8802 2002 2002 8803 2003 2003 8804 2002 2002 8805 2000 2000 8806 2003 2003 8807 2007 2007 8808 2004 2004 8809 2008 2008 8810 2004 2004 8811 2005 2005 8812 2008 2008 8813 2008 2008 8814 2005 2005 8815 2006 2006 8816 2005 2005 8817 2003 2003 8818 2006 2006 8819 2010 2010 8820 2007 2007 8821 2011 2011 8822 2007 2007 8823 2008 2008 8824 2011 2011 8825 2011 2011 8826 2008 2008 8827 2009 2009 8828 2008 2008 8829 2006 2006 8830 2009 2009 8831 2013 2013 8832 2010 2010 8833 2014 2014 8834 2010 2010 8835 2011 2011 8836 2014 2014 8837 2014 2014 8838 2011 2011 8839 2012 2012 8840 2011 2011 8841 2009 2009 8842 2012 2012 8843 2016 2016 8844 2013 2013 8845 2017 2017 8846 2013 2013 8847 2014 2014 8848 2017 2017 8849 2017 2017 8850 2014 2014 8851 2015 2015 8852 2014 2014 8853 2012 2012 8854 2015 2015 8855 2019 2019 8856 2016 2016 8857 2020 2020 8858 2016 2016 8859 2017 2017 8860 2020 2020 8861 2020 2020 8862 2017 2017 8863 2018 2018 8864 2017 2017 8865 2015 2015 8866 2018 2018 8867 2022 2022 8868 2019 2019 8869 2023 2023 8870 2019 2019 8871 2020 2020 8872 2023 2023 8873 2023 2023 8874 2020 2020 8875 2021 2021 8876 2020 2020 8877 2018 2018 8878 2021 2021 8879 2025 2025 8880 2022 2022 8881 2026 2026 8882 2022 2022 8883 2023 2023 8884 2026 2026 8885 2026 2026 8886 2023 2023 8887 2024 2024 8888 2023 2023 8889 2021 2021 8890 2024 2024 8891 2028 2028 8892 2025 2025 8893 2029 2029 8894 2025 2025 8895 2026 2026 8896 2029 2029 8897 2029 2029 8898 2026 2026 8899 2027 2027 8900 2026 2026 8901 2024 2024 8902 2027 2027 8903 2031 2031 8904 2028 2028 8905 2032 2032 8906 2028 2028 8907 2029 2029 8908 2032 2032 8909 2032 2032 8910 2029 2029 8911 2030 2030 8912 2029 2029 8913 2027 2027 8914 2030 2030 8915 2034 2034 8916 2031 2031 8917 2035 2035 8918 2031 2031 8919 2032 2032 8920 2035 2035 8921 2035 2035 8922 2032 2032 8923 2033 2033 8924 2032 2032 8925 2030 2030 8926 2033 2033 8927 1988 1988 8928 2034 2034 8929 1990 1990 8930 2034 2034 8931 2035 2035 8932 1990 1990 8933 1990 1990 8934 2035 2035 8935 1989 1989 8936 2035 2035 8937 2033 2033 8938 1989 1989 8939 2037 2037 8940 2081 2081 8941 1972 1972 8942 2081 2081 8943 1987 1987 8944 1972 1972 8945 2037 2037 8946 2039 2039 8947 2038 2038 8948 2039 2039 8949 2041 2041 8950 2038 2038 8951 2038 2038 8952 2041 2041 8953 2036 2036 8954 2041 2041 8955 2040 2040 8956 2036 2036 8957 2039 2039 8958 2042 2042 8959 2041 2041 8960 2042 2042 8961 2044 2044 8962 2041 2041 8963 2041 2041 8964 2044 2044 8965 2040 2040 8966 2044 2044 8967 2043 2043 8968 2040 2040 8969 2042 2042 8970 2045 2045 8971 2044 2044 8972 2045 2045 8973 2047 2047 8974 2044 2044 8975 2044 2044 8976 2047 2047 8977 2043 2043 8978 2047 2047 8979 2046 2046 8980 2043 2043 8981 2045 2045 8982 2048 2048 8983 2047 2047 8984 2048 2048 8985 2050 2050 8986 2047 2047 8987 2047 2047 8988 2050 2050 8989 2046 2046 8990 2050 2050 8991 2049 2049 8992 2046 2046 8993 2048 2048 8994 2051 2051 8995 2050 2050 8996 2051 2051 8997 2053 2053 8998 2050 2050 8999 2050 2050 9000 2053 2053 9001 2049 2049 9002 2053 2053 9003 2052 2052 9004 2049 2049 9005 2051 2051 9006 2054 2054 9007 2053 2053 9008 2054 2054 9009 2056 2056 9010 2053 2053 9011 2053 2053 9012 2056 2056 9013 2052 2052 9014 2056 2056 9015 2055 2055 9016 2052 2052 9017 2054 2054 9018 2057 2057 9019 2056 2056 9020 2057 2057 9021 2059 2059 9022 2056 2056 9023 2056 2056 9024 2059 2059 9025 2055 2055 9026 2059 2059 9027 2058 2058 9028 2055 2055 9029 2057 2057 9030 2060 2060 9031 2059 2059 9032 2060 2060 9033 2062 2062 9034 2059 2059 9035 2059 2059 9036 2062 2062 9037 2058 2058 9038 2062 2062 9039 2061 2061 9040 2058 2058 9041 2060 2060 9042 2063 2063 9043 2062 2062 9044 2063 2063 9045 2065 2065 9046 2062 2062 9047 2062 2062 9048 2065 2065 9049 2061 2061 9050 2065 2065 9051 2064 2064 9052 2061 2061 9053 2063 2063 9054 2066 2066 9055 2065 2065 9056 2066 2066 9057 2068 2068 9058 2065 2065 9059 2065 2065 9060 2068 2068 9061 2064 2064 9062 2068 2068 9063 2067 2067 9064 2064 2064 9065 2066 2066 9066 2069 2069 9067 2068 2068 9068 2069 2069 9069 2071 2071 9070 2068 2068 9071 2068 2068 9072 2071 2071 9073 2067 2067 9074 2071 2071 9075 2070 2070 9076 2067 2067 9077 2069 2069 9078 2072 2072 9079 2071 2071 9080 2072 2072 9081 2074 2074 9082 2071 2071 9083 2071 2071 9084 2074 2074 9085 2070 2070 9086 2074 2074 9087 2073 2073 9088 2070 2070 9089 2072 2072 9090 2075 2075 9091 2074 2074 9092 2075 2075 9093 2077 2077 9094 2074 2074 9095 2074 2074 9096 2077 2077 9097 2073 2073 9098 2077 2077 9099 2076 2076 9100 2073 2073 9101 2075 2075 9102 2078 2078 9103 2077 2077 9104 2078 2078 9105 2080 2080 9106 2077 2077 9107 2077 2077 9108 2080 2080 9109 2076 2076 9110 2080 2080 9111 2079 2079 9112 2076 2076 9113 2078 2078 9114 2081 2081 9115 2080 2080 9116 2081 2081 9117 2083 2083 9118 2080 2080 9119 2080 2080 9120 2083 2083 9121 2079 2079 9122 2083 2083 9123 2082 2082 9124 2079 2079 9125 2081 2081 9126 2037 2037 9127 2083 2083 9128 2037 2037 9129 2038 2038 9130 2083 2083 9131 2083 2083 9132 2038 2038 9133 2082 2082 9134 2038 2038 9135 2036 2036 9136 2082 2082 9137 2036 2036 9138 2040 2040 9139 1989 1989 9140 2040 2040 9141 1991 1991 9142 1989 1989 9143 2084 2084 9144 2085 2085 9145 2087 2087 9146 2085 2085 9147 2332 2332 9148 2087 2087 9149 2087 2087 9150 2086 2086 9151 2089 2089 9152 2086 2086 9153 2333 2333 9154 2089 2089 9155 2089 2089 9156 2088 2088 9157 2143 2143 9158 2088 2088 9159 2090 2090 9160 2143 2143 9161 2092 2092 9162 2091 2091 9163 2094 2094 9164 2091 2091 9165 2334 2334 9166 2094 2094 9167 2094 2094 9168 2093 2093 9169 2096 2096 9170 2093 2093 9171 2335 2335 9172 2096 2096 9173 2096 2096 9174 2095 2095 9175 2097 2097 9176 2095 2095 9177 2124 2124 9178 2097 2097 9179 2099 2099 9180 2098 2098 9181 2101 2101 9182 2098 2098 9183 2100 2100 9184 2101 2101 9185 2132 2132 9186 2131 2131 9187 2102 2102 9188 2131 2131 9189 2103 2103 9190 2102 2102 9191 2105 2105 9192 2104 2104 9193 2107 2107 9194 2104 2104 9195 2106 2106 9196 2107 2107 9197 2109 2109 9198 2108 2108 9199 2106 2106 9200 2108 2108 9201 2107 2107 9202 2106 2106 9203 2110 2110 9204 2111 2111 9205 2109 2109 9206 2111 2111 9207 2108 2108 9208 2109 2109 9209 2085 2085 9210 2084 2084 9211 2114 2114 9212 2084 2084 9213 2115 2115 9214 2114 2114 9215 2112 2112 9216 2115 2115 9217 2111 2111 9218 2115 2115 9219 2108 2108 9220 2111 2111 9221 2113 2113 9222 2112 2112 9223 2110 2110 9224 2112 2112 9225 2111 2111 9226 2110 2110 9227 2087 2087 9228 2105 2105 9229 2084 2084 9230 2105 2105 9231 2107 2107 9232 2084 2084 9233 2114 2114 9234 2115 2115 9235 2113 2113 9236 2115 2115 9237 2112 2112 9238 2113 2113 9239 2108 2108 9240 2115 2115 9241 2107 2107 9242 2115 2115 9243 2084 2084 9244 2107 2107 9245 2098 2098 9246 2099 2099 9247 2116 2116 9248 2099 2099 9249 2117 2117 9250 2116 2116 9251 2116 2116 9252 2117 2117 9253 2118 2118 9254 2117 2117 9255 2119 2119 9256 2118 2118 9257 2118 2118 9258 2119 2119 9259 2120 2120 9260 2119 2119 9261 2121 2121 9262 2120 2120 9263 2120 2120 9264 2121 2121 9265 2122 2122 9266 2121 2121 9267 2123 2123 9268 2122 2122 9269 2122 2122 9270 2123 2123 9271 2124 2124 9272 2123 2123 9273 2097 2097 9274 2124 2124 9275 2099 2099 9276 2097 2097 9277 2117 2117 9278 2097 2097 9279 2123 2123 9280 2117 2117 9281 2117 2117 9282 2123 2123 9283 2119 2119 9284 2123 2123 9285 2121 2121 9286 2119 2119 9287 2101 2101 9288 2100 2100 9289 2126 2126 9290 2100 2100 9291 2125 2125 9292 2126 2126 9293 2126 2126 9294 2125 2125 9295 2128 2128 9296 2125 2125 9297 2127 2127 9298 2128 2128 9299 2128 2128 9300 2127 2127 9301 2130 2130 9302 2127 2127 9303 2129 2129 9304 2130 2130 9305 2130 2130 9306 2129 2129 9307 2132 2132 9308 2129 2129 9309 2131 2131 9310 2132 2132 9311 2096 2096 9312 2101 2101 9313 2128 2128 9314 2101 2101 9315 2126 2126 9316 2128 2128 9317 2096 2096 9318 2128 2128 9319 2132 2132 9320 2128 2128 9321 2130 2130 9322 2132 2132 9323 2143 2143 9324 2092 2092 9325 2089 2089 9326 2092 2092 9327 2094 2094 9328 2089 2089 9329 2094 2094 9330 2102 2102 9331 2089 2089 9332 2102 2102 9333 2134 2134 9334 2089 2089 9335 2102 2102 9336 2103 2103 9337 2134 2134 9338 2103 2103 9339 2133 2133 9340 2134 2134 9341 2134 2134 9342 2133 2133 9343 2151 2151 9344 2133 2133 9345 2150 2150 9346 2151 2151 9347 2096 2096 9348 2132 2132 9349 2094 2094 9350 2132 2132 9351 2102 2102 9352 2094 2094 9353 2097 2097 9354 2099 2099 9355 2096 2096 9356 2099 2099 9357 2101 2101 9358 2096 2096 9359 2091 2091 9360 2092 2092 9361 2135 2135 9362 2092 2092 9363 2136 2136 9364 2135 2135 9365 2135 2135 9366 2136 2136 9367 2137 2137 9368 2136 2136 9369 2138 2138 9370 2137 2137 9371 2137 2137 9372 2138 2138 9373 2139 2139 9374 2138 2138 9375 2140 2140 9376 2139 2139 9377 2139 2139 9378 2140 2140 9379 2141 2141 9380 2140 2140 9381 2142 2142 9382 2141 2141 9383 2141 2141 9384 2142 2142 9385 2090 2090 9386 2142 2142 9387 2143 2143 9388 2090 2090 9389 2092 2092 9390 2143 2143 9391 2136 2136 9392 2143 2143 9393 2142 2142 9394 2136 2136 9395 2136 2136 9396 2142 2142 9397 2138 2138 9398 2142 2142 9399 2140 2140 9400 2138 2138 9401 2089 2089 9402 2134 2134 9403 2087 2087 9404 2134 2134 9405 2151 2151 9406 2087 2087 9407 2104 2104 9408 2105 2105 9409 2144 2144 9410 2105 2105 9411 2145 2145 9412 2144 2144 9413 2144 2144 9414 2145 2145 9415 2146 2146 9416 2145 2145 9417 2147 2147 9418 2146 2146 9419 2146 2146 9420 2147 2147 9421 2148 2148 9422 2147 2147 9423 2149 2149 9424 2148 2148 9425 2148 2148 9426 2149 2149 9427 2150 2150 9428 2149 2149 9429 2151 2151 9430 2150 2150 9431 2087 2087 9432 2147 2147 9433 2105 2105 9434 2147 2147 9435 2145 2145 9436 2105 2105 9437 2087 2087 9438 2151 2151 9439 2147 2147 9440 2151 2151 9441 2149 2149 9442 2147 2147 9443 2152 2152 9444 2153 2153 9445 2206 2206 9446 2153 2153 9447 2154 2154 9448 2206 2206 9449 2156 2156 9450 2155 2155 9451 2183 2183 9452 2155 2155 9453 2184 2184 9454 2183 2183 9455 2157 2157 9456 2152 2152 9457 2207 2207 9458 2152 2152 9459 2206 2206 9460 2207 2207 9461 2158 2158 9462 2156 2156 9463 2185 2185 9464 2156 2156 9465 2183 2183 9466 2185 2185 9467 2159 2159 9468 2157 2157 9469 2160 2160 9470 2157 2157 9471 2207 2207 9472 2160 2160 9473 2161 2161 9474 2158 2158 9475 2162 2162 9476 2158 2158 9477 2185 2185 9478 2162 2162 9479 2157 2157 9480 2159 2159 9481 2165 2165 9482 2159 2159 9483 2166 2166 9484 2165 2165 9485 2152 2152 9486 2157 2157 9487 2163 2163 9488 2157 2157 9489 2165 2165 9490 2163 2163 9491 2153 2153 9492 2152 2152 9493 2164 2164 9494 2152 2152 9495 2163 2163 9496 2164 2164 9497 2165 2165 9498 2166 2166 9499 2169 2169 9500 2166 2166 9501 2170 2170 9502 2169 2169 9503 2163 2163 9504 2165 2165 9505 2167 2167 9506 2165 2165 9507 2169 2169 9508 2167 2167 9509 2164 2164 9510 2163 2163 9511 2168 2168 9512 2163 2163 9513 2167 2167 9514 2168 2168 9515 2169 2169 9516 2170 2170 9517 2173 2173 9518 2170 2170 9519 2174 2174 9520 2173 2173 9521 2167 2167 9522 2169 2169 9523 2171 2171 9524 2169 2169 9525 2173 2173 9526 2171 2171 9527 2168 2168 9528 2167 2167 9529 2172 2172 9530 2167 2167 9531 2171 2171 9532 2172 2172 9533 2173 2173 9534 2174 2174 9535 2177 2177 9536 2174 2174 9537 2178 2178 9538 2177 2177 9539 2171 2171 9540 2173 2173 9541 2175 2175 9542 2173 2173 9543 2177 2177 9544 2175 2175 9545 2172 2172 9546 2171 2171 9547 2176 2176 9548 2171 2171 9549 2175 2175 9550 2176 2176 9551 2177 2177 9552 2178 2178 9553 2181 2181 9554 2178 2178 9555 2182 2182 9556 2181 2181 9557 2175 2175 9558 2177 2177 9559 2179 2179 9560 2177 2177 9561 2181 2181 9562 2179 2179 9563 2176 2176 9564 2175 2175 9565 2180 2180 9566 2175 2175 9567 2179 2179 9568 2180 2180 9569 2181 2181 9570 2182 2182 9571 2185 2185 9572 2182 2182 9573 2162 2162 9574 2185 2185 9575 2179 2179 9576 2181 2181 9577 2183 2183 9578 2181 2181 9579 2185 2185 9580 2183 2183 9581 2180 2180 9582 2179 2179 9583 2184 2184 9584 2179 2179 9585 2183 2183 9586 2184 2184 9587 2158 2158 9588 2161 2161 9589 2188 2188 9590 2161 2161 9591 2189 2189 9592 2188 2188 9593 2156 2156 9594 2158 2158 9595 2187 2187 9596 2158 2158 9597 2188 2188 9598 2187 2187 9599 2155 2155 9600 2156 2156 9601 2186 2186 9602 2156 2156 9603 2187 2187 9604 2186 2186 9605 2188 2188 9606 2189 2189 9607 2192 2192 9608 2189 2189 9609 2193 2193 9610 2192 2192 9611 2187 2187 9612 2188 2188 9613 2191 2191 9614 2188 2188 9615 2192 2192 9616 2191 2191 9617 2186 2186 9618 2187 2187 9619 2190 2190 9620 2187 2187 9621 2191 2191 9622 2190 2190 9623 2192 2192 9624 2193 2193 9625 2196 2196 9626 2193 2193 9627 2197 2197 9628 2196 2196 9629 2191 2191 9630 2192 2192 9631 2195 2195 9632 2192 2192 9633 2196 2196 9634 2195 2195 9635 2190 2190 9636 2191 2191 9637 2194 2194 9638 2191 2191 9639 2195 2195 9640 2194 2194 9641 2196 2196 9642 2197 2197 9643 2200 2200 9644 2197 2197 9645 2201 2201 9646 2200 2200 9647 2195 2195 9648 2196 2196 9649 2199 2199 9650 2196 2196 9651 2200 2200 9652 2199 2199 9653 2194 2194 9654 2195 2195 9655 2198 2198 9656 2195 2195 9657 2199 2199 9658 2198 2198 9659 2200 2200 9660 2201 2201 9661 2204 2204 9662 2201 2201 9663 2205 2205 9664 2204 2204 9665 2199 2199 9666 2200 2200 9667 2203 2203 9668 2200 2200 9669 2204 2204 9670 2203 2203 9671 2198 2198 9672 2199 2199 9673 2202 2202 9674 2199 2199 9675 2203 2203 9676 2202 2202 9677 2204 2204 9678 2205 2205 9679 2207 2207 9680 2205 2205 9681 2160 2160 9682 2207 2207 9683 2203 2203 9684 2204 2204 9685 2206 2206 9686 2204 2204 9687 2207 2207 9688 2206 2206 9689 2202 2202 9690 2203 2203 9691 2154 2154 9692 2203 2203 9693 2206 2206 9694 2154 2154 9695 2208 2208 9696 2209 2209 9697 2237 2237 9698 2209 2209 9699 2238 2238 9700 2237 2237 9701 2235 2235 9702 2236 2236 9703 2215 2215 9704 2236 2236 9705 2214 2214 9706 2215 2215 9707 2216 2216 9708 2280 2280 9709 2295 2295 9710 2280 2280 9711 2217 2217 9712 2295 2295 9713 2219 2219 9714 2218 2218 9715 2221 2221 9716 2218 2218 9717 2220 2220 9718 2221 2221 9719 2223 2223 9720 2222 2222 9721 2225 2225 9722 2222 2222 9723 2336 2336 9724 2225 2225 9725 2225 2225 9726 2224 2224 9727 2226 2226 9728 2224 2224 9729 2279 2279 9730 2226 2226 9731 2215 2215 9732 2208 2208 9733 2235 2235 9734 2208 2208 9735 2237 2237 9736 2235 2235 9737 2212 2212 9738 2213 2213 9739 2227 2227 9740 2213 2213 9741 2228 2228 9742 2227 2227 9743 2227 2227 9744 2228 2228 9745 2229 2229 9746 2228 2228 9747 2230 2230 9748 2229 2229 9749 2229 2229 9750 2230 2230 9751 2231 2231 9752 2230 2230 9753 2232 2232 9754 2231 2231 9755 2231 2231 9756 2232 2232 9757 2233 2233 9758 2232 2232 9759 2234 2234 9760 2233 2233 9761 2233 2233 9762 2234 2234 9763 2210 2210 9764 2234 2234 9765 2211 2211 9766 2210 2210 9767 2213 2213 9768 2211 2211 9769 2228 2228 9770 2211 2211 9771 2234 2234 9772 2228 2228 9773 2228 2228 9774 2234 2234 9775 2230 2230 9776 2234 2234 9777 2232 2232 9778 2230 2230 9779 2238 2238 9780 2242 2242 9781 2237 2237 9782 2242 2242 9783 2241 2241 9784 2237 2237 9785 2237 2237 9786 2241 2241 9787 2235 2235 9788 2241 2241 9789 2239 2239 9790 2235 2235 9791 2235 2235 9792 2239 2239 9793 2236 2236 9794 2239 2239 9795 2240 2240 9796 2236 2236 9797 2242 2242 9798 2246 2246 9799 2241 2241 9800 2246 2246 9801 2245 2245 9802 2241 2241 9803 2241 2241 9804 2245 2245 9805 2239 2239 9806 2245 2245 9807 2243 2243 9808 2239 2239 9809 2239 2239 9810 2243 2243 9811 2240 2240 9812 2243 2243 9813 2244 2244 9814 2240 2240 9815 2246 2246 9816 2250 2250 9817 2245 2245 9818 2250 2250 9819 2249 2249 9820 2245 2245 9821 2245 2245 9822 2249 2249 9823 2243 2243 9824 2249 2249 9825 2247 2247 9826 2243 2243 9827 2243 2243 9828 2247 2247 9829 2244 2244 9830 2247 2247 9831 2248 2248 9832 2244 2244 9833 2250 2250 9834 2254 2254 9835 2249 2249 9836 2254 2254 9837 2253 2253 9838 2249 2249 9839 2249 2249 9840 2253 2253 9841 2247 2247 9842 2253 2253 9843 2251 2251 9844 2247 2247 9845 2247 2247 9846 2251 2251 9847 2248 2248 9848 2251 2251 9849 2252 2252 9850 2248 2248 9851 2254 2254 9852 2258 2258 9853 2253 2253 9854 2258 2258 9855 2257 2257 9856 2253 2253 9857 2253 2253 9858 2257 2257 9859 2251 2251 9860 2257 2257 9861 2255 2255 9862 2251 2251 9863 2251 2251 9864 2255 2255 9865 2252 2252 9866 2255 2255 9867 2256 2256 9868 2252 2252 9869 2256 2256 9870 2255 2255 9871 2212 2212 9872 2255 2255 9873 2213 2213 9874 2212 2212 9875 2255 2255 9876 2257 2257 9877 2213 2213 9878 2257 2257 9879 2211 2211 9880 2213 2213 9881 2257 2257 9882 2258 2258 9883 2211 2211 9884 2258 2258 9885 2210 2210 9886 2211 2211 9887 2208 2208 9888 2215 2215 9889 2259 2259 9890 2215 2215 9891 2262 2262 9892 2259 2259 9893 2215 2215 9894 2214 2214 9895 2262 2262 9896 2214 2214 9897 2261 2261 9898 2262 2262 9899 2209 2209 9900 2208 2208 9901 2260 2260 9902 2208 2208 9903 2259 2259 9904 2260 2260 9905 2259 2259 9906 2262 2262 9907 2263 2263 9908 2262 2262 9909 2266 2266 9910 2263 2263 9911 2262 2262 9912 2261 2261 9913 2266 2266 9914 2261 2261 9915 2265 2265 9916 2266 2266 9917 2260 2260 9918 2259 2259 9919 2264 2264 9920 2259 2259 9921 2263 2263 9922 2264 2264 9923 2263 2263 9924 2266 2266 9925 2267 2267 9926 2266 2266 9927 2270 2270 9928 2267 2267 9929 2266 2266 9930 2265 2265 9931 2270 2270 9932 2265 2265 9933 2269 2269 9934 2270 2270 9935 2264 2264 9936 2263 2263 9937 2268 2268 9938 2263 2263 9939 2267 2267 9940 2268 2268 9941 2267 2267 9942 2270 2270 9943 2271 2271 9944 2270 2270 9945 2274 2274 9946 2271 2271 9947 2270 2270 9948 2269 2269 9949 2274 2274 9950 2269 2269 9951 2273 2273 9952 2274 2274 9953 2268 2268 9954 2267 2267 9955 2272 2272 9956 2267 2267 9957 2271 2271 9958 2272 2272 9959 2271 2271 9960 2274 2274 9961 2275 2275 9962 2274 2274 9963 2278 2278 9964 2275 2275 9965 2274 2274 9966 2273 2273 9967 2278 2278 9968 2273 2273 9969 2277 2277 9970 2278 2278 9971 2272 2272 9972 2271 2271 9973 2276 2276 9974 2271 2271 9975 2275 2275 9976 2276 2276 9977 2275 2275 9978 2278 2278 9979 2226 2226 9980 2278 2278 9981 2216 2216 9982 2226 2226 9983 2278 2278 9984 2277 2277 9985 2216 2216 9986 2277 2277 9987 2280 2280 9988 2216 2216 9989 2276 2276 9990 2275 2275 9991 2279 2279 9992 2275 2275 9993 2226 2226 9994 2279 2279 9995 2222 2222 9996 2223 2223 9997 2281 2281 9998 2223 2223 9999 2282 2282 10000 2281 2281 10001 2281 2281 10002 2282 2282 10003 2283 2283 10004 2282 2282 10005 2284 2284 10006 2283 2283 10007 2283 2283 10008 2284 2284 10009 2285 2285 10010 2284 2284 10011 2286 2286 10012 2285 2285 10013 2285 2285 10014 2286 2286 10015 2287 2287 10016 2286 2286 10017 2288 2288 10018 2287 2287 10019 2287 2287 10020 2288 2288 10021 2220 2220 10022 2288 2288 10023 2221 2221 10024 2220 2220 10025 2223 2223 10026 2221 2221 10027 2282 2282 10028 2221 2221 10029 2288 2288 10030 2282 2282 10031 2282 2282 10032 2288 2288 10033 2284 2284 10034 2288 2288 10035 2286 2286 10036 2284 2284 10037 2218 2218 10038 2219 2219 10039 2289 2289 10040 2219 2219 10041 2290 2290 10042 2289 2289 10043 2289 2289 10044 2290 2290 10045 2291 2291 10046 2290 2290 10047 2292 2292 10048 2291 2291 10049 2291 2291 10050 2292 2292 10051 2293 2293 10052 2292 2292 10053 2294 2294 10054 2293 2293 10055 2293 2293 10056 2294 2294 10057 2217 2217 10058 2294 2294 10059 2295 2295 10060 2217 2217 10061 2294 2294 10062 2292 2292 10063 2295 2295 10064 2292 2292 10065 2225 2225 10066 2295 2295 10067 2225 2225 10068 2292 2292 10069 2219 2219 10070 2292 2292 10071 2290 2290 10072 2219 2219 10073 2219 2219 10074 2221 2221 10075 2225 2225 10076 2221 2221 10077 2223 2223 10078 2225 2225 10079 2226 2226 10080 2216 2216 10081 2225 2225 10082 2216 2216 10083 2295 2295 10084 2225 2225 10085 2307 2307 10086 2306 2306 10087 2304 2304 10088 2306 2306 10089 2305 2305 10090 2304 2304 10091 2308 2308 10092 2309 2309 10093 2307 2307 10094 2309 2309 10095 2306 2306 10096 2307 2307 10097 2323 2323 10098 2322 2322 10099 2300 2300 10100 2322 2322 10101 2301 2301 10102 2300 2300 10103 2296 2296 10104 2297 2297 10105 2299 2299 10106 2297 2297 10107 2337 2337 10108 2299 2299 10109 2299 2299 10110 2298 2298 10111 2301 2301 10112 2298 2298 10113 2300 2300 10114 2301 2301 10115 2304 2304 10116 2305 2305 10117 2303 2303 10118 2305 2305 10119 2302 2302 10120 2303 2303 10121 2309 2309 10122 2308 2308 10123 2331 2331 10124 2308 2308 10125 2330 2330 10126 2331 2331 10127 2311 2311 10128 2310 2310 10129 2320 2320 10130 2310 2310 10131 2321 2321 10132 2320 2320 10133 2309 2309 10134 2301 2301 10135 2306 2306 10136 2301 2301 10137 2322 2322 10138 2306 2306 10139 2303 2303 10140 2302 2302 10141 2323 2323 10142 2302 2302 10143 2322 2322 10144 2323 2323 10145 2301 2301 10146 2309 2309 10147 2299 2299 10148 2309 2309 10149 2331 2331 10150 2299 2299 10151 2297 2297 10152 2296 2296 10153 2313 2313 10154 2296 2296 10155 2312 2312 10156 2313 2313 10157 2313 2313 10158 2312 2312 10159 2315 2315 10160 2312 2312 10161 2314 2314 10162 2315 2315 10163 2315 2315 10164 2314 2314 10165 2317 2317 10166 2314 2314 10167 2316 2316 10168 2317 2317 10169 2317 2317 10170 2316 2316 10171 2319 2319 10172 2316 2316 10173 2318 2318 10174 2319 2319 10175 2319 2319 10176 2318 2318 10177 2321 2321 10178 2318 2318 10179 2320 2320 10180 2321 2321 10181 2296 2296 10182 2320 2320 10183 2312 2312 10184 2320 2320 10185 2318 2318 10186 2312 2312 10187 2312 2312 10188 2318 2318 10189 2314 2314 10190 2318 2318 10191 2316 2316 10192 2314 2314 10193 2302 2302 10194 2305 2305 10195 2322 2322 10196 2305 2305 10197 2306 2306 10198 2322 2322 10199 2310 2310 10200 2311 2311 10201 2324 2324 10202 2311 2311 10203 2325 2325 10204 2324 2324 10205 2324 2324 10206 2325 2325 10207 2326 2326 10208 2325 2325 10209 2327 2327 10210 2326 2326 10211 2326 2326 10212 2327 2327 10213 2328 2328 10214 2327 2327 10215 2329 2329 10216 2328 2328 10217 2328 2328 10218 2329 2329 10219 2330 2330 10220 2329 2329 10221 2331 2331 10222 2330 2330 10223 2299 2299 10224 2331 2331 10225 2327 2327 10226 2331 2331 10227 2329 2329 10228 2327 2327 10229 2299 2299 10230 2327 2327 10231 2311 2311 10232 2327 2327 10233 2325 2325 10234 2311 2311 10235 2299 2299 10236 2311 2311 10237 2296 2296 10238 2311 2311 10239 2320 2320 10240 2296 2296 10241 2338 2338 10242 2339 2339 10243 2341 2341 10244 2339 2339 10245 2586 2586 10246 2341 2341 10247 2341 2341 10248 2340 2340 10249 2343 2343 10250 2340 2340 10251 2587 2587 10252 2343 2343 10253 2343 2343 10254 2342 2342 10255 2397 2397 10256 2342 2342 10257 2344 2344 10258 2397 2397 10259 2346 2346 10260 2345 2345 10261 2348 2348 10262 2345 2345 10263 2588 2588 10264 2348 2348 10265 2348 2348 10266 2347 2347 10267 2350 2350 10268 2347 2347 10269 2589 2589 10270 2350 2350 10271 2350 2350 10272 2349 2349 10273 2351 2351 10274 2349 2349 10275 2378 2378 10276 2351 2351 10277 2353 2353 10278 2352 2352 10279 2355 2355 10280 2352 2352 10281 2354 2354 10282 2355 2355 10283 2386 2386 10284 2385 2385 10285 2356 2356 10286 2385 2385 10287 2357 2357 10288 2356 2356 10289 2359 2359 10290 2358 2358 10291 2361 2361 10292 2358 2358 10293 2360 2360 10294 2361 2361 10295 2363 2363 10296 2362 2362 10297 2360 2360 10298 2362 2362 10299 2361 2361 10300 2360 2360 10301 2364 2364 10302 2365 2365 10303 2363 2363 10304 2365 2365 10305 2362 2362 10306 2363 2363 10307 2339 2339 10308 2338 2338 10309 2368 2368 10310 2338 2338 10311 2369 2369 10312 2368 2368 10313 2366 2366 10314 2369 2369 10315 2365 2365 10316 2369 2369 10317 2362 2362 10318 2365 2365 10319 2367 2367 10320 2366 2366 10321 2364 2364 10322 2366 2366 10323 2365 2365 10324 2364 2364 10325 2341 2341 10326 2359 2359 10327 2338 2338 10328 2359 2359 10329 2361 2361 10330 2338 2338 10331 2368 2368 10332 2369 2369 10333 2367 2367 10334 2369 2369 10335 2366 2366 10336 2367 2367 10337 2362 2362 10338 2369 2369 10339 2361 2361 10340 2369 2369 10341 2338 2338 10342 2361 2361 10343 2352 2352 10344 2353 2353 10345 2370 2370 10346 2353 2353 10347 2371 2371 10348 2370 2370 10349 2370 2370 10350 2371 2371 10351 2372 2372 10352 2371 2371 10353 2373 2373 10354 2372 2372 10355 2372 2372 10356 2373 2373 10357 2374 2374 10358 2373 2373 10359 2375 2375 10360 2374 2374 10361 2374 2374 10362 2375 2375 10363 2376 2376 10364 2375 2375 10365 2377 2377 10366 2376 2376 10367 2376 2376 10368 2377 2377 10369 2378 2378 10370 2377 2377 10371 2351 2351 10372 2378 2378 10373 2353 2353 10374 2351 2351 10375 2371 2371 10376 2351 2351 10377 2377 2377 10378 2371 2371 10379 2371 2371 10380 2377 2377 10381 2373 2373 10382 2377 2377 10383 2375 2375 10384 2373 2373 10385 2355 2355 10386 2354 2354 10387 2380 2380 10388 2354 2354 10389 2379 2379 10390 2380 2380 10391 2380 2380 10392 2379 2379 10393 2382 2382 10394 2379 2379 10395 2381 2381 10396 2382 2382 10397 2382 2382 10398 2381 2381 10399 2384 2384 10400 2381 2381 10401 2383 2383 10402 2384 2384 10403 2384 2384 10404 2383 2383 10405 2386 2386 10406 2383 2383 10407 2385 2385 10408 2386 2386 10409 2350 2350 10410 2355 2355 10411 2382 2382 10412 2355 2355 10413 2380 2380 10414 2382 2382 10415 2350 2350 10416 2382 2382 10417 2386 2386 10418 2382 2382 10419 2384 2384 10420 2386 2386 10421 2397 2397 10422 2346 2346 10423 2343 2343 10424 2346 2346 10425 2348 2348 10426 2343 2343 10427 2348 2348 10428 2356 2356 10429 2343 2343 10430 2356 2356 10431 2388 2388 10432 2343 2343 10433 2356 2356 10434 2357 2357 10435 2388 2388 10436 2357 2357 10437 2387 2387 10438 2388 2388 10439 2388 2388 10440 2387 2387 10441 2405 2405 10442 2387 2387 10443 2404 2404 10444 2405 2405 10445 2350 2350 10446 2386 2386 10447 2348 2348 10448 2386 2386 10449 2356 2356 10450 2348 2348 10451 2351 2351 10452 2353 2353 10453 2350 2350 10454 2353 2353 10455 2355 2355 10456 2350 2350 10457 2345 2345 10458 2346 2346 10459 2389 2389 10460 2346 2346 10461 2390 2390 10462 2389 2389 10463 2389 2389 10464 2390 2390 10465 2391 2391 10466 2390 2390 10467 2392 2392 10468 2391 2391 10469 2391 2391 10470 2392 2392 10471 2393 2393 10472 2392 2392 10473 2394 2394 10474 2393 2393 10475 2393 2393 10476 2394 2394 10477 2395 2395 10478 2394 2394 10479 2396 2396 10480 2395 2395 10481 2395 2395 10482 2396 2396 10483 2344 2344 10484 2396 2396 10485 2397 2397 10486 2344 2344 10487 2346 2346 10488 2397 2397 10489 2390 2390 10490 2397 2397 10491 2396 2396 10492 2390 2390 10493 2390 2390 10494 2396 2396 10495 2392 2392 10496 2396 2396 10497 2394 2394 10498 2392 2392 10499 2343 2343 10500 2388 2388 10501 2341 2341 10502 2388 2388 10503 2405 2405 10504 2341 2341 10505 2358 2358 10506 2359 2359 10507 2398 2398 10508 2359 2359 10509 2399 2399 10510 2398 2398 10511 2398 2398 10512 2399 2399 10513 2400 2400 10514 2399 2399 10515 2401 2401 10516 2400 2400 10517 2400 2400 10518 2401 2401 10519 2402 2402 10520 2401 2401 10521 2403 2403 10522 2402 2402 10523 2402 2402 10524 2403 2403 10525 2404 2404 10526 2403 2403 10527 2405 2405 10528 2404 2404 10529 2341 2341 10530 2401 2401 10531 2359 2359 10532 2401 2401 10533 2399 2399 10534 2359 2359 10535 2341 2341 10536 2405 2405 10537 2401 2401 10538 2405 2405 10539 2403 2403 10540 2401 2401 10541 2406 2406 10542 2407 2407 10543 2460 2460 10544 2407 2407 10545 2408 2408 10546 2460 2460 10547 2410 2410 10548 2409 2409 10549 2437 2437 10550 2409 2409 10551 2438 2438 10552 2437 2437 10553 2411 2411 10554 2406 2406 10555 2461 2461 10556 2406 2406 10557 2460 2460 10558 2461 2461 10559 2412 2412 10560 2410 2410 10561 2439 2439 10562 2410 2410 10563 2437 2437 10564 2439 2439 10565 2413 2413 10566 2411 2411 10567 2414 2414 10568 2411 2411 10569 2461 2461 10570 2414 2414 10571 2415 2415 10572 2412 2412 10573 2416 2416 10574 2412 2412 10575 2439 2439 10576 2416 2416 10577 2411 2411 10578 2413 2413 10579 2419 2419 10580 2413 2413 10581 2420 2420 10582 2419 2419 10583 2406 2406 10584 2411 2411 10585 2417 2417 10586 2411 2411 10587 2419 2419 10588 2417 2417 10589 2407 2407 10590 2406 2406 10591 2418 2418 10592 2406 2406 10593 2417 2417 10594 2418 2418 10595 2419 2419 10596 2420 2420 10597 2423 2423 10598 2420 2420 10599 2424 2424 10600 2423 2423 10601 2417 2417 10602 2419 2419 10603 2421 2421 10604 2419 2419 10605 2423 2423 10606 2421 2421 10607 2418 2418 10608 2417 2417 10609 2422 2422 10610 2417 2417 10611 2421 2421 10612 2422 2422 10613 2423 2423 10614 2424 2424 10615 2427 2427 10616 2424 2424 10617 2428 2428 10618 2427 2427 10619 2421 2421 10620 2423 2423 10621 2425 2425 10622 2423 2423 10623 2427 2427 10624 2425 2425 10625 2422 2422 10626 2421 2421 10627 2426 2426 10628 2421 2421 10629 2425 2425 10630 2426 2426 10631 2427 2427 10632 2428 2428 10633 2431 2431 10634 2428 2428 10635 2432 2432 10636 2431 2431 10637 2425 2425 10638 2427 2427 10639 2429 2429 10640 2427 2427 10641 2431 2431 10642 2429 2429 10643 2426 2426 10644 2425 2425 10645 2430 2430 10646 2425 2425 10647 2429 2429 10648 2430 2430 10649 2431 2431 10650 2432 2432 10651 2435 2435 10652 2432 2432 10653 2436 2436 10654 2435 2435 10655 2429 2429 10656 2431 2431 10657 2433 2433 10658 2431 2431 10659 2435 2435 10660 2433 2433 10661 2430 2430 10662 2429 2429 10663 2434 2434 10664 2429 2429 10665 2433 2433 10666 2434 2434 10667 2435 2435 10668 2436 2436 10669 2439 2439 10670 2436 2436 10671 2416 2416 10672 2439 2439 10673 2433 2433 10674 2435 2435 10675 2437 2437 10676 2435 2435 10677 2439 2439 10678 2437 2437 10679 2434 2434 10680 2433 2433 10681 2438 2438 10682 2433 2433 10683 2437 2437 10684 2438 2438 10685 2412 2412 10686 2415 2415 10687 2442 2442 10688 2415 2415 10689 2443 2443 10690 2442 2442 10691 2410 2410 10692 2412 2412 10693 2441 2441 10694 2412 2412 10695 2442 2442 10696 2441 2441 10697 2409 2409 10698 2410 2410 10699 2440 2440 10700 2410 2410 10701 2441 2441 10702 2440 2440 10703 2442 2442 10704 2443 2443 10705 2446 2446 10706 2443 2443 10707 2447 2447 10708 2446 2446 10709 2441 2441 10710 2442 2442 10711 2445 2445 10712 2442 2442 10713 2446 2446 10714 2445 2445 10715 2440 2440 10716 2441 2441 10717 2444 2444 10718 2441 2441 10719 2445 2445 10720 2444 2444 10721 2446 2446 10722 2447 2447 10723 2450 2450 10724 2447 2447 10725 2451 2451 10726 2450 2450 10727 2445 2445 10728 2446 2446 10729 2449 2449 10730 2446 2446 10731 2450 2450 10732 2449 2449 10733 2444 2444 10734 2445 2445 10735 2448 2448 10736 2445 2445 10737 2449 2449 10738 2448 2448 10739 2450 2450 10740 2451 2451 10741 2454 2454 10742 2451 2451 10743 2455 2455 10744 2454 2454 10745 2449 2449 10746 2450 2450 10747 2453 2453 10748 2450 2450 10749 2454 2454 10750 2453 2453 10751 2448 2448 10752 2449 2449 10753 2452 2452 10754 2449 2449 10755 2453 2453 10756 2452 2452 10757 2454 2454 10758 2455 2455 10759 2458 2458 10760 2455 2455 10761 2459 2459 10762 2458 2458 10763 2453 2453 10764 2454 2454 10765 2457 2457 10766 2454 2454 10767 2458 2458 10768 2457 2457 10769 2452 2452 10770 2453 2453 10771 2456 2456 10772 2453 2453 10773 2457 2457 10774 2456 2456 10775 2458 2458 10776 2459 2459 10777 2461 2461 10778 2459 2459 10779 2414 2414 10780 2461 2461 10781 2457 2457 10782 2458 2458 10783 2460 2460 10784 2458 2458 10785 2461 2461 10786 2460 2460 10787 2456 2456 10788 2457 2457 10789 2408 2408 10790 2457 2457 10791 2460 2460 10792 2408 2408 10793 2462 2462 10794 2463 2463 10795 2491 2491 10796 2463 2463 10797 2492 2492 10798 2491 2491 10799 2489 2489 10800 2490 2490 10801 2469 2469 10802 2490 2490 10803 2468 2468 10804 2469 2469 10805 2470 2470 10806 2534 2534 10807 2549 2549 10808 2534 2534 10809 2471 2471 10810 2549 2549 10811 2473 2473 10812 2472 2472 10813 2475 2475 10814 2472 2472 10815 2474 2474 10816 2475 2475 10817 2477 2477 10818 2476 2476 10819 2479 2479 10820 2476 2476 10821 2590 2590 10822 2479 2479 10823 2479 2479 10824 2478 2478 10825 2480 2480 10826 2478 2478 10827 2533 2533 10828 2480 2480 10829 2469 2469 10830 2462 2462 10831 2489 2489 10832 2462 2462 10833 2491 2491 10834 2489 2489 10835 2466 2466 10836 2467 2467 10837 2481 2481 10838 2467 2467 10839 2482 2482 10840 2481 2481 10841 2481 2481 10842 2482 2482 10843 2483 2483 10844 2482 2482 10845 2484 2484 10846 2483 2483 10847 2483 2483 10848 2484 2484 10849 2485 2485 10850 2484 2484 10851 2486 2486 10852 2485 2485 10853 2485 2485 10854 2486 2486 10855 2487 2487 10856 2486 2486 10857 2488 2488 10858 2487 2487 10859 2487 2487 10860 2488 2488 10861 2464 2464 10862 2488 2488 10863 2465 2465 10864 2464 2464 10865 2467 2467 10866 2465 2465 10867 2482 2482 10868 2465 2465 10869 2488 2488 10870 2482 2482 10871 2482 2482 10872 2488 2488 10873 2484 2484 10874 2488 2488 10875 2486 2486 10876 2484 2484 10877 2492 2492 10878 2496 2496 10879 2491 2491 10880 2496 2496 10881 2495 2495 10882 2491 2491 10883 2491 2491 10884 2495 2495 10885 2489 2489 10886 2495 2495 10887 2493 2493 10888 2489 2489 10889 2489 2489 10890 2493 2493 10891 2490 2490 10892 2493 2493 10893 2494 2494 10894 2490 2490 10895 2496 2496 10896 2500 2500 10897 2495 2495 10898 2500 2500 10899 2499 2499 10900 2495 2495 10901 2495 2495 10902 2499 2499 10903 2493 2493 10904 2499 2499 10905 2497 2497 10906 2493 2493 10907 2493 2493 10908 2497 2497 10909 2494 2494 10910 2497 2497 10911 2498 2498 10912 2494 2494 10913 2500 2500 10914 2504 2504 10915 2499 2499 10916 2504 2504 10917 2503 2503 10918 2499 2499 10919 2499 2499 10920 2503 2503 10921 2497 2497 10922 2503 2503 10923 2501 2501 10924 2497 2497 10925 2497 2497 10926 2501 2501 10927 2498 2498 10928 2501 2501 10929 2502 2502 10930 2498 2498 10931 2504 2504 10932 2508 2508 10933 2503 2503 10934 2508 2508 10935 2507 2507 10936 2503 2503 10937 2503 2503 10938 2507 2507 10939 2501 2501 10940 2507 2507 10941 2505 2505 10942 2501 2501 10943 2501 2501 10944 2505 2505 10945 2502 2502 10946 2505 2505 10947 2506 2506 10948 2502 2502 10949 2508 2508 10950 2512 2512 10951 2507 2507 10952 2512 2512 10953 2511 2511 10954 2507 2507 10955 2507 2507 10956 2511 2511 10957 2505 2505 10958 2511 2511 10959 2509 2509 10960 2505 2505 10961 2505 2505 10962 2509 2509 10963 2506 2506 10964 2509 2509 10965 2510 2510 10966 2506 2506 10967 2510 2510 10968 2509 2509 10969 2466 2466 10970 2509 2509 10971 2467 2467 10972 2466 2466 10973 2509 2509 10974 2511 2511 10975 2467 2467 10976 2511 2511 10977 2465 2465 10978 2467 2467 10979 2511 2511 10980 2512 2512 10981 2465 2465 10982 2512 2512 10983 2464 2464 10984 2465 2465 10985 2462 2462 10986 2469 2469 10987 2513 2513 10988 2469 2469 10989 2516 2516 10990 2513 2513 10991 2469 2469 10992 2468 2468 10993 2516 2516 10994 2468 2468 10995 2515 2515 10996 2516 2516 10997 2463 2463 10998 2462 2462 10999 2514 2514 11000 2462 2462 11001 2513 2513 11002 2514 2514 11003 2513 2513 11004 2516 2516 11005 2517 2517 11006 2516 2516 11007 2520 2520 11008 2517 2517 11009 2516 2516 11010 2515 2515 11011 2520 2520 11012 2515 2515 11013 2519 2519 11014 2520 2520 11015 2514 2514 11016 2513 2513 11017 2518 2518 11018 2513 2513 11019 2517 2517 11020 2518 2518 11021 2517 2517 11022 2520 2520 11023 2521 2521 11024 2520 2520 11025 2524 2524 11026 2521 2521 11027 2520 2520 11028 2519 2519 11029 2524 2524 11030 2519 2519 11031 2523 2523 11032 2524 2524 11033 2518 2518 11034 2517 2517 11035 2522 2522 11036 2517 2517 11037 2521 2521 11038 2522 2522 11039 2521 2521 11040 2524 2524 11041 2525 2525 11042 2524 2524 11043 2528 2528 11044 2525 2525 11045 2524 2524 11046 2523 2523 11047 2528 2528 11048 2523 2523 11049 2527 2527 11050 2528 2528 11051 2522 2522 11052 2521 2521 11053 2526 2526 11054 2521 2521 11055 2525 2525 11056 2526 2526 11057 2525 2525 11058 2528 2528 11059 2529 2529 11060 2528 2528 11061 2532 2532 11062 2529 2529 11063 2528 2528 11064 2527 2527 11065 2532 2532 11066 2527 2527 11067 2531 2531 11068 2532 2532 11069 2526 2526 11070 2525 2525 11071 2530 2530 11072 2525 2525 11073 2529 2529 11074 2530 2530 11075 2529 2529 11076 2532 2532 11077 2480 2480 11078 2532 2532 11079 2470 2470 11080 2480 2480 11081 2532 2532 11082 2531 2531 11083 2470 2470 11084 2531 2531 11085 2534 2534 11086 2470 2470 11087 2530 2530 11088 2529 2529 11089 2533 2533 11090 2529 2529 11091 2480 2480 11092 2533 2533 11093 2476 2476 11094 2477 2477 11095 2535 2535 11096 2477 2477 11097 2536 2536 11098 2535 2535 11099 2535 2535 11100 2536 2536 11101 2537 2537 11102 2536 2536 11103 2538 2538 11104 2537 2537 11105 2537 2537 11106 2538 2538 11107 2539 2539 11108 2538 2538 11109 2540 2540 11110 2539 2539 11111 2539 2539 11112 2540 2540 11113 2541 2541 11114 2540 2540 11115 2542 2542 11116 2541 2541 11117 2541 2541 11118 2542 2542 11119 2474 2474 11120 2542 2542 11121 2475 2475 11122 2474 2474 11123 2477 2477 11124 2475 2475 11125 2536 2536 11126 2475 2475 11127 2542 2542 11128 2536 2536 11129 2536 2536 11130 2542 2542 11131 2538 2538 11132 2542 2542 11133 2540 2540 11134 2538 2538 11135 2472 2472 11136 2473 2473 11137 2543 2543 11138 2473 2473 11139 2544 2544 11140 2543 2543 11141 2543 2543 11142 2544 2544 11143 2545 2545 11144 2544 2544 11145 2546 2546 11146 2545 2545 11147 2545 2545 11148 2546 2546 11149 2547 2547 11150 2546 2546 11151 2548 2548 11152 2547 2547 11153 2547 2547 11154 2548 2548 11155 2471 2471 11156 2548 2548 11157 2549 2549 11158 2471 2471 11159 2548 2548 11160 2546 2546 11161 2549 2549 11162 2546 2546 11163 2479 2479 11164 2549 2549 11165 2479 2479 11166 2546 2546 11167 2473 2473 11168 2546 2546 11169 2544 2544 11170 2473 2473 11171 2473 2473 11172 2475 2475 11173 2479 2479 11174 2475 2475 11175 2477 2477 11176 2479 2479 11177 2480 2480 11178 2470 2470 11179 2479 2479 11180 2470 2470 11181 2549 2549 11182 2479 2479 11183 2561 2561 11184 2560 2560 11185 2558 2558 11186 2560 2560 11187 2559 2559 11188 2558 2558 11189 2562 2562 11190 2563 2563 11191 2561 2561 11192 2563 2563 11193 2560 2560 11194 2561 2561 11195 2577 2577 11196 2576 2576 11197 2554 2554 11198 2576 2576 11199 2555 2555 11200 2554 2554 11201 2550 2550 11202 2551 2551 11203 2553 2553 11204 2551 2551 11205 2591 2591 11206 2553 2553 11207 2553 2553 11208 2552 2552 11209 2555 2555 11210 2552 2552 11211 2554 2554 11212 2555 2555 11213 2558 2558 11214 2559 2559 11215 2557 2557 11216 2559 2559 11217 2556 2556 11218 2557 2557 11219 2563 2563 11220 2562 2562 11221 2585 2585 11222 2562 2562 11223 2584 2584 11224 2585 2585 11225 2565 2565 11226 2564 2564 11227 2574 2574 11228 2564 2564 11229 2575 2575 11230 2574 2574 11231 2563 2563 11232 2555 2555 11233 2560 2560 11234 2555 2555 11235 2576 2576 11236 2560 2560 11237 2557 2557 11238 2556 2556 11239 2577 2577 11240 2556 2556 11241 2576 2576 11242 2577 2577 11243 2555 2555 11244 2563 2563 11245 2553 2553 11246 2563 2563 11247 2585 2585 11248 2553 2553 11249 2551 2551 11250 2550 2550 11251 2567 2567 11252 2550 2550 11253 2566 2566 11254 2567 2567 11255 2567 2567 11256 2566 2566 11257 2569 2569 11258 2566 2566 11259 2568 2568 11260 2569 2569 11261 2569 2569 11262 2568 2568 11263 2571 2571 11264 2568 2568 11265 2570 2570 11266 2571 2571 11267 2571 2571 11268 2570 2570 11269 2573 2573 11270 2570 2570 11271 2572 2572 11272 2573 2573 11273 2573 2573 11274 2572 2572 11275 2575 2575 11276 2572 2572 11277 2574 2574 11278 2575 2575 11279 2550 2550 11280 2574 2574 11281 2566 2566 11282 2574 2574 11283 2572 2572 11284 2566 2566 11285 2566 2566 11286 2572 2572 11287 2568 2568 11288 2572 2572 11289 2570 2570 11290 2568 2568 11291 2556 2556 11292 2559 2559 11293 2576 2576 11294 2559 2559 11295 2560 2560 11296 2576 2576 11297 2564 2564 11298 2565 2565 11299 2578 2578 11300 2565 2565 11301 2579 2579 11302 2578 2578 11303 2578 2578 11304 2579 2579 11305 2580 2580 11306 2579 2579 11307 2581 2581 11308 2580 2580 11309 2580 2580 11310 2581 2581 11311 2582 2582 11312 2581 2581 11313 2583 2583 11314 2582 2582 11315 2582 2582 11316 2583 2583 11317 2584 2584 11318 2583 2583 11319 2585 2585 11320 2584 2584 11321 2553 2553 11322 2585 2585 11323 2581 2581 11324 2585 2585 11325 2583 2583 11326 2581 2581 11327 2553 2553 11328 2581 2581 11329 2565 2565 11330 2581 2581 11331 2579 2579 11332 2565 2565 11333 2553 2553 11334 2565 2565 11335 2550 2550 11336 2565 2565 11337 2574 2574 11338 2550 2550 11339 2592 2592 11340 2593 2593 11341 2595 2595 11342 2593 2593 11343 2840 2840 11344 2595 2595 11345 2595 2595 11346 2594 2594 11347 2597 2597 11348 2594 2594 11349 2841 2841 11350 2597 2597 11351 2597 2597 11352 2596 2596 11353 2651 2651 11354 2596 2596 11355 2598 2598 11356 2651 2651 11357 2600 2600 11358 2599 2599 11359 2602 2602 11360 2599 2599 11361 2842 2842 11362 2602 2602 11363 2602 2602 11364 2601 2601 11365 2604 2604 11366 2601 2601 11367 2843 2843 11368 2604 2604 11369 2604 2604 11370 2603 2603 11371 2605 2605 11372 2603 2603 11373 2632 2632 11374 2605 2605 11375 2607 2607 11376 2606 2606 11377 2609 2609 11378 2606 2606 11379 2608 2608 11380 2609 2609 11381 2640 2640 11382 2639 2639 11383 2610 2610 11384 2639 2639 11385 2611 2611 11386 2610 2610 11387 2613 2613 11388 2612 2612 11389 2615 2615 11390 2612 2612 11391 2614 2614 11392 2615 2615 11393 2617 2617 11394 2616 2616 11395 2614 2614 11396 2616 2616 11397 2615 2615 11398 2614 2614 11399 2618 2618 11400 2619 2619 11401 2617 2617 11402 2619 2619 11403 2616 2616 11404 2617 2617 11405 2593 2593 11406 2592 2592 11407 2622 2622 11408 2592 2592 11409 2623 2623 11410 2622 2622 11411 2620 2620 11412 2623 2623 11413 2619 2619 11414 2623 2623 11415 2616 2616 11416 2619 2619 11417 2621 2621 11418 2620 2620 11419 2618 2618 11420 2620 2620 11421 2619 2619 11422 2618 2618 11423 2595 2595 11424 2613 2613 11425 2592 2592 11426 2613 2613 11427 2615 2615 11428 2592 2592 11429 2622 2622 11430 2623 2623 11431 2621 2621 11432 2623 2623 11433 2620 2620 11434 2621 2621 11435 2616 2616 11436 2623 2623 11437 2615 2615 11438 2623 2623 11439 2592 2592 11440 2615 2615 11441 2606 2606 11442 2607 2607 11443 2624 2624 11444 2607 2607 11445 2625 2625 11446 2624 2624 11447 2624 2624 11448 2625 2625 11449 2626 2626 11450 2625 2625 11451 2627 2627 11452 2626 2626 11453 2626 2626 11454 2627 2627 11455 2628 2628 11456 2627 2627 11457 2629 2629 11458 2628 2628 11459 2628 2628 11460 2629 2629 11461 2630 2630 11462 2629 2629 11463 2631 2631 11464 2630 2630 11465 2630 2630 11466 2631 2631 11467 2632 2632 11468 2631 2631 11469 2605 2605 11470 2632 2632 11471 2607 2607 11472 2605 2605 11473 2625 2625 11474 2605 2605 11475 2631 2631 11476 2625 2625 11477 2625 2625 11478 2631 2631 11479 2627 2627 11480 2631 2631 11481 2629 2629 11482 2627 2627 11483 2609 2609 11484 2608 2608 11485 2634 2634 11486 2608 2608 11487 2633 2633 11488 2634 2634 11489 2634 2634 11490 2633 2633 11491 2636 2636 11492 2633 2633 11493 2635 2635 11494 2636 2636 11495 2636 2636 11496 2635 2635 11497 2638 2638 11498 2635 2635 11499 2637 2637 11500 2638 2638 11501 2638 2638 11502 2637 2637 11503 2640 2640 11504 2637 2637 11505 2639 2639 11506 2640 2640 11507 2604 2604 11508 2609 2609 11509 2636 2636 11510 2609 2609 11511 2634 2634 11512 2636 2636 11513 2604 2604 11514 2636 2636 11515 2640 2640 11516 2636 2636 11517 2638 2638 11518 2640 2640 11519 2651 2651 11520 2600 2600 11521 2597 2597 11522 2600 2600 11523 2602 2602 11524 2597 2597 11525 2602 2602 11526 2610 2610 11527 2597 2597 11528 2610 2610 11529 2642 2642 11530 2597 2597 11531 2610 2610 11532 2611 2611 11533 2642 2642 11534 2611 2611 11535 2641 2641 11536 2642 2642 11537 2642 2642 11538 2641 2641 11539 2659 2659 11540 2641 2641 11541 2658 2658 11542 2659 2659 11543 2604 2604 11544 2640 2640 11545 2602 2602 11546 2640 2640 11547 2610 2610 11548 2602 2602 11549 2605 2605 11550 2607 2607 11551 2604 2604 11552 2607 2607 11553 2609 2609 11554 2604 2604 11555 2599 2599 11556 2600 2600 11557 2643 2643 11558 2600 2600 11559 2644 2644 11560 2643 2643 11561 2643 2643 11562 2644 2644 11563 2645 2645 11564 2644 2644 11565 2646 2646 11566 2645 2645 11567 2645 2645 11568 2646 2646 11569 2647 2647 11570 2646 2646 11571 2648 2648 11572 2647 2647 11573 2647 2647 11574 2648 2648 11575 2649 2649 11576 2648 2648 11577 2650 2650 11578 2649 2649 11579 2649 2649 11580 2650 2650 11581 2598 2598 11582 2650 2650 11583 2651 2651 11584 2598 2598 11585 2600 2600 11586 2651 2651 11587 2644 2644 11588 2651 2651 11589 2650 2650 11590 2644 2644 11591 2644 2644 11592 2650 2650 11593 2646 2646 11594 2650 2650 11595 2648 2648 11596 2646 2646 11597 2597 2597 11598 2642 2642 11599 2595 2595 11600 2642 2642 11601 2659 2659 11602 2595 2595 11603 2612 2612 11604 2613 2613 11605 2652 2652 11606 2613 2613 11607 2653 2653 11608 2652 2652 11609 2652 2652 11610 2653 2653 11611 2654 2654 11612 2653 2653 11613 2655 2655 11614 2654 2654 11615 2654 2654 11616 2655 2655 11617 2656 2656 11618 2655 2655 11619 2657 2657 11620 2656 2656 11621 2656 2656 11622 2657 2657 11623 2658 2658 11624 2657 2657 11625 2659 2659 11626 2658 2658 11627 2595 2595 11628 2655 2655 11629 2613 2613 11630 2655 2655 11631 2653 2653 11632 2613 2613 11633 2595 2595 11634 2659 2659 11635 2655 2655 11636 2659 2659 11637 2657 2657 11638 2655 2655 11639 2660 2660 11640 2661 2661 11641 2714 2714 11642 2661 2661 11643 2662 2662 11644 2714 2714 11645 2664 2664 11646 2663 2663 11647 2691 2691 11648 2663 2663 11649 2692 2692 11650 2691 2691 11651 2665 2665 11652 2660 2660 11653 2715 2715 11654 2660 2660 11655 2714 2714 11656 2715 2715 11657 2666 2666 11658 2664 2664 11659 2693 2693 11660 2664 2664 11661 2691 2691 11662 2693 2693 11663 2667 2667 11664 2665 2665 11665 2668 2668 11666 2665 2665 11667 2715 2715 11668 2668 2668 11669 2669 2669 11670 2666 2666 11671 2670 2670 11672 2666 2666 11673 2693 2693 11674 2670 2670 11675 2665 2665 11676 2667 2667 11677 2673 2673 11678 2667 2667 11679 2674 2674 11680 2673 2673 11681 2660 2660 11682 2665 2665 11683 2671 2671 11684 2665 2665 11685 2673 2673 11686 2671 2671 11687 2661 2661 11688 2660 2660 11689 2672 2672 11690 2660 2660 11691 2671 2671 11692 2672 2672 11693 2673 2673 11694 2674 2674 11695 2677 2677 11696 2674 2674 11697 2678 2678 11698 2677 2677 11699 2671 2671 11700 2673 2673 11701 2675 2675 11702 2673 2673 11703 2677 2677 11704 2675 2675 11705 2672 2672 11706 2671 2671 11707 2676 2676 11708 2671 2671 11709 2675 2675 11710 2676 2676 11711 2677 2677 11712 2678 2678 11713 2681 2681 11714 2678 2678 11715 2682 2682 11716 2681 2681 11717 2675 2675 11718 2677 2677 11719 2679 2679 11720 2677 2677 11721 2681 2681 11722 2679 2679 11723 2676 2676 11724 2675 2675 11725 2680 2680 11726 2675 2675 11727 2679 2679 11728 2680 2680 11729 2681 2681 11730 2682 2682 11731 2685 2685 11732 2682 2682 11733 2686 2686 11734 2685 2685 11735 2679 2679 11736 2681 2681 11737 2683 2683 11738 2681 2681 11739 2685 2685 11740 2683 2683 11741 2680 2680 11742 2679 2679 11743 2684 2684 11744 2679 2679 11745 2683 2683 11746 2684 2684 11747 2685 2685 11748 2686 2686 11749 2689 2689 11750 2686 2686 11751 2690 2690 11752 2689 2689 11753 2683 2683 11754 2685 2685 11755 2687 2687 11756 2685 2685 11757 2689 2689 11758 2687 2687 11759 2684 2684 11760 2683 2683 11761 2688 2688 11762 2683 2683 11763 2687 2687 11764 2688 2688 11765 2689 2689 11766 2690 2690 11767 2693 2693 11768 2690 2690 11769 2670 2670 11770 2693 2693 11771 2687 2687 11772 2689 2689 11773 2691 2691 11774 2689 2689 11775 2693 2693 11776 2691 2691 11777 2688 2688 11778 2687 2687 11779 2692 2692 11780 2687 2687 11781 2691 2691 11782 2692 2692 11783 2666 2666 11784 2669 2669 11785 2696 2696 11786 2669 2669 11787 2697 2697 11788 2696 2696 11789 2664 2664 11790 2666 2666 11791 2695 2695 11792 2666 2666 11793 2696 2696 11794 2695 2695 11795 2663 2663 11796 2664 2664 11797 2694 2694 11798 2664 2664 11799 2695 2695 11800 2694 2694 11801 2696 2696 11802 2697 2697 11803 2700 2700 11804 2697 2697 11805 2701 2701 11806 2700 2700 11807 2695 2695 11808 2696 2696 11809 2699 2699 11810 2696 2696 11811 2700 2700 11812 2699 2699 11813 2694 2694 11814 2695 2695 11815 2698 2698 11816 2695 2695 11817 2699 2699 11818 2698 2698 11819 2700 2700 11820 2701 2701 11821 2704 2704 11822 2701 2701 11823 2705 2705 11824 2704 2704 11825 2699 2699 11826 2700 2700 11827 2703 2703 11828 2700 2700 11829 2704 2704 11830 2703 2703 11831 2698 2698 11832 2699 2699 11833 2702 2702 11834 2699 2699 11835 2703 2703 11836 2702 2702 11837 2704 2704 11838 2705 2705 11839 2708 2708 11840 2705 2705 11841 2709 2709 11842 2708 2708 11843 2703 2703 11844 2704 2704 11845 2707 2707 11846 2704 2704 11847 2708 2708 11848 2707 2707 11849 2702 2702 11850 2703 2703 11851 2706 2706 11852 2703 2703 11853 2707 2707 11854 2706 2706 11855 2708 2708 11856 2709 2709 11857 2712 2712 11858 2709 2709 11859 2713 2713 11860 2712 2712 11861 2707 2707 11862 2708 2708 11863 2711 2711 11864 2708 2708 11865 2712 2712 11866 2711 2711 11867 2706 2706 11868 2707 2707 11869 2710 2710 11870 2707 2707 11871 2711 2711 11872 2710 2710 11873 2712 2712 11874 2713 2713 11875 2715 2715 11876 2713 2713 11877 2668 2668 11878 2715 2715 11879 2711 2711 11880 2712 2712 11881 2714 2714 11882 2712 2712 11883 2715 2715 11884 2714 2714 11885 2710 2710 11886 2711 2711 11887 2662 2662 11888 2711 2711 11889 2714 2714 11890 2662 2662 11891 2716 2716 11892 2717 2717 11893 2745 2745 11894 2717 2717 11895 2746 2746 11896 2745 2745 11897 2743 2743 11898 2744 2744 11899 2723 2723 11900 2744 2744 11901 2722 2722 11902 2723 2723 11903 2724 2724 11904 2788 2788 11905 2803 2803 11906 2788 2788 11907 2725 2725 11908 2803 2803 11909 2727 2727 11910 2726 2726 11911 2729 2729 11912 2726 2726 11913 2728 2728 11914 2729 2729 11915 2731 2731 11916 2730 2730 11917 2733 2733 11918 2730 2730 11919 2844 2844 11920 2733 2733 11921 2733 2733 11922 2732 2732 11923 2734 2734 11924 2732 2732 11925 2787 2787 11926 2734 2734 11927 2723 2723 11928 2716 2716 11929 2743 2743 11930 2716 2716 11931 2745 2745 11932 2743 2743 11933 2720 2720 11934 2721 2721 11935 2735 2735 11936 2721 2721 11937 2736 2736 11938 2735 2735 11939 2735 2735 11940 2736 2736 11941 2737 2737 11942 2736 2736 11943 2738 2738 11944 2737 2737 11945 2737 2737 11946 2738 2738 11947 2739 2739 11948 2738 2738 11949 2740 2740 11950 2739 2739 11951 2739 2739 11952 2740 2740 11953 2741 2741 11954 2740 2740 11955 2742 2742 11956 2741 2741 11957 2741 2741 11958 2742 2742 11959 2718 2718 11960 2742 2742 11961 2719 2719 11962 2718 2718 11963 2721 2721 11964 2719 2719 11965 2736 2736 11966 2719 2719 11967 2742 2742 11968 2736 2736 11969 2736 2736 11970 2742 2742 11971 2738 2738 11972 2742 2742 11973 2740 2740 11974 2738 2738 11975 2746 2746 11976 2750 2750 11977 2745 2745 11978 2750 2750 11979 2749 2749 11980 2745 2745 11981 2745 2745 11982 2749 2749 11983 2743 2743 11984 2749 2749 11985 2747 2747 11986 2743 2743 11987 2743 2743 11988 2747 2747 11989 2744 2744 11990 2747 2747 11991 2748 2748 11992 2744 2744 11993 2750 2750 11994 2754 2754 11995 2749 2749 11996 2754 2754 11997 2753 2753 11998 2749 2749 11999 2749 2749 12000 2753 2753 12001 2747 2747 12002 2753 2753 12003 2751 2751 12004 2747 2747 12005 2747 2747 12006 2751 2751 12007 2748 2748 12008 2751 2751 12009 2752 2752 12010 2748 2748 12011 2754 2754 12012 2758 2758 12013 2753 2753 12014 2758 2758 12015 2757 2757 12016 2753 2753 12017 2753 2753 12018 2757 2757 12019 2751 2751 12020 2757 2757 12021 2755 2755 12022 2751 2751 12023 2751 2751 12024 2755 2755 12025 2752 2752 12026 2755 2755 12027 2756 2756 12028 2752 2752 12029 2758 2758 12030 2762 2762 12031 2757 2757 12032 2762 2762 12033 2761 2761 12034 2757 2757 12035 2757 2757 12036 2761 2761 12037 2755 2755 12038 2761 2761 12039 2759 2759 12040 2755 2755 12041 2755 2755 12042 2759 2759 12043 2756 2756 12044 2759 2759 12045 2760 2760 12046 2756 2756 12047 2762 2762 12048 2766 2766 12049 2761 2761 12050 2766 2766 12051 2765 2765 12052 2761 2761 12053 2761 2761 12054 2765 2765 12055 2759 2759 12056 2765 2765 12057 2763 2763 12058 2759 2759 12059 2759 2759 12060 2763 2763 12061 2760 2760 12062 2763 2763 12063 2764 2764 12064 2760 2760 12065 2764 2764 12066 2763 2763 12067 2720 2720 12068 2763 2763 12069 2721 2721 12070 2720 2720 12071 2763 2763 12072 2765 2765 12073 2721 2721 12074 2765 2765 12075 2719 2719 12076 2721 2721 12077 2765 2765 12078 2766 2766 12079 2719 2719 12080 2766 2766 12081 2718 2718 12082 2719 2719 12083 2716 2716 12084 2723 2723 12085 2767 2767 12086 2723 2723 12087 2770 2770 12088 2767 2767 12089 2723 2723 12090 2722 2722 12091 2770 2770 12092 2722 2722 12093 2769 2769 12094 2770 2770 12095 2717 2717 12096 2716 2716 12097 2768 2768 12098 2716 2716 12099 2767 2767 12100 2768 2768 12101 2767 2767 12102 2770 2770 12103 2771 2771 12104 2770 2770 12105 2774 2774 12106 2771 2771 12107 2770 2770 12108 2769 2769 12109 2774 2774 12110 2769 2769 12111 2773 2773 12112 2774 2774 12113 2768 2768 12114 2767 2767 12115 2772 2772 12116 2767 2767 12117 2771 2771 12118 2772 2772 12119 2771 2771 12120 2774 2774 12121 2775 2775 12122 2774 2774 12123 2778 2778 12124 2775 2775 12125 2774 2774 12126 2773 2773 12127 2778 2778 12128 2773 2773 12129 2777 2777 12130 2778 2778 12131 2772 2772 12132 2771 2771 12133 2776 2776 12134 2771 2771 12135 2775 2775 12136 2776 2776 12137 2775 2775 12138 2778 2778 12139 2779 2779 12140 2778 2778 12141 2782 2782 12142 2779 2779 12143 2778 2778 12144 2777 2777 12145 2782 2782 12146 2777 2777 12147 2781 2781 12148 2782 2782 12149 2776 2776 12150 2775 2775 12151 2780 2780 12152 2775 2775 12153 2779 2779 12154 2780 2780 12155 2779 2779 12156 2782 2782 12157 2783 2783 12158 2782 2782 12159 2786 2786 12160 2783 2783 12161 2782 2782 12162 2781 2781 12163 2786 2786 12164 2781 2781 12165 2785 2785 12166 2786 2786 12167 2780 2780 12168 2779 2779 12169 2784 2784 12170 2779 2779 12171 2783 2783 12172 2784 2784 12173 2783 2783 12174 2786 2786 12175 2734 2734 12176 2786 2786 12177 2724 2724 12178 2734 2734 12179 2786 2786 12180 2785 2785 12181 2724 2724 12182 2785 2785 12183 2788 2788 12184 2724 2724 12185 2784 2784 12186 2783 2783 12187 2787 2787 12188 2783 2783 12189 2734 2734 12190 2787 2787 12191 2730 2730 12192 2731 2731 12193 2789 2789 12194 2731 2731 12195 2790 2790 12196 2789 2789 12197 2789 2789 12198 2790 2790 12199 2791 2791 12200 2790 2790 12201 2792 2792 12202 2791 2791 12203 2791 2791 12204 2792 2792 12205 2793 2793 12206 2792 2792 12207 2794 2794 12208 2793 2793 12209 2793 2793 12210 2794 2794 12211 2795 2795 12212 2794 2794 12213 2796 2796 12214 2795 2795 12215 2795 2795 12216 2796 2796 12217 2728 2728 12218 2796 2796 12219 2729 2729 12220 2728 2728 12221 2731 2731 12222 2729 2729 12223 2790 2790 12224 2729 2729 12225 2796 2796 12226 2790 2790 12227 2790 2790 12228 2796 2796 12229 2792 2792 12230 2796 2796 12231 2794 2794 12232 2792 2792 12233 2726 2726 12234 2727 2727 12235 2797 2797 12236 2727 2727 12237 2798 2798 12238 2797 2797 12239 2797 2797 12240 2798 2798 12241 2799 2799 12242 2798 2798 12243 2800 2800 12244 2799 2799 12245 2799 2799 12246 2800 2800 12247 2801 2801 12248 2800 2800 12249 2802 2802 12250 2801 2801 12251 2801 2801 12252 2802 2802 12253 2725 2725 12254 2802 2802 12255 2803 2803 12256 2725 2725 12257 2802 2802 12258 2800 2800 12259 2803 2803 12260 2800 2800 12261 2733 2733 12262 2803 2803 12263 2733 2733 12264 2800 2800 12265 2727 2727 12266 2800 2800 12267 2798 2798 12268 2727 2727 12269 2727 2727 12270 2729 2729 12271 2733 2733 12272 2729 2729 12273 2731 2731 12274 2733 2733 12275 2734 2734 12276 2724 2724 12277 2733 2733 12278 2724 2724 12279 2803 2803 12280 2733 2733 12281 2815 2815 12282 2814 2814 12283 2812 2812 12284 2814 2814 12285 2813 2813 12286 2812 2812 12287 2816 2816 12288 2817 2817 12289 2815 2815 12290 2817 2817 12291 2814 2814 12292 2815 2815 12293 2831 2831 12294 2830 2830 12295 2808 2808 12296 2830 2830 12297 2809 2809 12298 2808 2808 12299 2804 2804 12300 2805 2805 12301 2807 2807 12302 2805 2805 12303 2845 2845 12304 2807 2807 12305 2807 2807 12306 2806 2806 12307 2809 2809 12308 2806 2806 12309 2808 2808 12310 2809 2809 12311 2812 2812 12312 2813 2813 12313 2811 2811 12314 2813 2813 12315 2810 2810 12316 2811 2811 12317 2817 2817 12318 2816 2816 12319 2839 2839 12320 2816 2816 12321 2838 2838 12322 2839 2839 12323 2819 2819 12324 2818 2818 12325 2828 2828 12326 2818 2818 12327 2829 2829 12328 2828 2828 12329 2817 2817 12330 2809 2809 12331 2814 2814 12332 2809 2809 12333 2830 2830 12334 2814 2814 12335 2811 2811 12336 2810 2810 12337 2831 2831 12338 2810 2810 12339 2830 2830 12340 2831 2831 12341 2809 2809 12342 2817 2817 12343 2807 2807 12344 2817 2817 12345 2839 2839 12346 2807 2807 12347 2805 2805 12348 2804 2804 12349 2821 2821 12350 2804 2804 12351 2820 2820 12352 2821 2821 12353 2821 2821 12354 2820 2820 12355 2823 2823 12356 2820 2820 12357 2822 2822 12358 2823 2823 12359 2823 2823 12360 2822 2822 12361 2825 2825 12362 2822 2822 12363 2824 2824 12364 2825 2825 12365 2825 2825 12366 2824 2824 12367 2827 2827 12368 2824 2824 12369 2826 2826 12370 2827 2827 12371 2827 2827 12372 2826 2826 12373 2829 2829 12374 2826 2826 12375 2828 2828 12376 2829 2829 12377 2804 2804 12378 2828 2828 12379 2820 2820 12380 2828 2828 12381 2826 2826 12382 2820 2820 12383 2820 2820 12384 2826 2826 12385 2822 2822 12386 2826 2826 12387 2824 2824 12388 2822 2822 12389 2810 2810 12390 2813 2813 12391 2830 2830 12392 2813 2813 12393 2814 2814 12394 2830 2830 12395 2818 2818 12396 2819 2819 12397 2832 2832 12398 2819 2819 12399 2833 2833 12400 2832 2832 12401 2832 2832 12402 2833 2833 12403 2834 2834 12404 2833 2833 12405 2835 2835 12406 2834 2834 12407 2834 2834 12408 2835 2835 12409 2836 2836 12410 2835 2835 12411 2837 2837 12412 2836 2836 12413 2836 2836 12414 2837 2837 12415 2838 2838 12416 2837 2837 12417 2839 2839 12418 2838 2838 12419 2807 2807 12420 2839 2839 12421 2835 2835 12422 2839 2839 12423 2837 2837 12424 2835 2835 12425 2807 2807 12426 2835 2835 12427 2819 2819 12428 2835 2835 12429 2833 2833 12430 2819 2819 12431 2807 2807 12432 2819 2819 12433 2804 2804 12434 2819 2819 12435 2828 2828 12436 2804 2804 12437 2846 2846 12438 2847 2847 12439 2849 2849 12440 2847 2847 12441 3094 3094 12442 2849 2849 12443 2849 2849 12444 2848 2848 12445 2851 2851 12446 2848 2848 12447 3095 3095 12448 2851 2851 12449 2851 2851 12450 2850 2850 12451 2905 2905 12452 2850 2850 12453 2852 2852 12454 2905 2905 12455 2854 2854 12456 2853 2853 12457 2856 2856 12458 2853 2853 12459 3096 3096 12460 2856 2856 12461 2856 2856 12462 2855 2855 12463 2858 2858 12464 2855 2855 12465 3097 3097 12466 2858 2858 12467 2858 2858 12468 2857 2857 12469 2859 2859 12470 2857 2857 12471 2886 2886 12472 2859 2859 12473 2861 2861 12474 2860 2860 12475 2863 2863 12476 2860 2860 12477 2862 2862 12478 2863 2863 12479 2894 2894 12480 2893 2893 12481 2864 2864 12482 2893 2893 12483 2865 2865 12484 2864 2864 12485 2867 2867 12486 2866 2866 12487 2869 2869 12488 2866 2866 12489 2868 2868 12490 2869 2869 12491 2871 2871 12492 2870 2870 12493 2868 2868 12494 2870 2870 12495 2869 2869 12496 2868 2868 12497 2872 2872 12498 2873 2873 12499 2871 2871 12500 2873 2873 12501 2870 2870 12502 2871 2871 12503 2847 2847 12504 2846 2846 12505 2876 2876 12506 2846 2846 12507 2877 2877 12508 2876 2876 12509 2874 2874 12510 2877 2877 12511 2873 2873 12512 2877 2877 12513 2870 2870 12514 2873 2873 12515 2875 2875 12516 2874 2874 12517 2872 2872 12518 2874 2874 12519 2873 2873 12520 2872 2872 12521 2849 2849 12522 2867 2867 12523 2846 2846 12524 2867 2867 12525 2869 2869 12526 2846 2846 12527 2876 2876 12528 2877 2877 12529 2875 2875 12530 2877 2877 12531 2874 2874 12532 2875 2875 12533 2870 2870 12534 2877 2877 12535 2869 2869 12536 2877 2877 12537 2846 2846 12538 2869 2869 12539 2860 2860 12540 2861 2861 12541 2878 2878 12542 2861 2861 12543 2879 2879 12544 2878 2878 12545 2878 2878 12546 2879 2879 12547 2880 2880 12548 2879 2879 12549 2881 2881 12550 2880 2880 12551 2880 2880 12552 2881 2881 12553 2882 2882 12554 2881 2881 12555 2883 2883 12556 2882 2882 12557 2882 2882 12558 2883 2883 12559 2884 2884 12560 2883 2883 12561 2885 2885 12562 2884 2884 12563 2884 2884 12564 2885 2885 12565 2886 2886 12566 2885 2885 12567 2859 2859 12568 2886 2886 12569 2861 2861 12570 2859 2859 12571 2879 2879 12572 2859 2859 12573 2885 2885 12574 2879 2879 12575 2879 2879 12576 2885 2885 12577 2881 2881 12578 2885 2885 12579 2883 2883 12580 2881 2881 12581 2863 2863 12582 2862 2862 12583 2888 2888 12584 2862 2862 12585 2887 2887 12586 2888 2888 12587 2888 2888 12588 2887 2887 12589 2890 2890 12590 2887 2887 12591 2889 2889 12592 2890 2890 12593 2890 2890 12594 2889 2889 12595 2892 2892 12596 2889 2889 12597 2891 2891 12598 2892 2892 12599 2892 2892 12600 2891 2891 12601 2894 2894 12602 2891 2891 12603 2893 2893 12604 2894 2894 12605 2858 2858 12606 2863 2863 12607 2890 2890 12608 2863 2863 12609 2888 2888 12610 2890 2890 12611 2858 2858 12612 2890 2890 12613 2894 2894 12614 2890 2890 12615 2892 2892 12616 2894 2894 12617 2905 2905 12618 2854 2854 12619 2851 2851 12620 2854 2854 12621 2856 2856 12622 2851 2851 12623 2856 2856 12624 2864 2864 12625 2851 2851 12626 2864 2864 12627 2896 2896 12628 2851 2851 12629 2864 2864 12630 2865 2865 12631 2896 2896 12632 2865 2865 12633 2895 2895 12634 2896 2896 12635 2896 2896 12636 2895 2895 12637 2913 2913 12638 2895 2895 12639 2912 2912 12640 2913 2913 12641 2858 2858 12642 2894 2894 12643 2856 2856 12644 2894 2894 12645 2864 2864 12646 2856 2856 12647 2859 2859 12648 2861 2861 12649 2858 2858 12650 2861 2861 12651 2863 2863 12652 2858 2858 12653 2853 2853 12654 2854 2854 12655 2897 2897 12656 2854 2854 12657 2898 2898 12658 2897 2897 12659 2897 2897 12660 2898 2898 12661 2899 2899 12662 2898 2898 12663 2900 2900 12664 2899 2899 12665 2899 2899 12666 2900 2900 12667 2901 2901 12668 2900 2900 12669 2902 2902 12670 2901 2901 12671 2901 2901 12672 2902 2902 12673 2903 2903 12674 2902 2902 12675 2904 2904 12676 2903 2903 12677 2903 2903 12678 2904 2904 12679 2852 2852 12680 2904 2904 12681 2905 2905 12682 2852 2852 12683 2854 2854 12684 2905 2905 12685 2898 2898 12686 2905 2905 12687 2904 2904 12688 2898 2898 12689 2898 2898 12690 2904 2904 12691 2900 2900 12692 2904 2904 12693 2902 2902 12694 2900 2900 12695 2851 2851 12696 2896 2896 12697 2849 2849 12698 2896 2896 12699 2913 2913 12700 2849 2849 12701 2866 2866 12702 2867 2867 12703 2906 2906 12704 2867 2867 12705 2907 2907 12706 2906 2906 12707 2906 2906 12708 2907 2907 12709 2908 2908 12710 2907 2907 12711 2909 2909 12712 2908 2908 12713 2908 2908 12714 2909 2909 12715 2910 2910 12716 2909 2909 12717 2911 2911 12718 2910 2910 12719 2910 2910 12720 2911 2911 12721 2912 2912 12722 2911 2911 12723 2913 2913 12724 2912 2912 12725 2849 2849 12726 2909 2909 12727 2867 2867 12728 2909 2909 12729 2907 2907 12730 2867 2867 12731 2849 2849 12732 2913 2913 12733 2909 2909 12734 2913 2913 12735 2911 2911 12736 2909 2909 12737 2914 2914 12738 2915 2915 12739 2968 2968 12740 2915 2915 12741 2916 2916 12742 2968 2968 12743 2918 2918 12744 2917 2917 12745 2945 2945 12746 2917 2917 12747 2946 2946 12748 2945 2945 12749 2919 2919 12750 2914 2914 12751 2969 2969 12752 2914 2914 12753 2968 2968 12754 2969 2969 12755 2920 2920 12756 2918 2918 12757 2947 2947 12758 2918 2918 12759 2945 2945 12760 2947 2947 12761 2921 2921 12762 2919 2919 12763 2922 2922 12764 2919 2919 12765 2969 2969 12766 2922 2922 12767 2923 2923 12768 2920 2920 12769 2924 2924 12770 2920 2920 12771 2947 2947 12772 2924 2924 12773 2919 2919 12774 2921 2921 12775 2927 2927 12776 2921 2921 12777 2928 2928 12778 2927 2927 12779 2914 2914 12780 2919 2919 12781 2925 2925 12782 2919 2919 12783 2927 2927 12784 2925 2925 12785 2915 2915 12786 2914 2914 12787 2926 2926 12788 2914 2914 12789 2925 2925 12790 2926 2926 12791 2927 2927 12792 2928 2928 12793 2931 2931 12794 2928 2928 12795 2932 2932 12796 2931 2931 12797 2925 2925 12798 2927 2927 12799 2929 2929 12800 2927 2927 12801 2931 2931 12802 2929 2929 12803 2926 2926 12804 2925 2925 12805 2930 2930 12806 2925 2925 12807 2929 2929 12808 2930 2930 12809 2931 2931 12810 2932 2932 12811 2935 2935 12812 2932 2932 12813 2936 2936 12814 2935 2935 12815 2929 2929 12816 2931 2931 12817 2933 2933 12818 2931 2931 12819 2935 2935 12820 2933 2933 12821 2930 2930 12822 2929 2929 12823 2934 2934 12824 2929 2929 12825 2933 2933 12826 2934 2934 12827 2935 2935 12828 2936 2936 12829 2939 2939 12830 2936 2936 12831 2940 2940 12832 2939 2939 12833 2933 2933 12834 2935 2935 12835 2937 2937 12836 2935 2935 12837 2939 2939 12838 2937 2937 12839 2934 2934 12840 2933 2933 12841 2938 2938 12842 2933 2933 12843 2937 2937 12844 2938 2938 12845 2939 2939 12846 2940 2940 12847 2943 2943 12848 2940 2940 12849 2944 2944 12850 2943 2943 12851 2937 2937 12852 2939 2939 12853 2941 2941 12854 2939 2939 12855 2943 2943 12856 2941 2941 12857 2938 2938 12858 2937 2937 12859 2942 2942 12860 2937 2937 12861 2941 2941 12862 2942 2942 12863 2943 2943 12864 2944 2944 12865 2947 2947 12866 2944 2944 12867 2924 2924 12868 2947 2947 12869 2941 2941 12870 2943 2943 12871 2945 2945 12872 2943 2943 12873 2947 2947 12874 2945 2945 12875 2942 2942 12876 2941 2941 12877 2946 2946 12878 2941 2941 12879 2945 2945 12880 2946 2946 12881 2920 2920 12882 2923 2923 12883 2950 2950 12884 2923 2923 12885 2951 2951 12886 2950 2950 12887 2918 2918 12888 2920 2920 12889 2949 2949 12890 2920 2920 12891 2950 2950 12892 2949 2949 12893 2917 2917 12894 2918 2918 12895 2948 2948 12896 2918 2918 12897 2949 2949 12898 2948 2948 12899 2950 2950 12900 2951 2951 12901 2954 2954 12902 2951 2951 12903 2955 2955 12904 2954 2954 12905 2949 2949 12906 2950 2950 12907 2953 2953 12908 2950 2950 12909 2954 2954 12910 2953 2953 12911 2948 2948 12912 2949 2949 12913 2952 2952 12914 2949 2949 12915 2953 2953 12916 2952 2952 12917 2954 2954 12918 2955 2955 12919 2958 2958 12920 2955 2955 12921 2959 2959 12922 2958 2958 12923 2953 2953 12924 2954 2954 12925 2957 2957 12926 2954 2954 12927 2958 2958 12928 2957 2957 12929 2952 2952 12930 2953 2953 12931 2956 2956 12932 2953 2953 12933 2957 2957 12934 2956 2956 12935 2958 2958 12936 2959 2959 12937 2962 2962 12938 2959 2959 12939 2963 2963 12940 2962 2962 12941 2957 2957 12942 2958 2958 12943 2961 2961 12944 2958 2958 12945 2962 2962 12946 2961 2961 12947 2956 2956 12948 2957 2957 12949 2960 2960 12950 2957 2957 12951 2961 2961 12952 2960 2960 12953 2962 2962 12954 2963 2963 12955 2966 2966 12956 2963 2963 12957 2967 2967 12958 2966 2966 12959 2961 2961 12960 2962 2962 12961 2965 2965 12962 2962 2962 12963 2966 2966 12964 2965 2965 12965 2960 2960 12966 2961 2961 12967 2964 2964 12968 2961 2961 12969 2965 2965 12970 2964 2964 12971 2966 2966 12972 2967 2967 12973 2969 2969 12974 2967 2967 12975 2922 2922 12976 2969 2969 12977 2965 2965 12978 2966 2966 12979 2968 2968 12980 2966 2966 12981 2969 2969 12982 2968 2968 12983 2964 2964 12984 2965 2965 12985 2916 2916 12986 2965 2965 12987 2968 2968 12988 2916 2916 12989 2970 2970 12990 2971 2971 12991 2999 2999 12992 2971 2971 12993 3000 3000 12994 2999 2999 12995 2997 2997 12996 2998 2998 12997 2977 2977 12998 2998 2998 12999 2976 2976 13000 2977 2977 13001 2978 2978 13002 3042 3042 13003 3057 3057 13004 3042 3042 13005 2979 2979 13006 3057 3057 13007 2981 2981 13008 2980 2980 13009 2983 2983 13010 2980 2980 13011 2982 2982 13012 2983 2983 13013 2985 2985 13014 2984 2984 13015 2987 2987 13016 2984 2984 13017 3098 3098 13018 2987 2987 13019 2987 2987 13020 2986 2986 13021 2988 2988 13022 2986 2986 13023 3041 3041 13024 2988 2988 13025 2977 2977 13026 2970 2970 13027 2997 2997 13028 2970 2970 13029 2999 2999 13030 2997 2997 13031 2974 2974 13032 2975 2975 13033 2989 2989 13034 2975 2975 13035 2990 2990 13036 2989 2989 13037 2989 2989 13038 2990 2990 13039 2991 2991 13040 2990 2990 13041 2992 2992 13042 2991 2991 13043 2991 2991 13044 2992 2992 13045 2993 2993 13046 2992 2992 13047 2994 2994 13048 2993 2993 13049 2993 2993 13050 2994 2994 13051 2995 2995 13052 2994 2994 13053 2996 2996 13054 2995 2995 13055 2995 2995 13056 2996 2996 13057 2972 2972 13058 2996 2996 13059 2973 2973 13060 2972 2972 13061 2975 2975 13062 2973 2973 13063 2990 2990 13064 2973 2973 13065 2996 2996 13066 2990 2990 13067 2990 2990 13068 2996 2996 13069 2992 2992 13070 2996 2996 13071 2994 2994 13072 2992 2992 13073 3000 3000 13074 3004 3004 13075 2999 2999 13076 3004 3004 13077 3003 3003 13078 2999 2999 13079 2999 2999 13080 3003 3003 13081 2997 2997 13082 3003 3003 13083 3001 3001 13084 2997 2997 13085 2997 2997 13086 3001 3001 13087 2998 2998 13088 3001 3001 13089 3002 3002 13090 2998 2998 13091 3004 3004 13092 3008 3008 13093 3003 3003 13094 3008 3008 13095 3007 3007 13096 3003 3003 13097 3003 3003 13098 3007 3007 13099 3001 3001 13100 3007 3007 13101 3005 3005 13102 3001 3001 13103 3001 3001 13104 3005 3005 13105 3002 3002 13106 3005 3005 13107 3006 3006 13108 3002 3002 13109 3008 3008 13110 3012 3012 13111 3007 3007 13112 3012 3012 13113 3011 3011 13114 3007 3007 13115 3007 3007 13116 3011 3011 13117 3005 3005 13118 3011 3011 13119 3009 3009 13120 3005 3005 13121 3005 3005 13122 3009 3009 13123 3006 3006 13124 3009 3009 13125 3010 3010 13126 3006 3006 13127 3012 3012 13128 3016 3016 13129 3011 3011 13130 3016 3016 13131 3015 3015 13132 3011 3011 13133 3011 3011 13134 3015 3015 13135 3009 3009 13136 3015 3015 13137 3013 3013 13138 3009 3009 13139 3009 3009 13140 3013 3013 13141 3010 3010 13142 3013 3013 13143 3014 3014 13144 3010 3010 13145 3016 3016 13146 3020 3020 13147 3015 3015 13148 3020 3020 13149 3019 3019 13150 3015 3015 13151 3015 3015 13152 3019 3019 13153 3013 3013 13154 3019 3019 13155 3017 3017 13156 3013 3013 13157 3013 3013 13158 3017 3017 13159 3014 3014 13160 3017 3017 13161 3018 3018 13162 3014 3014 13163 3018 3018 13164 3017 3017 13165 2974 2974 13166 3017 3017 13167 2975 2975 13168 2974 2974 13169 3017 3017 13170 3019 3019 13171 2975 2975 13172 3019 3019 13173 2973 2973 13174 2975 2975 13175 3019 3019 13176 3020 3020 13177 2973 2973 13178 3020 3020 13179 2972 2972 13180 2973 2973 13181 2970 2970 13182 2977 2977 13183 3021 3021 13184 2977 2977 13185 3024 3024 13186 3021 3021 13187 2977 2977 13188 2976 2976 13189 3024 3024 13190 2976 2976 13191 3023 3023 13192 3024 3024 13193 2971 2971 13194 2970 2970 13195 3022 3022 13196 2970 2970 13197 3021 3021 13198 3022 3022 13199 3021 3021 13200 3024 3024 13201 3025 3025 13202 3024 3024 13203 3028 3028 13204 3025 3025 13205 3024 3024 13206 3023 3023 13207 3028 3028 13208 3023 3023 13209 3027 3027 13210 3028 3028 13211 3022 3022 13212 3021 3021 13213 3026 3026 13214 3021 3021 13215 3025 3025 13216 3026 3026 13217 3025 3025 13218 3028 3028 13219 3029 3029 13220 3028 3028 13221 3032 3032 13222 3029 3029 13223 3028 3028 13224 3027 3027 13225 3032 3032 13226 3027 3027 13227 3031 3031 13228 3032 3032 13229 3026 3026 13230 3025 3025 13231 3030 3030 13232 3025 3025 13233 3029 3029 13234 3030 3030 13235 3029 3029 13236 3032 3032 13237 3033 3033 13238 3032 3032 13239 3036 3036 13240 3033 3033 13241 3032 3032 13242 3031 3031 13243 3036 3036 13244 3031 3031 13245 3035 3035 13246 3036 3036 13247 3030 3030 13248 3029 3029 13249 3034 3034 13250 3029 3029 13251 3033 3033 13252 3034 3034 13253 3033 3033 13254 3036 3036 13255 3037 3037 13256 3036 3036 13257 3040 3040 13258 3037 3037 13259 3036 3036 13260 3035 3035 13261 3040 3040 13262 3035 3035 13263 3039 3039 13264 3040 3040 13265 3034 3034 13266 3033 3033 13267 3038 3038 13268 3033 3033 13269 3037 3037 13270 3038 3038 13271 3037 3037 13272 3040 3040 13273 2988 2988 13274 3040 3040 13275 2978 2978 13276 2988 2988 13277 3040 3040 13278 3039 3039 13279 2978 2978 13280 3039 3039 13281 3042 3042 13282 2978 2978 13283 3038 3038 13284 3037 3037 13285 3041 3041 13286 3037 3037 13287 2988 2988 13288 3041 3041 13289 2984 2984 13290 2985 2985 13291 3043 3043 13292 2985 2985 13293 3044 3044 13294 3043 3043 13295 3043 3043 13296 3044 3044 13297 3045 3045 13298 3044 3044 13299 3046 3046 13300 3045 3045 13301 3045 3045 13302 3046 3046 13303 3047 3047 13304 3046 3046 13305 3048 3048 13306 3047 3047 13307 3047 3047 13308 3048 3048 13309 3049 3049 13310 3048 3048 13311 3050 3050 13312 3049 3049 13313 3049 3049 13314 3050 3050 13315 2982 2982 13316 3050 3050 13317 2983 2983 13318 2982 2982 13319 2985 2985 13320 2983 2983 13321 3044 3044 13322 2983 2983 13323 3050 3050 13324 3044 3044 13325 3044 3044 13326 3050 3050 13327 3046 3046 13328 3050 3050 13329 3048 3048 13330 3046 3046 13331 2980 2980 13332 2981 2981 13333 3051 3051 13334 2981 2981 13335 3052 3052 13336 3051 3051 13337 3051 3051 13338 3052 3052 13339 3053 3053 13340 3052 3052 13341 3054 3054 13342 3053 3053 13343 3053 3053 13344 3054 3054 13345 3055 3055 13346 3054 3054 13347 3056 3056 13348 3055 3055 13349 3055 3055 13350 3056 3056 13351 2979 2979 13352 3056 3056 13353 3057 3057 13354 2979 2979 13355 3056 3056 13356 3054 3054 13357 3057 3057 13358 3054 3054 13359 2987 2987 13360 3057 3057 13361 2987 2987 13362 3054 3054 13363 2981 2981 13364 3054 3054 13365 3052 3052 13366 2981 2981 13367 2981 2981 13368 2983 2983 13369 2987 2987 13370 2983 2983 13371 2985 2985 13372 2987 2987 13373 2988 2988 13374 2978 2978 13375 2987 2987 13376 2978 2978 13377 3057 3057 13378 2987 2987 13379 3069 3069 13380 3068 3068 13381 3066 3066 13382 3068 3068 13383 3067 3067 13384 3066 3066 13385 3070 3070 13386 3071 3071 13387 3069 3069 13388 3071 3071 13389 3068 3068 13390 3069 3069 13391 3085 3085 13392 3084 3084 13393 3062 3062 13394 3084 3084 13395 3063 3063 13396 3062 3062 13397 3058 3058 13398 3059 3059 13399 3061 3061 13400 3059 3059 13401 3099 3099 13402 3061 3061 13403 3061 3061 13404 3060 3060 13405 3063 3063 13406 3060 3060 13407 3062 3062 13408 3063 3063 13409 3066 3066 13410 3067 3067 13411 3065 3065 13412 3067 3067 13413 3064 3064 13414 3065 3065 13415 3071 3071 13416 3070 3070 13417 3093 3093 13418 3070 3070 13419 3092 3092 13420 3093 3093 13421 3073 3073 13422 3072 3072 13423 3082 3082 13424 3072 3072 13425 3083 3083 13426 3082 3082 13427 3071 3071 13428 3063 3063 13429 3068 3068 13430 3063 3063 13431 3084 3084 13432 3068 3068 13433 3065 3065 13434 3064 3064 13435 3085 3085 13436 3064 3064 13437 3084 3084 13438 3085 3085 13439 3063 3063 13440 3071 3071 13441 3061 3061 13442 3071 3071 13443 3093 3093 13444 3061 3061 13445 3059 3059 13446 3058 3058 13447 3075 3075 13448 3058 3058 13449 3074 3074 13450 3075 3075 13451 3075 3075 13452 3074 3074 13453 3077 3077 13454 3074 3074 13455 3076 3076 13456 3077 3077 13457 3077 3077 13458 3076 3076 13459 3079 3079 13460 3076 3076 13461 3078 3078 13462 3079 3079 13463 3079 3079 13464 3078 3078 13465 3081 3081 13466 3078 3078 13467 3080 3080 13468 3081 3081 13469 3081 3081 13470 3080 3080 13471 3083 3083 13472 3080 3080 13473 3082 3082 13474 3083 3083 13475 3058 3058 13476 3082 3082 13477 3074 3074 13478 3082 3082 13479 3080 3080 13480 3074 3074 13481 3074 3074 13482 3080 3080 13483 3076 3076 13484 3080 3080 13485 3078 3078 13486 3076 3076 13487 3064 3064 13488 3067 3067 13489 3084 3084 13490 3067 3067 13491 3068 3068 13492 3084 3084 13493 3072 3072 13494 3073 3073 13495 3086 3086 13496 3073 3073 13497 3087 3087 13498 3086 3086 13499 3086 3086 13500 3087 3087 13501 3088 3088 13502 3087 3087 13503 3089 3089 13504 3088 3088 13505 3088 3088 13506 3089 3089 13507 3090 3090 13508 3089 3089 13509 3091 3091 13510 3090 3090 13511 3090 3090 13512 3091 3091 13513 3092 3092 13514 3091 3091 13515 3093 3093 13516 3092 3092 13517 3061 3061 13518 3093 3093 13519 3089 3089 13520 3093 3093 13521 3091 3091 13522 3089 3089 13523 3061 3061 13524 3089 3089 13525 3073 3073 13526 3089 3089 13527 3087 3087 13528 3073 3073 13529 3061 3061 13530 3073 3073 13531 3058 3058 13532 3073 3073 13533 3082 3082 13534 3058 3058 13535 3100 3100 13536 3101 3101 13537 3103 3103 13538 3101 3101 13539 3348 3348 13540 3103 3103 13541 3103 3103 13542 3102 3102 13543 3105 3105 13544 3102 3102 13545 3349 3349 13546 3105 3105 13547 3105 3105 13548 3104 3104 13549 3159 3159 13550 3104 3104 13551 3106 3106 13552 3159 3159 13553 3108 3108 13554 3107 3107 13555 3110 3110 13556 3107 3107 13557 3350 3350 13558 3110 3110 13559 3110 3110 13560 3109 3109 13561 3112 3112 13562 3109 3109 13563 3351 3351 13564 3112 3112 13565 3112 3112 13566 3111 3111 13567 3113 3113 13568 3111 3111 13569 3140 3140 13570 3113 3113 13571 3115 3115 13572 3114 3114 13573 3117 3117 13574 3114 3114 13575 3116 3116 13576 3117 3117 13577 3148 3148 13578 3147 3147 13579 3118 3118 13580 3147 3147 13581 3119 3119 13582 3118 3118 13583 3121 3121 13584 3120 3120 13585 3123 3123 13586 3120 3120 13587 3122 3122 13588 3123 3123 13589 3125 3125 13590 3124 3124 13591 3122 3122 13592 3124 3124 13593 3123 3123 13594 3122 3122 13595 3126 3126 13596 3127 3127 13597 3125 3125 13598 3127 3127 13599 3124 3124 13600 3125 3125 13601 3101 3101 13602 3100 3100 13603 3130 3130 13604 3100 3100 13605 3131 3131 13606 3130 3130 13607 3128 3128 13608 3131 3131 13609 3127 3127 13610 3131 3131 13611 3124 3124 13612 3127 3127 13613 3129 3129 13614 3128 3128 13615 3126 3126 13616 3128 3128 13617 3127 3127 13618 3126 3126 13619 3103 3103 13620 3121 3121 13621 3100 3100 13622 3121 3121 13623 3123 3123 13624 3100 3100 13625 3130 3130 13626 3131 3131 13627 3129 3129 13628 3131 3131 13629 3128 3128 13630 3129 3129 13631 3124 3124 13632 3131 3131 13633 3123 3123 13634 3131 3131 13635 3100 3100 13636 3123 3123 13637 3114 3114 13638 3115 3115 13639 3132 3132 13640 3115 3115 13641 3133 3133 13642 3132 3132 13643 3132 3132 13644 3133 3133 13645 3134 3134 13646 3133 3133 13647 3135 3135 13648 3134 3134 13649 3134 3134 13650 3135 3135 13651 3136 3136 13652 3135 3135 13653 3137 3137 13654 3136 3136 13655 3136 3136 13656 3137 3137 13657 3138 3138 13658 3137 3137 13659 3139 3139 13660 3138 3138 13661 3138 3138 13662 3139 3139 13663 3140 3140 13664 3139 3139 13665 3113 3113 13666 3140 3140 13667 3115 3115 13668 3113 3113 13669 3133 3133 13670 3113 3113 13671 3139 3139 13672 3133 3133 13673 3133 3133 13674 3139 3139 13675 3135 3135 13676 3139 3139 13677 3137 3137 13678 3135 3135 13679 3117 3117 13680 3116 3116 13681 3142 3142 13682 3116 3116 13683 3141 3141 13684 3142 3142 13685 3142 3142 13686 3141 3141 13687 3144 3144 13688 3141 3141 13689 3143 3143 13690 3144 3144 13691 3144 3144 13692 3143 3143 13693 3146 3146 13694 3143 3143 13695 3145 3145 13696 3146 3146 13697 3146 3146 13698 3145 3145 13699 3148 3148 13700 3145 3145 13701 3147 3147 13702 3148 3148 13703 3112 3112 13704 3117 3117 13705 3144 3144 13706 3117 3117 13707 3142 3142 13708 3144 3144 13709 3112 3112 13710 3144 3144 13711 3148 3148 13712 3144 3144 13713 3146 3146 13714 3148 3148 13715 3159 3159 13716 3108 3108 13717 3105 3105 13718 3108 3108 13719 3110 3110 13720 3105 3105 13721 3110 3110 13722 3118 3118 13723 3105 3105 13724 3118 3118 13725 3150 3150 13726 3105 3105 13727 3118 3118 13728 3119 3119 13729 3150 3150 13730 3119 3119 13731 3149 3149 13732 3150 3150 13733 3150 3150 13734 3149 3149 13735 3167 3167 13736 3149 3149 13737 3166 3166 13738 3167 3167 13739 3112 3112 13740 3148 3148 13741 3110 3110 13742 3148 3148 13743 3118 3118 13744 3110 3110 13745 3113 3113 13746 3115 3115 13747 3112 3112 13748 3115 3115 13749 3117 3117 13750 3112 3112 13751 3107 3107 13752 3108 3108 13753 3151 3151 13754 3108 3108 13755 3152 3152 13756 3151 3151 13757 3151 3151 13758 3152 3152 13759 3153 3153 13760 3152 3152 13761 3154 3154 13762 3153 3153 13763 3153 3153 13764 3154 3154 13765 3155 3155 13766 3154 3154 13767 3156 3156 13768 3155 3155 13769 3155 3155 13770 3156 3156 13771 3157 3157 13772 3156 3156 13773 3158 3158 13774 3157 3157 13775 3157 3157 13776 3158 3158 13777 3106 3106 13778 3158 3158 13779 3159 3159 13780 3106 3106 13781 3108 3108 13782 3159 3159 13783 3152 3152 13784 3159 3159 13785 3158 3158 13786 3152 3152 13787 3152 3152 13788 3158 3158 13789 3154 3154 13790 3158 3158 13791 3156 3156 13792 3154 3154 13793 3105 3105 13794 3150 3150 13795 3103 3103 13796 3150 3150 13797 3167 3167 13798 3103 3103 13799 3120 3120 13800 3121 3121 13801 3160 3160 13802 3121 3121 13803 3161 3161 13804 3160 3160 13805 3160 3160 13806 3161 3161 13807 3162 3162 13808 3161 3161 13809 3163 3163 13810 3162 3162 13811 3162 3162 13812 3163 3163 13813 3164 3164 13814 3163 3163 13815 3165 3165 13816 3164 3164 13817 3164 3164 13818 3165 3165 13819 3166 3166 13820 3165 3165 13821 3167 3167 13822 3166 3166 13823 3103 3103 13824 3163 3163 13825 3121 3121 13826 3163 3163 13827 3161 3161 13828 3121 3121 13829 3103 3103 13830 3167 3167 13831 3163 3163 13832 3167 3167 13833 3165 3165 13834 3163 3163 13835 3168 3168 13836 3169 3169 13837 3222 3222 13838 3169 3169 13839 3170 3170 13840 3222 3222 13841 3172 3172 13842 3171 3171 13843 3199 3199 13844 3171 3171 13845 3200 3200 13846 3199 3199 13847 3173 3173 13848 3168 3168 13849 3223 3223 13850 3168 3168 13851 3222 3222 13852 3223 3223 13853 3174 3174 13854 3172 3172 13855 3201 3201 13856 3172 3172 13857 3199 3199 13858 3201 3201 13859 3175 3175 13860 3173 3173 13861 3176 3176 13862 3173 3173 13863 3223 3223 13864 3176 3176 13865 3177 3177 13866 3174 3174 13867 3178 3178 13868 3174 3174 13869 3201 3201 13870 3178 3178 13871 3173 3173 13872 3175 3175 13873 3181 3181 13874 3175 3175 13875 3182 3182 13876 3181 3181 13877 3168 3168 13878 3173 3173 13879 3179 3179 13880 3173 3173 13881 3181 3181 13882 3179 3179 13883 3169 3169 13884 3168 3168 13885 3180 3180 13886 3168 3168 13887 3179 3179 13888 3180 3180 13889 3181 3181 13890 3182 3182 13891 3185 3185 13892 3182 3182 13893 3186 3186 13894 3185 3185 13895 3179 3179 13896 3181 3181 13897 3183 3183 13898 3181 3181 13899 3185 3185 13900 3183 3183 13901 3180 3180 13902 3179 3179 13903 3184 3184 13904 3179 3179 13905 3183 3183 13906 3184 3184 13907 3185 3185 13908 3186 3186 13909 3189 3189 13910 3186 3186 13911 3190 3190 13912 3189 3189 13913 3183 3183 13914 3185 3185 13915 3187 3187 13916 3185 3185 13917 3189 3189 13918 3187 3187 13919 3184 3184 13920 3183 3183 13921 3188 3188 13922 3183 3183 13923 3187 3187 13924 3188 3188 13925 3189 3189 13926 3190 3190 13927 3193 3193 13928 3190 3190 13929 3194 3194 13930 3193 3193 13931 3187 3187 13932 3189 3189 13933 3191 3191 13934 3189 3189 13935 3193 3193 13936 3191 3191 13937 3188 3188 13938 3187 3187 13939 3192 3192 13940 3187 3187 13941 3191 3191 13942 3192 3192 13943 3193 3193 13944 3194 3194 13945 3197 3197 13946 3194 3194 13947 3198 3198 13948 3197 3197 13949 3191 3191 13950 3193 3193 13951 3195 3195 13952 3193 3193 13953 3197 3197 13954 3195 3195 13955 3192 3192 13956 3191 3191 13957 3196 3196 13958 3191 3191 13959 3195 3195 13960 3196 3196 13961 3197 3197 13962 3198 3198 13963 3201 3201 13964 3198 3198 13965 3178 3178 13966 3201 3201 13967 3195 3195 13968 3197 3197 13969 3199 3199 13970 3197 3197 13971 3201 3201 13972 3199 3199 13973 3196 3196 13974 3195 3195 13975 3200 3200 13976 3195 3195 13977 3199 3199 13978 3200 3200 13979 3174 3174 13980 3177 3177 13981 3204 3204 13982 3177 3177 13983 3205 3205 13984 3204 3204 13985 3172 3172 13986 3174 3174 13987 3203 3203 13988 3174 3174 13989 3204 3204 13990 3203 3203 13991 3171 3171 13992 3172 3172 13993 3202 3202 13994 3172 3172 13995 3203 3203 13996 3202 3202 13997 3204 3204 13998 3205 3205 13999 3208 3208 14000 3205 3205 14001 3209 3209 14002 3208 3208 14003 3203 3203 14004 3204 3204 14005 3207 3207 14006 3204 3204 14007 3208 3208 14008 3207 3207 14009 3202 3202 14010 3203 3203 14011 3206 3206 14012 3203 3203 14013 3207 3207 14014 3206 3206 14015 3208 3208 14016 3209 3209 14017 3212 3212 14018 3209 3209 14019 3213 3213 14020 3212 3212 14021 3207 3207 14022 3208 3208 14023 3211 3211 14024 3208 3208 14025 3212 3212 14026 3211 3211 14027 3206 3206 14028 3207 3207 14029 3210 3210 14030 3207 3207 14031 3211 3211 14032 3210 3210 14033 3212 3212 14034 3213 3213 14035 3216 3216 14036 3213 3213 14037 3217 3217 14038 3216 3216 14039 3211 3211 14040 3212 3212 14041 3215 3215 14042 3212 3212 14043 3216 3216 14044 3215 3215 14045 3210 3210 14046 3211 3211 14047 3214 3214 14048 3211 3211 14049 3215 3215 14050 3214 3214 14051 3216 3216 14052 3217 3217 14053 3220 3220 14054 3217 3217 14055 3221 3221 14056 3220 3220 14057 3215 3215 14058 3216 3216 14059 3219 3219 14060 3216 3216 14061 3220 3220 14062 3219 3219 14063 3214 3214 14064 3215 3215 14065 3218 3218 14066 3215 3215 14067 3219 3219 14068 3218 3218 14069 3220 3220 14070 3221 3221 14071 3223 3223 14072 3221 3221 14073 3176 3176 14074 3223 3223 14075 3219 3219 14076 3220 3220 14077 3222 3222 14078 3220 3220 14079 3223 3223 14080 3222 3222 14081 3218 3218 14082 3219 3219 14083 3170 3170 14084 3219 3219 14085 3222 3222 14086 3170 3170 14087 3224 3224 14088 3225 3225 14089 3253 3253 14090 3225 3225 14091 3254 3254 14092 3253 3253 14093 3251 3251 14094 3252 3252 14095 3231 3231 14096 3252 3252 14097 3230 3230 14098 3231 3231 14099 3232 3232 14100 3296 3296 14101 3311 3311 14102 3296 3296 14103 3233 3233 14104 3311 3311 14105 3235 3235 14106 3234 3234 14107 3237 3237 14108 3234 3234 14109 3236 3236 14110 3237 3237 14111 3239 3239 14112 3238 3238 14113 3241 3241 14114 3238 3238 14115 3352 3352 14116 3241 3241 14117 3241 3241 14118 3240 3240 14119 3242 3242 14120 3240 3240 14121 3295 3295 14122 3242 3242 14123 3231 3231 14124 3224 3224 14125 3251 3251 14126 3224 3224 14127 3253 3253 14128 3251 3251 14129 3228 3228 14130 3229 3229 14131 3243 3243 14132 3229 3229 14133 3244 3244 14134 3243 3243 14135 3243 3243 14136 3244 3244 14137 3245 3245 14138 3244 3244 14139 3246 3246 14140 3245 3245 14141 3245 3245 14142 3246 3246 14143 3247 3247 14144 3246 3246 14145 3248 3248 14146 3247 3247 14147 3247 3247 14148 3248 3248 14149 3249 3249 14150 3248 3248 14151 3250 3250 14152 3249 3249 14153 3249 3249 14154 3250 3250 14155 3226 3226 14156 3250 3250 14157 3227 3227 14158 3226 3226 14159 3229 3229 14160 3227 3227 14161 3244 3244 14162 3227 3227 14163 3250 3250 14164 3244 3244 14165 3244 3244 14166 3250 3250 14167 3246 3246 14168 3250 3250 14169 3248 3248 14170 3246 3246 14171 3254 3254 14172 3258 3258 14173 3253 3253 14174 3258 3258 14175 3257 3257 14176 3253 3253 14177 3253 3253 14178 3257 3257 14179 3251 3251 14180 3257 3257 14181 3255 3255 14182 3251 3251 14183 3251 3251 14184 3255 3255 14185 3252 3252 14186 3255 3255 14187 3256 3256 14188 3252 3252 14189 3258 3258 14190 3262 3262 14191 3257 3257 14192 3262 3262 14193 3261 3261 14194 3257 3257 14195 3257 3257 14196 3261 3261 14197 3255 3255 14198 3261 3261 14199 3259 3259 14200 3255 3255 14201 3255 3255 14202 3259 3259 14203 3256 3256 14204 3259 3259 14205 3260 3260 14206 3256 3256 14207 3262 3262 14208 3266 3266 14209 3261 3261 14210 3266 3266 14211 3265 3265 14212 3261 3261 14213 3261 3261 14214 3265 3265 14215 3259 3259 14216 3265 3265 14217 3263 3263 14218 3259 3259 14219 3259 3259 14220 3263 3263 14221 3260 3260 14222 3263 3263 14223 3264 3264 14224 3260 3260 14225 3266 3266 14226 3270 3270 14227 3265 3265 14228 3270 3270 14229 3269 3269 14230 3265 3265 14231 3265 3265 14232 3269 3269 14233 3263 3263 14234 3269 3269 14235 3267 3267 14236 3263 3263 14237 3263 3263 14238 3267 3267 14239 3264 3264 14240 3267 3267 14241 3268 3268 14242 3264 3264 14243 3270 3270 14244 3274 3274 14245 3269 3269 14246 3274 3274 14247 3273 3273 14248 3269 3269 14249 3269 3269 14250 3273 3273 14251 3267 3267 14252 3273 3273 14253 3271 3271 14254 3267 3267 14255 3267 3267 14256 3271 3271 14257 3268 3268 14258 3271 3271 14259 3272 3272 14260 3268 3268 14261 3272 3272 14262 3271 3271 14263 3228 3228 14264 3271 3271 14265 3229 3229 14266 3228 3228 14267 3271 3271 14268 3273 3273 14269 3229 3229 14270 3273 3273 14271 3227 3227 14272 3229 3229 14273 3273 3273 14274 3274 3274 14275 3227 3227 14276 3274 3274 14277 3226 3226 14278 3227 3227 14279 3224 3224 14280 3231 3231 14281 3275 3275 14282 3231 3231 14283 3278 3278 14284 3275 3275 14285 3231 3231 14286 3230 3230 14287 3278 3278 14288 3230 3230 14289 3277 3277 14290 3278 3278 14291 3225 3225 14292 3224 3224 14293 3276 3276 14294 3224 3224 14295 3275 3275 14296 3276 3276 14297 3275 3275 14298 3278 3278 14299 3279 3279 14300 3278 3278 14301 3282 3282 14302 3279 3279 14303 3278 3278 14304 3277 3277 14305 3282 3282 14306 3277 3277 14307 3281 3281 14308 3282 3282 14309 3276 3276 14310 3275 3275 14311 3280 3280 14312 3275 3275 14313 3279 3279 14314 3280 3280 14315 3279 3279 14316 3282 3282 14317 3283 3283 14318 3282 3282 14319 3286 3286 14320 3283 3283 14321 3282 3282 14322 3281 3281 14323 3286 3286 14324 3281 3281 14325 3285 3285 14326 3286 3286 14327 3280 3280 14328 3279 3279 14329 3284 3284 14330 3279 3279 14331 3283 3283 14332 3284 3284 14333 3283 3283 14334 3286 3286 14335 3287 3287 14336 3286 3286 14337 3290 3290 14338 3287 3287 14339 3286 3286 14340 3285 3285 14341 3290 3290 14342 3285 3285 14343 3289 3289 14344 3290 3290 14345 3284 3284 14346 3283 3283 14347 3288 3288 14348 3283 3283 14349 3287 3287 14350 3288 3288 14351 3287 3287 14352 3290 3290 14353 3291 3291 14354 3290 3290 14355 3294 3294 14356 3291 3291 14357 3290 3290 14358 3289 3289 14359 3294 3294 14360 3289 3289 14361 3293 3293 14362 3294 3294 14363 3288 3288 14364 3287 3287 14365 3292 3292 14366 3287 3287 14367 3291 3291 14368 3292 3292 14369 3291 3291 14370 3294 3294 14371 3242 3242 14372 3294 3294 14373 3232 3232 14374 3242 3242 14375 3294 3294 14376 3293 3293 14377 3232 3232 14378 3293 3293 14379 3296 3296 14380 3232 3232 14381 3292 3292 14382 3291 3291 14383 3295 3295 14384 3291 3291 14385 3242 3242 14386 3295 3295 14387 3238 3238 14388 3239 3239 14389 3297 3297 14390 3239 3239 14391 3298 3298 14392 3297 3297 14393 3297 3297 14394 3298 3298 14395 3299 3299 14396 3298 3298 14397 3300 3300 14398 3299 3299 14399 3299 3299 14400 3300 3300 14401 3301 3301 14402 3300 3300 14403 3302 3302 14404 3301 3301 14405 3301 3301 14406 3302 3302 14407 3303 3303 14408 3302 3302 14409 3304 3304 14410 3303 3303 14411 3303 3303 14412 3304 3304 14413 3236 3236 14414 3304 3304 14415 3237 3237 14416 3236 3236 14417 3239 3239 14418 3237 3237 14419 3298 3298 14420 3237 3237 14421 3304 3304 14422 3298 3298 14423 3298 3298 14424 3304 3304 14425 3300 3300 14426 3304 3304 14427 3302 3302 14428 3300 3300 14429 3234 3234 14430 3235 3235 14431 3305 3305 14432 3235 3235 14433 3306 3306 14434 3305 3305 14435 3305 3305 14436 3306 3306 14437 3307 3307 14438 3306 3306 14439 3308 3308 14440 3307 3307 14441 3307 3307 14442 3308 3308 14443 3309 3309 14444 3308 3308 14445 3310 3310 14446 3309 3309 14447 3309 3309 14448 3310 3310 14449 3233 3233 14450 3310 3310 14451 3311 3311 14452 3233 3233 14453 3310 3310 14454 3308 3308 14455 3311 3311 14456 3308 3308 14457 3241 3241 14458 3311 3311 14459 3241 3241 14460 3308 3308 14461 3235 3235 14462 3308 3308 14463 3306 3306 14464 3235 3235 14465 3235 3235 14466 3237 3237 14467 3241 3241 14468 3237 3237 14469 3239 3239 14470 3241 3241 14471 3242 3242 14472 3232 3232 14473 3241 3241 14474 3232 3232 14475 3311 3311 14476 3241 3241 14477 3323 3323 14478 3322 3322 14479 3320 3320 14480 3322 3322 14481 3321 3321 14482 3320 3320 14483 3324 3324 14484 3325 3325 14485 3323 3323 14486 3325 3325 14487 3322 3322 14488 3323 3323 14489 3339 3339 14490 3338 3338 14491 3316 3316 14492 3338 3338 14493 3317 3317 14494 3316 3316 14495 3312 3312 14496 3313 3313 14497 3315 3315 14498 3313 3313 14499 3353 3353 14500 3315 3315 14501 3315 3315 14502 3314 3314 14503 3317 3317 14504 3314 3314 14505 3316 3316 14506 3317 3317 14507 3320 3320 14508 3321 3321 14509 3319 3319 14510 3321 3321 14511 3318 3318 14512 3319 3319 14513 3325 3325 14514 3324 3324 14515 3347 3347 14516 3324 3324 14517 3346 3346 14518 3347 3347 14519 3327 3327 14520 3326 3326 14521 3336 3336 14522 3326 3326 14523 3337 3337 14524 3336 3336 14525 3325 3325 14526 3317 3317 14527 3322 3322 14528 3317 3317 14529 3338 3338 14530 3322 3322 14531 3319 3319 14532 3318 3318 14533 3339 3339 14534 3318 3318 14535 3338 3338 14536 3339 3339 14537 3317 3317 14538 3325 3325 14539 3315 3315 14540 3325 3325 14541 3347 3347 14542 3315 3315 14543 3313 3313 14544 3312 3312 14545 3329 3329 14546 3312 3312 14547 3328 3328 14548 3329 3329 14549 3329 3329 14550 3328 3328 14551 3331 3331 14552 3328 3328 14553 3330 3330 14554 3331 3331 14555 3331 3331 14556 3330 3330 14557 3333 3333 14558 3330 3330 14559 3332 3332 14560 3333 3333 14561 3333 3333 14562 3332 3332 14563 3335 3335 14564 3332 3332 14565 3334 3334 14566 3335 3335 14567 3335 3335 14568 3334 3334 14569 3337 3337 14570 3334 3334 14571 3336 3336 14572 3337 3337 14573 3312 3312 14574 3336 3336 14575 3328 3328 14576 3336 3336 14577 3334 3334 14578 3328 3328 14579 3328 3328 14580 3334 3334 14581 3330 3330 14582 3334 3334 14583 3332 3332 14584 3330 3330 14585 3318 3318 14586 3321 3321 14587 3338 3338 14588 3321 3321 14589 3322 3322 14590 3338 3338 14591 3326 3326 14592 3327 3327 14593 3340 3340 14594 3327 3327 14595 3341 3341 14596 3340 3340 14597 3340 3340 14598 3341 3341 14599 3342 3342 14600 3341 3341 14601 3343 3343 14602 3342 3342 14603 3342 3342 14604 3343 3343 14605 3344 3344 14606 3343 3343 14607 3345 3345 14608 3344 3344 14609 3344 3344 14610 3345 3345 14611 3346 3346 14612 3345 3345 14613 3347 3347 14614 3346 3346 14615 3315 3315 14616 3347 3347 14617 3343 3343 14618 3347 3347 14619 3345 3345 14620 3343 3343 14621 3315 3315 14622 3343 3343 14623 3327 3327 14624 3343 3343 14625 3341 3341 14626 3327 3327 14627 3315 3315 14628 3327 3327 14629 3312 3312 14630 3327 3327 14631 3336 3336 14632 3312 3312 14633 3354 3354 14634 3355 3355 14635 3357 3357 14636 3355 3355 14637 3602 3602 14638 3357 3357 14639 3357 3357 14640 3356 3356 14641 3359 3359 14642 3356 3356 14643 3603 3603 14644 3359 3359 14645 3359 3359 14646 3358 3358 14647 3413 3413 14648 3358 3358 14649 3360 3360 14650 3413 3413 14651 3362 3362 14652 3361 3361 14653 3364 3364 14654 3361 3361 14655 3604 3604 14656 3364 3364 14657 3364 3364 14658 3363 3363 14659 3366 3366 14660 3363 3363 14661 3605 3605 14662 3366 3366 14663 3366 3366 14664 3365 3365 14665 3367 3367 14666 3365 3365 14667 3394 3394 14668 3367 3367 14669 3369 3369 14670 3368 3368 14671 3371 3371 14672 3368 3368 14673 3370 3370 14674 3371 3371 14675 3402 3402 14676 3401 3401 14677 3372 3372 14678 3401 3401 14679 3373 3373 14680 3372 3372 14681 3375 3375 14682 3374 3374 14683 3377 3377 14684 3374 3374 14685 3376 3376 14686 3377 3377 14687 3379 3379 14688 3378 3378 14689 3376 3376 14690 3378 3378 14691 3377 3377 14692 3376 3376 14693 3380 3380 14694 3381 3381 14695 3379 3379 14696 3381 3381 14697 3378 3378 14698 3379 3379 14699 3355 3355 14700 3354 3354 14701 3384 3384 14702 3354 3354 14703 3385 3385 14704 3384 3384 14705 3382 3382 14706 3385 3385 14707 3381 3381 14708 3385 3385 14709 3378 3378 14710 3381 3381 14711 3383 3383 14712 3382 3382 14713 3380 3380 14714 3382 3382 14715 3381 3381 14716 3380 3380 14717 3357 3357 14718 3375 3375 14719 3354 3354 14720 3375 3375 14721 3377 3377 14722 3354 3354 14723 3384 3384 14724 3385 3385 14725 3383 3383 14726 3385 3385 14727 3382 3382 14728 3383 3383 14729 3378 3378 14730 3385 3385 14731 3377 3377 14732 3385 3385 14733 3354 3354 14734 3377 3377 14735 3368 3368 14736 3369 3369 14737 3386 3386 14738 3369 3369 14739 3387 3387 14740 3386 3386 14741 3386 3386 14742 3387 3387 14743 3388 3388 14744 3387 3387 14745 3389 3389 14746 3388 3388 14747 3388 3388 14748 3389 3389 14749 3390 3390 14750 3389 3389 14751 3391 3391 14752 3390 3390 14753 3390 3390 14754 3391 3391 14755 3392 3392 14756 3391 3391 14757 3393 3393 14758 3392 3392 14759 3392 3392 14760 3393 3393 14761 3394 3394 14762 3393 3393 14763 3367 3367 14764 3394 3394 14765 3369 3369 14766 3367 3367 14767 3387 3387 14768 3367 3367 14769 3393 3393 14770 3387 3387 14771 3387 3387 14772 3393 3393 14773 3389 3389 14774 3393 3393 14775 3391 3391 14776 3389 3389 14777 3371 3371 14778 3370 3370 14779 3396 3396 14780 3370 3370 14781 3395 3395 14782 3396 3396 14783 3396 3396 14784 3395 3395 14785 3398 3398 14786 3395 3395 14787 3397 3397 14788 3398 3398 14789 3398 3398 14790 3397 3397 14791 3400 3400 14792 3397 3397 14793 3399 3399 14794 3400 3400 14795 3400 3400 14796 3399 3399 14797 3402 3402 14798 3399 3399 14799 3401 3401 14800 3402 3402 14801 3366 3366 14802 3371 3371 14803 3398 3398 14804 3371 3371 14805 3396 3396 14806 3398 3398 14807 3366 3366 14808 3398 3398 14809 3402 3402 14810 3398 3398 14811 3400 3400 14812 3402 3402 14813 3413 3413 14814 3362 3362 14815 3359 3359 14816 3362 3362 14817 3364 3364 14818 3359 3359 14819 3364 3364 14820 3372 3372 14821 3359 3359 14822 3372 3372 14823 3404 3404 14824 3359 3359 14825 3372 3372 14826 3373 3373 14827 3404 3404 14828 3373 3373 14829 3403 3403 14830 3404 3404 14831 3404 3404 14832 3403 3403 14833 3421 3421 14834 3403 3403 14835 3420 3420 14836 3421 3421 14837 3366 3366 14838 3402 3402 14839 3364 3364 14840 3402 3402 14841 3372 3372 14842 3364 3364 14843 3367 3367 14844 3369 3369 14845 3366 3366 14846 3369 3369 14847 3371 3371 14848 3366 3366 14849 3361 3361 14850 3362 3362 14851 3405 3405 14852 3362 3362 14853 3406 3406 14854 3405 3405 14855 3405 3405 14856 3406 3406 14857 3407 3407 14858 3406 3406 14859 3408 3408 14860 3407 3407 14861 3407 3407 14862 3408 3408 14863 3409 3409 14864 3408 3408 14865 3410 3410 14866 3409 3409 14867 3409 3409 14868 3410 3410 14869 3411 3411 14870 3410 3410 14871 3412 3412 14872 3411 3411 14873 3411 3411 14874 3412 3412 14875 3360 3360 14876 3412 3412 14877 3413 3413 14878 3360 3360 14879 3362 3362 14880 3413 3413 14881 3406 3406 14882 3413 3413 14883 3412 3412 14884 3406 3406 14885 3406 3406 14886 3412 3412 14887 3408 3408 14888 3412 3412 14889 3410 3410 14890 3408 3408 14891 3359 3359 14892 3404 3404 14893 3357 3357 14894 3404 3404 14895 3421 3421 14896 3357 3357 14897 3374 3374 14898 3375 3375 14899 3414 3414 14900 3375 3375 14901 3415 3415 14902 3414 3414 14903 3414 3414 14904 3415 3415 14905 3416 3416 14906 3415 3415 14907 3417 3417 14908 3416 3416 14909 3416 3416 14910 3417 3417 14911 3418 3418 14912 3417 3417 14913 3419 3419 14914 3418 3418 14915 3418 3418 14916 3419 3419 14917 3420 3420 14918 3419 3419 14919 3421 3421 14920 3420 3420 14921 3357 3357 14922 3417 3417 14923 3375 3375 14924 3417 3417 14925 3415 3415 14926 3375 3375 14927 3357 3357 14928 3421 3421 14929 3417 3417 14930 3421 3421 14931 3419 3419 14932 3417 3417 14933 3422 3422 14934 3423 3423 14935 3476 3476 14936 3423 3423 14937 3424 3424 14938 3476 3476 14939 3426 3426 14940 3425 3425 14941 3453 3453 14942 3425 3425 14943 3454 3454 14944 3453 3453 14945 3427 3427 14946 3422 3422 14947 3477 3477 14948 3422 3422 14949 3476 3476 14950 3477 3477 14951 3428 3428 14952 3426 3426 14953 3455 3455 14954 3426 3426 14955 3453 3453 14956 3455 3455 14957 3429 3429 14958 3427 3427 14959 3430 3430 14960 3427 3427 14961 3477 3477 14962 3430 3430 14963 3431 3431 14964 3428 3428 14965 3432 3432 14966 3428 3428 14967 3455 3455 14968 3432 3432 14969 3427 3427 14970 3429 3429 14971 3435 3435 14972 3429 3429 14973 3436 3436 14974 3435 3435 14975 3422 3422 14976 3427 3427 14977 3433 3433 14978 3427 3427 14979 3435 3435 14980 3433 3433 14981 3423 3423 14982 3422 3422 14983 3434 3434 14984 3422 3422 14985 3433 3433 14986 3434 3434 14987 3435 3435 14988 3436 3436 14989 3439 3439 14990 3436 3436 14991 3440 3440 14992 3439 3439 14993 3433 3433 14994 3435 3435 14995 3437 3437 14996 3435 3435 14997 3439 3439 14998 3437 3437 14999 3434 3434 15000 3433 3433 15001 3438 3438 15002 3433 3433 15003 3437 3437 15004 3438 3438 15005 3439 3439 15006 3440 3440 15007 3443 3443 15008 3440 3440 15009 3444 3444 15010 3443 3443 15011 3437 3437 15012 3439 3439 15013 3441 3441 15014 3439 3439 15015 3443 3443 15016 3441 3441 15017 3438 3438 15018 3437 3437 15019 3442 3442 15020 3437 3437 15021 3441 3441 15022 3442 3442 15023 3443 3443 15024 3444 3444 15025 3447 3447 15026 3444 3444 15027 3448 3448 15028 3447 3447 15029 3441 3441 15030 3443 3443 15031 3445 3445 15032 3443 3443 15033 3447 3447 15034 3445 3445 15035 3442 3442 15036 3441 3441 15037 3446 3446 15038 3441 3441 15039 3445 3445 15040 3446 3446 15041 3447 3447 15042 3448 3448 15043 3451 3451 15044 3448 3448 15045 3452 3452 15046 3451 3451 15047 3445 3445 15048 3447 3447 15049 3449 3449 15050 3447 3447 15051 3451 3451 15052 3449 3449 15053 3446 3446 15054 3445 3445 15055 3450 3450 15056 3445 3445 15057 3449 3449 15058 3450 3450 15059 3451 3451 15060 3452 3452 15061 3455 3455 15062 3452 3452 15063 3432 3432 15064 3455 3455 15065 3449 3449 15066 3451 3451 15067 3453 3453 15068 3451 3451 15069 3455 3455 15070 3453 3453 15071 3450 3450 15072 3449 3449 15073 3454 3454 15074 3449 3449 15075 3453 3453 15076 3454 3454 15077 3428 3428 15078 3431 3431 15079 3458 3458 15080 3431 3431 15081 3459 3459 15082 3458 3458 15083 3426 3426 15084 3428 3428 15085 3457 3457 15086 3428 3428 15087 3458 3458 15088 3457 3457 15089 3425 3425 15090 3426 3426 15091 3456 3456 15092 3426 3426 15093 3457 3457 15094 3456 3456 15095 3458 3458 15096 3459 3459 15097 3462 3462 15098 3459 3459 15099 3463 3463 15100 3462 3462 15101 3457 3457 15102 3458 3458 15103 3461 3461 15104 3458 3458 15105 3462 3462 15106 3461 3461 15107 3456 3456 15108 3457 3457 15109 3460 3460 15110 3457 3457 15111 3461 3461 15112 3460 3460 15113 3462 3462 15114 3463 3463 15115 3466 3466 15116 3463 3463 15117 3467 3467 15118 3466 3466 15119 3461 3461 15120 3462 3462 15121 3465 3465 15122 3462 3462 15123 3466 3466 15124 3465 3465 15125 3460 3460 15126 3461 3461 15127 3464 3464 15128 3461 3461 15129 3465 3465 15130 3464 3464 15131 3466 3466 15132 3467 3467 15133 3470 3470 15134 3467 3467 15135 3471 3471 15136 3470 3470 15137 3465 3465 15138 3466 3466 15139 3469 3469 15140 3466 3466 15141 3470 3470 15142 3469 3469 15143 3464 3464 15144 3465 3465 15145 3468 3468 15146 3465 3465 15147 3469 3469 15148 3468 3468 15149 3470 3470 15150 3471 3471 15151 3474 3474 15152 3471 3471 15153 3475 3475 15154 3474 3474 15155 3469 3469 15156 3470 3470 15157 3473 3473 15158 3470 3470 15159 3474 3474 15160 3473 3473 15161 3468 3468 15162 3469 3469 15163 3472 3472 15164 3469 3469 15165 3473 3473 15166 3472 3472 15167 3474 3474 15168 3475 3475 15169 3477 3477 15170 3475 3475 15171 3430 3430 15172 3477 3477 15173 3473 3473 15174 3474 3474 15175 3476 3476 15176 3474 3474 15177 3477 3477 15178 3476 3476 15179 3472 3472 15180 3473 3473 15181 3424 3424 15182 3473 3473 15183 3476 3476 15184 3424 3424 15185 3478 3478 15186 3479 3479 15187 3507 3507 15188 3479 3479 15189 3508 3508 15190 3507 3507 15191 3505 3505 15192 3506 3506 15193 3485 3485 15194 3506 3506 15195 3484 3484 15196 3485 3485 15197 3486 3486 15198 3550 3550 15199 3565 3565 15200 3550 3550 15201 3487 3487 15202 3565 3565 15203 3489 3489 15204 3488 3488 15205 3491 3491 15206 3488 3488 15207 3490 3490 15208 3491 3491 15209 3493 3493 15210 3492 3492 15211 3495 3495 15212 3492 3492 15213 3606 3606 15214 3495 3495 15215 3495 3495 15216 3494 3494 15217 3496 3496 15218 3494 3494 15219 3549 3549 15220 3496 3496 15221 3485 3485 15222 3478 3478 15223 3505 3505 15224 3478 3478 15225 3507 3507 15226 3505 3505 15227 3482 3482 15228 3483 3483 15229 3497 3497 15230 3483 3483 15231 3498 3498 15232 3497 3497 15233 3497 3497 15234 3498 3498 15235 3499 3499 15236 3498 3498 15237 3500 3500 15238 3499 3499 15239 3499 3499 15240 3500 3500 15241 3501 3501 15242 3500 3500 15243 3502 3502 15244 3501 3501 15245 3501 3501 15246 3502 3502 15247 3503 3503 15248 3502 3502 15249 3504 3504 15250 3503 3503 15251 3503 3503 15252 3504 3504 15253 3480 3480 15254 3504 3504 15255 3481 3481 15256 3480 3480 15257 3483 3483 15258 3481 3481 15259 3498 3498 15260 3481 3481 15261 3504 3504 15262 3498 3498 15263 3498 3498 15264 3504 3504 15265 3500 3500 15266 3504 3504 15267 3502 3502 15268 3500 3500 15269 3508 3508 15270 3512 3512 15271 3507 3507 15272 3512 3512 15273 3511 3511 15274 3507 3507 15275 3507 3507 15276 3511 3511 15277 3505 3505 15278 3511 3511 15279 3509 3509 15280 3505 3505 15281 3505 3505 15282 3509 3509 15283 3506 3506 15284 3509 3509 15285 3510 3510 15286 3506 3506 15287 3512 3512 15288 3516 3516 15289 3511 3511 15290 3516 3516 15291 3515 3515 15292 3511 3511 15293 3511 3511 15294 3515 3515 15295 3509 3509 15296 3515 3515 15297 3513 3513 15298 3509 3509 15299 3509 3509 15300 3513 3513 15301 3510 3510 15302 3513 3513 15303 3514 3514 15304 3510 3510 15305 3516 3516 15306 3520 3520 15307 3515 3515 15308 3520 3520 15309 3519 3519 15310 3515 3515 15311 3515 3515 15312 3519 3519 15313 3513 3513 15314 3519 3519 15315 3517 3517 15316 3513 3513 15317 3513 3513 15318 3517 3517 15319 3514 3514 15320 3517 3517 15321 3518 3518 15322 3514 3514 15323 3520 3520 15324 3524 3524 15325 3519 3519 15326 3524 3524 15327 3523 3523 15328 3519 3519 15329 3519 3519 15330 3523 3523 15331 3517 3517 15332 3523 3523 15333 3521 3521 15334 3517 3517 15335 3517 3517 15336 3521 3521 15337 3518 3518 15338 3521 3521 15339 3522 3522 15340 3518 3518 15341 3524 3524 15342 3528 3528 15343 3523 3523 15344 3528 3528 15345 3527 3527 15346 3523 3523 15347 3523 3523 15348 3527 3527 15349 3521 3521 15350 3527 3527 15351 3525 3525 15352 3521 3521 15353 3521 3521 15354 3525 3525 15355 3522 3522 15356 3525 3525 15357 3526 3526 15358 3522 3522 15359 3526 3526 15360 3525 3525 15361 3482 3482 15362 3525 3525 15363 3483 3483 15364 3482 3482 15365 3525 3525 15366 3527 3527 15367 3483 3483 15368 3527 3527 15369 3481 3481 15370 3483 3483 15371 3527 3527 15372 3528 3528 15373 3481 3481 15374 3528 3528 15375 3480 3480 15376 3481 3481 15377 3478 3478 15378 3485 3485 15379 3529 3529 15380 3485 3485 15381 3532 3532 15382 3529 3529 15383 3485 3485 15384 3484 3484 15385 3532 3532 15386 3484 3484 15387 3531 3531 15388 3532 3532 15389 3479 3479 15390 3478 3478 15391 3530 3530 15392 3478 3478 15393 3529 3529 15394 3530 3530 15395 3529 3529 15396 3532 3532 15397 3533 3533 15398 3532 3532 15399 3536 3536 15400 3533 3533 15401 3532 3532 15402 3531 3531 15403 3536 3536 15404 3531 3531 15405 3535 3535 15406 3536 3536 15407 3530 3530 15408 3529 3529 15409 3534 3534 15410 3529 3529 15411 3533 3533 15412 3534 3534 15413 3533 3533 15414 3536 3536 15415 3537 3537 15416 3536 3536 15417 3540 3540 15418 3537 3537 15419 3536 3536 15420 3535 3535 15421 3540 3540 15422 3535 3535 15423 3539 3539 15424 3540 3540 15425 3534 3534 15426 3533 3533 15427 3538 3538 15428 3533 3533 15429 3537 3537 15430 3538 3538 15431 3537 3537 15432 3540 3540 15433 3541 3541 15434 3540 3540 15435 3544 3544 15436 3541 3541 15437 3540 3540 15438 3539 3539 15439 3544 3544 15440 3539 3539 15441 3543 3543 15442 3544 3544 15443 3538 3538 15444 3537 3537 15445 3542 3542 15446 3537 3537 15447 3541 3541 15448 3542 3542 15449 3541 3541 15450 3544 3544 15451 3545 3545 15452 3544 3544 15453 3548 3548 15454 3545 3545 15455 3544 3544 15456 3543 3543 15457 3548 3548 15458 3543 3543 15459 3547 3547 15460 3548 3548 15461 3542 3542 15462 3541 3541 15463 3546 3546 15464 3541 3541 15465 3545 3545 15466 3546 3546 15467 3545 3545 15468 3548 3548 15469 3496 3496 15470 3548 3548 15471 3486 3486 15472 3496 3496 15473 3548 3548 15474 3547 3547 15475 3486 3486 15476 3547 3547 15477 3550 3550 15478 3486 3486 15479 3546 3546 15480 3545 3545 15481 3549 3549 15482 3545 3545 15483 3496 3496 15484 3549 3549 15485 3492 3492 15486 3493 3493 15487 3551 3551 15488 3493 3493 15489 3552 3552 15490 3551 3551 15491 3551 3551 15492 3552 3552 15493 3553 3553 15494 3552 3552 15495 3554 3554 15496 3553 3553 15497 3553 3553 15498 3554 3554 15499 3555 3555 15500 3554 3554 15501 3556 3556 15502 3555 3555 15503 3555 3555 15504 3556 3556 15505 3557 3557 15506 3556 3556 15507 3558 3558 15508 3557 3557 15509 3557 3557 15510 3558 3558 15511 3490 3490 15512 3558 3558 15513 3491 3491 15514 3490 3490 15515 3493 3493 15516 3491 3491 15517 3552 3552 15518 3491 3491 15519 3558 3558 15520 3552 3552 15521 3552 3552 15522 3558 3558 15523 3554 3554 15524 3558 3558 15525 3556 3556 15526 3554 3554 15527 3488 3488 15528 3489 3489 15529 3559 3559 15530 3489 3489 15531 3560 3560 15532 3559 3559 15533 3559 3559 15534 3560 3560 15535 3561 3561 15536 3560 3560 15537 3562 3562 15538 3561 3561 15539 3561 3561 15540 3562 3562 15541 3563 3563 15542 3562 3562 15543 3564 3564 15544 3563 3563 15545 3563 3563 15546 3564 3564 15547 3487 3487 15548 3564 3564 15549 3565 3565 15550 3487 3487 15551 3564 3564 15552 3562 3562 15553 3565 3565 15554 3562 3562 15555 3495 3495 15556 3565 3565 15557 3495 3495 15558 3562 3562 15559 3489 3489 15560 3562 3562 15561 3560 3560 15562 3489 3489 15563 3489 3489 15564 3491 3491 15565 3495 3495 15566 3491 3491 15567 3493 3493 15568 3495 3495 15569 3496 3496 15570 3486 3486 15571 3495 3495 15572 3486 3486 15573 3565 3565 15574 3495 3495 15575 3577 3577 15576 3576 3576 15577 3574 3574 15578 3576 3576 15579 3575 3575 15580 3574 3574 15581 3578 3578 15582 3579 3579 15583 3577 3577 15584 3579 3579 15585 3576 3576 15586 3577 3577 15587 3593 3593 15588 3592 3592 15589 3570 3570 15590 3592 3592 15591 3571 3571 15592 3570 3570 15593 3566 3566 15594 3567 3567 15595 3569 3569 15596 3567 3567 15597 3607 3607 15598 3569 3569 15599 3569 3569 15600 3568 3568 15601 3571 3571 15602 3568 3568 15603 3570 3570 15604 3571 3571 15605 3574 3574 15606 3575 3575 15607 3573 3573 15608 3575 3575 15609 3572 3572 15610 3573 3573 15611 3579 3579 15612 3578 3578 15613 3601 3601 15614 3578 3578 15615 3600 3600 15616 3601 3601 15617 3581 3581 15618 3580 3580 15619 3590 3590 15620 3580 3580 15621 3591 3591 15622 3590 3590 15623 3579 3579 15624 3571 3571 15625 3576 3576 15626 3571 3571 15627 3592 3592 15628 3576 3576 15629 3573 3573 15630 3572 3572 15631 3593 3593 15632 3572 3572 15633 3592 3592 15634 3593 3593 15635 3571 3571 15636 3579 3579 15637 3569 3569 15638 3579 3579 15639 3601 3601 15640 3569 3569 15641 3567 3567 15642 3566 3566 15643 3583 3583 15644 3566 3566 15645 3582 3582 15646 3583 3583 15647 3583 3583 15648 3582 3582 15649 3585 3585 15650 3582 3582 15651 3584 3584 15652 3585 3585 15653 3585 3585 15654 3584 3584 15655 3587 3587 15656 3584 3584 15657 3586 3586 15658 3587 3587 15659 3587 3587 15660 3586 3586 15661 3589 3589 15662 3586 3586 15663 3588 3588 15664 3589 3589 15665 3589 3589 15666 3588 3588 15667 3591 3591 15668 3588 3588 15669 3590 3590 15670 3591 3591 15671 3566 3566 15672 3590 3590 15673 3582 3582 15674 3590 3590 15675 3588 3588 15676 3582 3582 15677 3582 3582 15678 3588 3588 15679 3584 3584 15680 3588 3588 15681 3586 3586 15682 3584 3584 15683 3572 3572 15684 3575 3575 15685 3592 3592 15686 3575 3575 15687 3576 3576 15688 3592 3592 15689 3580 3580 15690 3581 3581 15691 3594 3594 15692 3581 3581 15693 3595 3595 15694 3594 3594 15695 3594 3594 15696 3595 3595 15697 3596 3596 15698 3595 3595 15699 3597 3597 15700 3596 3596 15701 3596 3596 15702 3597 3597 15703 3598 3598 15704 3597 3597 15705 3599 3599 15706 3598 3598 15707 3598 3598 15708 3599 3599 15709 3600 3600 15710 3599 3599 15711 3601 3601 15712 3600 3600 15713 3569 3569 15714 3601 3601 15715 3597 3597 15716 3601 3601 15717 3599 3599 15718 3597 3597 15719 3569 3569 15720 3597 3597 15721 3581 3581 15722 3597 3597 15723 3595 3595 15724 3581 3581 15725 3569 3569 15726 3581 3581 15727 3566 3566 15728 3581 3581 15729 3590 3590 15730 3566 3566 15731</p>
				</triangles>
			</mesh>
		</geometry>
	</library_geometries>
	<library_visual_scenes>
		<visual_scene id="Scene" name="Scene">
			<node id="Part_0" name="Part.0" type="NODE">
				<matrix sid="transform">1 0 0 0 0 1 0 0 0 0 1 0 0 0 0 1</matrix>
				<instance_geometry url="#D16CA340-4DC7-4567-ABC3-1AD1C12A89D7-mesh">
					<bind_material>
						<technique_common>
							<instance_material symbol="MB|423-material" target="#MB|423-material"/>
						</technique_common>
					</bind_material>
				</instance_geometry>
			</node>
		</visual_scene>
	</library_visual_scenes>
	<scene>
		<instance_visual_scene url="#Scene"/>
	</scene>
</COLLADA>