<?xml version="1.0" encoding="utf-8"?>
<COLLADA xmlns="http://www.collada.org/2005/11/COLLADASchema" version="1.4.1">
	<asset>
		<contributor>
			<author>Mecabricks User</author>
			<authoring_tool>Mecabricks 6.0</authoring_tool>
		</contributor>
		<created>2025-11-00 T 21:18:09</created>
		<modified>2025-11-00 T 21:18:09</modified>
		<unit name="millimeter" meter="0.001"/>
		<up_axis>Y_UP</up_axis>
	</asset>
	<library_effects>
		<effect id="MB|141-effect">
			<profile_COMMON>
				<technique sid="common">
					<phong>
						<diffuse>
							<color sid="diffuse">0.0015176349176470587 0.035601314869097636 0.007499032040460618 1</color>
						</diffuse>
						<index_of_refraction>
							<float sid="index_of_refraction">0</float>
						</index_of_refraction>
					</phong>
				</technique>
			</profile_COMMON>
		</effect>
	</library_effects>
	<library_materials>
		<material id="MB|141-material" name="MB|141">
			<instance_effect url="#MB|141-effect"/>
		</material>
	</library_materials>
	<library_geometries>
		<geometry id="44E8B445-F7EF-4223-9556-3F2C57B8A524-mesh" name="44E8B445-F7EF-4223-9556-3F2C57B8A524">
			<mesh>
				<source id="44E8B445-F7EF-4223-9556-3F2C57B8A524-mesh-positions">
					<float_array id="44E8B445-F7EF-4223-9556-3F2C57B8A524-mesh-positions-array" count="2352">4.27 2.127 -1.144 2.994 0.021 -0.802 3.915 1.27 -1.049 3.443 0.54 -0.922 4.506 3.142 -1.207 4.625 4.11 -1.239 4.639 5.094 -1.243 4.595 6.142 -1.231 4.403 7.443 -1.18 4.167 8.443 -1.116 3.856 9.379 -1.033 3.457 10.347 -0.926 3.014 11.22 -0.808 2.482 12.077 -0.665 1.891 12.696 -0.507 1.537 12.982 -0.412 1.12 13.184 -0.3 2.318 0.021 -0.621 2.318 2.171 -0.621 2.125 2.171 -0.569 2.125 11.374 -0.569 3.828 2.127 -2.21 2.685 0.021 -1.55 3.51 1.27 -2.027 3.087 0.54 -1.782 4.04 3.142 -2.333 4.146 4.11 -2.394 4.16 5.094 -2.402 4.12 6.142 -2.379 3.948 7.443 -2.279 3.736 8.443 -2.157 3.457 9.379 -1.996 3.1 10.347 -1.79 2.702 11.22 -1.56 2.225 12.077 -1.285 1.696 12.696 -0.979 1.378 12.982 -0.795 1.005 13.184 -0.58 2.078 0.021 -1.2 2.078 2.171 -1.2 1.905 2.171 -1.1 1.905 11.374 -1.1 3.126 2.127 -3.126 2.192 0.021 -2.192 2.866 1.27 -2.866 2.52 0.54 -2.52 3.299 3.142 -3.299 3.385 4.11 -3.385 3.396 5.094 -3.396 3.364 6.142 -3.364 3.223 7.443 -3.223 3.05 8.443 -3.05 2.823 9.379 -2.823 2.531 10.347 -2.531 2.206 11.22 -2.206 1.817 12.077 -1.817 1.384 12.696 -1.384 1.125 12.982 -1.125 1.697 0.021 -1.697 1.697 2.171 -1.697 1.556 2.171 -1.556 1.556 11.374 -1.556 2.21 2.127 -3.828 1.55 0.021 -2.685 2.027 1.27 -3.51 1.782 0.54 -3.087 2.333 3.142 -4.04 2.394 4.11 -4.146 2.402 5.094 -4.16 2.379 6.142 -4.12 2.279 7.443 -3.948 2.157 8.443 -3.736 1.996 9.379 -3.457 1.79 10.347 -3.1 1.56 11.22 -2.702 1.285 12.077 -2.225 0.979 12.696 -1.696 0.795 12.982 -1.378 0.58 13.184 -1.005 1.2 0.021 -2.078 1.2 2.171 -2.078 1.1 2.171 -1.905 1.1 11.374 -1.905 1.144 2.127 -4.27 0.802 0.021 -2.994 1.049 1.27 -3.915 0.922 0.54 -3.443 1.207 3.142 -4.506 1.239 4.11 -4.625 1.243 5.094 -4.639 1.231 6.142 -4.595 1.18 7.443 -4.403 1.116 8.443 -4.167 1.033 9.379 -3.856 0.926 10.347 -3.457 0.808 11.22 -3.014 0.665 12.077 -2.482 0.507 12.696 -1.891 0.412 12.982 -1.537 0.3 13.184 -1.12 0.621 0.021 -2.318 0.621 2.171 -2.318 0.569 2.171 -2.125 0.569 11.374 -2.125 0.75 13.231 -0.201 0.75 13.221 -0.433 0.433 13.221 -0.75 0.201 13.231 -0.75 0.75 11.374 -0.432 0.432 11.374 -0.75 0.82 13.184 -0.82 0.201 11.374 -0.75 0.591 11.374 -0.591 0.75 11.374 -0.201 0.592 13.221 -0.592 2.125 3.102 -0.569 1.905 3.102 -1.1 1.556 3.102 -1.556 1.1 3.102 -1.905 0.569 3.102 -2.125 0.569 10.34 -2.125 1.556 10.34 -1.556 1.1 10.34 -1.905 1.905 10.34 -1.1 2.125 10.34 -0.569 -4.27 2.127 -1.144 -2.994 0.021 -0.802 -3.915 1.27 -1.049 -3.443 0.54 -0.922 -4.506 3.142 -1.207 -4.625 4.11 -1.239 -4.639 5.094 -1.243 -4.595 6.142 -1.231 -4.403 7.443 -1.18 -4.167 8.443 -1.116 -3.856 9.379 -1.033 -3.457 10.347 -0.926 -3.014 11.22 -0.808 -2.482 12.077 -0.665 -1.891 12.696 -0.507 -1.537 12.982 -0.412 -1.12 13.184 -0.3 -2.318 0.021 -0.621 -2.318 2.171 -0.621 -2.125 2.171 -0.569 -2.125 11.374 -0.569 -3.828 2.127 -2.21 -2.685 0.021 -1.55 -3.51 1.27 -2.027 -3.087 0.54 -1.782 -4.04 3.142 -2.333 -4.146 4.11 -2.394 -4.16 5.094 -2.402 -4.12 6.142 -2.379 -3.948 7.443 -2.279 -3.736 8.443 -2.157 -3.457 9.379 -1.996 -3.1 10.347 -1.79 -2.702 11.22 -1.56 -2.225 12.077 -1.285 -1.696 12.696 -0.979 -1.378 12.982 -0.795 -1.005 13.184 -0.58 0 11.374 -0.75 -2.078 0.021 -1.2 -2.078 2.171 -1.2 -1.905 2.171 -1.1 -1.905 11.374 -1.1 -3.126 2.127 -3.126 -2.192 0.021 -2.192 -2.866 1.27 -2.866 -2.52 0.54 -2.52 -3.299 3.142 -3.299 -3.385 4.11 -3.385 -3.396 5.094 -3.396 -3.364 6.142 -3.364 -3.223 7.443 -3.223 -3.05 8.443 -3.05 -2.823 9.379 -2.823 -2.531 10.347 -2.531 -2.206 11.22 -2.206 -1.817 12.077 -1.817 -1.384 12.696 -1.384 -1.125 12.982 -1.125 -1.697 0.021 -1.697 -1.697 2.171 -1.697 -1.556 2.171 -1.556 -1.556 11.374 -1.556 -2.21 2.127 -3.828 -1.55 0.021 -2.685 -2.027 1.27 -3.51 -1.782 0.54 -3.087 -2.333 3.142 -4.04 -2.394 4.11 -4.146 -2.402 5.094 -4.16 -2.379 6.142 -4.12 -2.279 7.443 -3.948 -2.157 8.443 -3.736 -1.996 9.379 -3.457 -1.79 10.347 -3.1 -1.56 11.22 -2.702 -1.285 12.077 -2.225 -0.979 12.696 -1.696 -0.795 12.982 -1.378 -0.58 13.184 -1.005 -1.2 0.021 -2.078 -1.2 2.171 -2.078 -1.1 2.171 -1.905 -1.1 11.374 -1.905 -1.144 2.127 -4.27 -0.802 0.021 -2.994 -1.049 1.27 -3.915 -0.922 0.54 -3.443 -1.207 3.142 -4.506 -1.239 4.11 -4.625 -1.243 5.094 -4.639 -1.231 6.142 -4.595 -1.18 7.443 -4.403 -1.116 8.443 -4.167 -1.033 9.379 -3.856 -0.926 10.347 -3.457 -0.808 11.22 -3.014 -0.665 12.077 -2.482 -0.507 12.696 -1.891 -0.412 12.982 -1.537 -0.3 13.184 -1.12 -0.621 0.021 -2.318 -0.621 2.171 -2.318 -0.569 2.171 -2.125 -0.569 11.374 -2.125 0 2.127 -4.421 0 0.021 -3.1 0 1.27 -4.054 0 0.54 -3.564 0 3.142 -4.665 0 4.11 -4.788 0 5.094 -4.803 0 6.142 -4.757 0 7.443 -4.558 0 8.443 -4.314 0 9.379 -3.992 0 10.347 -3.579 0 11.22 -3.12 0 12.077 -2.57 0 12.696 -1.958 0 12.982 -1.591 0 13.184 -1.16 0 0.021 -2.4 0 2.171 -2.4 0 2.171 -2.2 0 11.374 -2.2 -0.75 13.231 -0.201 -0.75 13.221 -0.433 -0.433 13.221 -0.75 -0.201 13.231 -0.75 0 13.234 -0.75 -0.75 11.374 -0.432 -0.432 11.374 -0.75 -0.82 13.184 -0.82 -0.201 11.374 -0.75 -0.591 11.374 -0.591 -0.75 11.374 -0.201 -0.592 13.221 -0.592 -2.125 3.102 -0.569 -1.905 3.102 -1.1 -1.556 3.102 -1.556 -1.1 3.102 -1.905 -0.569 3.102 -2.125 0 3.102 -2.2 -0.569 10.34 -2.125 -1.556 10.34 -1.556 -1.1 10.34 -1.905 -1.905 10.34 -1.1 -2.125 10.34 -0.569 0 10.34 -2.2 4.421 2.127 0 3.1 0.021 0 4.054 1.27 0 3.564 0.54 0 4.665 3.142 0 4.788 4.11 0 4.803 5.094 0 4.757 6.142 0 4.558 7.443 0 4.314 8.443 0 3.992 9.379 0 3.579 10.347 0 3.12 11.22 0 2.57 12.077 0 1.958 12.696 0 1.591 12.982 0 1.16 13.184 0 0.75 11.374 0 2.4 0.021 0 2.4 2.171 0 2.2 2.171 0 2.2 11.374 0 4.27 2.127 1.144 2.994 0.021 0.802 3.915 1.27 1.049 3.443 0.54 0.922 4.506 3.142 1.207 4.625 4.11 1.239 4.639 5.094 1.243 4.595 6.142 1.231 4.403 7.443 1.18 4.167 8.443 1.116 3.856 9.379 1.033 3.457 10.347 0.926 3.014 11.22 0.808 2.482 12.077 0.665 1.891 12.696 0.507 1.537 12.982 0.412 1.12 13.184 0.3 2.318 0.021 0.621 2.318 2.171 0.621 2.125 2.171 0.569 2.125 11.374 0.569 3.828 2.127 2.21 2.685 0.021 1.55 3.51 1.27 2.027 3.087 0.54 1.782 4.04 3.142 2.333 4.146 4.11 2.394 4.16 5.094 2.402 4.12 6.142 2.379 3.948 7.443 2.279 3.736 8.443 2.157 3.457 9.379 1.996 3.1 10.347 1.79 2.702 11.22 1.56 2.225 12.077 1.285 1.696 12.696 0.979 1.378 12.982 0.795 1.005 13.184 0.58 2.078 0.021 1.2 2.078 2.171 1.2 1.905 2.171 1.1 1.905 11.374 1.1 3.126 2.127 3.126 2.192 0.021 2.192 2.866 1.27 2.866 2.52 0.54 2.52 3.299 3.142 3.299 3.385 4.11 3.385 3.396 5.094 3.396 3.364 6.142 3.364 3.223 7.443 3.223 3.05 8.443 3.05 2.823 9.379 2.823 2.531 10.347 2.531 2.206 11.22 2.206 1.817 12.077 1.817 1.384 12.696 1.384 1.125 12.982 1.125 1.697 0.021 1.697 1.697 2.171 1.697 1.556 2.171 1.556 1.556 11.374 1.556 2.21 2.127 3.828 1.55 0.021 2.685 2.027 1.27 3.51 1.782 0.54 3.087 2.333 3.142 4.04 2.394 4.11 4.146 2.402 5.094 4.16 2.379 6.142 4.12 2.279 7.443 3.948 2.157 8.443 3.736 1.996 9.379 3.457 1.79 10.347 3.1 1.56 11.22 2.702 1.285 12.077 2.225 0.979 12.696 1.696 0.795 12.982 1.378 0.58 13.184 1.005 1.2 0.021 2.078 1.2 2.171 2.078 1.1 2.171 1.905 1.1 11.374 1.905 1.144 2.127 4.27 0.802 0.021 2.994 1.049 1.27 3.915 0.922 0.54 3.443 1.207 3.142 4.506 1.239 4.11 4.625 1.243 5.094 4.639 1.231 6.142 4.595 1.18 7.443 4.403 1.116 8.443 4.167 1.033 9.379 3.856 0.926 10.347 3.457 0.808 11.22 3.014 0.665 12.077 2.482 0.507 12.696 1.891 0.412 12.982 1.537 0.3 13.184 1.12 0.621 0.021 2.318 0.621 2.171 2.318 0.569 2.171 2.125 0.569 11.374 2.125 0.75 13.234 0 0.75 13.231 0.201 0.75 13.221 0.433 0.433 13.221 0.75 0.201 13.231 0.75 0.75 11.374 0.432 0.432 11.374 0.75 0.82 13.184 0.82 0.201 11.374 0.75 0.591 11.374 0.591 0.75 11.374 0.201 0.592 13.221 0.592 2.2 3.102 0 2.125 3.102 0.569 1.905 3.102 1.1 1.556 3.102 1.556 1.1 3.102 1.905 0.569 3.102 2.125 0.569 10.34 2.125 1.556 10.34 1.556 2.2 10.34 0 1.1 10.34 1.905 1.905 10.34 1.1 2.125 10.34 0.569 -4.421 2.127 0 -3.1 0.021 0 -4.054 1.27 0 -3.564 0.54 0 -4.665 3.142 0 -4.788 4.11 0 -4.803 5.094 0 -4.757 6.142 0 -4.558 7.443 0 -4.314 8.443 0 -3.992 9.379 0 -3.579 10.347 0 -3.12 11.22 0 -2.57 12.077 0 -1.958 12.696 0 -1.591 12.982 0 -1.16 13.184 0 -0.75 11.374 0 -2.4 0.021 0 -2.4 2.171 0 -2.2 2.171 0 -2.2 11.374 0 -4.27 2.127 1.144 -2.994 0.021 0.802 -3.915 1.27 1.049 -3.443 0.54 0.922 -4.506 3.142 1.207 -4.625 4.11 1.239 -4.639 5.094 1.243 -4.595 6.142 1.231 -4.403 7.443 1.18 -4.167 8.443 1.116 -3.856 9.379 1.033 -3.457 10.347 0.926 -3.014 11.22 0.808 -2.482 12.077 0.665 -1.891 12.696 0.507 -1.537 12.982 0.412 -1.12 13.184 0.3 -2.318 0.021 0.621 -2.318 2.171 0.621 -2.125 2.171 0.569 -2.125 11.374 0.569 -3.828 2.127 2.21 -2.685 0.021 1.55 -3.51 1.27 2.027 -3.087 0.54 1.782 -4.04 3.142 2.333 -4.146 4.11 2.394 -4.16 5.094 2.402 -4.12 6.142 2.379 -3.948 7.443 2.279 -3.736 8.443 2.157 -3.457 9.379 1.996 -3.1 10.347 1.79 -2.702 11.22 1.56 -2.225 12.077 1.285 -1.696 12.696 0.979 -1.378 12.982 0.795 -1.005 13.184 0.58 0 11.374 0.75 -2.078 0.021 1.2 -2.078 2.171 1.2 -1.905 2.171 1.1 -1.905 11.374 1.1 -3.126 2.127 3.126 -2.192 0.021 2.192 -2.866 1.27 2.866 -2.52 0.54 2.52 -3.299 3.142 3.299 -3.385 4.11 3.385 -3.396 5.094 3.396 -3.364 6.142 3.364 -3.223 7.443 3.223 -3.05 8.443 3.05 -2.823 9.379 2.823 -2.531 10.347 2.531 -2.206 11.22 2.206 -1.817 12.077 1.817 -1.384 12.696 1.384 -1.125 12.982 1.125 -1.697 0.021 1.697 -1.697 2.171 1.697 -1.556 2.171 1.556 -1.556 11.374 1.556 -2.21 2.127 3.828 -1.55 0.021 2.685 -2.027 1.27 3.51 -1.782 0.54 3.087 -2.333 3.142 4.04 -2.394 4.11 4.146 -2.402 5.094 4.16 -2.379 6.142 4.12 -2.279 7.443 3.948 -2.157 8.443 3.736 -1.996 9.379 3.457 -1.79 10.347 3.1 -1.56 11.22 2.702 -1.285 12.077 2.225 -0.979 12.696 1.696 -0.795 12.982 1.378 -0.58 13.184 1.005 -1.2 0.021 2.078 -1.2 2.171 2.078 -1.1 2.171 1.905 -1.1 11.374 1.905 -1.144 2.127 4.27 -0.802 0.021 2.994 -1.049 1.27 3.915 -0.922 0.54 3.443 -1.207 3.142 4.506 -1.239 4.11 4.625 -1.243 5.094 4.639 -1.231 6.142 4.595 -1.18 7.443 4.403 -1.116 8.443 4.167 -1.033 9.379 3.856 -0.926 10.347 3.457 -0.808 11.22 3.014 -0.665 12.077 2.482 -0.507 12.696 1.891 -0.412 12.982 1.537 -0.3 13.184 1.12 -0.621 0.021 2.318 -0.621 2.171 2.318 -0.569 2.171 2.125 -0.569 11.374 2.125 0 2.127 4.421 0 0.021 3.1 0 1.27 4.054 0 0.54 3.564 0 3.142 4.665 0 4.11 4.788 0 5.094 4.803 0 6.142 4.757 0 7.443 4.558 0 8.443 4.314 0 9.379 3.992 0 10.347 3.579 0 11.22 3.12 0 12.077 2.57 0 12.696 1.958 0 12.982 1.591 0 13.184 1.16 0 0.021 2.4 0 2.171 2.4 0 2.171 2.2 0 11.374 2.2 -0.75 13.234 0 -0.75 13.231 0.201 -0.75 13.221 0.433 -0.433 13.221 0.75 -0.201 13.231 0.75 0 13.234 0.75 -0.75 11.374 0.432 -0.432 11.374 0.75 -0.82 13.184 0.82 -0.201 11.374 0.75 -0.591 11.374 0.591 -0.75 11.374 0.201 -0.592 13.221 0.592 -2.2 3.102 0 -2.125 3.102 0.569 -1.905 3.102 1.1 -1.556 3.102 1.556 -1.1 3.102 1.905 -0.569 3.102 2.125 0 3.102 2.2 -0.569 10.34 2.125 -1.556 10.34 1.556 -2.2 10.34 0 -1.1 10.34 1.905 -1.905 10.34 1.1 -2.125 10.34 0.569 0 10.34 2.2 2.994 0.021 -0.802 3.1 0.021 0 2.318 0.021 -0.621 2.4 0.021 0 2.318 2.171 -0.621 2.4 2.171 0 2.125 2.171 -0.569 2.2 2.171 0 2.125 11.374 -0.569 2.2 11.374 0 2.685 0.021 -1.55 2.078 0.021 -1.2 2.078 2.171 -1.2 1.905 2.171 -1.1 1.905 11.374 -1.1 2.192 0.021 -2.192 1.697 0.021 -1.697 1.697 2.171 -1.697 1.556 2.171 -1.556 1.556 11.374 -1.556 1.55 0.021 -2.685 1.2 0.021 -2.078 1.2 2.171 -2.078 1.1 2.171 -1.905 1.1 11.374 -1.905 0.802 0.021 -2.994 0.433 13.221 -0.75 0.433 13.221 -0.75 0.432 11.374 -0.75 0.432 11.374 -0.75 0.621 0.021 -2.318 0.621 2.171 -2.318 0.569 2.171 -2.125 0.569 11.374 -2.125 0 2.171 -2.2 0 11.374 -2.2 0 0.021 -3.1 0 0.021 -2.4 0 2.171 -2.4 0.75 11.374 -0.432 0.75 11.374 -0.432 0.75 13.221 -0.433 0.75 13.221 -0.433 0.592 13.221 -0.592 0.75 13.234 0 0.75 13.231 -0.201 0.201 13.231 -0.75 0 13.234 -0.75 0.591 11.374 -0.591 0.201 11.374 -0.75 0.75 11.374 -0.201 0.75 11.374 0 0 11.374 -0.75 -2.994 0.021 -0.802 -3.1 0.021 0 -2.318 0.021 -0.621 -2.4 0.021 0 -2.318 2.171 -0.621 -2.4 2.171 0 -2.125 2.171 -0.569 -2.2 2.171 0 -2.125 11.374 -0.569 -2.2 11.374 0 -2.685 0.021 -1.55 -2.078 0.021 -1.2 -2.078 2.171 -1.2 -1.905 2.171 -1.1 -1.905 11.374 -1.1 -2.192 0.021 -2.192 -1.697 0.021 -1.697 -1.697 2.171 -1.697 -1.556 2.171 -1.556 -1.556 11.374 -1.556 -1.55 0.021 -2.685 -1.2 0.021 -2.078 -1.2 2.171 -2.078 -1.1 2.171 -1.905 -1.1 11.374 -1.905 -0.802 0.021 -2.994 -0.433 13.221 -0.75 -0.433 13.221 -0.75 -0.432 11.374 -0.75 -0.432 11.374 -0.75 -0.621 0.021 -2.318 -0.621 2.171 -2.318 -0.569 2.171 -2.125 -0.569 11.374 -2.125 -0.75 11.374 -0.432 -0.75 11.374 -0.432 -0.75 13.221 -0.433 -0.75 13.221 -0.433 -0.592 13.221 -0.592 -0.75 13.234 0 -0.75 13.231 -0.201 -0.201 13.231 -0.75 -0.591 11.374 -0.591 -0.201 11.374 -0.75 -0.75 11.374 -0.201 -0.75 11.374 0 2.994 0.021 0.802 2.318 0.021 0.621 2.318 2.171 0.621 2.125 2.171 0.569 2.125 11.374 0.569 2.685 0.021 1.55 2.078 0.021 1.2 2.078 2.171 1.2 1.905 2.171 1.1 1.905 11.374 1.1 2.192 0.021 2.192 1.697 0.021 1.697 1.697 2.171 1.697 1.556 2.171 1.556 1.556 11.374 1.556 1.55 0.021 2.685 1.2 0.021 2.078 1.2 2.171 2.078 1.1 2.171 1.905 1.1 11.374 1.905 0.802 0.021 2.994 0.433 13.221 0.75 0.433 13.221 0.75 0.432 11.374 0.75 0.432 11.374 0.75 0.621 0.021 2.318 0.621 2.171 2.318 0.569 2.171 2.125 0.569 11.374 2.125 0 2.171 2.2 0 11.374 2.2 0 0.021 3.1 0 0.021 2.4 0 2.171 2.4 0.75 11.374 0.432 0.75 11.374 0.432 0.75 13.221 0.433 0.75 13.221 0.433 0.592 13.221 0.592 0.75 13.231 0.201 0.201 13.231 0.75 0 13.234 0.75 0.591 11.374 0.591 0.201 11.374 0.75 0.75 11.374 0.201 0 11.374 0.75 -2.994 0.021 0.802 -2.318 0.021 0.621 -2.318 2.171 0.621 -2.125 2.171 0.569 -2.125 11.374 0.569 -2.685 0.021 1.55 -2.078 0.021 1.2 -2.078 2.171 1.2 -1.905 2.171 1.1 -1.905 11.374 1.1 -2.192 0.021 2.192 -1.697 0.021 1.697 -1.697 2.171 1.697 -1.556 2.171 1.556 -1.556 11.374 1.556 -1.55 0.021 2.685 -1.2 0.021 2.078 -1.2 2.171 2.078 -1.1 2.171 1.905 -1.1 11.374 1.905 -0.802 0.021 2.994 -0.433 13.221 0.75 -0.433 13.221 0.75 -0.432 11.374 0.75 -0.432 11.374 0.75 -0.621 0.021 2.318 -0.621 2.171 2.318 -0.569 2.171 2.125 -0.569 11.374 2.125 -0.75 11.374 0.432 -0.75 11.374 0.432 -0.75 13.221 0.433 -0.75 13.221 0.433 -0.592 13.221 0.592 -0.75 13.231 0.201 -0.201 13.231 0.75 -0.591 11.374 0.591 -0.201 11.374 0.75 -0.75 11.374 0.201</float_array>
					<technique_common>
						<accessor source="#44E8B445-F7EF-4223-9556-3F2C57B8A524-mesh-positions-array" count="784" stride="3">
							<param name="X" type="float"/>
							<param name="Y" type="float"/>
							<param name="Z" type="float"/>
						</accessor>
					</technique_common>
				</source>
				<source id="44E8B445-F7EF-4223-9556-3F2C57B8A524-mesh-normals">
					<float_array id="44E8B445-F7EF-4223-9556-3F2C57B8A524-mesh-normals-array" count="2352">0.917 -0.313 -0.246 0 -1 0 0.85 -0.474 -0.228 0.765 -0.61 -0.205 0.95 -0.179 -0.255 0.964 -0.07 -0.258 0.966 0.014 -0.259 0.961 0.097 -0.258 0.948 0.194 -0.254 0.927 0.28 -0.248 0.902 0.358 -0.242 0.873 0.428 -0.234 0.835 0.502 -0.224 0.757 0.621 -0.203 0.644 0.745 -0.173 0.511 0.849 -0.137 0.279 0.957 -0.074 -0.966 0 0.259 0 -1 0 -0.966 0 0.259 -0.966 0 0.259 0.822 -0.313 -0.475 0 -1 0 0.762 -0.474 -0.44 0.686 -0.61 -0.396 0.852 -0.179 -0.492 0.864 -0.07 -0.499 0.866 0.014 -0.5 0.862 0.097 -0.498 0.85 0.194 -0.491 0.831 0.28 -0.48 0.809 0.358 -0.467 0.783 0.428 -0.452 0.749 0.502 -0.432 0.679 0.621 -0.392 0.578 0.745 -0.334 0.458 0.849 -0.264 0.251 0.957 -0.144 -0.866 0 0.5 0 -1 0 -0.866 0 0.5 -0.866 0 0.5 0.672 -0.313 -0.672 0 -1 0 0.623 -0.474 -0.623 0.56 -0.61 -0.56 0.696 -0.179 -0.696 0.705 -0.07 -0.705 0.707 0.014 -0.707 0.704 0.097 -0.704 0.694 0.194 -0.694 0.679 0.28 -0.679 0.66 0.358 -0.66 0.639 0.428 -0.639 0.612 0.502 -0.612 0.554 0.621 -0.554 0.472 0.745 -0.472 0.374 0.849 -0.374 -0.707 0 0.707 0 -1 0 -0.707 0 0.707 -0.707 0 0.707 0.475 -0.313 -0.822 0 -1 0 0.44 -0.474 -0.762 0.396 -0.61 -0.686 0.492 -0.179 -0.852 0.499 -0.07 -0.864 0.5 0.014 -0.866 0.498 0.097 -0.862 0.491 0.194 -0.85 0.48 0.28 -0.831 0.467 0.358 -0.809 0.452 0.428 -0.783 0.432 0.502 -0.749 0.392 0.621 -0.679 0.334 0.745 -0.578 0.264 0.849 -0.458 0.144 0.957 -0.251 -0.5 0 0.866 0 -1 0 -0.5 0 0.866 -0.5 0 0.866 0.246 -0.313 -0.917 0 -1 0 0.228 -0.474 -0.85 0.205 -0.61 -0.765 0.255 -0.179 -0.95 0.258 -0.07 -0.964 0.259 0.014 -0.966 0.258 0.097 -0.961 0.254 0.194 -0.948 0.248 0.28 -0.927 0.242 0.358 -0.902 0.234 0.428 -0.873 0.224 0.502 -0.835 0.203 0.621 -0.757 0.173 0.745 -0.644 0.137 0.849 -0.511 0.074 0.957 -0.279 -0.259 0 0.966 0 -1 0 -0.259 0 0.966 -0.259 0 0.966 -1 0 0 -0.707 0 0.707 -0.707 0 0.707 0 0 1 -0.707 0 0.707 -0.707 0 0.707 0.204 0.958 -0.204 0 0 1 0 -1 0 0 -1 0 -0.707 0 0.707 -0.966 0 0.259 -0.866 0 0.5 -0.707 0 0.707 -0.5 0 0.866 -0.259 0 0.966 -0.259 0 0.966 -0.707 0 0.707 -0.5 0 0.866 -0.866 0 0.5 -0.966 0 0.259 -0.917 -0.313 -0.246 0 -1 0 -0.85 -0.474 -0.228 -0.765 -0.61 -0.205 -0.95 -0.179 -0.255 -0.964 -0.07 -0.258 -0.966 0.014 -0.259 -0.961 0.097 -0.258 -0.948 0.194 -0.254 -0.927 0.28 -0.248 -0.902 0.358 -0.242 -0.873 0.428 -0.234 -0.835 0.502 -0.224 -0.757 0.621 -0.203 -0.644 0.745 -0.173 -0.511 0.849 -0.137 -0.279 0.957 -0.074 0.966 0 0.259 0 -1 0 0.966 0 0.259 0.966 0 0.259 -0.822 -0.313 -0.475 0 -1 0 -0.762 -0.474 -0.44 -0.686 -0.61 -0.396 -0.852 -0.179 -0.492 -0.864 -0.07 -0.499 -0.866 0.014 -0.5 -0.862 0.097 -0.498 -0.85 0.194 -0.491 -0.831 0.28 -0.48 -0.809 0.358 -0.467 -0.783 0.428 -0.452 -0.749 0.502 -0.432 -0.679 0.621 -0.392 -0.578 0.745 -0.334 -0.458 0.849 -0.264 -0.251 0.957 -0.144 0 0 1 0.866 0 0.5 0 -1 0 0.866 0 0.5 0.866 0 0.5 -0.672 -0.313 -0.672 0 -1 0 -0.623 -0.474 -0.623 -0.56 -0.61 -0.56 -0.696 -0.179 -0.696 -0.705 -0.07 -0.705 -0.707 0.014 -0.707 -0.704 0.097 -0.704 -0.694 0.194 -0.694 -0.679 0.28 -0.679 -0.66 0.358 -0.66 -0.639 0.428 -0.639 -0.612 0.502 -0.612 -0.554 0.621 -0.554 -0.472 0.745 -0.472 -0.374 0.849 -0.374 0.707 0 0.707 0 -1 0 0.707 0 0.707 0.707 0 0.707 -0.475 -0.313 -0.822 0 -1 0 -0.44 -0.474 -0.762 -0.396 -0.61 -0.686 -0.492 -0.179 -0.852 -0.499 -0.07 -0.864 -0.5 0.014 -0.866 -0.498 0.097 -0.862 -0.491 0.194 -0.85 -0.48 0.28 -0.831 -0.467 0.358 -0.809 -0.452 0.428 -0.783 -0.432 0.502 -0.749 -0.392 0.621 -0.679 -0.334 0.745 -0.578 -0.264 0.849 -0.458 -0.144 0.957 -0.251 0.5 0 0.866 0 -1 0 0.5 0 0.866 0.5 0 0.866 -0.246 -0.313 -0.917 0 -1 0 -0.228 -0.474 -0.85 -0.205 -0.61 -0.765 -0.255 -0.179 -0.95 -0.258 -0.07 -0.964 -0.259 0.014 -0.966 -0.258 0.097 -0.961 -0.254 0.194 -0.948 -0.248 0.28 -0.927 -0.242 0.358 -0.902 -0.234 0.428 -0.873 -0.224 0.502 -0.835 -0.203 0.621 -0.757 -0.173 0.745 -0.644 -0.137 0.849 -0.511 -0.074 0.957 -0.279 0.259 0 0.966 0 -1 0 0.259 0 0.966 0.259 0 0.966 0 -0.313 -0.95 0 -1 0 0 -0.474 -0.88 0 -0.61 -0.792 0 -0.179 -0.984 0 -0.07 -0.998 0 0.014 -1 0 0.097 -0.995 0 0.194 -0.981 0 0.28 -0.96 0 0.358 -0.934 0 0.428 -0.904 0 0.502 -0.865 0 0.621 -0.784 0 0.745 -0.667 0 0.849 -0.529 0 0.958 -0.288 0 0 1 0 -1 0 0 0 1 0 0 1 1 0 0 0.707 0 0.707 0.707 0 0.707 0 0 1 0 0.993 -0.122 0.707 0 0.707 0.707 0 0.707 -0.204 0.958 -0.204 0 0 1 0 -1 0 0 -1 0 0.707 0 0.707 0.966 0 0.259 0.866 0 0.5 0.707 0 0.707 0.5 0 0.866 0.259 0 0.966 0 0 1 0.259 0 0.966 0.707 0 0.707 0.5 0 0.866 0.866 0 0.5 0.966 0 0.259 0 0 1 0.95 -0.313 0 0 -1 0 0.88 -0.474 0 0.792 -0.61 0 0.984 -0.179 0 0.998 -0.07 0 1 0.014 0 0.995 0.097 0 0.981 0.194 0 0.96 0.28 0 0.934 0.358 0 0.904 0.428 0 0.865 0.502 0 0.784 0.621 0 0.667 0.745 0 0.529 0.849 0 0.288 0.958 0 -1 0 0 -1 0 0 0 -1 0 -1 0 0 -1 0 0 0.917 -0.313 0.246 0 -1 0 0.85 -0.474 0.228 0.765 -0.61 0.205 0.95 -0.179 0.255 0.964 -0.07 0.258 0.966 0.014 0.259 0.961 0.097 0.258 0.948 0.194 0.254 0.927 0.28 0.248 0.902 0.358 0.242 0.873 0.428 0.234 0.835 0.502 0.224 0.757 0.621 0.203 0.644 0.745 0.173 0.511 0.849 0.137 0.279 0.957 0.074 -0.966 0 -0.259 0 -1 0 -0.966 0 -0.259 -0.966 0 -0.259 0.822 -0.313 0.475 0 -1 0 0.762 -0.474 0.44 0.686 -0.61 0.396 0.852 -0.179 0.492 0.864 -0.07 0.499 0.866 0.014 0.5 0.862 0.097 0.498 0.85 0.194 0.491 0.831 0.28 0.48 0.809 0.358 0.467 0.783 0.428 0.452 0.749 0.502 0.432 0.679 0.621 0.392 0.578 0.745 0.334 0.458 0.849 0.264 0.251 0.957 0.144 -0.866 0 -0.5 0 -1 0 -0.866 0 -0.5 -0.866 0 -0.5 0.672 -0.313 0.672 0 -1 0 0.623 -0.474 0.623 0.56 -0.61 0.56 0.696 -0.179 0.696 0.705 -0.07 0.705 0.707 0.014 0.707 0.704 0.097 0.704 0.694 0.194 0.694 0.679 0.28 0.679 0.66 0.358 0.66 0.639 0.428 0.639 0.612 0.502 0.612 0.554 0.621 0.554 0.472 0.745 0.472 0.374 0.849 0.374 -0.707 0 -0.707 0 -1 0 -0.707 0 -0.707 -0.707 0 -0.707 0.475 -0.313 0.822 0 -1 0 0.44 -0.474 0.762 0.396 -0.61 0.686 0.492 -0.179 0.852 0.499 -0.07 0.864 0.5 0.014 0.866 0.498 0.097 0.862 0.491 0.194 0.85 0.48 0.28 0.831 0.467 0.358 0.809 0.452 0.428 0.783 0.432 0.502 0.749 0.392 0.621 0.679 0.334 0.745 0.578 0.264 0.849 0.458 0.144 0.957 0.251 -0.5 0 -0.866 0 -1 0 -0.5 0 -0.866 -0.5 0 -0.866 0.246 -0.313 0.917 0 -1 0 0.228 -0.474 0.85 0.205 -0.61 0.765 0.255 -0.179 0.95 0.258 -0.07 0.964 0.259 0.014 0.966 0.258 0.097 0.961 0.254 0.194 0.948 0.248 0.28 0.927 0.242 0.358 0.902 0.234 0.428 0.873 0.224 0.502 0.835 0.203 0.621 0.757 0.173 0.745 0.644 0.137 0.849 0.511 0.074 0.957 0.279 -0.259 0 -0.966 0 -1 0 -0.259 0 -0.966 -0.259 0 -0.966 -1 0 0 -1 0 0 -0.707 0 -0.707 -0.707 0 -0.707 0 0 -1 -0.707 0 -0.707 -0.707 0 -0.707 0.204 0.958 0.204 0 0 -1 0 -1 0 0 -1 0 -0.707 0 -0.707 -1 0 0 -0.966 0 -0.259 -0.866 0 -0.5 -0.707 0 -0.707 -0.5 0 -0.866 -0.259 0 -0.966 -0.259 0 -0.966 -0.707 0 -0.707 -1 0 0 -0.5 0 -0.866 -0.866 0 -0.5 -0.966 0 -0.259 -0.95 -0.313 0 0 -1 0 -0.88 -0.474 0 -0.792 -0.61 0 -0.984 -0.179 0 -0.998 -0.07 0 -1 0.014 0 -0.995 0.097 0 -0.981 0.194 0 -0.96 0.28 0 -0.934 0.358 0 -0.904 0.428 0 -0.865 0.502 0 -0.784 0.621 0 -0.667 0.745 0 -0.529 0.849 0 -0.288 0.958 0 1 0 0 1 0 0 0 -1 0 1 0 0 1 0 0 -0.917 -0.313 0.246 0 -1 0 -0.85 -0.474 0.228 -0.765 -0.61 0.205 -0.95 -0.179 0.255 -0.964 -0.07 0.258 -0.966 0.014 0.259 -0.961 0.097 0.258 -0.948 0.194 0.254 -0.927 0.28 0.248 -0.902 0.358 0.242 -0.873 0.428 0.234 -0.835 0.502 0.224 -0.757 0.621 0.203 -0.644 0.745 0.173 -0.511 0.849 0.137 -0.279 0.957 0.074 0.966 0 -0.259 0 -1 0 0.966 0 -0.259 0.966 0 -0.259 -0.822 -0.313 0.475 0 -1 0 -0.762 -0.474 0.44 -0.686 -0.61 0.396 -0.852 -0.179 0.492 -0.864 -0.07 0.499 -0.866 0.014 0.5 -0.862 0.097 0.498 -0.85 0.194 0.491 -0.831 0.28 0.48 -0.809 0.358 0.467 -0.783 0.428 0.452 -0.749 0.502 0.432 -0.679 0.621 0.392 -0.578 0.745 0.334 -0.458 0.849 0.264 -0.251 0.957 0.144 0 0 -1 0.866 0 -0.5 0 -1 0 0.866 0 -0.5 0.866 0 -0.5 -0.672 -0.313 0.672 0 -1 0 -0.623 -0.474 0.623 -0.56 -0.61 0.56 -0.696 -0.179 0.696 -0.705 -0.07 0.705 -0.707 0.014 0.707 -0.704 0.097 0.704 -0.694 0.194 0.694 -0.679 0.28 0.679 -0.66 0.358 0.66 -0.639 0.428 0.639 -0.612 0.502 0.612 -0.554 0.621 0.554 -0.472 0.745 0.472 -0.374 0.849 0.374 0.707 0 -0.707 0 -1 0 0.707 0 -0.707 0.707 0 -0.707 -0.475 -0.313 0.822 0 -1 0 -0.44 -0.474 0.762 -0.396 -0.61 0.686 -0.492 -0.179 0.852 -0.499 -0.07 0.864 -0.5 0.014 0.866 -0.498 0.097 0.862 -0.491 0.194 0.85 -0.48 0.28 0.831 -0.467 0.358 0.809 -0.452 0.428 0.783 -0.432 0.502 0.749 -0.392 0.621 0.679 -0.334 0.745 0.578 -0.264 0.849 0.458 -0.144 0.957 0.251 0.5 0 -0.866 0 -1 0 0.5 0 -0.866 0.5 0 -0.866 -0.246 -0.313 0.917 0 -1 0 -0.228 -0.474 0.85 -0.205 -0.61 0.765 -0.255 -0.179 0.95 -0.258 -0.07 0.964 -0.259 0.014 0.966 -0.258 0.097 0.961 -0.254 0.194 0.948 -0.248 0.28 0.927 -0.242 0.358 0.902 -0.234 0.428 0.873 -0.224 0.502 0.835 -0.203 0.621 0.757 -0.173 0.745 0.644 -0.137 0.849 0.511 -0.074 0.957 0.279 0.259 0 -0.966 0 -1 0 0.259 0 -0.966 0.259 0 -0.966 0 -0.313 0.95 0 -1 0 0 -0.474 0.88 0 -0.61 0.792 0 -0.179 0.984 0 -0.07 0.998 0 0.014 1 0 0.097 0.995 0 0.194 0.981 0 0.28 0.96 0 0.358 0.934 0 0.428 0.904 0 0.502 0.865 0 0.621 0.784 0 0.745 0.667 0 0.849 0.529 0 0.958 0.288 0 0 -1 0 -1 0 0 0 -1 0 0 -1 1 0 0 1 0 0 0.707 0 -0.707 0.707 0 -0.707 0 0 -1 0 0.993 0.122 0.707 0 -0.707 0.707 0 -0.707 -0.204 0.958 0.204 0 0 -1 0 -1 0 0 -1 0 0.707 0 -0.707 1 0 0 0.966 0 -0.259 0.866 0 -0.5 0.707 0 -0.707 0.5 0 -0.866 0.259 0 -0.966 0 0 -1 0.259 0 -0.966 0.707 0 -0.707 1 0 0 0.5 0 -0.866 0.866 0 -0.5 0.966 0 -0.259 0 0 -1 0.72 -0.667 -0.193 0.745 -0.667 0 0 -1 0 0 -1 0 -0.966 0 0.259 -1 0 0 0 -1 0 0 -1 0 0 -1 0 0 -1 0 0.646 -0.667 -0.373 0 -1 0 -0.866 0 0.5 0 -1 0 0 -1 0 0.527 -0.667 -0.527 0 -1 0 -0.707 0 0.707 0 -1 0 0 -1 0 0.373 -0.667 -0.646 0 -1 0 -0.5 0 0.866 0 -1 0 0 -1 0 0.193 -0.667 -0.72 0.061 0.993 -0.104 0 0 1 0 0 1 0 -1 0 0 -1 0 -0.259 0 0.966 0 -1 0 0 -1 0 0 -1 0 0 -1 0 0 -0.667 -0.745 0 -1 0 0 0 1 -1 0 0 0 -1 0 0.104 0.993 -0.061 -1 0 0 0.081 0.993 -0.081 0.122 0.993 0 0.12 0.992 -0.028 0.028 0.992 -0.12 0 0 1 -0.707 0 0.707 0 -1 0 -1 0 0 0 -1 0 0 -1 0 -0.72 -0.667 -0.193 -0.745 -0.667 0 0 -1 0 0 -1 0 0.966 0 0.259 1 0 0 0 -1 0 0 -1 0 0 -1 0 0 -1 0 -0.646 -0.667 -0.373 0 -1 0 0.866 0 0.5 0 -1 0 0 -1 0 -0.527 -0.667 -0.527 0 -1 0 0.707 0 0.707 0 -1 0 0 -1 0 -0.373 -0.667 -0.646 0 -1 0 0.5 0 0.866 0 -1 0 0 -1 0 -0.193 -0.667 -0.72 -0.061 0.993 -0.104 0 0 1 0 0 1 0 -1 0 0 -1 0 0.259 0 0.966 0 -1 0 0 -1 0 1 0 0 0 -1 0 -0.104 0.993 -0.061 1 0 0 -0.081 0.993 -0.081 -0.122 0.993 0 -0.12 0.992 -0.028 -0.028 0.992 -0.12 0.707 0 0.707 0 -1 0 1 0 0 0 -1 0 0.72 -0.667 0.193 0 -1 0 -0.966 0 -0.259 0 -1 0 0 -1 0 0.646 -0.667 0.373 0 -1 0 -0.866 0 -0.5 0 -1 0 0 -1 0 0.527 -0.667 0.527 0 -1 0 -0.707 0 -0.707 0 -1 0 0 -1 0 0.373 -0.667 0.646 0 -1 0 -0.5 0 -0.866 0 -1 0 0 -1 0 0.193 -0.667 0.72 0.061 0.993 0.104 0 0 -1 0 0 -1 0 -1 0 0 -1 0 -0.259 0 -0.966 0 -1 0 0 -1 0 0 -1 0 0 -1 0 0 -0.667 0.745 0 -1 0 0 0 -1 -1 0 0 0 -1 0 0.104 0.993 0.061 -1 0 0 0.081 0.993 0.081 0.12 0.992 0.028 0.028 0.992 0.12 0 0 -1 -0.707 0 -0.707 0 -1 0 -1 0 0 0 -1 0 -0.72 -0.667 0.193 0 -1 0 0.966 0 -0.259 0 -1 0 0 -1 0 -0.646 -0.667 0.373 0 -1 0 0.866 0 -0.5 0 -1 0 0 -1 0 -0.527 -0.667 0.527 0 -1 0 0.707 0 -0.707 0 -1 0 0 -1 0 -0.373 -0.667 0.646 0 -1 0 0.5 0 -0.866 0 -1 0 0 -1 0 -0.193 -0.667 0.72 -0.061 0.993 0.104 0 0 -1 0 0 -1 0 -1 0 0 -1 0 0.259 0 -0.966 0 -1 0 0 -1 0 1 0 0 0 -1 0 -0.104 0.993 0.061 1 0 0 -0.081 0.993 0.081 -0.12 0.992 0.028 -0.028 0.992 0.12 0.707 0 -0.707 0 -1 0 1 0 0</float_array>
					<technique_common>
						<accessor source="#44E8B445-F7EF-4223-9556-3F2C57B8A524-mesh-normals-array" count="784" stride="3">
							<param name="X" type="float"/>
							<param name="Y" type="float"/>
							<param name="Z" type="float"/>
						</accessor>
					</technique_common>
				</source>
				<source id="44E8B445-F7EF-4223-9556-3F2C57B8A524-mesh-map-0">
					<float_array id="44E8B445-F7EF-4223-9556-3F2C57B8A524-mesh-map-0-array" count="7200">0.183 0.711 0.153 0.715 0.178 0.685 0.153 0.715 0.15 0.691 0.178 0.685 0.18 0.875 0.152 0.87 0.185 0.851 0.152 0.87 0.155 0.847 0.185 0.851 0.909 0.754 0.966 0.787 0.885 0.779 0.966 0.787 0.935 0.828 0.885 0.779 0.178 0.685 0.15 0.691 0.171 0.66 0.15 0.691 0.146 0.667 0.171 0.66 0.07 0.01 0.195 0.068 0.011 0.112 0.195 0.068 0.154 0.179 0.011 0.112 0.761 0.955 0.445 0.955 0.759 0.916 0.445 0.955 0.445 0.916 0.759 0.916 0.171 0.66 0.146 0.667 0.162 0.635 0.146 0.667 0.14 0.641 0.162 0.635 0.173 0.898 0.149 0.893 0.18 0.875 0.149 0.893 0.152 0.87 0.18 0.875 0.897 0.981 0.812 0.916 0.981 0.897 0.812 0.916 0.872 0.813 0.981 0.897 0.162 0.635 0.14 0.641 0.153 0.611 0.14 0.641 0.134 0.618 0.153 0.611 0.188 0.823 0.157 0.821 0.19 0.798 0.157 0.821 0.158 0.797 0.19 0.798 0.393 0.5 0.393 0.461 0.759 0.5 0.393 0.461 0.759 0.461 0.759 0.5 0.153 0.611 0.134 0.618 0.141 0.587 0.134 0.618 0.126 0.594 0.141 0.587 0.19 0.798 0.158 0.797 0.189 0.772 0.158 0.797 0.158 0.773 0.189 0.772 0.92 0.167 0.861 0.245 0.896 0.143 0.861 0.245 0.831 0.228 0.896 0.143 0.141 0.587 0.126 0.594 0.13 0.568 0.126 0.594 0.119 0.574 0.13 0.568 0.189 0.772 0.158 0.773 0.188 0.745 0.158 0.773 0.157 0.747 0.188 0.745 0.556 0.517 0.556 0.552 0.398 0.517 0.556 0.552 0.398 0.552 0.398 0.517 0.13 0.568 0.119 0.574 0.123 0.559 0.119 0.574 0.114 0.564 0.123 0.559 0.188 0.745 0.157 0.747 0.183 0.711 0.157 0.747 0.153 0.715 0.183 0.711 0.185 0.851 0.155 0.847 0.188 0.823 0.155 0.847 0.157 0.821 0.188 0.823 0.123 0.559 0.114 0.564 0.116 0.549 0.114 0.564 0.109 0.553 0.116 0.549 0.152 0.87 0.126 0.868 0.155 0.847 0.126 0.868 0.127 0.845 0.155 0.847 0.909 0.754 0.937 0.726 0.966 0.787 0.937 0.726 0.986 0.739 0.966 0.787 0.15 0.691 0.123 0.694 0.146 0.667 0.123 0.694 0.121 0.671 0.146 0.667 0.195 0.068 0.328 0.103 0.154 0.179 0.328 0.103 0.307 0.22 0.154 0.179 0.571 0.559 0.571 0.545 0.748 0.559 0.571 0.545 0.748 0.545 0.748 0.559 0.146 0.667 0.121 0.671 0.14 0.641 0.121 0.671 0.118 0.646 0.14 0.641 0.149 0.893 0.124 0.89 0.152 0.87 0.124 0.89 0.126 0.868 0.152 0.87 0.812 0.916 0.714 0.875 0.872 0.813 0.714 0.875 0.744 0.76 0.872 0.813 0.14 0.641 0.118 0.646 0.134 0.618 0.118 0.646 0.114 0.622 0.134 0.618 0.157 0.821 0.128 0.82 0.158 0.797 0.128 0.82 0.128 0.797 0.158 0.797 0.393 0.461 0.393 0.422 0.759 0.461 0.393 0.422 0.759 0.422 0.759 0.461 0.134 0.618 0.114 0.622 0.126 0.594 0.114 0.622 0.11 0.598 0.126 0.594 0.158 0.797 0.128 0.797 0.158 0.773 0.128 0.797 0.128 0.774 0.158 0.773 0.861 0.245 0.823 0.335 0.831 0.228 0.823 0.335 0.79 0.326 0.831 0.228 0.126 0.594 0.11 0.598 0.119 0.574 0.11 0.598 0.107 0.578 0.119 0.574 0.158 0.773 0.128 0.774 0.157 0.747 0.128 0.774 0.127 0.749 0.157 0.747 0.556 0.552 0.556 0.588 0.398 0.552 0.556 0.588 0.398 0.588 0.398 0.552 0.119 0.574 0.107 0.578 0.114 0.564 0.107 0.578 0.104 0.567 0.114 0.564 0.157 0.747 0.127 0.749 0.153 0.715 0.127 0.749 0.125 0.718 0.153 0.715 0.155 0.847 0.127 0.845 0.157 0.821 0.127 0.845 0.128 0.82 0.157 0.821 0.114 0.564 0.104 0.567 0.109 0.553 0.104 0.567 0.102 0.555 0.109 0.553 0.153 0.715 0.125 0.718 0.15 0.691 0.125 0.718 0.123 0.694 0.15 0.691 0.104 0.567 0.094 0.568 0.102 0.555 0.094 0.568 0.094 0.556 0.102 0.555 0.125 0.718 0.097 0.72 0.123 0.694 0.097 0.72 0.097 0.696 0.123 0.694 0.126 0.868 0.1 0.867 0.127 0.845 0.1 0.867 0.1 0.844 0.127 0.845 0.986 0.637 0.993 0.688 0.937 0.65 0.123 0.694 0.097 0.696 0.121 0.671 0.097 0.696 0.096 0.672 0.121 0.671 0.328 0.103 0.465 0.115 0.307 0.22 0.465 0.115 0.465 0.234 0.307 0.22 0.445 0.989 0.445 0.955 0.761 0.989 0.445 0.955 0.761 0.955 0.761 0.989 0.121 0.671 0.096 0.672 0.118 0.646 0.096 0.672 0.096 0.647 0.118 0.646 0.124 0.89 0.1 0.889 0.126 0.868 0.1 0.889 0.1 0.867 0.126 0.868 0.714 0.875 0.608 0.861 0.744 0.76 0.608 0.861 0.608 0.742 0.744 0.76 0.118 0.646 0.096 0.647 0.114 0.622 0.096 0.647 0.095 0.624 0.114 0.622 0.128 0.82 0.099 0.82 0.128 0.797 0.099 0.82 0.099 0.797 0.128 0.797 0.393 0.422 0.393 0.384 0.759 0.422 0.393 0.384 0.759 0.384 0.759 0.422 0.114 0.622 0.095 0.624 0.11 0.598 0.095 0.624 0.095 0.6 0.11 0.598 0.128 0.797 0.099 0.797 0.128 0.774 0.099 0.797 0.098 0.775 0.128 0.774 0.823 0.335 0.811 0.432 0.79 0.326 0.811 0.432 0.777 0.432 0.79 0.326 0.11 0.598 0.095 0.6 0.107 0.578 0.095 0.6 0.094 0.579 0.107 0.578 0.128 0.774 0.098 0.775 0.127 0.749 0.098 0.775 0.098 0.75 0.127 0.749 0.556 0.588 0.556 0.623 0.398 0.588 0.556 0.623 0.398 0.623 0.398 0.588 0.107 0.578 0.094 0.579 0.104 0.567 0.094 0.579 0.094 0.568 0.104 0.567 0.127 0.749 0.098 0.75 0.125 0.718 0.098 0.75 0.097 0.72 0.125 0.718 0.127 0.845 0.1 0.844 0.128 0.82 0.1 0.844 0.099 0.82 0.128 0.82 0.098 0.75 0.069 0.751 0.097 0.72 0.069 0.751 0.069 0.72 0.097 0.72 0.1 0.844 0.072 0.846 0.099 0.82 0.072 0.846 0.071 0.821 0.099 0.82 0.094 0.568 0.084 0.567 0.094 0.556 0.084 0.567 0.086 0.555 0.094 0.556 0.097 0.72 0.069 0.72 0.097 0.696 0.069 0.72 0.07 0.695 0.097 0.696 0.1 0.867 0.074 0.868 0.1 0.844 0.074 0.868 0.072 0.846 0.1 0.844 0.885 0.598 0.935 0.548 0.909 0.622 0.935 0.548 0.966 0.589 0.909 0.622 0.097 0.696 0.07 0.695 0.096 0.672 0.07 0.695 0.071 0.672 0.096 0.672 0.465 0.115 0.602 0.103 0.465 0.234 0.602 0.103 0.623 0.22 0.465 0.234 0.096 0.672 0.071 0.672 0.096 0.647 0.071 0.672 0.073 0.647 0.096 0.647 0.1 0.889 0.076 0.89 0.1 0.867 0.076 0.89 0.074 0.868 0.1 0.867 0.608 0.861 0.502 0.875 0.608 0.742 0.502 0.875 0.471 0.76 0.608 0.742 0.096 0.647 0.073 0.647 0.095 0.624 0.073 0.647 0.076 0.623 0.095 0.624 0.099 0.82 0.071 0.821 0.099 0.797 0.071 0.821 0.07 0.798 0.099 0.797 0.393 0.384 0.393 0.345 0.759 0.384 0.393 0.345 0.759 0.345 0.759 0.384 0.095 0.624 0.076 0.623 0.095 0.6 0.076 0.623 0.079 0.599 0.095 0.6 0.099 0.797 0.07 0.798 0.098 0.775 0.07 0.798 0.069 0.775 0.098 0.775 0.811 0.432 0.823 0.529 0.777 0.432 0.823 0.529 0.79 0.538 0.777 0.432 0.095 0.6 0.079 0.599 0.094 0.579 0.079 0.599 0.082 0.578 0.094 0.579 0.098 0.775 0.069 0.775 0.098 0.75 0.069 0.775 0.069 0.751 0.098 0.75 0.556 0.623 0.556 0.659 0.398 0.623 0.556 0.659 0.398 0.659 0.398 0.623 0.094 0.579 0.082 0.578 0.094 0.568 0.082 0.578 0.084 0.567 0.094 0.568 0.082 0.578 0.07 0.575 0.084 0.567 0.07 0.575 0.074 0.564 0.084 0.567 0.069 0.751 0.039 0.75 0.069 0.72 0.039 0.75 0.041 0.718 0.069 0.72 0.072 0.846 0.045 0.848 0.071 0.821 0.045 0.848 0.042 0.823 0.071 0.821 0.084 0.567 0.074 0.564 0.086 0.555 0.074 0.564 0.079 0.553 0.086 0.555 0.069 0.72 0.041 0.718 0.07 0.695 0.041 0.718 0.043 0.693 0.07 0.695 0.074 0.868 0.048 0.871 0.072 0.846 0.048 0.871 0.045 0.848 0.072 0.846 0.986 0.637 0.937 0.65 0.966 0.589 0.937 0.65 0.909 0.622 0.966 0.589 0.07 0.695 0.043 0.693 0.071 0.672 0.043 0.693 0.046 0.669 0.071 0.672 0.602 0.103 0.735 0.068 0.623 0.22 0.735 0.068 0.776 0.179 0.623 0.22 0.071 0.672 0.046 0.669 0.073 0.647 0.046 0.669 0.051 0.644 0.073 0.647 0.076 0.89 0.052 0.893 0.074 0.868 0.052 0.893 0.048 0.871 0.074 0.868 0.502 0.875 0.404 0.916 0.471 0.76 0.404 0.916 0.344 0.813 0.471 0.76 0.073 0.647 0.051 0.644 0.076 0.623 0.051 0.644 0.056 0.62 0.076 0.623 0.071 0.821 0.042 0.823 0.07 0.798 0.042 0.823 0.04 0.8 0.07 0.798 0.393 0.345 0.393 0.306 0.759 0.345 0.393 0.306 0.759 0.306 0.759 0.345 0.076 0.623 0.056 0.62 0.079 0.599 0.056 0.62 0.063 0.596 0.079 0.599 0.07 0.798 0.04 0.8 0.069 0.775 0.04 0.8 0.039 0.776 0.069 0.775 0.823 0.529 0.861 0.619 0.79 0.538 0.861 0.619 0.831 0.636 0.79 0.538 0.079 0.599 0.063 0.596 0.082 0.578 0.063 0.596 0.07 0.575 0.082 0.578 0.069 0.775 0.039 0.776 0.069 0.751 0.039 0.776 0.039 0.75 0.069 0.751 0.556 0.659 0.556 0.695 0.398 0.659 0.556 0.695 0.398 0.695 0.398 0.659 0.039 0.776 0.007 0.776 0.039 0.75 0.007 0.776 0.008 0.749 0.039 0.75 0.556 0.695 0.556 0.73 0.398 0.695 0.556 0.73 0.398 0.73 0.398 0.695 0.07 0.575 0.058 0.569 0.074 0.564 0.058 0.569 0.064 0.559 0.074 0.564 0.039 0.75 0.008 0.749 0.041 0.718 0.008 0.749 0.011 0.715 0.041 0.718 0.045 0.848 0.017 0.853 0.042 0.823 0.017 0.853 0.012 0.827 0.042 0.823 0.074 0.564 0.064 0.559 0.079 0.553 0.064 0.559 0.072 0.549 0.079 0.553 0.041 0.718 0.011 0.715 0.043 0.693 0.011 0.715 0.015 0.689 0.043 0.693 0.048 0.871 0.023 0.876 0.045 0.848 0.023 0.876 0.017 0.853 0.045 0.848 0.043 0.693 0.015 0.689 0.046 0.669 0.015 0.689 0.021 0.664 0.046 0.669 0.735 0.068 0.86 0.01 0.776 0.179 0.86 0.01 0.919 0.112 0.776 0.179 0.007 0.409 0.007 0.162 0.042 0.409 0.007 0.162 0.104 0.175 0.042 0.409 0.046 0.669 0.021 0.664 0.051 0.644 0.021 0.664 0.028 0.638 0.051 0.644 0.052 0.893 0.029 0.898 0.048 0.871 0.029 0.898 0.023 0.876 0.048 0.871 0.404 0.916 0.319 0.981 0.344 0.813 0.319 0.981 0.235 0.897 0.344 0.813 0.051 0.644 0.028 0.638 0.056 0.62 0.028 0.638 0.036 0.614 0.056 0.62 0.042 0.823 0.012 0.827 0.04 0.8 0.012 0.827 0.009 0.802 0.04 0.8 0.393 0.306 0.393 0.267 0.759 0.306 0.393 0.267 0.759 0.267 0.759 0.306 0.056 0.62 0.036 0.614 0.063 0.596 0.036 0.614 0.047 0.589 0.063 0.596 0.04 0.8 0.009 0.802 0.039 0.776 0.009 0.802 0.007 0.776 0.039 0.776 0.861 0.619 0.92 0.697 0.831 0.636 0.92 0.697 0.896 0.721 0.831 0.636 0.063 0.596 0.047 0.589 0.07 0.575 0.047 0.589 0.058 0.569 0.07 0.575 0.307 0.047 0.623 0.047 0.306 0.081 0.623 0.047 0.623 0.081 0.306 0.081 0.382 0.537 0.135 0.537 0.369 0.44 0.135 0.537 0.135 0.503 0.369 0.44 0.571 0.531 0.571 0.517 0.748 0.531 0.571 0.517 0.748 0.517 0.748 0.531 0.108 0.436 0.081 0.409 0.272 0.272 0.081 0.409 0.195 0.212 0.272 0.272 0.308 0.007 0.623 0.008 0.307 0.047 0.623 0.008 0.623 0.047 0.307 0.047 0.571 0.545 0.571 0.531 0.748 0.545 0.571 0.531 0.748 0.531 0.748 0.545 0.993 0.688 0.937 0.688 0.937 0.65 0.986 0.739 0.937 0.726 0.993 0.688 0.937 0.726 0.937 0.688 0.993 0.688 0.984 0.213 0.984 0.528 0.946 0.213 0.984 0.528 0.946 0.528 0.946 0.213 0.369 0.44 0.135 0.503 0.332 0.35 0.135 0.503 0.135 0.463 0.332 0.35 0.571 0.587 0.571 0.573 0.748 0.587 0.571 0.573 0.748 0.573 0.748 0.587 0.272 0.272 0.332 0.35 0.108 0.436 0.332 0.35 0.135 0.463 0.108 0.436 0.571 0.573 0.571 0.559 0.748 0.573 0.571 0.559 0.748 0.559 0.748 0.573 0.946 0.213 0.946 0.528 0.908 0.213 0.946 0.528 0.908 0.528 0.908 0.213 0.104 0.175 0.195 0.212 0.042 0.409 0.195 0.212 0.081 0.409 0.042 0.409 0.571 0.601 0.571 0.587 0.748 0.601 0.571 0.587 0.748 0.587 0.748 0.601 0.381 0.566 0.381 0.602 0.205 0.566 0.381 0.602 0.205 0.602 0.205 0.566 0.381 0.638 0.381 0.673 0.205 0.638 0.381 0.673 0.205 0.673 0.205 0.638 0.381 0.602 0.381 0.638 0.205 0.602 0.381 0.638 0.205 0.638 0.205 0.602 0.381 0.709 0.381 0.744 0.205 0.709 0.381 0.744 0.205 0.744 0.205 0.709 0.381 0.744 0.381 0.78 0.205 0.744 0.381 0.78 0.205 0.78 0.205 0.744 0.381 0.673 0.381 0.709 0.205 0.673 0.381 0.709 0.205 0.709 0.205 0.673 0.183 0.711 0.178 0.685 0.153 0.715 0.178 0.685 0.15 0.691 0.153 0.715 0.18 0.875 0.185 0.851 0.152 0.87 0.185 0.851 0.155 0.847 0.152 0.87 0.909 0.754 0.885 0.779 0.966 0.787 0.885 0.779 0.935 0.828 0.966 0.787 0.178 0.685 0.171 0.66 0.15 0.691 0.171 0.66 0.146 0.667 0.15 0.691 0.07 0.01 0.011 0.112 0.195 0.068 0.011 0.112 0.154 0.179 0.195 0.068 0.761 0.955 0.759 0.916 0.445 0.955 0.759 0.916 0.445 0.916 0.445 0.955 0.171 0.66 0.162 0.635 0.146 0.667 0.162 0.635 0.14 0.641 0.146 0.667 0.173 0.898 0.18 0.875 0.149 0.893 0.18 0.875 0.152 0.87 0.149 0.893 0.897 0.981 0.981 0.897 0.812 0.916 0.981 0.897 0.872 0.813 0.812 0.916 0.162 0.635 0.153 0.611 0.14 0.641 0.153 0.611 0.134 0.618 0.14 0.641 0.188 0.823 0.19 0.798 0.157 0.821 0.19 0.798 0.158 0.797 0.157 0.821 0.393 0.5 0.759 0.5 0.393 0.461 0.759 0.5 0.759 0.461 0.393 0.461 0.153 0.611 0.141 0.587 0.134 0.618 0.141 0.587 0.126 0.594 0.134 0.618 0.19 0.798 0.189 0.772 0.158 0.797 0.189 0.772 0.158 0.773 0.158 0.797 0.92 0.167 0.896 0.143 0.861 0.245 0.896 0.143 0.831 0.228 0.861 0.245 0.141 0.587 0.13 0.568 0.126 0.594 0.13 0.568 0.119 0.574 0.126 0.594 0.189 0.772 0.188 0.745 0.158 0.773 0.188 0.745 0.157 0.747 0.158 0.773 0.556 0.517 0.398 0.517 0.556 0.552 0.398 0.517 0.398 0.552 0.556 0.552 0.13 0.568 0.123 0.559 0.119 0.574 0.123 0.559 0.114 0.564 0.119 0.574 0.188 0.745 0.183 0.711 0.157 0.747 0.183 0.711 0.153 0.715 0.157 0.747 0.185 0.851 0.188 0.823 0.155 0.847 0.188 0.823 0.157 0.821 0.155 0.847 0.123 0.559 0.116 0.549 0.114 0.564 0.116 0.549 0.109 0.553 0.114 0.564 0.152 0.87 0.155 0.847 0.126 0.868 0.155 0.847 0.127 0.845 0.126 0.868 0.909 0.754 0.966 0.787 0.937 0.726 0.966 0.787 0.986 0.739 0.937 0.726 0.15 0.691 0.146 0.667 0.123 0.694 0.146 0.667 0.121 0.671 0.123 0.694 0.195 0.068 0.154 0.179 0.328 0.103 0.154 0.179 0.307 0.22 0.328 0.103 0.571 0.559 0.748 0.559 0.571 0.545 0.748 0.559 0.748 0.545 0.571 0.545 0.146 0.667 0.14 0.641 0.121 0.671 0.14 0.641 0.118 0.646 0.121 0.671 0.149 0.893 0.152 0.87 0.124 0.89 0.152 0.87 0.126 0.868 0.124 0.89 0.812 0.916 0.872 0.813 0.714 0.875 0.872 0.813 0.744 0.76 0.714 0.875 0.14 0.641 0.134 0.618 0.118 0.646 0.134 0.618 0.114 0.622 0.118 0.646 0.157 0.821 0.158 0.797 0.128 0.82 0.158 0.797 0.128 0.797 0.128 0.82 0.393 0.461 0.759 0.461 0.393 0.422 0.759 0.461 0.759 0.422 0.393 0.422 0.134 0.618 0.126 0.594 0.114 0.622 0.126 0.594 0.11 0.598 0.114 0.622 0.158 0.797 0.158 0.773 0.128 0.797 0.158 0.773 0.128 0.774 0.128 0.797 0.861 0.245 0.831 0.228 0.823 0.335 0.831 0.228 0.79 0.326 0.823 0.335 0.126 0.594 0.119 0.574 0.11 0.598 0.119 0.574 0.107 0.578 0.11 0.598 0.158 0.773 0.157 0.747 0.128 0.774 0.157 0.747 0.127 0.749 0.128 0.774 0.556 0.552 0.398 0.552 0.556 0.588 0.398 0.552 0.398 0.588 0.556 0.588 0.119 0.574 0.114 0.564 0.107 0.578 0.114 0.564 0.104 0.567 0.107 0.578 0.157 0.747 0.153 0.715 0.127 0.749 0.153 0.715 0.125 0.718 0.127 0.749 0.155 0.847 0.157 0.821 0.127 0.845 0.157 0.821 0.128 0.82 0.127 0.845 0.114 0.564 0.109 0.553 0.104 0.567 0.109 0.553 0.102 0.555 0.104 0.567 0.153 0.715 0.15 0.691 0.125 0.718 0.15 0.691 0.123 0.694 0.125 0.718 0.104 0.567 0.102 0.555 0.094 0.568 0.102 0.555 0.094 0.556 0.094 0.568 0.125 0.718 0.123 0.694 0.097 0.72 0.123 0.694 0.097 0.696 0.097 0.72 0.126 0.868 0.127 0.845 0.1 0.867 0.127 0.845 0.1 0.844 0.1 0.867 0.986 0.637 0.937 0.65 0.993 0.688 0.123 0.694 0.121 0.671 0.097 0.696 0.121 0.671 0.096 0.672 0.097 0.696 0.328 0.103 0.307 0.22 0.465 0.115 0.307 0.22 0.465 0.234 0.465 0.115 0.445 0.989 0.761 0.989 0.445 0.955 0.761 0.989 0.761 0.955 0.445 0.955 0.121 0.671 0.118 0.646 0.096 0.672 0.118 0.646 0.096 0.647 0.096 0.672 0.124 0.89 0.126 0.868 0.1 0.889 0.126 0.868 0.1 0.867 0.1 0.889 0.714 0.875 0.744 0.76 0.608 0.861 0.744 0.76 0.608 0.742 0.608 0.861 0.118 0.646 0.114 0.622 0.096 0.647 0.114 0.622 0.095 0.624 0.096 0.647 0.128 0.82 0.128 0.797 0.099 0.82 0.128 0.797 0.099 0.797 0.099 0.82 0.393 0.422 0.759 0.422 0.393 0.384 0.759 0.422 0.759 0.384 0.393 0.384 0.114 0.622 0.11 0.598 0.095 0.624 0.11 0.598 0.095 0.6 0.095 0.624 0.128 0.797 0.128 0.774 0.099 0.797 0.128 0.774 0.098 0.775 0.099 0.797 0.823 0.335 0.79 0.326 0.811 0.432 0.79 0.326 0.777 0.432 0.811 0.432 0.11 0.598 0.107 0.578 0.095 0.6 0.107 0.578 0.094 0.579 0.095 0.6 0.128 0.774 0.127 0.749 0.098 0.775 0.127 0.749 0.098 0.75 0.098 0.775 0.556 0.588 0.398 0.588 0.556 0.623 0.398 0.588 0.398 0.623 0.556 0.623 0.107 0.578 0.104 0.567 0.094 0.579 0.104 0.567 0.094 0.568 0.094 0.579 0.127 0.749 0.125 0.718 0.098 0.75 0.125 0.718 0.097 0.72 0.098 0.75 0.127 0.845 0.128 0.82 0.1 0.844 0.128 0.82 0.099 0.82 0.1 0.844 0.098 0.75 0.097 0.72 0.069 0.751 0.097 0.72 0.069 0.72 0.069 0.751 0.1 0.844 0.099 0.82 0.072 0.846 0.099 0.82 0.071 0.821 0.072 0.846 0.094 0.568 0.094 0.556 0.084 0.567 0.094 0.556 0.086 0.555 0.084 0.567 0.097 0.72 0.097 0.696 0.069 0.72 0.097 0.696 0.07 0.695 0.069 0.72 0.1 0.867 0.1 0.844 0.074 0.868 0.1 0.844 0.072 0.846 0.074 0.868 0.885 0.598 0.909 0.622 0.935 0.548 0.909 0.622 0.966 0.589 0.935 0.548 0.097 0.696 0.096 0.672 0.07 0.695 0.096 0.672 0.071 0.672 0.07 0.695 0.465 0.115 0.465 0.234 0.602 0.103 0.465 0.234 0.623 0.22 0.602 0.103 0.096 0.672 0.096 0.647 0.071 0.672 0.096 0.647 0.073 0.647 0.071 0.672 0.1 0.889 0.1 0.867 0.076 0.89 0.1 0.867 0.074 0.868 0.076 0.89 0.608 0.861 0.608 0.742 0.502 0.875 0.608 0.742 0.471 0.76 0.502 0.875 0.096 0.647 0.095 0.624 0.073 0.647 0.095 0.624 0.076 0.623 0.073 0.647 0.099 0.82 0.099 0.797 0.071 0.821 0.099 0.797 0.07 0.798 0.071 0.821 0.393 0.384 0.759 0.384 0.393 0.345 0.759 0.384 0.759 0.345 0.393 0.345 0.095 0.624 0.095 0.6 0.076 0.623 0.095 0.6 0.079 0.599 0.076 0.623 0.099 0.797 0.098 0.775 0.07 0.798 0.098 0.775 0.069 0.775 0.07 0.798 0.811 0.432 0.777 0.432 0.823 0.529 0.777 0.432 0.79 0.538 0.823 0.529 0.095 0.6 0.094 0.579 0.079 0.599 0.094 0.579 0.082 0.578 0.079 0.599 0.098 0.775 0.098 0.75 0.069 0.775 0.098 0.75 0.069 0.751 0.069 0.775 0.556 0.623 0.398 0.623 0.556 0.659 0.398 0.623 0.398 0.659 0.556 0.659 0.094 0.579 0.094 0.568 0.082 0.578 0.094 0.568 0.084 0.567 0.082 0.578 0.082 0.578 0.084 0.567 0.07 0.575 0.084 0.567 0.074 0.564 0.07 0.575 0.069 0.751 0.069 0.72 0.039 0.75 0.069 0.72 0.041 0.718 0.039 0.75 0.072 0.846 0.071 0.821 0.045 0.848 0.071 0.821 0.042 0.823 0.045 0.848 0.084 0.567 0.086 0.555 0.074 0.564 0.086 0.555 0.079 0.553 0.074 0.564 0.069 0.72 0.07 0.695 0.041 0.718 0.07 0.695 0.043 0.693 0.041 0.718 0.074 0.868 0.072 0.846 0.048 0.871 0.072 0.846 0.045 0.848 0.048 0.871 0.986 0.637 0.966 0.589 0.937 0.65 0.966 0.589 0.909 0.622 0.937 0.65 0.07 0.695 0.071 0.672 0.043 0.693 0.071 0.672 0.046 0.669 0.043 0.693 0.602 0.103 0.623 0.22 0.735 0.068 0.623 0.22 0.776 0.179 0.735 0.068 0.071 0.672 0.073 0.647 0.046 0.669 0.073 0.647 0.051 0.644 0.046 0.669 0.076 0.89 0.074 0.868 0.052 0.893 0.074 0.868 0.048 0.871 0.052 0.893 0.502 0.875 0.471 0.76 0.404 0.916 0.471 0.76 0.344 0.813 0.404 0.916 0.073 0.647 0.076 0.623 0.051 0.644 0.076 0.623 0.056 0.62 0.051 0.644 0.071 0.821 0.07 0.798 0.042 0.823 0.07 0.798 0.04 0.8 0.042 0.823 0.393 0.345 0.759 0.345 0.393 0.306 0.759 0.345 0.759 0.306 0.393 0.306 0.076 0.623 0.079 0.599 0.056 0.62 0.079 0.599 0.063 0.596 0.056 0.62 0.07 0.798 0.069 0.775 0.04 0.8 0.069 0.775 0.039 0.776 0.04 0.8 0.823 0.529 0.79 0.538 0.861 0.619 0.79 0.538 0.831 0.636 0.861 0.619 0.079 0.599 0.082 0.578 0.063 0.596 0.082 0.578 0.07 0.575 0.063 0.596 0.069 0.775 0.069 0.751 0.039 0.776 0.069 0.751 0.039 0.75 0.039 0.776 0.556 0.659 0.398 0.659 0.556 0.695 0.398 0.659 0.398 0.695 0.556 0.695 0.039 0.776 0.039 0.75 0.007 0.776 0.039 0.75 0.008 0.749 0.007 0.776 0.556 0.695 0.398 0.695 0.556 0.73 0.398 0.695 0.398 0.73 0.556 0.73 0.07 0.575 0.074 0.564 0.058 0.569 0.074 0.564 0.064 0.559 0.058 0.569 0.039 0.75 0.041 0.718 0.008 0.749 0.041 0.718 0.011 0.715 0.008 0.749 0.045 0.848 0.042 0.823 0.017 0.853 0.042 0.823 0.012 0.827 0.017 0.853 0.074 0.564 0.079 0.553 0.064 0.559 0.079 0.553 0.072 0.549 0.064 0.559 0.041 0.718 0.043 0.693 0.011 0.715 0.043 0.693 0.015 0.689 0.011 0.715 0.048 0.871 0.045 0.848 0.023 0.876 0.045 0.848 0.017 0.853 0.023 0.876 0.043 0.693 0.046 0.669 0.015 0.689 0.046 0.669 0.021 0.664 0.015 0.689 0.735 0.068 0.776 0.179 0.86 0.01 0.776 0.179 0.919 0.112 0.86 0.01 0.007 0.409 0.042 0.409 0.007 0.162 0.042 0.409 0.104 0.175 0.007 0.162 0.046 0.669 0.051 0.644 0.021 0.664 0.051 0.644 0.028 0.638 0.021 0.664 0.052 0.893 0.048 0.871 0.029 0.898 0.048 0.871 0.023 0.876 0.029 0.898 0.404 0.916 0.344 0.813 0.319 0.981 0.344 0.813 0.235 0.897 0.319 0.981 0.051 0.644 0.056 0.62 0.028 0.638 0.056 0.62 0.036 0.614 0.028 0.638 0.042 0.823 0.04 0.8 0.012 0.827 0.04 0.8 0.009 0.802 0.012 0.827 0.393 0.306 0.759 0.306 0.393 0.267 0.759 0.306 0.759 0.267 0.393 0.267 0.056 0.62 0.063 0.596 0.036 0.614 0.063 0.596 0.047 0.589 0.036 0.614 0.04 0.8 0.039 0.776 0.009 0.802 0.039 0.776 0.007 0.776 0.009 0.802 0.861 0.619 0.831 0.636 0.92 0.697 0.831 0.636 0.896 0.721 0.92 0.697 0.063 0.596 0.07 0.575 0.047 0.589 0.07 0.575 0.058 0.569 0.047 0.589 0.307 0.047 0.306 0.081 0.623 0.047 0.306 0.081 0.623 0.081 0.623 0.047 0.382 0.537 0.369 0.44 0.135 0.537 0.369 0.44 0.135 0.503 0.135 0.537 0.571 0.531 0.748 0.531 0.571 0.517 0.748 0.531 0.748 0.517 0.571 0.517 0.108 0.436 0.272 0.272 0.081 0.409 0.272 0.272 0.195 0.212 0.081 0.409 0.308 0.007 0.307 0.047 0.623 0.008 0.307 0.047 0.623 0.047 0.623 0.008 0.571 0.545 0.748 0.545 0.571 0.531 0.748 0.545 0.748 0.531 0.571 0.531 0.993 0.688 0.937 0.65 0.937 0.688 0.986 0.739 0.993 0.688 0.937 0.726 0.937 0.726 0.993 0.688 0.937 0.688 0.984 0.213 0.946 0.213 0.984 0.528 0.946 0.213 0.946 0.528 0.984 0.528 0.369 0.44 0.332 0.35 0.135 0.503 0.332 0.35 0.135 0.463 0.135 0.503 0.571 0.587 0.748 0.587 0.571 0.573 0.748 0.587 0.748 0.573 0.571 0.573 0.272 0.272 0.108 0.436 0.332 0.35 0.108 0.436 0.135 0.463 0.332 0.35 0.571 0.573 0.748 0.573 0.571 0.559 0.748 0.573 0.748 0.559 0.571 0.559 0.946 0.213 0.908 0.213 0.946 0.528 0.908 0.213 0.908 0.528 0.946 0.528 0.104 0.175 0.042 0.409 0.195 0.212 0.042 0.409 0.081 0.409 0.195 0.212 0.571 0.601 0.748 0.601 0.571 0.587 0.748 0.601 0.748 0.587 0.571 0.587 0.381 0.566 0.205 0.566 0.381 0.602 0.205 0.566 0.205 0.602 0.381 0.602 0.381 0.638 0.205 0.638 0.381 0.673 0.205 0.638 0.205 0.673 0.381 0.673 0.381 0.602 0.205 0.602 0.381 0.638 0.205 0.602 0.205 0.638 0.381 0.638 0.381 0.709 0.205 0.709 0.381 0.744 0.205 0.709 0.205 0.744 0.381 0.744 0.381 0.744 0.205 0.744 0.381 0.78 0.205 0.744 0.205 0.78 0.381 0.78 0.381 0.673 0.205 0.673 0.381 0.709 0.205 0.673 0.205 0.709 0.381 0.709 0.183 0.711 0.178 0.685 0.153 0.715 0.178 0.685 0.15 0.691 0.153 0.715 0.18 0.875 0.185 0.851 0.152 0.87 0.185 0.851 0.155 0.847 0.152 0.87 0.909 0.754 0.885 0.779 0.966 0.787 0.885 0.779 0.935 0.828 0.966 0.787 0.178 0.685 0.171 0.66 0.15 0.691 0.171 0.66 0.146 0.667 0.15 0.691 0.07 0.01 0.011 0.112 0.195 0.068 0.011 0.112 0.154 0.179 0.195 0.068 0.761 0.955 0.759 0.916 0.445 0.955 0.759 0.916 0.445 0.916 0.445 0.955 0.171 0.66 0.162 0.635 0.146 0.667 0.162 0.635 0.14 0.641 0.146 0.667 0.173 0.898 0.18 0.875 0.149 0.893 0.18 0.875 0.152 0.87 0.149 0.893 0.897 0.981 0.981 0.897 0.812 0.916 0.981 0.897 0.872 0.813 0.812 0.916 0.162 0.635 0.153 0.611 0.14 0.641 0.153 0.611 0.134 0.618 0.14 0.641 0.188 0.823 0.19 0.798 0.157 0.821 0.19 0.798 0.158 0.797 0.157 0.821 0.393 0.5 0.759 0.5 0.393 0.461 0.759 0.5 0.759 0.461 0.393 0.461 0.153 0.611 0.141 0.587 0.134 0.618 0.141 0.587 0.126 0.594 0.134 0.618 0.19 0.798 0.189 0.772 0.158 0.797 0.189 0.772 0.158 0.773 0.158 0.797 0.92 0.167 0.896 0.143 0.861 0.245 0.896 0.143 0.831 0.228 0.861 0.245 0.141 0.587 0.13 0.568 0.126 0.594 0.13 0.568 0.119 0.574 0.126 0.594 0.189 0.772 0.188 0.745 0.158 0.773 0.188 0.745 0.157 0.747 0.158 0.773 0.556 0.517 0.398 0.517 0.556 0.552 0.398 0.517 0.398 0.552 0.556 0.552 0.13 0.568 0.123 0.559 0.119 0.574 0.123 0.559 0.114 0.564 0.119 0.574 0.188 0.745 0.183 0.711 0.157 0.747 0.183 0.711 0.153 0.715 0.157 0.747 0.185 0.851 0.188 0.823 0.155 0.847 0.188 0.823 0.157 0.821 0.155 0.847 0.123 0.559 0.116 0.549 0.114 0.564 0.116 0.549 0.109 0.553 0.114 0.564 0.152 0.87 0.155 0.847 0.126 0.868 0.155 0.847 0.127 0.845 0.126 0.868 0.909 0.754 0.966 0.787 0.937 0.726 0.966 0.787 0.986 0.739 0.937 0.726 0.15 0.691 0.146 0.667 0.123 0.694 0.146 0.667 0.121 0.671 0.123 0.694 0.195 0.068 0.154 0.179 0.328 0.103 0.154 0.179 0.307 0.22 0.328 0.103 0.571 0.559 0.748 0.559 0.571 0.545 0.748 0.559 0.748 0.545 0.571 0.545 0.146 0.667 0.14 0.641 0.121 0.671 0.14 0.641 0.118 0.646 0.121 0.671 0.149 0.893 0.152 0.87 0.124 0.89 0.152 0.87 0.126 0.868 0.124 0.89 0.812 0.916 0.872 0.813 0.714 0.875 0.872 0.813 0.744 0.76 0.714 0.875 0.14 0.641 0.134 0.618 0.118 0.646 0.134 0.618 0.114 0.622 0.118 0.646 0.157 0.821 0.158 0.797 0.128 0.82 0.158 0.797 0.128 0.797 0.128 0.82 0.393 0.461 0.759 0.461 0.393 0.422 0.759 0.461 0.759 0.422 0.393 0.422 0.134 0.618 0.126 0.594 0.114 0.622 0.126 0.594 0.11 0.598 0.114 0.622 0.158 0.797 0.158 0.773 0.128 0.797 0.158 0.773 0.128 0.774 0.128 0.797 0.861 0.245 0.831 0.228 0.823 0.335 0.831 0.228 0.79 0.326 0.823 0.335 0.126 0.594 0.119 0.574 0.11 0.598 0.119 0.574 0.107 0.578 0.11 0.598 0.158 0.773 0.157 0.747 0.128 0.774 0.157 0.747 0.127 0.749 0.128 0.774 0.556 0.552 0.398 0.552 0.556 0.588 0.398 0.552 0.398 0.588 0.556 0.588 0.119 0.574 0.114 0.564 0.107 0.578 0.114 0.564 0.104 0.567 0.107 0.578 0.157 0.747 0.153 0.715 0.127 0.749 0.153 0.715 0.125 0.718 0.127 0.749 0.155 0.847 0.157 0.821 0.127 0.845 0.157 0.821 0.128 0.82 0.127 0.845 0.114 0.564 0.109 0.553 0.104 0.567 0.109 0.553 0.102 0.555 0.104 0.567 0.153 0.715 0.15 0.691 0.125 0.718 0.15 0.691 0.123 0.694 0.125 0.718 0.104 0.567 0.102 0.555 0.094 0.568 0.102 0.555 0.094 0.556 0.094 0.568 0.125 0.718 0.123 0.694 0.097 0.72 0.123 0.694 0.097 0.696 0.097 0.72 0.126 0.868 0.127 0.845 0.1 0.867 0.127 0.845 0.1 0.844 0.1 0.867 0.986 0.637 0.937 0.65 0.993 0.688 0.123 0.694 0.121 0.671 0.097 0.696 0.121 0.671 0.096 0.672 0.097 0.696 0.328 0.103 0.307 0.22 0.465 0.115 0.307 0.22 0.465 0.234 0.465 0.115 0.445 0.989 0.761 0.989 0.445 0.955 0.761 0.989 0.761 0.955 0.445 0.955 0.121 0.671 0.118 0.646 0.096 0.672 0.118 0.646 0.096 0.647 0.096 0.672 0.124 0.89 0.126 0.868 0.1 0.889 0.126 0.868 0.1 0.867 0.1 0.889 0.714 0.875 0.744 0.76 0.608 0.861 0.744 0.76 0.608 0.742 0.608 0.861 0.118 0.646 0.114 0.622 0.096 0.647 0.114 0.622 0.095 0.624 0.096 0.647 0.128 0.82 0.128 0.797 0.099 0.82 0.128 0.797 0.099 0.797 0.099 0.82 0.393 0.422 0.759 0.422 0.393 0.384 0.759 0.422 0.759 0.384 0.393 0.384 0.114 0.622 0.11 0.598 0.095 0.624 0.11 0.598 0.095 0.6 0.095 0.624 0.128 0.797 0.128 0.774 0.099 0.797 0.128 0.774 0.098 0.775 0.099 0.797 0.823 0.335 0.79 0.326 0.811 0.432 0.79 0.326 0.777 0.432 0.811 0.432 0.11 0.598 0.107 0.578 0.095 0.6 0.107 0.578 0.094 0.579 0.095 0.6 0.128 0.774 0.127 0.749 0.098 0.775 0.127 0.749 0.098 0.75 0.098 0.775 0.556 0.588 0.398 0.588 0.556 0.623 0.398 0.588 0.398 0.623 0.556 0.623 0.107 0.578 0.104 0.567 0.094 0.579 0.104 0.567 0.094 0.568 0.094 0.579 0.127 0.749 0.125 0.718 0.098 0.75 0.125 0.718 0.097 0.72 0.098 0.75 0.127 0.845 0.128 0.82 0.1 0.844 0.128 0.82 0.099 0.82 0.1 0.844 0.098 0.75 0.097 0.72 0.069 0.751 0.097 0.72 0.069 0.72 0.069 0.751 0.1 0.844 0.099 0.82 0.072 0.846 0.099 0.82 0.071 0.821 0.072 0.846 0.094 0.568 0.094 0.556 0.084 0.567 0.094 0.556 0.086 0.555 0.084 0.567 0.097 0.72 0.097 0.696 0.069 0.72 0.097 0.696 0.07 0.695 0.069 0.72 0.1 0.867 0.1 0.844 0.074 0.868 0.1 0.844 0.072 0.846 0.074 0.868 0.885 0.598 0.909 0.622 0.935 0.548 0.909 0.622 0.966 0.589 0.935 0.548 0.097 0.696 0.096 0.672 0.07 0.695 0.096 0.672 0.071 0.672 0.07 0.695 0.465 0.115 0.465 0.234 0.602 0.103 0.465 0.234 0.623 0.22 0.602 0.103 0.096 0.672 0.096 0.647 0.071 0.672 0.096 0.647 0.073 0.647 0.071 0.672 0.1 0.889 0.1 0.867 0.076 0.89 0.1 0.867 0.074 0.868 0.076 0.89 0.608 0.861 0.608 0.742 0.502 0.875 0.608 0.742 0.471 0.76 0.502 0.875 0.096 0.647 0.095 0.624 0.073 0.647 0.095 0.624 0.076 0.623 0.073 0.647 0.099 0.82 0.099 0.797 0.071 0.821 0.099 0.797 0.07 0.798 0.071 0.821 0.393 0.384 0.759 0.384 0.393 0.345 0.759 0.384 0.759 0.345 0.393 0.345 0.095 0.624 0.095 0.6 0.076 0.623 0.095 0.6 0.079 0.599 0.076 0.623 0.099 0.797 0.098 0.775 0.07 0.798 0.098 0.775 0.069 0.775 0.07 0.798 0.811 0.432 0.777 0.432 0.823 0.529 0.777 0.432 0.79 0.538 0.823 0.529 0.095 0.6 0.094 0.579 0.079 0.599 0.094 0.579 0.082 0.578 0.079 0.599 0.098 0.775 0.098 0.75 0.069 0.775 0.098 0.75 0.069 0.751 0.069 0.775 0.556 0.623 0.398 0.623 0.556 0.659 0.398 0.623 0.398 0.659 0.556 0.659 0.094 0.579 0.094 0.568 0.082 0.578 0.094 0.568 0.084 0.567 0.082 0.578 0.082 0.578 0.084 0.567 0.07 0.575 0.084 0.567 0.074 0.564 0.07 0.575 0.069 0.751 0.069 0.72 0.039 0.75 0.069 0.72 0.041 0.718 0.039 0.75 0.072 0.846 0.071 0.821 0.045 0.848 0.071 0.821 0.042 0.823 0.045 0.848 0.084 0.567 0.086 0.555 0.074 0.564 0.086 0.555 0.079 0.553 0.074 0.564 0.069 0.72 0.07 0.695 0.041 0.718 0.07 0.695 0.043 0.693 0.041 0.718 0.074 0.868 0.072 0.846 0.048 0.871 0.072 0.846 0.045 0.848 0.048 0.871 0.986 0.637 0.966 0.589 0.937 0.65 0.966 0.589 0.909 0.622 0.937 0.65 0.07 0.695 0.071 0.672 0.043 0.693 0.071 0.672 0.046 0.669 0.043 0.693 0.602 0.103 0.623 0.22 0.735 0.068 0.623 0.22 0.776 0.179 0.735 0.068 0.071 0.672 0.073 0.647 0.046 0.669 0.073 0.647 0.051 0.644 0.046 0.669 0.076 0.89 0.074 0.868 0.052 0.893 0.074 0.868 0.048 0.871 0.052 0.893 0.502 0.875 0.471 0.76 0.404 0.916 0.471 0.76 0.344 0.813 0.404 0.916 0.073 0.647 0.076 0.623 0.051 0.644 0.076 0.623 0.056 0.62 0.051 0.644 0.071 0.821 0.07 0.798 0.042 0.823 0.07 0.798 0.04 0.8 0.042 0.823 0.393 0.345 0.759 0.345 0.393 0.306 0.759 0.345 0.759 0.306 0.393 0.306 0.076 0.623 0.079 0.599 0.056 0.62 0.079 0.599 0.063 0.596 0.056 0.62 0.07 0.798 0.069 0.775 0.04 0.8 0.069 0.775 0.039 0.776 0.04 0.8 0.823 0.529 0.79 0.538 0.861 0.619 0.79 0.538 0.831 0.636 0.861 0.619 0.079 0.599 0.082 0.578 0.063 0.596 0.082 0.578 0.07 0.575 0.063 0.596 0.069 0.775 0.069 0.751 0.039 0.776 0.069 0.751 0.039 0.75 0.039 0.776 0.556 0.659 0.398 0.659 0.556 0.695 0.398 0.659 0.398 0.695 0.556 0.695 0.039 0.776 0.039 0.75 0.007 0.776 0.039 0.75 0.008 0.749 0.007 0.776 0.556 0.695 0.398 0.695 0.556 0.73 0.398 0.695 0.398 0.73 0.556 0.73 0.07 0.575 0.074 0.564 0.058 0.569 0.074 0.564 0.064 0.559 0.058 0.569 0.039 0.75 0.041 0.718 0.008 0.749 0.041 0.718 0.011 0.715 0.008 0.749 0.045 0.848 0.042 0.823 0.017 0.853 0.042 0.823 0.012 0.827 0.017 0.853 0.074 0.564 0.079 0.553 0.064 0.559 0.079 0.553 0.072 0.549 0.064 0.559 0.041 0.718 0.043 0.693 0.011 0.715 0.043 0.693 0.015 0.689 0.011 0.715 0.048 0.871 0.045 0.848 0.023 0.876 0.045 0.848 0.017 0.853 0.023 0.876 0.043 0.693 0.046 0.669 0.015 0.689 0.046 0.669 0.021 0.664 0.015 0.689 0.735 0.068 0.776 0.179 0.86 0.01 0.776 0.179 0.919 0.112 0.86 0.01 0.007 0.409 0.042 0.409 0.007 0.162 0.042 0.409 0.104 0.175 0.007 0.162 0.046 0.669 0.051 0.644 0.021 0.664 0.051 0.644 0.028 0.638 0.021 0.664 0.052 0.893 0.048 0.871 0.029 0.898 0.048 0.871 0.023 0.876 0.029 0.898 0.404 0.916 0.344 0.813 0.319 0.981 0.344 0.813 0.235 0.897 0.319 0.981 0.051 0.644 0.056 0.62 0.028 0.638 0.056 0.62 0.036 0.614 0.028 0.638 0.042 0.823 0.04 0.8 0.012 0.827 0.04 0.8 0.009 0.802 0.012 0.827 0.393 0.306 0.759 0.306 0.393 0.267 0.759 0.306 0.759 0.267 0.393 0.267 0.056 0.62 0.063 0.596 0.036 0.614 0.063 0.596 0.047 0.589 0.036 0.614 0.04 0.8 0.039 0.776 0.009 0.802 0.039 0.776 0.007 0.776 0.009 0.802 0.861 0.619 0.831 0.636 0.92 0.697 0.831 0.636 0.896 0.721 0.92 0.697 0.063 0.596 0.07 0.575 0.047 0.589 0.07 0.575 0.058 0.569 0.047 0.589 0.307 0.047 0.306 0.081 0.623 0.047 0.306 0.081 0.623 0.081 0.623 0.047 0.382 0.537 0.369 0.44 0.135 0.537 0.369 0.44 0.135 0.503 0.135 0.537 0.571 0.531 0.748 0.531 0.571 0.517 0.748 0.531 0.748 0.517 0.571 0.517 0.108 0.436 0.272 0.272 0.081 0.409 0.272 0.272 0.195 0.212 0.081 0.409 0.308 0.007 0.307 0.047 0.623 0.008 0.307 0.047 0.623 0.047 0.623 0.008 0.571 0.545 0.748 0.545 0.571 0.531 0.748 0.545 0.748 0.531 0.571 0.531 0.993 0.688 0.937 0.65 0.937 0.688 0.986 0.739 0.993 0.688 0.937 0.726 0.937 0.726 0.993 0.688 0.937 0.688 0.984 0.213 0.946 0.213 0.984 0.528 0.946 0.213 0.946 0.528 0.984 0.528 0.369 0.44 0.332 0.35 0.135 0.503 0.332 0.35 0.135 0.463 0.135 0.503 0.571 0.587 0.748 0.587 0.571 0.573 0.748 0.587 0.748 0.573 0.571 0.573 0.272 0.272 0.108 0.436 0.332 0.35 0.108 0.436 0.135 0.463 0.332 0.35 0.571 0.573 0.748 0.573 0.571 0.559 0.748 0.573 0.748 0.559 0.571 0.559 0.946 0.213 0.908 0.213 0.946 0.528 0.908 0.213 0.908 0.528 0.946 0.528 0.104 0.175 0.042 0.409 0.195 0.212 0.042 0.409 0.081 0.409 0.195 0.212 0.571 0.601 0.748 0.601 0.571 0.587 0.748 0.601 0.748 0.587 0.571 0.587 0.381 0.566 0.205 0.566 0.381 0.602 0.205 0.566 0.205 0.602 0.381 0.602 0.381 0.638 0.205 0.638 0.381 0.673 0.205 0.638 0.205 0.673 0.381 0.673 0.381 0.602 0.205 0.602 0.381 0.638 0.205 0.602 0.205 0.638 0.381 0.638 0.381 0.709 0.205 0.709 0.381 0.744 0.205 0.709 0.205 0.744 0.381 0.744 0.381 0.744 0.205 0.744 0.381 0.78 0.205 0.744 0.205 0.78 0.381 0.78 0.381 0.673 0.205 0.673 0.381 0.709 0.205 0.673 0.205 0.709 0.381 0.709 0.183 0.711 0.153 0.715 0.178 0.685 0.153 0.715 0.15 0.691 0.178 0.685 0.18 0.875 0.152 0.87 0.185 0.851 0.152 0.87 0.155 0.847 0.185 0.851 0.909 0.754 0.966 0.787 0.885 0.779 0.966 0.787 0.935 0.828 0.885 0.779 0.178 0.685 0.15 0.691 0.171 0.66 0.15 0.691 0.146 0.667 0.171 0.66 0.07 0.01 0.195 0.068 0.011 0.112 0.195 0.068 0.154 0.179 0.011 0.112 0.761 0.955 0.445 0.955 0.759 0.916 0.445 0.955 0.445 0.916 0.759 0.916 0.171 0.66 0.146 0.667 0.162 0.635 0.146 0.667 0.14 0.641 0.162 0.635 0.173 0.898 0.149 0.893 0.18 0.875 0.149 0.893 0.152 0.87 0.18 0.875 0.897 0.981 0.812 0.916 0.981 0.897 0.812 0.916 0.872 0.813 0.981 0.897 0.162 0.635 0.14 0.641 0.153 0.611 0.14 0.641 0.134 0.618 0.153 0.611 0.188 0.823 0.157 0.821 0.19 0.798 0.157 0.821 0.158 0.797 0.19 0.798 0.393 0.5 0.393 0.461 0.759 0.5 0.393 0.461 0.759 0.461 0.759 0.5 0.153 0.611 0.134 0.618 0.141 0.587 0.134 0.618 0.126 0.594 0.141 0.587 0.19 0.798 0.158 0.797 0.189 0.772 0.158 0.797 0.158 0.773 0.189 0.772 0.92 0.167 0.861 0.245 0.896 0.143 0.861 0.245 0.831 0.228 0.896 0.143 0.141 0.587 0.126 0.594 0.13 0.568 0.126 0.594 0.119 0.574 0.13 0.568 0.189 0.772 0.158 0.773 0.188 0.745 0.158 0.773 0.157 0.747 0.188 0.745 0.556 0.517 0.556 0.552 0.398 0.517 0.556 0.552 0.398 0.552 0.398 0.517 0.13 0.568 0.119 0.574 0.123 0.559 0.119 0.574 0.114 0.564 0.123 0.559 0.188 0.745 0.157 0.747 0.183 0.711 0.157 0.747 0.153 0.715 0.183 0.711 0.185 0.851 0.155 0.847 0.188 0.823 0.155 0.847 0.157 0.821 0.188 0.823 0.123 0.559 0.114 0.564 0.116 0.549 0.114 0.564 0.109 0.553 0.116 0.549 0.152 0.87 0.126 0.868 0.155 0.847 0.126 0.868 0.127 0.845 0.155 0.847 0.909 0.754 0.937 0.726 0.966 0.787 0.937 0.726 0.986 0.739 0.966 0.787 0.15 0.691 0.123 0.694 0.146 0.667 0.123 0.694 0.121 0.671 0.146 0.667 0.195 0.068 0.328 0.103 0.154 0.179 0.328 0.103 0.307 0.22 0.154 0.179 0.571 0.559 0.571 0.545 0.748 0.559 0.571 0.545 0.748 0.545 0.748 0.559 0.146 0.667 0.121 0.671 0.14 0.641 0.121 0.671 0.118 0.646 0.14 0.641 0.149 0.893 0.124 0.89 0.152 0.87 0.124 0.89 0.126 0.868 0.152 0.87 0.812 0.916 0.714 0.875 0.872 0.813 0.714 0.875 0.744 0.76 0.872 0.813 0.14 0.641 0.118 0.646 0.134 0.618 0.118 0.646 0.114 0.622 0.134 0.618 0.157 0.821 0.128 0.82 0.158 0.797 0.128 0.82 0.128 0.797 0.158 0.797 0.393 0.461 0.393 0.422 0.759 0.461 0.393 0.422 0.759 0.422 0.759 0.461 0.134 0.618 0.114 0.622 0.126 0.594 0.114 0.622 0.11 0.598 0.126 0.594 0.158 0.797 0.128 0.797 0.158 0.773 0.128 0.797 0.128 0.774 0.158 0.773 0.861 0.245 0.823 0.335 0.831 0.228 0.823 0.335 0.79 0.326 0.831 0.228 0.126 0.594 0.11 0.598 0.119 0.574 0.11 0.598 0.107 0.578 0.119 0.574 0.158 0.773 0.128 0.774 0.157 0.747 0.128 0.774 0.127 0.749 0.157 0.747 0.556 0.552 0.556 0.588 0.398 0.552 0.556 0.588 0.398 0.588 0.398 0.552 0.119 0.574 0.107 0.578 0.114 0.564 0.107 0.578 0.104 0.567 0.114 0.564 0.157 0.747 0.127 0.749 0.153 0.715 0.127 0.749 0.125 0.718 0.153 0.715 0.155 0.847 0.127 0.845 0.157 0.821 0.127 0.845 0.128 0.82 0.157 0.821 0.114 0.564 0.104 0.567 0.109 0.553 0.104 0.567 0.102 0.555 0.109 0.553 0.153 0.715 0.125 0.718 0.15 0.691 0.125 0.718 0.123 0.694 0.15 0.691 0.104 0.567 0.094 0.568 0.102 0.555 0.094 0.568 0.094 0.556 0.102 0.555 0.125 0.718 0.097 0.72 0.123 0.694 0.097 0.72 0.097 0.696 0.123 0.694 0.126 0.868 0.1 0.867 0.127 0.845 0.1 0.867 0.1 0.844 0.127 0.845 0.986 0.637 0.993 0.688 0.937 0.65 0.123 0.694 0.097 0.696 0.121 0.671 0.097 0.696 0.096 0.672 0.121 0.671 0.328 0.103 0.465 0.115 0.307 0.22 0.465 0.115 0.465 0.234 0.307 0.22 0.445 0.989 0.445 0.955 0.761 0.989 0.445 0.955 0.761 0.955 0.761 0.989 0.121 0.671 0.096 0.672 0.118 0.646 0.096 0.672 0.096 0.647 0.118 0.646 0.124 0.89 0.1 0.889 0.126 0.868 0.1 0.889 0.1 0.867 0.126 0.868 0.714 0.875 0.608 0.861 0.744 0.76 0.608 0.861 0.608 0.742 0.744 0.76 0.118 0.646 0.096 0.647 0.114 0.622 0.096 0.647 0.095 0.624 0.114 0.622 0.128 0.82 0.099 0.82 0.128 0.797 0.099 0.82 0.099 0.797 0.128 0.797 0.393 0.422 0.393 0.384 0.759 0.422 0.393 0.384 0.759 0.384 0.759 0.422 0.114 0.622 0.095 0.624 0.11 0.598 0.095 0.624 0.095 0.6 0.11 0.598 0.128 0.797 0.099 0.797 0.128 0.774 0.099 0.797 0.098 0.775 0.128 0.774 0.823 0.335 0.811 0.432 0.79 0.326 0.811 0.432 0.777 0.432 0.79 0.326 0.11 0.598 0.095 0.6 0.107 0.578 0.095 0.6 0.094 0.579 0.107 0.578 0.128 0.774 0.098 0.775 0.127 0.749 0.098 0.775 0.098 0.75 0.127 0.749 0.556 0.588 0.556 0.623 0.398 0.588 0.556 0.623 0.398 0.623 0.398 0.588 0.107 0.578 0.094 0.579 0.104 0.567 0.094 0.579 0.094 0.568 0.104 0.567 0.127 0.749 0.098 0.75 0.125 0.718 0.098 0.75 0.097 0.72 0.125 0.718 0.127 0.845 0.1 0.844 0.128 0.82 0.1 0.844 0.099 0.82 0.128 0.82 0.098 0.75 0.069 0.751 0.097 0.72 0.069 0.751 0.069 0.72 0.097 0.72 0.1 0.844 0.072 0.846 0.099 0.82 0.072 0.846 0.071 0.821 0.099 0.82 0.094 0.568 0.084 0.567 0.094 0.556 0.084 0.567 0.086 0.555 0.094 0.556 0.097 0.72 0.069 0.72 0.097 0.696 0.069 0.72 0.07 0.695 0.097 0.696 0.1 0.867 0.074 0.868 0.1 0.844 0.074 0.868 0.072 0.846 0.1 0.844 0.885 0.598 0.935 0.548 0.909 0.622 0.935 0.548 0.966 0.589 0.909 0.622 0.097 0.696 0.07 0.695 0.096 0.672 0.07 0.695 0.071 0.672 0.096 0.672 0.465 0.115 0.602 0.103 0.465 0.234 0.602 0.103 0.623 0.22 0.465 0.234 0.096 0.672 0.071 0.672 0.096 0.647 0.071 0.672 0.073 0.647 0.096 0.647 0.1 0.889 0.076 0.89 0.1 0.867 0.076 0.89 0.074 0.868 0.1 0.867 0.608 0.861 0.502 0.875 0.608 0.742 0.502 0.875 0.471 0.76 0.608 0.742 0.096 0.647 0.073 0.647 0.095 0.624 0.073 0.647 0.076 0.623 0.095 0.624 0.099 0.82 0.071 0.821 0.099 0.797 0.071 0.821 0.07 0.798 0.099 0.797 0.393 0.384 0.393 0.345 0.759 0.384 0.393 0.345 0.759 0.345 0.759 0.384 0.095 0.624 0.076 0.623 0.095 0.6 0.076 0.623 0.079 0.599 0.095 0.6 0.099 0.797 0.07 0.798 0.098 0.775 0.07 0.798 0.069 0.775 0.098 0.775 0.811 0.432 0.823 0.529 0.777 0.432 0.823 0.529 0.79 0.538 0.777 0.432 0.095 0.6 0.079 0.599 0.094 0.579 0.079 0.599 0.082 0.578 0.094 0.579 0.098 0.775 0.069 0.775 0.098 0.75 0.069 0.775 0.069 0.751 0.098 0.75 0.556 0.623 0.556 0.659 0.398 0.623 0.556 0.659 0.398 0.659 0.398 0.623 0.094 0.579 0.082 0.578 0.094 0.568 0.082 0.578 0.084 0.567 0.094 0.568 0.082 0.578 0.07 0.575 0.084 0.567 0.07 0.575 0.074 0.564 0.084 0.567 0.069 0.751 0.039 0.75 0.069 0.72 0.039 0.75 0.041 0.718 0.069 0.72 0.072 0.846 0.045 0.848 0.071 0.821 0.045 0.848 0.042 0.823 0.071 0.821 0.084 0.567 0.074 0.564 0.086 0.555 0.074 0.564 0.079 0.553 0.086 0.555 0.069 0.72 0.041 0.718 0.07 0.695 0.041 0.718 0.043 0.693 0.07 0.695 0.074 0.868 0.048 0.871 0.072 0.846 0.048 0.871 0.045 0.848 0.072 0.846 0.986 0.637 0.937 0.65 0.966 0.589 0.937 0.65 0.909 0.622 0.966 0.589 0.07 0.695 0.043 0.693 0.071 0.672 0.043 0.693 0.046 0.669 0.071 0.672 0.602 0.103 0.735 0.068 0.623 0.22 0.735 0.068 0.776 0.179 0.623 0.22 0.071 0.672 0.046 0.669 0.073 0.647 0.046 0.669 0.051 0.644 0.073 0.647 0.076 0.89 0.052 0.893 0.074 0.868 0.052 0.893 0.048 0.871 0.074 0.868 0.502 0.875 0.404 0.916 0.471 0.76 0.404 0.916 0.344 0.813 0.471 0.76 0.073 0.647 0.051 0.644 0.076 0.623 0.051 0.644 0.056 0.62 0.076 0.623 0.071 0.821 0.042 0.823 0.07 0.798 0.042 0.823 0.04 0.8 0.07 0.798 0.393 0.345 0.393 0.306 0.759 0.345 0.393 0.306 0.759 0.306 0.759 0.345 0.076 0.623 0.056 0.62 0.079 0.599 0.056 0.62 0.063 0.596 0.079 0.599 0.07 0.798 0.04 0.8 0.069 0.775 0.04 0.8 0.039 0.776 0.069 0.775 0.823 0.529 0.861 0.619 0.79 0.538 0.861 0.619 0.831 0.636 0.79 0.538 0.079 0.599 0.063 0.596 0.082 0.578 0.063 0.596 0.07 0.575 0.082 0.578 0.069 0.775 0.039 0.776 0.069 0.751 0.039 0.776 0.039 0.75 0.069 0.751 0.556 0.659 0.556 0.695 0.398 0.659 0.556 0.695 0.398 0.695 0.398 0.659 0.039 0.776 0.007 0.776 0.039 0.75 0.007 0.776 0.008 0.749 0.039 0.75 0.556 0.695 0.556 0.73 0.398 0.695 0.556 0.73 0.398 0.73 0.398 0.695 0.07 0.575 0.058 0.569 0.074 0.564 0.058 0.569 0.064 0.559 0.074 0.564 0.039 0.75 0.008 0.749 0.041 0.718 0.008 0.749 0.011 0.715 0.041 0.718 0.045 0.848 0.017 0.853 0.042 0.823 0.017 0.853 0.012 0.827 0.042 0.823 0.074 0.564 0.064 0.559 0.079 0.553 0.064 0.559 0.072 0.549 0.079 0.553 0.041 0.718 0.011 0.715 0.043 0.693 0.011 0.715 0.015 0.689 0.043 0.693 0.048 0.871 0.023 0.876 0.045 0.848 0.023 0.876 0.017 0.853 0.045 0.848 0.043 0.693 0.015 0.689 0.046 0.669 0.015 0.689 0.021 0.664 0.046 0.669 0.735 0.068 0.86 0.01 0.776 0.179 0.86 0.01 0.919 0.112 0.776 0.179 0.007 0.409 0.007 0.162 0.042 0.409 0.007 0.162 0.104 0.175 0.042 0.409 0.046 0.669 0.021 0.664 0.051 0.644 0.021 0.664 0.028 0.638 0.051 0.644 0.052 0.893 0.029 0.898 0.048 0.871 0.029 0.898 0.023 0.876 0.048 0.871 0.404 0.916 0.319 0.981 0.344 0.813 0.319 0.981 0.235 0.897 0.344 0.813 0.051 0.644 0.028 0.638 0.056 0.62 0.028 0.638 0.036 0.614 0.056 0.62 0.042 0.823 0.012 0.827 0.04 0.8 0.012 0.827 0.009 0.802 0.04 0.8 0.393 0.306 0.393 0.267 0.759 0.306 0.393 0.267 0.759 0.267 0.759 0.306 0.056 0.62 0.036 0.614 0.063 0.596 0.036 0.614 0.047 0.589 0.063 0.596 0.04 0.8 0.009 0.802 0.039 0.776 0.009 0.802 0.007 0.776 0.039 0.776 0.861 0.619 0.92 0.697 0.831 0.636 0.92 0.697 0.896 0.721 0.831 0.636 0.063 0.596 0.047 0.589 0.07 0.575 0.047 0.589 0.058 0.569 0.07 0.575 0.307 0.047 0.623 0.047 0.306 0.081 0.623 0.047 0.623 0.081 0.306 0.081 0.382 0.537 0.135 0.537 0.369 0.44 0.135 0.537 0.135 0.503 0.369 0.44 0.571 0.531 0.571 0.517 0.748 0.531 0.571 0.517 0.748 0.517 0.748 0.531 0.108 0.436 0.081 0.409 0.272 0.272 0.081 0.409 0.195 0.212 0.272 0.272 0.308 0.007 0.623 0.008 0.307 0.047 0.623 0.008 0.623 0.047 0.307 0.047 0.571 0.545 0.571 0.531 0.748 0.545 0.571 0.531 0.748 0.531 0.748 0.545 0.993 0.688 0.937 0.688 0.937 0.65 0.986 0.739 0.937 0.726 0.993 0.688 0.937 0.726 0.937 0.688 0.993 0.688 0.984 0.213 0.984 0.528 0.946 0.213 0.984 0.528 0.946 0.528 0.946 0.213 0.369 0.44 0.135 0.503 0.332 0.35 0.135 0.503 0.135 0.463 0.332 0.35 0.571 0.587 0.571 0.573 0.748 0.587 0.571 0.573 0.748 0.573 0.748 0.587 0.272 0.272 0.332 0.35 0.108 0.436 0.332 0.35 0.135 0.463 0.108 0.436 0.571 0.573 0.571 0.559 0.748 0.573 0.571 0.559 0.748 0.559 0.748 0.573 0.946 0.213 0.946 0.528 0.908 0.213 0.946 0.528 0.908 0.528 0.908 0.213 0.104 0.175 0.195 0.212 0.042 0.409 0.195 0.212 0.081 0.409 0.042 0.409 0.571 0.601 0.571 0.587 0.748 0.601 0.571 0.587 0.748 0.587 0.748 0.601 0.381 0.566 0.381 0.602 0.205 0.566 0.381 0.602 0.205 0.602 0.205 0.566 0.381 0.638 0.381 0.673 0.205 0.638 0.381 0.673 0.205 0.673 0.205 0.638 0.381 0.602 0.381 0.638 0.205 0.602 0.381 0.638 0.205 0.638 0.205 0.602 0.381 0.709 0.381 0.744 0.205 0.709 0.381 0.744 0.205 0.744 0.205 0.709 0.381 0.744 0.381 0.78 0.205 0.744 0.381 0.78 0.205 0.78 0.205 0.744 0.381 0.673 0.381 0.709 0.205 0.673 0.381 0.709 0.205 0.709 0.205 0.673</float_array>
					<technique_common>
						<accessor source="#44E8B445-F7EF-4223-9556-3F2C57B8A524-mesh-map-0-array" count="3600" stride="2">
							<param name="S" type="float"/>
							<param name="T" type="float"/>
						</accessor>
					</technique_common>
				</source>
				<source id="44E8B445-F7EF-4223-9556-3F2C57B8A524-mesh-map-1">
					<float_array id="44E8B445-F7EF-4223-9556-3F2C57B8A524-mesh-map-1-array" count="7200">0.524 0.516 0.532 0.516 0.536 0.564 0.532 0.516 0.543 0.564 0.536 0.564 0.549 0.222 0.556 0.222 0.531 0.263 0.556 0.222 0.538 0.263 0.531 0.263 0 0 0 0 0 0 0 0 0 0 0 0 0.536 0.564 0.543 0.564 0.552 0.609 0.543 0.564 0.559 0.609 0.552 0.609 0.596 0.162 0.601 0.162 0.573 0.187 0.601 0.162 0.579 0.187 0.573 0.187 0 0 0 0 0 0 0 0 0 0 0 0 0.552 0.609 0.559 0.609 0.572 0.655 0.559 0.609 0.578 0.655 0.572 0.655 0.573 0.187 0.579 0.187 0.549 0.222 0.579 0.187 0.556 0.222 0.549 0.222 0 0 0 0 0 0 0 0 0 0 0 0 0.572 0.655 0.578 0.655 0.595 0.696 0.578 0.655 0.6 0.696 0.595 0.696 0.519 0.311 0.526 0.311 0.513 0.357 0.526 0.311 0.521 0.357 0.513 0.357 0 0 0 0 0 0 0 0 0 0 0 0 0.595 0.696 0.6 0.696 0.622 0.737 0.6 0.696 0.626 0.737 0.622 0.737 0.513 0.357 0.521 0.357 0.512 0.404 0.521 0.357 0.52 0.404 0.512 0.404 0 0 0 0 0 0 0 0 0 0 0 0 0.622 0.737 0.626 0.737 0.652 0.767 0.626 0.737 0.655 0.767 0.652 0.767 0.512 0.404 0.52 0.404 0.514 0.454 0.52 0.404 0.522 0.454 0.514 0.454 0 0 0 0 0 0 0 0 0 0 0 0 0.652 0.767 0.655 0.767 0.67 0.781 0.655 0.767 0.673 0.781 0.67 0.781 0.514 0.454 0.522 0.454 0.524 0.516 0.522 0.454 0.532 0.516 0.524 0.516 0.531 0.263 0.538 0.263 0.519 0.311 0.538 0.263 0.526 0.311 0.519 0.311 0.67 0.781 0.673 0.781 0.691 0.79 0.673 0.781 0.693 0.79 0.691 0.79 0.556 0.222 0.576 0.222 0.538 0.263 0.576 0.222 0.56 0.263 0.538 0.263 0 0 0 0 0 0 0 0 0 0 0 0 0.543 0.564 0.564 0.564 0.559 0.609 0.564 0.564 0.578 0.609 0.559 0.609 0.601 0.162 0.616 0.162 0.579 0.187 0.616 0.162 0.596 0.187 0.579 0.187 0 0 0 0 0 0 0 0 0 0 0 0 0.559 0.609 0.578 0.609 0.578 0.655 0.578 0.609 0.596 0.655 0.578 0.655 0.579 0.187 0.596 0.187 0.556 0.222 0.596 0.187 0.576 0.222 0.556 0.222 0 0 0 0 0 0 0 0 0 0 0 0 0.578 0.655 0.596 0.655 0.6 0.696 0.596 0.655 0.615 0.696 0.6 0.696 0.526 0.311 0.549 0.311 0.521 0.357 0.549 0.311 0.544 0.357 0.521 0.357 0 0 0 0 0 0 0 0 0 0 0 0 0.6 0.696 0.615 0.696 0.626 0.737 0.615 0.696 0.639 0.737 0.626 0.737 0.521 0.357 0.544 0.357 0.52 0.404 0.544 0.357 0.544 0.404 0.52 0.404 0 0 0 0 0 0 0 0 0 0 0 0 0.626 0.737 0.639 0.737 0.655 0.767 0.639 0.737 0.665 0.767 0.655 0.767 0.52 0.404 0.544 0.404 0.522 0.454 0.544 0.404 0.546 0.454 0.522 0.454 0 0 0 0 0 0 0 0 0 0 0 0 0.655 0.767 0.665 0.767 0.673 0.781 0.665 0.767 0.681 0.781 0.673 0.781 0.522 0.454 0.546 0.454 0.532 0.516 0.546 0.454 0.554 0.516 0.532 0.516 0.538 0.263 0.56 0.263 0.526 0.311 0.56 0.263 0.549 0.311 0.526 0.311 0.673 0.781 0.681 0.781 0.693 0.79 0.681 0.781 0.699 0.79 0.693 0.79 0.532 0.516 0.554 0.516 0.543 0.564 0.554 0.516 0.564 0.564 0.543 0.564 0.681 0.781 0.693 0.781 0.699 0.79 0.693 0.781 0.708 0.79 0.699 0.79 0.554 0.516 0.59 0.516 0.564 0.564 0.59 0.516 0.598 0.564 0.564 0.564 0.576 0.222 0.607 0.222 0.56 0.263 0.607 0.222 0.595 0.263 0.56 0.263 0 0 0 0 0 0 0.564 0.564 0.598 0.564 0.578 0.609 0.598 0.564 0.609 0.609 0.578 0.609 0.616 0.162 0.641 0.162 0.596 0.187 0.641 0.162 0.624 0.187 0.596 0.187 0 0 0 0 0 0 0 0 0 0 0 0 0.578 0.609 0.609 0.609 0.596 0.655 0.609 0.609 0.624 0.655 0.596 0.655 0.596 0.187 0.624 0.187 0.576 0.222 0.624 0.187 0.607 0.222 0.576 0.222 0 0 0 0 0 0 0 0 0 0 0 0 0.596 0.655 0.624 0.655 0.615 0.696 0.624 0.655 0.64 0.696 0.615 0.696 0.549 0.311 0.586 0.311 0.544 0.357 0.586 0.311 0.582 0.357 0.544 0.357 0 0 0 0 0 0 0 0 0 0 0 0 0.615 0.696 0.64 0.696 0.639 0.737 0.64 0.696 0.659 0.737 0.639 0.737 0.544 0.357 0.582 0.357 0.544 0.404 0.582 0.357 0.581 0.404 0.544 0.404 0 0 0 0 0 0 0 0 0 0 0 0 0.639 0.737 0.659 0.737 0.665 0.767 0.659 0.737 0.68 0.767 0.665 0.767 0.544 0.404 0.581 0.404 0.546 0.454 0.581 0.404 0.583 0.454 0.546 0.454 0 0 0 0 0 0 0 0 0 0 0 0 0.665 0.767 0.68 0.767 0.681 0.781 0.68 0.767 0.693 0.781 0.681 0.781 0.546 0.454 0.583 0.454 0.554 0.516 0.583 0.454 0.59 0.516 0.554 0.516 0.56 0.263 0.595 0.263 0.549 0.311 0.595 0.263 0.586 0.311 0.549 0.311 0.583 0.454 0.631 0.454 0.59 0.516 0.631 0.454 0.636 0.516 0.59 0.516 0.595 0.263 0.64 0.263 0.586 0.311 0.64 0.263 0.634 0.311 0.586 0.311 0.693 0.781 0.709 0.781 0.708 0.79 0.709 0.781 0.72 0.79 0.708 0.79 0.59 0.516 0.636 0.516 0.598 0.564 0.636 0.516 0.642 0.564 0.598 0.564 0.607 0.222 0.649 0.222 0.595 0.263 0.649 0.222 0.64 0.263 0.595 0.263 0 0 0 0 0 0 0 0 0 0 0 0 0.598 0.564 0.642 0.564 0.609 0.609 0.642 0.564 0.65 0.609 0.609 0.609 0.641 0.162 0.672 0.162 0.624 0.187 0.672 0.162 0.661 0.187 0.624 0.187 0.609 0.609 0.65 0.609 0.624 0.655 0.65 0.609 0.66 0.655 0.624 0.655 0.624 0.187 0.661 0.187 0.607 0.222 0.661 0.187 0.649 0.222 0.607 0.222 0 0 0 0 0 0 0 0 0 0 0 0 0.624 0.655 0.66 0.655 0.64 0.696 0.66 0.655 0.672 0.696 0.64 0.696 0.586 0.311 0.634 0.311 0.582 0.357 0.634 0.311 0.631 0.357 0.582 0.357 0 0 0 0 0 0 0 0 0 0 0 0 0.64 0.696 0.672 0.696 0.659 0.737 0.672 0.696 0.685 0.737 0.659 0.737 0.582 0.357 0.631 0.357 0.581 0.404 0.631 0.357 0.63 0.404 0.581 0.404 0 0 0 0 0 0 0 0 0 0 0 0 0.659 0.737 0.685 0.737 0.68 0.767 0.685 0.737 0.7 0.767 0.68 0.767 0.581 0.404 0.63 0.404 0.583 0.454 0.63 0.404 0.631 0.454 0.583 0.454 0 0 0 0 0 0 0 0 0 0 0 0 0.68 0.767 0.7 0.767 0.693 0.781 0.7 0.767 0.709 0.781 0.693 0.781 0.7 0.767 0.724 0.767 0.709 0.781 0.724 0.767 0.728 0.781 0.709 0.781 0.631 0.454 0.688 0.454 0.636 0.516 0.688 0.454 0.691 0.516 0.636 0.516 0.64 0.263 0.692 0.263 0.634 0.311 0.692 0.263 0.689 0.311 0.634 0.311 0.709 0.781 0.728 0.781 0.72 0.79 0.728 0.781 0.734 0.79 0.72 0.79 0.636 0.516 0.691 0.516 0.642 0.564 0.691 0.516 0.694 0.564 0.642 0.564 0.649 0.222 0.697 0.222 0.64 0.263 0.697 0.222 0.692 0.263 0.64 0.263 0 0 0 0 0 0 0 0 0 0 0 0 0.642 0.564 0.694 0.564 0.65 0.609 0.694 0.564 0.698 0.609 0.65 0.609 0.672 0.162 0.709 0.162 0.661 0.187 0.709 0.162 0.703 0.187 0.661 0.187 0.65 0.609 0.698 0.609 0.66 0.655 0.698 0.609 0.703 0.655 0.66 0.655 0.661 0.187 0.703 0.187 0.649 0.222 0.703 0.187 0.697 0.222 0.649 0.222 0 0 0 0 0 0 0 0 0 0 0 0 0.66 0.655 0.703 0.655 0.672 0.696 0.703 0.655 0.709 0.696 0.672 0.696 0.634 0.311 0.689 0.311 0.631 0.357 0.689 0.311 0.688 0.357 0.631 0.357 0 0 0 0 0 0 0 0 0 0 0 0 0.672 0.696 0.709 0.696 0.685 0.737 0.709 0.696 0.716 0.737 0.685 0.737 0.631 0.357 0.688 0.357 0.63 0.404 0.688 0.357 0.687 0.404 0.63 0.404 0 0 0 0 0 0 0 0 0 0 0 0 0.685 0.737 0.716 0.737 0.7 0.767 0.716 0.737 0.724 0.767 0.7 0.767 0.63 0.404 0.687 0.404 0.631 0.454 0.687 0.404 0.688 0.454 0.631 0.454 0 0 0 0 0 0 0 0 0 0 0 0 0.687 0.404 0.749 0.404 0.688 0.454 0.749 0.404 0.749 0.454 0.688 0.454 0 0 0 0 0 0 0 0 0 0 0 0 0.724 0.767 0.749 0.767 0.728 0.781 0.749 0.767 0.749 0.781 0.728 0.781 0.688 0.454 0.749 0.454 0.691 0.516 0.749 0.454 0.749 0.516 0.691 0.516 0.692 0.263 0.749 0.263 0.689 0.311 0.749 0.263 0.749 0.311 0.689 0.311 0.728 0.781 0.749 0.781 0.734 0.79 0.749 0.781 0.749 0.79 0.734 0.79 0.691 0.516 0.749 0.516 0.694 0.564 0.749 0.516 0.749 0.564 0.694 0.564 0.697 0.222 0.749 0.222 0.692 0.263 0.749 0.222 0.749 0.263 0.692 0.263 0.694 0.564 0.749 0.564 0.698 0.609 0.749 0.564 0.749 0.609 0.698 0.609 0.709 0.162 0.749 0.162 0.703 0.187 0.749 0.162 0.749 0.187 0.703 0.187 0 0 0 0 0 0 0 0 0 0 0 0 0.698 0.609 0.749 0.609 0.703 0.655 0.749 0.609 0.749 0.655 0.703 0.655 0.703 0.187 0.749 0.187 0.697 0.222 0.749 0.187 0.749 0.222 0.697 0.222 0 0 0 0 0 0 0 0 0 0 0 0 0.703 0.655 0.749 0.655 0.709 0.696 0.749 0.655 0.749 0.696 0.709 0.696 0.689 0.311 0.749 0.311 0.688 0.357 0.749 0.311 0.749 0.357 0.688 0.357 0 0 0 0 0 0 0 0 0 0 0 0 0.709 0.696 0.749 0.696 0.716 0.737 0.749 0.696 0.749 0.737 0.716 0.737 0.688 0.357 0.749 0.357 0.687 0.404 0.749 0.357 0.749 0.404 0.687 0.404 0 0 0 0 0 0 0 0 0 0 0 0 0.716 0.737 0.749 0.737 0.724 0.767 0.749 0.737 0.749 0.767 0.724 0.767 0 0 0 0 0 0 0 0 0 0 0 0 0 0 0 0 0 0 0 0 0 0 0 0 0 0 0 0 0 0 0 0 0 0 0 0 0 0 0 0 0 0 0 0 0 0 0 0 0 0 0 0 0 0 0 0 0 0 0 0 0 0 0 0 0 0 0 0 0 0 0 0 0 0 0 0 0 0 0 0 0 0 0 0 0 0 0 0 0 0 0 0 0 0 0 0 0 0 0 0 0 0 0 0 0 0 0 0 0 0 0 0 0 0 0 0 0 0 0 0 0 0 0 0 0 0 0 0 0 0 0 0 0 0 0 0 0 0 0 0 0 0 0 0 0 0 0 0 0 0 0 0 0 0 0 0 0 0 0 0 0 0 0 0 0 0 0 0 0 0 0 0 0 0 0 0 0 0 0 0 0 0 0 0 0 0 0 0 0 0 0 0 0 0 0 0 0 0 0 0 0 0 0 0 0 0 0 0 0 0 0 0 0 0 0 0 0 0 0 0 0 0 0 0 0 0 0 0 0 0 0 0 0 0 0 0 0 0 0 0 0 0 0 0 0 0 0 0 0 0 0 0 0 0 0 0 0 0 0.973 0.516 0.961 0.564 0.966 0.516 0.961 0.564 0.954 0.564 0.966 0.516 0.949 0.222 0.967 0.263 0.942 0.222 0.967 0.263 0.959 0.263 0.942 0.222 0 0 0 0 0 0 0 0 0 0 0 0 0.961 0.564 0.946 0.609 0.954 0.564 0.946 0.609 0.939 0.609 0.954 0.564 0.902 0.162 0.924 0.187 0.896 0.162 0.924 0.187 0.918 0.187 0.896 0.162 0 0 0 0 0 0 0 0 0 0 0 0 0.946 0.609 0.925 0.655 0.939 0.609 0.925 0.655 0.919 0.655 0.939 0.609 0.924 0.187 0.949 0.222 0.918 0.187 0.949 0.222 0.942 0.222 0.918 0.187 0 0 0 0 0 0 0 0 0 0 0 0 0.925 0.655 0.903 0.696 0.919 0.655 0.903 0.696 0.897 0.696 0.919 0.655 0.979 0.311 0.985 0.357 0.971 0.311 0.985 0.357 0.977 0.357 0.971 0.311 0 0 0 0 0 0 0 0 0 0 0 0 0.903 0.696 0.875 0.737 0.897 0.696 0.875 0.737 0.871 0.737 0.897 0.696 0.985 0.357 0.986 0.404 0.977 0.357 0.986 0.404 0.977 0.404 0.977 0.357 0 0 0 0 0 0 0 0 0 0 0 0 0.875 0.737 0.845 0.767 0.871 0.737 0.845 0.767 0.842 0.767 0.871 0.737 0.986 0.404 0.983 0.454 0.977 0.404 0.983 0.454 0.975 0.454 0.977 0.404 0 0 0 0 0 0 0 0 0 0 0 0 0.845 0.767 0.827 0.781 0.842 0.767 0.827 0.781 0.824 0.781 0.842 0.767 0.983 0.454 0.973 0.516 0.975 0.454 0.973 0.516 0.966 0.516 0.975 0.454 0.967 0.263 0.979 0.311 0.959 0.263 0.979 0.311 0.971 0.311 0.959 0.263 0.827 0.781 0.806 0.79 0.824 0.781 0.806 0.79 0.804 0.79 0.824 0.781 0.942 0.222 0.959 0.263 0.922 0.222 0.959 0.263 0.937 0.263 0.922 0.222 0 0 0 0 0 0 0 0 0 0 0 0 0.954 0.564 0.939 0.609 0.933 0.564 0.939 0.609 0.919 0.609 0.933 0.564 0.896 0.162 0.918 0.187 0.881 0.162 0.918 0.187 0.901 0.187 0.881 0.162 0 0 0 0 0 0 0 0 0 0 0 0 0.939 0.609 0.919 0.655 0.919 0.609 0.919 0.655 0.902 0.655 0.919 0.609 0.918 0.187 0.942 0.222 0.901 0.187 0.942 0.222 0.922 0.222 0.901 0.187 0 0 0 0 0 0 0 0 0 0 0 0 0.919 0.655 0.897 0.696 0.902 0.655 0.897 0.696 0.882 0.696 0.902 0.655 0.971 0.311 0.977 0.357 0.948 0.311 0.977 0.357 0.953 0.357 0.948 0.311 0 0 0 0 0 0 0 0 0 0 0 0 0.897 0.696 0.871 0.737 0.882 0.696 0.871 0.737 0.858 0.737 0.882 0.696 0.977 0.357 0.977 0.404 0.953 0.357 0.977 0.404 0.954 0.404 0.953 0.357 0 0 0 0 0 0 0 0 0 0 0 0 0.871 0.737 0.842 0.767 0.858 0.737 0.842 0.767 0.832 0.767 0.858 0.737 0.977 0.404 0.975 0.454 0.954 0.404 0.975 0.454 0.952 0.454 0.954 0.404 0 0 0 0 0 0 0 0 0 0 0 0 0.842 0.767 0.824 0.781 0.832 0.767 0.824 0.781 0.817 0.781 0.832 0.767 0.975 0.454 0.966 0.516 0.952 0.454 0.966 0.516 0.943 0.516 0.952 0.454 0.959 0.263 0.971 0.311 0.937 0.263 0.971 0.311 0.948 0.311 0.937 0.263 0.824 0.781 0.804 0.79 0.817 0.781 0.804 0.79 0.798 0.79 0.817 0.781 0.966 0.516 0.954 0.564 0.943 0.516 0.954 0.564 0.933 0.564 0.943 0.516 0.817 0.781 0.798 0.79 0.804 0.781 0.798 0.79 0.789 0.79 0.804 0.781 0.943 0.516 0.933 0.564 0.908 0.516 0.933 0.564 0.899 0.564 0.908 0.516 0.922 0.222 0.937 0.263 0.89 0.222 0.937 0.263 0.903 0.263 0.89 0.222 0 0 0 0 0 0 0.933 0.564 0.919 0.609 0.899 0.564 0.919 0.609 0.888 0.609 0.899 0.564 0.881 0.162 0.901 0.187 0.857 0.162 0.901 0.187 0.873 0.187 0.857 0.162 0 0 0 0 0 0 0 0 0 0 0 0 0.919 0.609 0.902 0.655 0.888 0.609 0.902 0.655 0.874 0.655 0.888 0.609 0.901 0.187 0.922 0.222 0.873 0.187 0.922 0.222 0.89 0.222 0.873 0.187 0 0 0 0 0 0 0 0 0 0 0 0 0.902 0.655 0.882 0.696 0.874 0.655 0.882 0.696 0.858 0.696 0.874 0.655 0.948 0.311 0.953 0.357 0.911 0.311 0.953 0.357 0.916 0.357 0.911 0.311 0 0 0 0 0 0 0 0 0 0 0 0 0.882 0.696 0.858 0.737 0.858 0.696 0.858 0.737 0.838 0.737 0.858 0.696 0.953 0.357 0.954 0.404 0.916 0.357 0.954 0.404 0.916 0.404 0.916 0.357 0 0 0 0 0 0 0 0 0 0 0 0 0.858 0.737 0.832 0.767 0.838 0.737 0.832 0.767 0.817 0.767 0.838 0.737 0.954 0.404 0.952 0.454 0.916 0.404 0.952 0.454 0.915 0.454 0.916 0.404 0 0 0 0 0 0 0 0 0 0 0 0 0.832 0.767 0.817 0.781 0.817 0.767 0.817 0.781 0.804 0.781 0.817 0.767 0.952 0.454 0.943 0.516 0.915 0.454 0.943 0.516 0.908 0.516 0.915 0.454 0.937 0.263 0.948 0.311 0.903 0.263 0.948 0.311 0.911 0.311 0.903 0.263 0.915 0.454 0.908 0.516 0.866 0.454 0.908 0.516 0.861 0.516 0.866 0.454 0.903 0.263 0.911 0.311 0.858 0.263 0.911 0.311 0.864 0.311 0.858 0.263 0.804 0.781 0.789 0.79 0.788 0.781 0.789 0.79 0.777 0.79 0.788 0.781 0.908 0.516 0.899 0.564 0.861 0.516 0.899 0.564 0.855 0.564 0.861 0.516 0.89 0.222 0.903 0.263 0.849 0.222 0.903 0.263 0.858 0.263 0.849 0.222 0 0 0 0 0 0 0 0 0 0 0 0 0.899 0.564 0.888 0.609 0.855 0.564 0.888 0.609 0.847 0.609 0.855 0.564 0.857 0.162 0.873 0.187 0.825 0.162 0.873 0.187 0.837 0.187 0.825 0.162 0.888 0.609 0.874 0.655 0.847 0.609 0.874 0.655 0.837 0.655 0.847 0.609 0.873 0.187 0.89 0.222 0.837 0.187 0.89 0.222 0.849 0.222 0.837 0.187 0 0 0 0 0 0 0 0 0 0 0 0 0.874 0.655 0.858 0.696 0.837 0.655 0.858 0.696 0.826 0.696 0.837 0.655 0.911 0.311 0.916 0.357 0.864 0.311 0.916 0.357 0.867 0.357 0.864 0.311 0 0 0 0 0 0 0 0 0 0 0 0 0.858 0.696 0.838 0.737 0.826 0.696 0.838 0.737 0.812 0.737 0.826 0.696 0.916 0.357 0.916 0.404 0.867 0.357 0.916 0.404 0.867 0.404 0.867 0.357 0 0 0 0 0 0 0 0 0 0 0 0 0.838 0.737 0.817 0.767 0.812 0.737 0.817 0.767 0.797 0.767 0.812 0.737 0.916 0.404 0.915 0.454 0.867 0.404 0.915 0.454 0.866 0.454 0.867 0.404 0 0 0 0 0 0 0 0 0 0 0 0 0.817 0.767 0.804 0.781 0.797 0.767 0.804 0.781 0.788 0.781 0.797 0.767 0.797 0.767 0.788 0.781 0.774 0.767 0.788 0.781 0.769 0.781 0.774 0.767 0.866 0.454 0.861 0.516 0.809 0.454 0.861 0.516 0.807 0.516 0.809 0.454 0.858 0.263 0.864 0.311 0.805 0.263 0.864 0.311 0.808 0.311 0.805 0.263 0.788 0.781 0.777 0.79 0.769 0.781 0.777 0.79 0.763 0.79 0.769 0.781 0.861 0.516 0.855 0.564 0.807 0.516 0.855 0.564 0.804 0.564 0.807 0.516 0.849 0.222 0.858 0.263 0.8 0.222 0.858 0.263 0.805 0.263 0.8 0.222 0 0 0 0 0 0 0 0 0 0 0 0 0.855 0.564 0.847 0.609 0.804 0.564 0.847 0.609 0.8 0.609 0.804 0.564 0.825 0.162 0.837 0.187 0.788 0.162 0.837 0.187 0.794 0.187 0.788 0.162 0.847 0.609 0.837 0.655 0.8 0.609 0.837 0.655 0.794 0.655 0.8 0.609 0.837 0.187 0.849 0.222 0.794 0.187 0.849 0.222 0.8 0.222 0.794 0.187 0 0 0 0 0 0 0 0 0 0 0 0 0.837 0.655 0.826 0.696 0.794 0.655 0.826 0.696 0.789 0.696 0.794 0.655 0.864 0.311 0.867 0.357 0.808 0.311 0.867 0.357 0.81 0.357 0.808 0.311 0 0 0 0 0 0 0 0 0 0 0 0 0.826 0.696 0.812 0.737 0.789 0.696 0.812 0.737 0.781 0.737 0.789 0.696 0.867 0.357 0.867 0.404 0.81 0.357 0.867 0.404 0.81 0.404 0.81 0.357 0 0 0 0 0 0 0 0 0 0 0 0 0.812 0.737 0.797 0.767 0.781 0.737 0.797 0.767 0.774 0.767 0.781 0.737 0.867 0.404 0.866 0.454 0.81 0.404 0.866 0.454 0.809 0.454 0.81 0.404 0 0 0 0 0 0 0 0 0 0 0 0 0.81 0.404 0.809 0.454 0.749 0.404 0.809 0.454 0.749 0.454 0.749 0.404 0 0 0 0 0 0 0 0 0 0 0 0 0.774 0.767 0.769 0.781 0.749 0.767 0.769 0.781 0.749 0.781 0.749 0.767 0.809 0.454 0.807 0.516 0.749 0.454 0.807 0.516 0.749 0.516 0.749 0.454 0.805 0.263 0.808 0.311 0.749 0.263 0.808 0.311 0.749 0.311 0.749 0.263 0.769 0.781 0.763 0.79 0.749 0.781 0.763 0.79 0.749 0.79 0.749 0.781 0.807 0.516 0.804 0.564 0.749 0.516 0.804 0.564 0.749 0.564 0.749 0.516 0.8 0.222 0.805 0.263 0.749 0.222 0.805 0.263 0.749 0.263 0.749 0.222 0.804 0.564 0.8 0.609 0.749 0.564 0.8 0.609 0.749 0.609 0.749 0.564 0.788 0.162 0.794 0.187 0.749 0.162 0.794 0.187 0.749 0.187 0.749 0.162 0 0 0 0 0 0 0 0 0 0 0 0 0.8 0.609 0.794 0.655 0.749 0.609 0.794 0.655 0.749 0.655 0.749 0.609 0.794 0.187 0.8 0.222 0.749 0.187 0.8 0.222 0.749 0.222 0.749 0.187 0 0 0 0 0 0 0 0 0 0 0 0 0.794 0.655 0.789 0.696 0.749 0.655 0.789 0.696 0.749 0.696 0.749 0.655 0.808 0.311 0.81 0.357 0.749 0.311 0.81 0.357 0.749 0.357 0.749 0.311 0 0 0 0 0 0 0 0 0 0 0 0 0.789 0.696 0.781 0.737 0.749 0.696 0.781 0.737 0.749 0.737 0.749 0.696 0.81 0.357 0.81 0.404 0.749 0.357 0.81 0.404 0.749 0.404 0.749 0.357 0 0 0 0 0 0 0 0 0 0 0 0 0.781 0.737 0.774 0.767 0.749 0.737 0.774 0.767 0.749 0.767 0.749 0.737 0 0 0 0 0 0 0 0 0 0 0 0 0 0 0 0 0 0 0 0 0 0 0 0 0 0 0 0 0 0 0 0 0 0 0 0 0 0 0 0 0 0 0 0 0 0 0 0 0 0 0 0 0 0 0 0 0 0 0 0 0 0 0 0 0 0 0 0 0 0 0 0 0 0 0 0 0 0 0 0 0 0 0 0 0 0 0 0 0 0 0 0 0 0 0 0 0 0 0 0 0 0 0 0 0 0 0 0 0 0 0 0 0 0 0 0 0 0 0 0 0 0 0 0 0 0 0 0 0 0 0 0 0 0 0 0 0 0 0 0 0 0 0 0 0 0 0 0 0 0 0 0 0 0 0 0 0 0 0 0 0 0 0 0 0 0 0 0 0 0 0 0 0 0 0 0 0 0 0 0 0 0 0 0 0 0 0 0 0 0 0 0 0 0 0 0 0 0 0 0 0 0 0 0 0 0 0 0 0 0 0 0 0 0 0 0 0 0 0 0 0 0 0 0 0 0 0 0 0 0 0 0 0 0 0 0 0 0 0 0 0 0 0 0 0 0 0 0 0 0 0 0 0 0 0 0 0 0 0.476 0.516 0.464 0.564 0.468 0.516 0.464 0.564 0.457 0.564 0.468 0.516 0.451 0.222 0.469 0.263 0.444 0.222 0.469 0.263 0.462 0.263 0.444 0.222 0 0 0 0 0 0 0 0 0 0 0 0 0.464 0.564 0.448 0.609 0.457 0.564 0.448 0.609 0.441 0.609 0.457 0.564 0.404 0.162 0.427 0.187 0.399 0.162 0.427 0.187 0.421 0.187 0.399 0.162 0 0 0 0 0 0 0 0 0 0 0 0 0.448 0.609 0.428 0.655 0.441 0.609 0.428 0.655 0.422 0.655 0.441 0.609 0.427 0.187 0.451 0.222 0.421 0.187 0.451 0.222 0.444 0.222 0.421 0.187 0 0 0 0 0 0 0 0 0 0 0 0 0.428 0.655 0.405 0.696 0.422 0.655 0.405 0.696 0.4 0.696 0.422 0.655 0.481 0.311 0.487 0.357 0.474 0.311 0.487 0.357 0.479 0.357 0.474 0.311 0 0 0 0 0 0 0 0 0 0 0 0 0.405 0.696 0.378 0.737 0.4 0.696 0.378 0.737 0.374 0.737 0.4 0.696 0.487 0.357 0.488 0.404 0.479 0.357 0.488 0.404 0.48 0.404 0.479 0.357 0 0 0 0 0 0 0 0 0 0 0 0 0.378 0.737 0.348 0.767 0.374 0.737 0.348 0.767 0.345 0.767 0.374 0.737 0.488 0.404 0.486 0.454 0.48 0.404 0.486 0.454 0.478 0.454 0.48 0.404 0 0 0 0 0 0 0 0 0 0 0 0 0.348 0.767 0.33 0.781 0.345 0.767 0.33 0.781 0.327 0.781 0.345 0.767 0.486 0.454 0.476 0.516 0.478 0.454 0.476 0.516 0.468 0.516 0.478 0.454 0.469 0.263 0.481 0.311 0.462 0.263 0.481 0.311 0.474 0.311 0.462 0.263 0.33 0.781 0.309 0.79 0.327 0.781 0.309 0.79 0.307 0.79 0.327 0.781 0.444 0.222 0.462 0.263 0.424 0.222 0.462 0.263 0.44 0.263 0.424 0.222 0 0 0 0 0 0 0 0 0 0 0 0 0.457 0.564 0.441 0.609 0.436 0.564 0.441 0.609 0.422 0.609 0.436 0.564 0.399 0.162 0.421 0.187 0.384 0.162 0.421 0.187 0.404 0.187 0.384 0.162 0 0 0 0 0 0 0 0 0 0 0 0 0.441 0.609 0.422 0.655 0.422 0.609 0.422 0.655 0.404 0.655 0.422 0.609 0.421 0.187 0.444 0.222 0.404 0.187 0.444 0.222 0.424 0.222 0.404 0.187 0 0 0 0 0 0 0 0 0 0 0 0 0.422 0.655 0.4 0.696 0.404 0.655 0.4 0.696 0.385 0.696 0.404 0.655 0.474 0.311 0.479 0.357 0.451 0.311 0.479 0.357 0.456 0.357 0.451 0.311 0 0 0 0 0 0 0 0 0 0 0 0 0.4 0.696 0.374 0.737 0.385 0.696 0.374 0.737 0.361 0.737 0.385 0.696 0.479 0.357 0.48 0.404 0.456 0.357 0.48 0.404 0.456 0.404 0.456 0.357 0 0 0 0 0 0 0 0 0 0 0 0 0.374 0.737 0.345 0.767 0.361 0.737 0.345 0.767 0.335 0.767 0.361 0.737 0.48 0.404 0.478 0.454 0.456 0.404 0.478 0.454 0.454 0.454 0.456 0.404 0 0 0 0 0 0 0 0 0 0 0 0 0.345 0.767 0.327 0.781 0.335 0.767 0.327 0.781 0.319 0.781 0.335 0.767 0.478 0.454 0.468 0.516 0.454 0.454 0.468 0.516 0.446 0.516 0.454 0.454 0.462 0.263 0.474 0.311 0.44 0.263 0.474 0.311 0.451 0.311 0.44 0.263 0.327 0.781 0.307 0.79 0.319 0.781 0.307 0.79 0.301 0.79 0.319 0.781 0.468 0.516 0.457 0.564 0.446 0.516 0.457 0.564 0.436 0.564 0.446 0.516 0.319 0.781 0.301 0.79 0.307 0.781 0.301 0.79 0.292 0.79 0.307 0.781 0.446 0.516 0.436 0.564 0.41 0.516 0.436 0.564 0.402 0.564 0.41 0.516 0.424 0.222 0.44 0.263 0.393 0.222 0.44 0.263 0.405 0.263 0.393 0.222 0 0 0 0 0 0 0.436 0.564 0.422 0.609 0.402 0.564 0.422 0.609 0.391 0.609 0.402 0.564 0.384 0.162 0.404 0.187 0.359 0.162 0.404 0.187 0.376 0.187 0.359 0.162 0 0 0 0 0 0 0 0 0 0 0 0 0.422 0.609 0.404 0.655 0.391 0.609 0.404 0.655 0.376 0.655 0.391 0.609 0.404 0.187 0.424 0.222 0.376 0.187 0.424 0.222 0.393 0.222 0.376 0.187 0 0 0 0 0 0 0 0 0 0 0 0 0.404 0.655 0.385 0.696 0.376 0.655 0.385 0.696 0.36 0.696 0.376 0.655 0.451 0.311 0.456 0.357 0.414 0.311 0.456 0.357 0.418 0.357 0.414 0.311 0 0 0 0 0 0 0 0 0 0 0 0 0.385 0.696 0.361 0.737 0.36 0.696 0.361 0.737 0.341 0.737 0.36 0.696 0.456 0.357 0.456 0.404 0.418 0.357 0.456 0.404 0.419 0.404 0.418 0.357 0 0 0 0 0 0 0 0 0 0 0 0 0.361 0.737 0.335 0.767 0.341 0.737 0.335 0.767 0.32 0.767 0.341 0.737 0.456 0.404 0.454 0.454 0.419 0.404 0.454 0.454 0.417 0.454 0.419 0.404 0 0 0 0 0 0 0 0 0 0 0 0 0.335 0.767 0.319 0.781 0.32 0.767 0.319 0.781 0.307 0.781 0.32 0.767 0.454 0.454 0.446 0.516 0.417 0.454 0.446 0.516 0.41 0.516 0.417 0.454 0.44 0.263 0.451 0.311 0.405 0.263 0.451 0.311 0.414 0.311 0.405 0.263 0.417 0.454 0.41 0.516 0.369 0.454 0.41 0.516 0.364 0.516 0.369 0.454 0.405 0.263 0.414 0.311 0.36 0.263 0.414 0.311 0.366 0.311 0.36 0.263 0.307 0.781 0.292 0.79 0.291 0.781 0.292 0.79 0.28 0.79 0.291 0.781 0.41 0.516 0.402 0.564 0.364 0.516 0.402 0.564 0.358 0.564 0.364 0.516 0.393 0.222 0.405 0.263 0.351 0.222 0.405 0.263 0.36 0.263 0.351 0.222 0 0 0 0 0 0 0 0 0 0 0 0 0.402 0.564 0.391 0.609 0.358 0.564 0.391 0.609 0.35 0.609 0.358 0.564 0.359 0.162 0.376 0.187 0.328 0.162 0.376 0.187 0.339 0.187 0.328 0.162 0.391 0.609 0.376 0.655 0.35 0.609 0.376 0.655 0.34 0.655 0.35 0.609 0.376 0.187 0.393 0.222 0.339 0.187 0.393 0.222 0.351 0.222 0.339 0.187 0 0 0 0 0 0 0 0 0 0 0 0 0.376 0.655 0.36 0.696 0.34 0.655 0.36 0.696 0.328 0.696 0.34 0.655 0.414 0.311 0.418 0.357 0.366 0.311 0.418 0.357 0.369 0.357 0.366 0.311 0 0 0 0 0 0 0 0 0 0 0 0 0.36 0.696 0.341 0.737 0.328 0.696 0.341 0.737 0.315 0.737 0.328 0.696 0.418 0.357 0.419 0.404 0.369 0.357 0.419 0.404 0.37 0.404 0.369 0.357 0 0 0 0 0 0 0 0 0 0 0 0 0.341 0.737 0.32 0.767 0.315 0.737 0.32 0.767 0.3 0.767 0.315 0.737 0.419 0.404 0.417 0.454 0.37 0.404 0.417 0.454 0.369 0.454 0.37 0.404 0 0 0 0 0 0 0 0 0 0 0 0 0.32 0.767 0.307 0.781 0.3 0.767 0.307 0.781 0.291 0.781 0.3 0.767 0.3 0.767 0.291 0.781 0.276 0.767 0.291 0.781 0.272 0.781 0.276 0.767 0.369 0.454 0.364 0.516 0.312 0.454 0.364 0.516 0.309 0.516 0.312 0.454 0.36 0.263 0.366 0.311 0.308 0.263 0.366 0.311 0.311 0.311 0.308 0.263 0.291 0.781 0.28 0.79 0.272 0.781 0.28 0.79 0.266 0.79 0.272 0.781 0.364 0.516 0.358 0.564 0.309 0.516 0.358 0.564 0.306 0.564 0.309 0.516 0.351 0.222 0.36 0.263 0.303 0.222 0.36 0.263 0.308 0.263 0.303 0.222 0 0 0 0 0 0 0 0 0 0 0 0 0.358 0.564 0.35 0.609 0.306 0.564 0.35 0.609 0.302 0.609 0.306 0.564 0.328 0.162 0.339 0.187 0.291 0.162 0.339 0.187 0.297 0.187 0.291 0.162 0.35 0.609 0.34 0.655 0.302 0.609 0.34 0.655 0.297 0.655 0.302 0.609 0.339 0.187 0.351 0.222 0.297 0.187 0.351 0.222 0.303 0.222 0.297 0.187 0 0 0 0 0 0 0 0 0 0 0 0 0.34 0.655 0.328 0.696 0.297 0.655 0.328 0.696 0.291 0.696 0.297 0.655 0.366 0.311 0.369 0.357 0.311 0.311 0.369 0.357 0.312 0.357 0.311 0.311 0 0 0 0 0 0 0 0 0 0 0 0 0.328 0.696 0.315 0.737 0.291 0.696 0.315 0.737 0.284 0.737 0.291 0.696 0.369 0.357 0.37 0.404 0.312 0.357 0.37 0.404 0.313 0.404 0.312 0.357 0 0 0 0 0 0 0 0 0 0 0 0 0.315 0.737 0.3 0.767 0.284 0.737 0.3 0.767 0.276 0.767 0.284 0.737 0.37 0.404 0.369 0.454 0.313 0.404 0.369 0.454 0.312 0.454 0.313 0.404 0 0 0 0 0 0 0 0 0 0 0 0 0.313 0.404 0.312 0.454 0.251 0.404 0.312 0.454 0.251 0.454 0.251 0.404 0 0 0 0 0 0 0 0 0 0 0 0 0.276 0.767 0.272 0.781 0.251 0.767 0.272 0.781 0.251 0.781 0.251 0.767 0.312 0.454 0.309 0.516 0.251 0.454 0.309 0.516 0.251 0.516 0.251 0.454 0.308 0.263 0.311 0.311 0.251 0.263 0.311 0.311 0.251 0.311 0.251 0.263 0.272 0.781 0.266 0.79 0.251 0.781 0.266 0.79 0.251 0.79 0.251 0.781 0.309 0.516 0.306 0.564 0.251 0.516 0.306 0.564 0.251 0.564 0.251 0.516 0.303 0.222 0.308 0.263 0.251 0.222 0.308 0.263 0.251 0.263 0.251 0.222 0.306 0.564 0.302 0.609 0.251 0.564 0.302 0.609 0.251 0.609 0.251 0.564 0.291 0.162 0.297 0.187 0.251 0.162 0.297 0.187 0.251 0.187 0.251 0.162 0 0 0 0 0 0 0 0 0 0 0 0 0.302 0.609 0.297 0.655 0.251 0.609 0.297 0.655 0.251 0.655 0.251 0.609 0.297 0.187 0.303 0.222 0.251 0.187 0.303 0.222 0.251 0.222 0.251 0.187 0 0 0 0 0 0 0 0 0 0 0 0 0.297 0.655 0.291 0.696 0.251 0.655 0.291 0.696 0.251 0.696 0.251 0.655 0.311 0.311 0.312 0.357 0.251 0.311 0.312 0.357 0.251 0.357 0.251 0.311 0 0 0 0 0 0 0 0 0 0 0 0 0.291 0.696 0.284 0.737 0.251 0.696 0.284 0.737 0.251 0.737 0.251 0.696 0.312 0.357 0.313 0.404 0.251 0.357 0.313 0.404 0.251 0.404 0.251 0.357 0 0 0 0 0 0 0 0 0 0 0 0 0.284 0.737 0.276 0.767 0.251 0.737 0.276 0.767 0.251 0.767 0.251 0.737 0 0 0 0 0 0 0 0 0 0 0 0 0 0 0 0 0 0 0 0 0 0 0 0 0 0 0 0 0 0 0 0 0 0 0 0 0 0 0 0 0 0 0 0 0 0 0 0 0 0 0 0 0 0 0 0 0 0 0 0 0 0 0 0 0 0 0 0 0 0 0 0 0 0 0 0 0 0 0 0 0 0 0 0 0 0 0 0 0 0 0 0 0 0 0 0 0 0 0 0 0 0 0 0 0 0 0 0 0 0 0 0 0 0 0 0 0 0 0 0 0 0 0 0 0 0 0 0 0 0 0 0 0 0 0 0 0 0 0 0 0 0 0 0 0 0 0 0 0 0 0 0 0 0 0 0 0 0 0 0 0 0 0 0 0 0 0 0 0 0 0 0 0 0 0 0 0 0 0 0 0 0 0 0 0 0 0 0 0 0 0 0 0 0 0 0 0 0 0 0 0 0 0 0 0 0 0 0 0 0 0 0 0 0 0 0 0 0 0 0 0 0 0 0 0 0 0 0 0 0 0 0 0 0 0 0 0 0 0 0 0 0 0 0 0 0 0 0 0 0 0 0 0 0 0 0 0 0 0.026 0.516 0.034 0.516 0.039 0.564 0.034 0.516 0.046 0.564 0.039 0.564 0.051 0.222 0.058 0.222 0.033 0.263 0.058 0.222 0.041 0.263 0.033 0.263 0 0 0 0 0 0 0 0 0 0 0 0 0.039 0.564 0.046 0.564 0.054 0.609 0.046 0.564 0.061 0.609 0.054 0.609 0.098 0.162 0.104 0.162 0.076 0.187 0.104 0.162 0.082 0.187 0.076 0.187 0 0 0 0 0 0 0 0 0 0 0 0 0.054 0.609 0.061 0.609 0.075 0.655 0.061 0.609 0.081 0.655 0.075 0.655 0.076 0.187 0.082 0.187 0.051 0.222 0.082 0.187 0.058 0.222 0.051 0.222 0 0 0 0 0 0 0 0 0 0 0 0 0.075 0.655 0.081 0.655 0.097 0.696 0.081 0.655 0.103 0.696 0.097 0.696 0.021 0.311 0.029 0.311 0.015 0.357 0.029 0.311 0.023 0.357 0.015 0.357 0 0 0 0 0 0 0 0 0 0 0 0 0.097 0.696 0.103 0.696 0.125 0.737 0.103 0.696 0.129 0.737 0.125 0.737 0.015 0.357 0.023 0.357 0.014 0.404 0.023 0.357 0.022 0.404 0.014 0.404 0 0 0 0 0 0 0 0 0 0 0 0 0.125 0.737 0.129 0.737 0.155 0.767 0.129 0.737 0.158 0.767 0.155 0.767 0.014 0.404 0.022 0.404 0.017 0.454 0.022 0.404 0.025 0.454 0.017 0.454 0 0 0 0 0 0 0 0 0 0 0 0 0.155 0.767 0.158 0.767 0.173 0.781 0.158 0.767 0.176 0.781 0.173 0.781 0.017 0.454 0.025 0.454 0.026 0.516 0.025 0.454 0.034 0.516 0.026 0.516 0.033 0.263 0.041 0.263 0.021 0.311 0.041 0.263 0.029 0.311 0.021 0.311 0.173 0.781 0.176 0.781 0.194 0.79 0.176 0.781 0.196 0.79 0.194 0.79 0.058 0.222 0.078 0.222 0.041 0.263 0.078 0.222 0.062 0.263 0.041 0.263 0 0 0 0 0 0 0 0 0 0 0 0 0.046 0.564 0.067 0.564 0.061 0.609 0.067 0.564 0.081 0.609 0.061 0.609 0.104 0.162 0.119 0.162 0.082 0.187 0.119 0.162 0.099 0.187 0.082 0.187 0 0 0 0 0 0 0 0 0 0 0 0 0.061 0.609 0.081 0.609 0.081 0.655 0.081 0.609 0.098 0.655 0.081 0.655 0.082 0.187 0.099 0.187 0.058 0.222 0.099 0.187 0.078 0.222 0.058 0.222 0 0 0 0 0 0 0 0 0 0 0 0 0.081 0.655 0.098 0.655 0.103 0.696 0.098 0.655 0.118 0.696 0.103 0.696 0.029 0.311 0.052 0.311 0.023 0.357 0.052 0.311 0.047 0.357 0.023 0.357 0 0 0 0 0 0 0 0 0 0 0 0 0.103 0.696 0.118 0.696 0.129 0.737 0.118 0.696 0.142 0.737 0.129 0.737 0.023 0.357 0.047 0.357 0.022 0.404 0.047 0.357 0.046 0.404 0.022 0.404 0 0 0 0 0 0 0 0 0 0 0 0 0.129 0.737 0.142 0.737 0.158 0.767 0.142 0.737 0.168 0.767 0.158 0.767 0.022 0.404 0.046 0.404 0.025 0.454 0.046 0.404 0.048 0.454 0.025 0.454 0 0 0 0 0 0 0 0 0 0 0 0 0.158 0.767 0.168 0.767 0.176 0.781 0.168 0.767 0.183 0.781 0.176 0.781 0.025 0.454 0.048 0.454 0.034 0.516 0.048 0.454 0.057 0.516 0.034 0.516 0.041 0.263 0.062 0.263 0.029 0.311 0.062 0.263 0.052 0.311 0.029 0.311 0.176 0.781 0.183 0.781 0.196 0.79 0.183 0.781 0.202 0.79 0.196 0.79 0.034 0.516 0.057 0.516 0.046 0.564 0.057 0.516 0.067 0.564 0.046 0.564 0.183 0.781 0.196 0.781 0.202 0.79 0.196 0.781 0.211 0.79 0.202 0.79 0.057 0.516 0.092 0.516 0.067 0.564 0.092 0.516 0.101 0.564 0.067 0.564 0.078 0.222 0.11 0.222 0.062 0.263 0.11 0.222 0.097 0.263 0.062 0.263 0 0 0 0 0 0 0.067 0.564 0.101 0.564 0.081 0.609 0.101 0.564 0.112 0.609 0.081 0.609 0.119 0.162 0.143 0.162 0.099 0.187 0.143 0.162 0.127 0.187 0.099 0.187 0 0 0 0 0 0 0 0 0 0 0 0 0.081 0.609 0.112 0.609 0.098 0.655 0.112 0.609 0.126 0.655 0.098 0.655 0.099 0.187 0.127 0.187 0.078 0.222 0.127 0.187 0.11 0.222 0.078 0.222 0 0 0 0 0 0 0 0 0 0 0 0 0.098 0.655 0.126 0.655 0.118 0.696 0.126 0.655 0.142 0.696 0.118 0.696 0.052 0.311 0.089 0.311 0.047 0.357 0.089 0.311 0.084 0.357 0.047 0.357 0 0 0 0 0 0 0 0 0 0 0 0 0.118 0.696 0.142 0.696 0.142 0.737 0.142 0.696 0.162 0.737 0.142 0.737 0.047 0.357 0.084 0.357 0.046 0.404 0.084 0.357 0.084 0.404 0.046 0.404 0 0 0 0 0 0 0 0 0 0 0 0 0.142 0.737 0.162 0.737 0.168 0.767 0.162 0.737 0.183 0.767 0.168 0.767 0.046 0.404 0.084 0.404 0.048 0.454 0.084 0.404 0.085 0.454 0.048 0.454 0 0 0 0 0 0 0 0 0 0 0 0 0.168 0.767 0.183 0.767 0.183 0.781 0.183 0.767 0.196 0.781 0.183 0.781 0.048 0.454 0.085 0.454 0.057 0.516 0.085 0.454 0.092 0.516 0.057 0.516 0.062 0.263 0.097 0.263 0.052 0.311 0.097 0.263 0.089 0.311 0.052 0.311 0.085 0.454 0.134 0.454 0.092 0.516 0.134 0.454 0.139 0.516 0.092 0.516 0.097 0.263 0.142 0.263 0.089 0.311 0.142 0.263 0.136 0.311 0.089 0.311 0.196 0.781 0.212 0.781 0.211 0.79 0.212 0.781 0.223 0.79 0.211 0.79 0.092 0.516 0.139 0.516 0.101 0.564 0.139 0.516 0.145 0.564 0.101 0.564 0.11 0.222 0.151 0.222 0.097 0.263 0.151 0.222 0.142 0.263 0.097 0.263 0 0 0 0 0 0 0 0 0 0 0 0 0.101 0.564 0.145 0.564 0.112 0.609 0.145 0.564 0.153 0.609 0.112 0.609 0.143 0.162 0.175 0.162 0.127 0.187 0.175 0.162 0.163 0.187 0.127 0.187 0.112 0.609 0.153 0.609 0.126 0.655 0.153 0.609 0.163 0.655 0.126 0.655 0.127 0.187 0.163 0.187 0.11 0.222 0.163 0.187 0.151 0.222 0.11 0.222 0 0 0 0 0 0 0 0 0 0 0 0 0.126 0.655 0.163 0.655 0.142 0.696 0.163 0.655 0.174 0.696 0.142 0.696 0.089 0.311 0.136 0.311 0.084 0.357 0.136 0.311 0.133 0.357 0.084 0.357 0 0 0 0 0 0 0 0 0 0 0 0 0.142 0.696 0.174 0.696 0.162 0.737 0.174 0.696 0.188 0.737 0.162 0.737 0.084 0.357 0.133 0.357 0.084 0.404 0.133 0.357 0.133 0.404 0.084 0.404 0 0 0 0 0 0 0 0 0 0 0 0 0.162 0.737 0.188 0.737 0.183 0.767 0.188 0.737 0.203 0.767 0.183 0.767 0.084 0.404 0.133 0.404 0.085 0.454 0.133 0.404 0.134 0.454 0.085 0.454 0 0 0 0 0 0 0 0 0 0 0 0 0.183 0.767 0.203 0.767 0.196 0.781 0.203 0.767 0.212 0.781 0.196 0.781 0.203 0.767 0.226 0.767 0.212 0.781 0.226 0.767 0.231 0.781 0.212 0.781 0.134 0.454 0.191 0.454 0.139 0.516 0.191 0.454 0.193 0.516 0.139 0.516 0.142 0.263 0.195 0.263 0.136 0.311 0.195 0.263 0.192 0.311 0.136 0.311 0.212 0.781 0.231 0.781 0.223 0.79 0.231 0.781 0.236 0.79 0.223 0.79 0.139 0.516 0.193 0.516 0.145 0.564 0.193 0.516 0.196 0.564 0.145 0.564 0.151 0.222 0.2 0.222 0.142 0.263 0.2 0.222 0.195 0.263 0.142 0.263 0 0 0 0 0 0 0 0 0 0 0 0 0.145 0.564 0.196 0.564 0.153 0.609 0.196 0.564 0.2 0.609 0.153 0.609 0.175 0.162 0.212 0.162 0.163 0.187 0.212 0.162 0.206 0.187 0.163 0.187 0.153 0.609 0.2 0.609 0.163 0.655 0.2 0.609 0.206 0.655 0.163 0.655 0.163 0.187 0.206 0.187 0.151 0.222 0.206 0.187 0.2 0.222 0.151 0.222 0 0 0 0 0 0 0 0 0 0 0 0 0.163 0.655 0.206 0.655 0.174 0.696 0.206 0.655 0.211 0.696 0.174 0.696 0.136 0.311 0.192 0.311 0.133 0.357 0.192 0.311 0.19 0.357 0.133 0.357 0 0 0 0 0 0 0 0 0 0 0 0 0.174 0.696 0.211 0.696 0.188 0.737 0.211 0.696 0.219 0.737 0.188 0.737 0.133 0.357 0.19 0.357 0.133 0.404 0.19 0.357 0.19 0.404 0.133 0.404 0 0 0 0 0 0 0 0 0 0 0 0 0.188 0.737 0.219 0.737 0.203 0.767 0.219 0.737 0.226 0.767 0.203 0.767 0.133 0.404 0.19 0.404 0.134 0.454 0.19 0.404 0.191 0.454 0.134 0.454 0 0 0 0 0 0 0 0 0 0 0 0 0.19 0.404 0.251 0.404 0.191 0.454 0.251 0.404 0.251 0.454 0.191 0.454 0 0 0 0 0 0 0 0 0 0 0 0 0.226 0.767 0.251 0.767 0.231 0.781 0.251 0.767 0.251 0.781 0.231 0.781 0.191 0.454 0.251 0.454 0.193 0.516 0.251 0.454 0.251 0.516 0.193 0.516 0.195 0.263 0.251 0.263 0.192 0.311 0.251 0.263 0.251 0.311 0.192 0.311 0.231 0.781 0.251 0.781 0.236 0.79 0.251 0.781 0.251 0.79 0.236 0.79 0.193 0.516 0.251 0.516 0.196 0.564 0.251 0.516 0.251 0.564 0.196 0.564 0.2 0.222 0.251 0.222 0.195 0.263 0.251 0.222 0.251 0.263 0.195 0.263 0.196 0.564 0.251 0.564 0.2 0.609 0.251 0.564 0.251 0.609 0.2 0.609 0.212 0.162 0.251 0.162 0.206 0.187 0.251 0.162 0.251 0.187 0.206 0.187 0 0 0 0 0 0 0 0 0 0 0 0 0.2 0.609 0.251 0.609 0.206 0.655 0.251 0.609 0.251 0.655 0.206 0.655 0.206 0.187 0.251 0.187 0.2 0.222 0.251 0.187 0.251 0.222 0.2 0.222 0 0 0 0 0 0 0 0 0 0 0 0 0.206 0.655 0.251 0.655 0.211 0.696 0.251 0.655 0.251 0.696 0.211 0.696 0.192 0.311 0.251 0.311 0.19 0.357 0.251 0.311 0.251 0.357 0.19 0.357 0 0 0 0 0 0 0 0 0 0 0 0 0.211 0.696 0.251 0.696 0.219 0.737 0.251 0.696 0.251 0.737 0.219 0.737 0.19 0.357 0.251 0.357 0.19 0.404 0.251 0.357 0.251 0.404 0.19 0.404 0 0 0 0 0 0 0 0 0 0 0 0 0.219 0.737 0.251 0.737 0.226 0.767 0.251 0.737 0.251 0.767 0.226 0.767 0 0 0 0 0 0 0 0 0 0 0 0 0 0 0 0 0 0 0 0 0 0 0 0 0 0 0 0 0 0 0 0 0 0 0 0 0 0 0 0 0 0 0 0 0 0 0 0 0 0 0 0 0 0 0 0 0 0 0 0 0 0 0 0 0 0 0 0 0 0 0 0 0 0 0 0 0 0 0 0 0 0 0 0 0 0 0 0 0 0 0 0 0 0 0 0 0 0 0 0 0 0 0 0 0 0 0 0 0 0 0 0 0 0 0 0 0 0 0 0 0 0 0 0 0 0 0 0 0 0 0 0 0 0 0 0 0 0 0 0 0 0 0 0 0 0 0 0 0 0 0 0 0 0 0 0 0 0 0 0 0 0 0 0 0 0 0 0 0 0 0 0 0 0 0 0 0 0 0 0 0 0 0 0 0 0 0 0 0 0 0 0 0 0 0 0 0 0 0 0 0 0 0 0 0 0 0 0 0 0 0 0 0 0 0 0 0 0 0 0 0 0 0 0 0 0 0 0 0 0 0 0 0 0 0 0 0 0 0 0 0 0 0 0 0 0 0 0 0 0 0 0 0 0 0 0 0 0</float_array>
					<technique_common>
						<accessor source="#44E8B445-F7EF-4223-9556-3F2C57B8A524-mesh-map-1-array" count="3600" stride="2">
							<param name="S" type="float"/>
							<param name="T" type="float"/>
						</accessor>
					</technique_common>
				</source>
				<source id="44E8B445-F7EF-4223-9556-3F2C57B8A524-mesh-map-2">
					<float_array id="44E8B445-F7EF-4223-9556-3F2C57B8A524-mesh-map-2-array" count="7200">0.5 0.517 0.541 0.517 0.5 0.564 0.541 0.517 0.541 0.564 0.5 0.564 0.5 0.222 0.541 0.222 0.5 0.263 0.541 0.222 0.541 0.263 0.5 0.263 0 0 0 0 0 0 0 0 0 0 0 0 0.5 0.564 0.541 0.564 0.5 0.609 0.541 0.564 0.541 0.609 0.5 0.609 0.5 0.162 0.541 0.162 0.5 0.186 0.541 0.162 0.541 0.186 0.5 0.186 0 0 0 0 0 0 0 0 0 0 0 0 0.5 0.609 0.541 0.609 0.5 0.655 0.541 0.609 0.541 0.655 0.5 0.655 0.5 0.186 0.541 0.186 0.5 0.222 0.541 0.186 0.541 0.222 0.5 0.222 0 0 0 0 0 0 0 0 0 0 0 0 0.5 0.655 0.541 0.655 0.5 0.697 0.541 0.655 0.541 0.697 0.5 0.697 0.5 0.311 0.541 0.311 0.5 0.357 0.541 0.311 0.541 0.357 0.5 0.357 0 0 0 0 0 0 0 0 0 0 0 0 0.5 0.697 0.541 0.697 0.5 0.737 0.541 0.697 0.541 0.737 0.5 0.737 0.5 0.357 0.541 0.357 0.5 0.405 0.541 0.357 0.541 0.405 0.5 0.405 0 0 0 0 0 0 0 0 0 0 0 0 0.5 0.737 0.541 0.737 0.5 0.767 0.541 0.737 0.541 0.767 0.5 0.767 0.5 0.405 0.541 0.405 0.5 0.455 0.541 0.405 0.541 0.455 0.5 0.455 0 0 0 0 0 0 0 0 0 0 0 0 0.5 0.767 0.541 0.767 0.5 0.781 0.541 0.767 0.541 0.781 0.5 0.781 0.5 0.455 0.541 0.455 0.5 0.517 0.541 0.455 0.541 0.517 0.5 0.517 0.5 0.263 0.541 0.263 0.5 0.311 0.541 0.263 0.541 0.311 0.5 0.311 0.5 0.781 0.541 0.781 0.5 0.79 0.541 0.781 0.541 0.79 0.5 0.79 0.541 0.222 0.581 0.222 0.541 0.263 0.581 0.222 0.581 0.263 0.541 0.263 0 0 0 0 0 0 0 0 0 0 0 0 0.541 0.564 0.581 0.564 0.541 0.609 0.581 0.564 0.581 0.609 0.541 0.609 0.541 0.162 0.581 0.162 0.541 0.186 0.581 0.162 0.581 0.186 0.541 0.186 0 0 0 0 0 0 0 0 0 0 0 0 0.541 0.609 0.581 0.609 0.541 0.655 0.581 0.609 0.581 0.655 0.541 0.655 0.541 0.186 0.581 0.186 0.541 0.222 0.581 0.186 0.581 0.222 0.541 0.222 0 0 0 0 0 0 0 0 0 0 0 0 0.541 0.655 0.581 0.655 0.541 0.697 0.581 0.655 0.581 0.697 0.541 0.697 0.541 0.311 0.581 0.311 0.541 0.357 0.581 0.311 0.581 0.357 0.541 0.357 0 0 0 0 0 0 0 0 0 0 0 0 0.541 0.697 0.581 0.697 0.541 0.737 0.581 0.697 0.581 0.737 0.541 0.737 0.541 0.357 0.581 0.357 0.541 0.405 0.581 0.357 0.581 0.405 0.541 0.405 0 0 0 0 0 0 0 0 0 0 0 0 0.541 0.737 0.581 0.737 0.541 0.767 0.581 0.737 0.581 0.767 0.541 0.767 0.541 0.405 0.581 0.405 0.541 0.455 0.581 0.405 0.581 0.455 0.541 0.455 0 0 0 0 0 0 0 0 0 0 0 0 0.541 0.767 0.581 0.767 0.541 0.781 0.581 0.767 0.581 0.781 0.541 0.781 0.541 0.455 0.581 0.455 0.541 0.517 0.581 0.455 0.581 0.517 0.541 0.517 0.541 0.263 0.581 0.263 0.541 0.311 0.581 0.263 0.581 0.311 0.541 0.311 0.541 0.781 0.581 0.781 0.541 0.79 0.581 0.781 0.581 0.79 0.541 0.79 0.541 0.517 0.581 0.517 0.541 0.564 0.581 0.517 0.581 0.564 0.541 0.564 0.581 0.781 0.622 0.781 0.581 0.79 0.622 0.781 0.622 0.79 0.581 0.79 0.581 0.517 0.622 0.517 0.581 0.564 0.622 0.517 0.622 0.564 0.581 0.564 0.581 0.222 0.622 0.222 0.581 0.263 0.622 0.222 0.622 0.263 0.581 0.263 0 0 0 0 0 0 0.581 0.564 0.622 0.564 0.581 0.609 0.622 0.564 0.622 0.609 0.581 0.609 0.581 0.162 0.622 0.162 0.581 0.186 0.622 0.162 0.622 0.186 0.581 0.186 0 0 0 0 0 0 0 0 0 0 0 0 0.581 0.609 0.622 0.609 0.581 0.655 0.622 0.609 0.622 0.655 0.581 0.655 0.581 0.186 0.622 0.186 0.581 0.222 0.622 0.186 0.622 0.222 0.581 0.222 0 0 0 0 0 0 0 0 0 0 0 0 0.581 0.655 0.622 0.655 0.581 0.697 0.622 0.655 0.622 0.697 0.581 0.697 0.581 0.311 0.622 0.311 0.581 0.357 0.622 0.311 0.622 0.357 0.581 0.357 0 0 0 0 0 0 0 0 0 0 0 0 0.581 0.697 0.622 0.697 0.581 0.737 0.622 0.697 0.622 0.737 0.581 0.737 0.581 0.357 0.622 0.357 0.581 0.405 0.622 0.357 0.622 0.405 0.581 0.405 0 0 0 0 0 0 0 0 0 0 0 0 0.581 0.737 0.622 0.737 0.581 0.767 0.622 0.737 0.622 0.767 0.581 0.767 0.581 0.405 0.622 0.405 0.581 0.455 0.622 0.405 0.622 0.455 0.581 0.455 0 0 0 0 0 0 0 0 0 0 0 0 0.581 0.767 0.622 0.767 0.581 0.781 0.622 0.767 0.622 0.781 0.581 0.781 0.581 0.455 0.622 0.455 0.581 0.517 0.622 0.455 0.622 0.517 0.581 0.517 0.581 0.263 0.622 0.263 0.581 0.311 0.622 0.263 0.622 0.311 0.581 0.311 0.622 0.455 0.662 0.455 0.622 0.517 0.662 0.455 0.662 0.517 0.622 0.517 0.622 0.263 0.662 0.263 0.622 0.311 0.662 0.263 0.662 0.311 0.622 0.311 0.622 0.781 0.662 0.781 0.622 0.79 0.662 0.781 0.662 0.79 0.622 0.79 0.622 0.517 0.662 0.517 0.622 0.564 0.662 0.517 0.662 0.564 0.622 0.564 0.622 0.222 0.662 0.222 0.622 0.263 0.662 0.222 0.662 0.263 0.622 0.263 0 0 0 0 0 0 0 0 0 0 0 0 0.622 0.564 0.662 0.564 0.622 0.609 0.662 0.564 0.662 0.609 0.622 0.609 0.622 0.162 0.662 0.162 0.622 0.186 0.662 0.162 0.662 0.186 0.622 0.186 0.622 0.609 0.662 0.609 0.622 0.655 0.662 0.609 0.662 0.655 0.622 0.655 0.622 0.186 0.662 0.186 0.622 0.222 0.662 0.186 0.662 0.222 0.622 0.222 0 0 0 0 0 0 0 0 0 0 0 0 0.622 0.655 0.662 0.655 0.622 0.697 0.662 0.655 0.662 0.697 0.622 0.697 0.622 0.311 0.662 0.311 0.622 0.357 0.662 0.311 0.662 0.357 0.622 0.357 0 0 0 0 0 0 0 0 0 0 0 0 0.622 0.697 0.662 0.697 0.622 0.737 0.662 0.697 0.662 0.737 0.622 0.737 0.622 0.357 0.662 0.357 0.622 0.405 0.662 0.357 0.662 0.405 0.622 0.405 0 0 0 0 0 0 0 0 0 0 0 0 0.622 0.737 0.662 0.737 0.622 0.767 0.662 0.737 0.662 0.767 0.622 0.767 0.622 0.405 0.662 0.405 0.622 0.455 0.662 0.405 0.662 0.455 0.622 0.455 0 0 0 0 0 0 0 0 0 0 0 0 0.622 0.767 0.662 0.767 0.622 0.781 0.662 0.767 0.662 0.781 0.622 0.781 0.662 0.767 0.703 0.767 0.662 0.781 0.703 0.767 0.703 0.781 0.662 0.781 0.662 0.455 0.703 0.455 0.662 0.517 0.703 0.455 0.703 0.517 0.662 0.517 0.662 0.263 0.703 0.263 0.662 0.311 0.703 0.263 0.703 0.311 0.662 0.311 0.662 0.781 0.703 0.781 0.662 0.79 0.703 0.781 0.703 0.79 0.662 0.79 0.662 0.517 0.703 0.517 0.662 0.564 0.703 0.517 0.703 0.564 0.662 0.564 0.662 0.222 0.703 0.222 0.662 0.263 0.703 0.222 0.703 0.263 0.662 0.263 0 0 0 0 0 0 0 0 0 0 0 0 0.662 0.564 0.703 0.564 0.662 0.609 0.703 0.564 0.703 0.609 0.662 0.609 0.662 0.162 0.703 0.162 0.662 0.186 0.703 0.162 0.703 0.186 0.662 0.186 0.662 0.609 0.703 0.609 0.662 0.655 0.703 0.609 0.703 0.655 0.662 0.655 0.662 0.186 0.703 0.186 0.662 0.222 0.703 0.186 0.703 0.222 0.662 0.222 0 0 0 0 0 0 0 0 0 0 0 0 0.662 0.655 0.703 0.655 0.662 0.697 0.703 0.655 0.703 0.697 0.662 0.697 0.662 0.311 0.703 0.311 0.662 0.357 0.703 0.311 0.703 0.357 0.662 0.357 0 0 0 0 0 0 0 0 0 0 0 0 0.662 0.697 0.703 0.697 0.662 0.737 0.703 0.697 0.703 0.737 0.662 0.737 0.662 0.357 0.703 0.357 0.662 0.405 0.703 0.357 0.703 0.405 0.662 0.405 0 0 0 0 0 0 0 0 0 0 0 0 0.662 0.737 0.703 0.737 0.662 0.767 0.703 0.737 0.703 0.767 0.662 0.767 0.662 0.405 0.703 0.405 0.662 0.455 0.703 0.405 0.703 0.455 0.662 0.455 0 0 0 0 0 0 0 0 0 0 0 0 0.703 0.405 0.743 0.405 0.703 0.455 0.743 0.405 0.743 0.455 0.703 0.455 0 0 0 0 0 0 0 0 0 0 0 0 0.703 0.767 0.743 0.767 0.703 0.781 0.743 0.767 0.743 0.781 0.703 0.781 0.703 0.455 0.743 0.455 0.703 0.517 0.743 0.455 0.743 0.517 0.703 0.517 0.703 0.263 0.743 0.263 0.703 0.311 0.743 0.263 0.743 0.311 0.703 0.311 0.703 0.781 0.743 0.781 0.703 0.79 0.743 0.781 0.743 0.79 0.703 0.79 0.703 0.517 0.743 0.517 0.703 0.564 0.743 0.517 0.743 0.564 0.703 0.564 0.703 0.222 0.743 0.222 0.703 0.263 0.743 0.222 0.743 0.263 0.703 0.263 0.703 0.564 0.743 0.564 0.703 0.609 0.743 0.564 0.743 0.609 0.703 0.609 0.703 0.162 0.743 0.162 0.703 0.186 0.743 0.162 0.743 0.186 0.703 0.186 0 0 0 0 0 0 0 0 0 0 0 0 0.703 0.609 0.743 0.609 0.703 0.655 0.743 0.609 0.743 0.655 0.703 0.655 0.703 0.186 0.743 0.186 0.703 0.222 0.743 0.186 0.743 0.222 0.703 0.222 0 0 0 0 0 0 0 0 0 0 0 0 0.703 0.655 0.743 0.655 0.703 0.697 0.743 0.655 0.743 0.697 0.703 0.697 0.703 0.311 0.743 0.311 0.703 0.357 0.743 0.311 0.743 0.357 0.703 0.357 0 0 0 0 0 0 0 0 0 0 0 0 0.703 0.697 0.743 0.697 0.703 0.737 0.743 0.697 0.743 0.737 0.703 0.737 0.703 0.357 0.743 0.357 0.703 0.405 0.743 0.357 0.743 0.405 0.703 0.405 0 0 0 0 0 0 0 0 0 0 0 0 0.703 0.737 0.743 0.737 0.703 0.767 0.743 0.737 0.743 0.767 0.703 0.767 0 0 0 0 0 0 0 0 0 0 0 0 0 0 0 0 0 0 0 0 0 0 0 0 0 0 0 0 0 0 0 0 0 0 0 0 0 0 0 0 0 0 0 0 0 0 0 0 0 0 0 0 0 0 0 0 0 0 0 0 0 0 0 0 0 0 0 0 0 0 0 0 0 0 0 0 0 0 0 0 0 0 0 0 0 0 0 0 0 0 0 0 0 0 0 0 0 0 0 0 0 0 0 0 0 0 0 0 0 0 0 0 0 0 0 0 0 0 0 0 0 0 0 0 0 0 0 0 0 0 0 0 0 0 0 0 0 0 0 0 0 0 0 0 0 0 0 0 0 0 0 0 0 0 0 0 0 0 0 0 0 0 0 0 0 0 0 0 0 0 0 0 0 0 0 0 0 0 0 0 0 0 0 0 0 0 0 0 0 0 0 0 0 0 0 0 0 0 0 0 0 0 0 0 0 0 0 0 0 0 0 0 0 0 0 0 0 0 0 0 0 0 0 0 0 0 0 0 0 0 0 0 0 0 0 0 0 0 0 0 0 0 0 0 0 0 0 0 0 0 0 0 0 0 0 0 0 0 0.986 0.517 0.986 0.564 0.946 0.517 0.986 0.564 0.946 0.564 0.946 0.517 0.986 0.222 0.986 0.263 0.946 0.222 0.986 0.263 0.946 0.263 0.946 0.222 0 0 0 0 0 0 0 0 0 0 0 0 0.986 0.564 0.986 0.609 0.946 0.564 0.986 0.609 0.946 0.609 0.946 0.564 0.986 0.162 0.986 0.186 0.946 0.162 0.986 0.186 0.946 0.186 0.946 0.162 0 0 0 0 0 0 0 0 0 0 0 0 0.986 0.609 0.986 0.655 0.946 0.609 0.986 0.655 0.946 0.655 0.946 0.609 0.986 0.186 0.986 0.222 0.946 0.186 0.986 0.222 0.946 0.222 0.946 0.186 0 0 0 0 0 0 0 0 0 0 0 0 0.986 0.655 0.986 0.697 0.946 0.655 0.986 0.697 0.946 0.697 0.946 0.655 0.986 0.311 0.986 0.357 0.946 0.311 0.986 0.357 0.946 0.357 0.946 0.311 0 0 0 0 0 0 0 0 0 0 0 0 0.986 0.697 0.986 0.737 0.946 0.697 0.986 0.737 0.946 0.737 0.946 0.697 0.986 0.357 0.986 0.405 0.946 0.357 0.986 0.405 0.946 0.405 0.946 0.357 0 0 0 0 0 0 0 0 0 0 0 0 0.986 0.737 0.986 0.767 0.946 0.737 0.986 0.767 0.946 0.767 0.946 0.737 0.986 0.405 0.986 0.455 0.946 0.405 0.986 0.455 0.946 0.455 0.946 0.405 0 0 0 0 0 0 0 0 0 0 0 0 0.986 0.767 0.986 0.781 0.946 0.767 0.986 0.781 0.946 0.781 0.946 0.767 0.986 0.455 0.986 0.517 0.946 0.455 0.986 0.517 0.946 0.517 0.946 0.455 0.986 0.263 0.986 0.311 0.946 0.263 0.986 0.311 0.946 0.311 0.946 0.263 0.986 0.781 0.986 0.79 0.946 0.781 0.986 0.79 0.946 0.79 0.946 0.781 0.946 0.222 0.946 0.263 0.905 0.222 0.946 0.263 0.905 0.263 0.905 0.222 0 0 0 0 0 0 0 0 0 0 0 0 0.946 0.564 0.946 0.609 0.905 0.564 0.946 0.609 0.905 0.609 0.905 0.564 0.946 0.162 0.946 0.186 0.905 0.162 0.946 0.186 0.905 0.186 0.905 0.162 0 0 0 0 0 0 0 0 0 0 0 0 0.946 0.609 0.946 0.655 0.905 0.609 0.946 0.655 0.905 0.655 0.905 0.609 0.946 0.186 0.946 0.222 0.905 0.186 0.946 0.222 0.905 0.222 0.905 0.186 0 0 0 0 0 0 0 0 0 0 0 0 0.946 0.655 0.946 0.697 0.905 0.655 0.946 0.697 0.905 0.697 0.905 0.655 0.946 0.311 0.946 0.357 0.905 0.311 0.946 0.357 0.905 0.357 0.905 0.311 0 0 0 0 0 0 0 0 0 0 0 0 0.946 0.697 0.946 0.737 0.905 0.697 0.946 0.737 0.905 0.737 0.905 0.697 0.946 0.357 0.946 0.405 0.905 0.357 0.946 0.405 0.905 0.405 0.905 0.357 0 0 0 0 0 0 0 0 0 0 0 0 0.946 0.737 0.946 0.767 0.905 0.737 0.946 0.767 0.905 0.767 0.905 0.737 0.946 0.405 0.946 0.455 0.905 0.405 0.946 0.455 0.905 0.455 0.905 0.405 0 0 0 0 0 0 0 0 0 0 0 0 0.946 0.767 0.946 0.781 0.905 0.767 0.946 0.781 0.905 0.781 0.905 0.767 0.946 0.455 0.946 0.517 0.905 0.455 0.946 0.517 0.905 0.517 0.905 0.455 0.946 0.263 0.946 0.311 0.905 0.263 0.946 0.311 0.905 0.311 0.905 0.263 0.946 0.781 0.946 0.79 0.905 0.781 0.946 0.79 0.905 0.79 0.905 0.781 0.946 0.517 0.946 0.564 0.905 0.517 0.946 0.564 0.905 0.564 0.905 0.517 0.905 0.781 0.905 0.79 0.865 0.781 0.905 0.79 0.865 0.79 0.865 0.781 0.905 0.517 0.905 0.564 0.865 0.517 0.905 0.564 0.865 0.564 0.865 0.517 0.905 0.222 0.905 0.263 0.865 0.222 0.905 0.263 0.865 0.263 0.865 0.222 0 0 0 0 0 0 0.905 0.564 0.905 0.609 0.865 0.564 0.905 0.609 0.865 0.609 0.865 0.564 0.905 0.162 0.905 0.186 0.865 0.162 0.905 0.186 0.865 0.186 0.865 0.162 0 0 0 0 0 0 0 0 0 0 0 0 0.905 0.609 0.905 0.655 0.865 0.609 0.905 0.655 0.865 0.655 0.865 0.609 0.905 0.186 0.905 0.222 0.865 0.186 0.905 0.222 0.865 0.222 0.865 0.186 0 0 0 0 0 0 0 0 0 0 0 0 0.905 0.655 0.905 0.697 0.865 0.655 0.905 0.697 0.865 0.697 0.865 0.655 0.905 0.311 0.905 0.357 0.865 0.311 0.905 0.357 0.865 0.357 0.865 0.311 0 0 0 0 0 0 0 0 0 0 0 0 0.905 0.697 0.905 0.737 0.865 0.697 0.905 0.737 0.865 0.737 0.865 0.697 0.905 0.357 0.905 0.405 0.865 0.357 0.905 0.405 0.865 0.405 0.865 0.357 0 0 0 0 0 0 0 0 0 0 0 0 0.905 0.737 0.905 0.767 0.865 0.737 0.905 0.767 0.865 0.767 0.865 0.737 0.905 0.405 0.905 0.455 0.865 0.405 0.905 0.455 0.865 0.455 0.865 0.405 0 0 0 0 0 0 0 0 0 0 0 0 0.905 0.767 0.905 0.781 0.865 0.767 0.905 0.781 0.865 0.781 0.865 0.767 0.905 0.455 0.905 0.517 0.865 0.455 0.905 0.517 0.865 0.517 0.865 0.455 0.905 0.263 0.905 0.311 0.865 0.263 0.905 0.311 0.865 0.311 0.865 0.263 0.865 0.455 0.865 0.517 0.824 0.455 0.865 0.517 0.824 0.517 0.824 0.455 0.865 0.263 0.865 0.311 0.824 0.263 0.865 0.311 0.824 0.311 0.824 0.263 0.865 0.781 0.865 0.79 0.824 0.781 0.865 0.79 0.824 0.79 0.824 0.781 0.865 0.517 0.865 0.564 0.824 0.517 0.865 0.564 0.824 0.564 0.824 0.517 0.865 0.222 0.865 0.263 0.824 0.222 0.865 0.263 0.824 0.263 0.824 0.222 0 0 0 0 0 0 0 0 0 0 0 0 0.865 0.564 0.865 0.609 0.824 0.564 0.865 0.609 0.824 0.609 0.824 0.564 0.865 0.162 0.865 0.186 0.824 0.162 0.865 0.186 0.824 0.186 0.824 0.162 0.865 0.609 0.865 0.655 0.824 0.609 0.865 0.655 0.824 0.655 0.824 0.609 0.865 0.186 0.865 0.222 0.824 0.186 0.865 0.222 0.824 0.222 0.824 0.186 0 0 0 0 0 0 0 0 0 0 0 0 0.865 0.655 0.865 0.697 0.824 0.655 0.865 0.697 0.824 0.697 0.824 0.655 0.865 0.311 0.865 0.357 0.824 0.311 0.865 0.357 0.824 0.357 0.824 0.311 0 0 0 0 0 0 0 0 0 0 0 0 0.865 0.697 0.865 0.737 0.824 0.697 0.865 0.737 0.824 0.737 0.824 0.697 0.865 0.357 0.865 0.405 0.824 0.357 0.865 0.405 0.824 0.405 0.824 0.357 0 0 0 0 0 0 0 0 0 0 0 0 0.865 0.737 0.865 0.767 0.824 0.737 0.865 0.767 0.824 0.767 0.824 0.737 0.865 0.405 0.865 0.455 0.824 0.405 0.865 0.455 0.824 0.455 0.824 0.405 0 0 0 0 0 0 0 0 0 0 0 0 0.865 0.767 0.865 0.781 0.824 0.767 0.865 0.781 0.824 0.781 0.824 0.767 0.824 0.767 0.824 0.781 0.784 0.767 0.824 0.781 0.784 0.781 0.784 0.767 0.824 0.455 0.824 0.517 0.784 0.455 0.824 0.517 0.784 0.517 0.784 0.455 0.824 0.263 0.824 0.311 0.784 0.263 0.824 0.311 0.784 0.311 0.784 0.263 0.824 0.781 0.824 0.79 0.784 0.781 0.824 0.79 0.784 0.79 0.784 0.781 0.824 0.517 0.824 0.564 0.784 0.517 0.824 0.564 0.784 0.564 0.784 0.517 0.824 0.222 0.824 0.263 0.784 0.222 0.824 0.263 0.784 0.263 0.784 0.222 0 0 0 0 0 0 0 0 0 0 0 0 0.824 0.564 0.824 0.609 0.784 0.564 0.824 0.609 0.784 0.609 0.784 0.564 0.824 0.162 0.824 0.186 0.784 0.162 0.824 0.186 0.784 0.186 0.784 0.162 0.824 0.609 0.824 0.655 0.784 0.609 0.824 0.655 0.784 0.655 0.784 0.609 0.824 0.186 0.824 0.222 0.784 0.186 0.824 0.222 0.784 0.222 0.784 0.186 0 0 0 0 0 0 0 0 0 0 0 0 0.824 0.655 0.824 0.697 0.784 0.655 0.824 0.697 0.784 0.697 0.784 0.655 0.824 0.311 0.824 0.357 0.784 0.311 0.824 0.357 0.784 0.357 0.784 0.311 0 0 0 0 0 0 0 0 0 0 0 0 0.824 0.697 0.824 0.737 0.784 0.697 0.824 0.737 0.784 0.737 0.784 0.697 0.824 0.357 0.824 0.405 0.784 0.357 0.824 0.405 0.784 0.405 0.784 0.357 0 0 0 0 0 0 0 0 0 0 0 0 0.824 0.737 0.824 0.767 0.784 0.737 0.824 0.767 0.784 0.767 0.784 0.737 0.824 0.405 0.824 0.455 0.784 0.405 0.824 0.455 0.784 0.455 0.784 0.405 0 0 0 0 0 0 0 0 0 0 0 0 0.784 0.405 0.784 0.455 0.743 0.405 0.784 0.455 0.743 0.455 0.743 0.405 0 0 0 0 0 0 0 0 0 0 0 0 0.784 0.767 0.784 0.781 0.743 0.767 0.784 0.781 0.743 0.781 0.743 0.767 0.784 0.455 0.784 0.517 0.743 0.455 0.784 0.517 0.743 0.517 0.743 0.455 0.784 0.263 0.784 0.311 0.743 0.263 0.784 0.311 0.743 0.311 0.743 0.263 0.784 0.781 0.784 0.79 0.743 0.781 0.784 0.79 0.743 0.79 0.743 0.781 0.784 0.517 0.784 0.564 0.743 0.517 0.784 0.564 0.743 0.564 0.743 0.517 0.784 0.222 0.784 0.263 0.743 0.222 0.784 0.263 0.743 0.263 0.743 0.222 0.784 0.564 0.784 0.609 0.743 0.564 0.784 0.609 0.743 0.609 0.743 0.564 0.784 0.162 0.784 0.186 0.743 0.162 0.784 0.186 0.743 0.186 0.743 0.162 0 0 0 0 0 0 0 0 0 0 0 0 0.784 0.609 0.784 0.655 0.743 0.609 0.784 0.655 0.743 0.655 0.743 0.609 0.784 0.186 0.784 0.222 0.743 0.186 0.784 0.222 0.743 0.222 0.743 0.186 0 0 0 0 0 0 0 0 0 0 0 0 0.784 0.655 0.784 0.697 0.743 0.655 0.784 0.697 0.743 0.697 0.743 0.655 0.784 0.311 0.784 0.357 0.743 0.311 0.784 0.357 0.743 0.357 0.743 0.311 0 0 0 0 0 0 0 0 0 0 0 0 0.784 0.697 0.784 0.737 0.743 0.697 0.784 0.737 0.743 0.737 0.743 0.697 0.784 0.357 0.784 0.405 0.743 0.357 0.784 0.405 0.743 0.405 0.743 0.357 0 0 0 0 0 0 0 0 0 0 0 0 0.784 0.737 0.784 0.767 0.743 0.737 0.784 0.767 0.743 0.767 0.743 0.737 0 0 0 0 0 0 0 0 0 0 0 0 0 0 0 0 0 0 0 0 0 0 0 0 0 0 0 0 0 0 0 0 0 0 0 0 0 0 0 0 0 0 0 0 0 0 0 0 0 0 0 0 0 0 0 0 0 0 0 0 0 0 0 0 0 0 0 0 0 0 0 0 0 0 0 0 0 0 0 0 0 0 0 0 0 0 0 0 0 0 0 0 0 0 0 0 0 0 0 0 0 0 0 0 0 0 0 0 0 0 0 0 0 0 0 0 0 0 0 0 0 0 0 0 0 0 0 0 0 0 0 0 0 0 0 0 0 0 0 0 0 0 0 0 0 0 0 0 0 0 0 0 0 0 0 0 0 0 0 0 0 0 0 0 0 0 0 0 0 0 0 0 0 0 0 0 0 0 0 0 0 0 0 0 0 0 0 0 0 0 0 0 0 0 0 0 0 0 0 0 0 0 0 0 0 0 0 0 0 0 0 0 0 0 0 0 0 0 0 0 0 0 0 0 0 0 0 0 0 0 0 0 0 0 0 0 0 0 0 0 0 0 0 0 0 0 0 0 0 0 0 0 0 0 0 0 0 0 0.5 0.517 0.5 0.564 0.46 0.517 0.5 0.564 0.46 0.564 0.46 0.517 0.5 0.222 0.5 0.263 0.46 0.222 0.5 0.263 0.46 0.263 0.46 0.222 0 0 0 0 0 0 0 0 0 0 0 0 0.5 0.564 0.5 0.609 0.46 0.564 0.5 0.609 0.46 0.609 0.46 0.564 0.5 0.162 0.5 0.186 0.46 0.162 0.5 0.186 0.46 0.186 0.46 0.162 0 0 0 0 0 0 0 0 0 0 0 0 0.5 0.609 0.5 0.655 0.46 0.609 0.5 0.655 0.46 0.655 0.46 0.609 0.5 0.186 0.5 0.222 0.46 0.186 0.5 0.222 0.46 0.222 0.46 0.186 0 0 0 0 0 0 0 0 0 0 0 0 0.5 0.655 0.5 0.697 0.46 0.655 0.5 0.697 0.46 0.697 0.46 0.655 0.5 0.311 0.5 0.357 0.46 0.311 0.5 0.357 0.46 0.357 0.46 0.311 0 0 0 0 0 0 0 0 0 0 0 0 0.5 0.697 0.5 0.737 0.46 0.697 0.5 0.737 0.46 0.737 0.46 0.697 0.5 0.357 0.5 0.405 0.46 0.357 0.5 0.405 0.46 0.405 0.46 0.357 0 0 0 0 0 0 0 0 0 0 0 0 0.5 0.737 0.5 0.767 0.46 0.737 0.5 0.767 0.46 0.767 0.46 0.737 0.5 0.405 0.5 0.455 0.46 0.405 0.5 0.455 0.46 0.455 0.46 0.405 0 0 0 0 0 0 0 0 0 0 0 0 0.5 0.767 0.5 0.781 0.46 0.767 0.5 0.781 0.46 0.781 0.46 0.767 0.5 0.455 0.5 0.517 0.46 0.455 0.5 0.517 0.46 0.517 0.46 0.455 0.5 0.263 0.5 0.311 0.46 0.263 0.5 0.311 0.46 0.311 0.46 0.263 0.5 0.781 0.5 0.79 0.46 0.781 0.5 0.79 0.46 0.79 0.46 0.781 0.46 0.222 0.46 0.263 0.419 0.222 0.46 0.263 0.419 0.263 0.419 0.222 0 0 0 0 0 0 0 0 0 0 0 0 0.46 0.564 0.46 0.609 0.419 0.564 0.46 0.609 0.419 0.609 0.419 0.564 0.46 0.162 0.46 0.186 0.419 0.162 0.46 0.186 0.419 0.186 0.419 0.162 0 0 0 0 0 0 0 0 0 0 0 0 0.46 0.609 0.46 0.655 0.419 0.609 0.46 0.655 0.419 0.655 0.419 0.609 0.46 0.186 0.46 0.222 0.419 0.186 0.46 0.222 0.419 0.222 0.419 0.186 0 0 0 0 0 0 0 0 0 0 0 0 0.46 0.655 0.46 0.697 0.419 0.655 0.46 0.697 0.419 0.697 0.419 0.655 0.46 0.311 0.46 0.357 0.419 0.311 0.46 0.357 0.419 0.357 0.419 0.311 0 0 0 0 0 0 0 0 0 0 0 0 0.46 0.697 0.46 0.737 0.419 0.697 0.46 0.737 0.419 0.737 0.419 0.697 0.46 0.357 0.46 0.405 0.419 0.357 0.46 0.405 0.419 0.405 0.419 0.357 0 0 0 0 0 0 0 0 0 0 0 0 0.46 0.737 0.46 0.767 0.419 0.737 0.46 0.767 0.419 0.767 0.419 0.737 0.46 0.405 0.46 0.455 0.419 0.405 0.46 0.455 0.419 0.455 0.419 0.405 0 0 0 0 0 0 0 0 0 0 0 0 0.46 0.767 0.46 0.781 0.419 0.767 0.46 0.781 0.419 0.781 0.419 0.767 0.46 0.455 0.46 0.517 0.419 0.455 0.46 0.517 0.419 0.517 0.419 0.455 0.46 0.263 0.46 0.311 0.419 0.263 0.46 0.311 0.419 0.311 0.419 0.263 0.46 0.781 0.46 0.79 0.419 0.781 0.46 0.79 0.419 0.79 0.419 0.781 0.46 0.517 0.46 0.564 0.419 0.517 0.46 0.564 0.419 0.564 0.419 0.517 0.419 0.781 0.419 0.79 0.379 0.781 0.419 0.79 0.379 0.79 0.379 0.781 0.419 0.517 0.419 0.564 0.379 0.517 0.419 0.564 0.379 0.564 0.379 0.517 0.419 0.222 0.419 0.263 0.379 0.222 0.419 0.263 0.379 0.263 0.379 0.222 0 0 0 0 0 0 0.419 0.564 0.419 0.609 0.379 0.564 0.419 0.609 0.379 0.609 0.379 0.564 0.419 0.162 0.419 0.186 0.379 0.162 0.419 0.186 0.379 0.186 0.379 0.162 0 0 0 0 0 0 0 0 0 0 0 0 0.419 0.609 0.419 0.655 0.379 0.609 0.419 0.655 0.379 0.655 0.379 0.609 0.419 0.186 0.419 0.222 0.379 0.186 0.419 0.222 0.379 0.222 0.379 0.186 0 0 0 0 0 0 0 0 0 0 0 0 0.419 0.655 0.419 0.697 0.379 0.655 0.419 0.697 0.379 0.697 0.379 0.655 0.419 0.311 0.419 0.357 0.379 0.311 0.419 0.357 0.379 0.357 0.379 0.311 0 0 0 0 0 0 0 0 0 0 0 0 0.419 0.697 0.419 0.737 0.379 0.697 0.419 0.737 0.379 0.737 0.379 0.697 0.419 0.357 0.419 0.405 0.379 0.357 0.419 0.405 0.379 0.405 0.379 0.357 0 0 0 0 0 0 0 0 0 0 0 0 0.419 0.737 0.419 0.767 0.379 0.737 0.419 0.767 0.379 0.767 0.379 0.737 0.419 0.405 0.419 0.455 0.379 0.405 0.419 0.455 0.379 0.455 0.379 0.405 0 0 0 0 0 0 0 0 0 0 0 0 0.419 0.767 0.419 0.781 0.379 0.767 0.419 0.781 0.379 0.781 0.379 0.767 0.419 0.455 0.419 0.517 0.379 0.455 0.419 0.517 0.379 0.517 0.379 0.455 0.419 0.263 0.419 0.311 0.379 0.263 0.419 0.311 0.379 0.311 0.379 0.263 0.379 0.455 0.379 0.517 0.338 0.455 0.379 0.517 0.338 0.517 0.338 0.455 0.379 0.263 0.379 0.311 0.338 0.263 0.379 0.311 0.338 0.311 0.338 0.263 0.379 0.781 0.379 0.79 0.338 0.781 0.379 0.79 0.338 0.79 0.338 0.781 0.379 0.517 0.379 0.564 0.338 0.517 0.379 0.564 0.338 0.564 0.338 0.517 0.379 0.222 0.379 0.263 0.338 0.222 0.379 0.263 0.338 0.263 0.338 0.222 0 0 0 0 0 0 0 0 0 0 0 0 0.379 0.564 0.379 0.609 0.338 0.564 0.379 0.609 0.338 0.609 0.338 0.564 0.379 0.162 0.379 0.186 0.338 0.162 0.379 0.186 0.338 0.186 0.338 0.162 0.379 0.609 0.379 0.655 0.338 0.609 0.379 0.655 0.338 0.655 0.338 0.609 0.379 0.186 0.379 0.222 0.338 0.186 0.379 0.222 0.338 0.222 0.338 0.186 0 0 0 0 0 0 0 0 0 0 0 0 0.379 0.655 0.379 0.697 0.338 0.655 0.379 0.697 0.338 0.697 0.338 0.655 0.379 0.311 0.379 0.357 0.338 0.311 0.379 0.357 0.338 0.357 0.338 0.311 0 0 0 0 0 0 0 0 0 0 0 0 0.379 0.697 0.379 0.737 0.338 0.697 0.379 0.737 0.338 0.737 0.338 0.697 0.379 0.357 0.379 0.405 0.338 0.357 0.379 0.405 0.338 0.405 0.338 0.357 0 0 0 0 0 0 0 0 0 0 0 0 0.379 0.737 0.379 0.767 0.338 0.737 0.379 0.767 0.338 0.767 0.338 0.737 0.379 0.405 0.379 0.455 0.338 0.405 0.379 0.455 0.338 0.455 0.338 0.405 0 0 0 0 0 0 0 0 0 0 0 0 0.379 0.767 0.379 0.781 0.338 0.767 0.379 0.781 0.338 0.781 0.338 0.767 0.338 0.767 0.338 0.781 0.298 0.767 0.338 0.781 0.298 0.781 0.298 0.767 0.338 0.455 0.338 0.517 0.298 0.455 0.338 0.517 0.298 0.517 0.298 0.455 0.338 0.263 0.338 0.311 0.298 0.263 0.338 0.311 0.298 0.311 0.298 0.263 0.338 0.781 0.338 0.79 0.298 0.781 0.338 0.79 0.298 0.79 0.298 0.781 0.338 0.517 0.338 0.564 0.298 0.517 0.338 0.564 0.298 0.564 0.298 0.517 0.338 0.222 0.338 0.263 0.298 0.222 0.338 0.263 0.298 0.263 0.298 0.222 0 0 0 0 0 0 0 0 0 0 0 0 0.338 0.564 0.338 0.609 0.298 0.564 0.338 0.609 0.298 0.609 0.298 0.564 0.338 0.162 0.338 0.186 0.298 0.162 0.338 0.186 0.298 0.186 0.298 0.162 0.338 0.609 0.338 0.655 0.298 0.609 0.338 0.655 0.298 0.655 0.298 0.609 0.338 0.186 0.338 0.222 0.298 0.186 0.338 0.222 0.298 0.222 0.298 0.186 0 0 0 0 0 0 0 0 0 0 0 0 0.338 0.655 0.338 0.697 0.298 0.655 0.338 0.697 0.298 0.697 0.298 0.655 0.338 0.311 0.338 0.357 0.298 0.311 0.338 0.357 0.298 0.357 0.298 0.311 0 0 0 0 0 0 0 0 0 0 0 0 0.338 0.697 0.338 0.737 0.298 0.697 0.338 0.737 0.298 0.737 0.298 0.697 0.338 0.357 0.338 0.405 0.298 0.357 0.338 0.405 0.298 0.405 0.298 0.357 0 0 0 0 0 0 0 0 0 0 0 0 0.338 0.737 0.338 0.767 0.298 0.737 0.338 0.767 0.298 0.767 0.298 0.737 0.338 0.405 0.338 0.455 0.298 0.405 0.338 0.455 0.298 0.455 0.298 0.405 0 0 0 0 0 0 0 0 0 0 0 0 0.298 0.405 0.298 0.455 0.257 0.405 0.298 0.455 0.257 0.455 0.257 0.405 0 0 0 0 0 0 0 0 0 0 0 0 0.298 0.767 0.298 0.781 0.257 0.767 0.298 0.781 0.257 0.781 0.257 0.767 0.298 0.455 0.298 0.517 0.257 0.455 0.298 0.517 0.257 0.517 0.257 0.455 0.298 0.263 0.298 0.311 0.257 0.263 0.298 0.311 0.257 0.311 0.257 0.263 0.298 0.781 0.298 0.79 0.257 0.781 0.298 0.79 0.257 0.79 0.257 0.781 0.298 0.517 0.298 0.564 0.257 0.517 0.298 0.564 0.257 0.564 0.257 0.517 0.298 0.222 0.298 0.263 0.257 0.222 0.298 0.263 0.257 0.263 0.257 0.222 0.298 0.564 0.298 0.609 0.257 0.564 0.298 0.609 0.257 0.609 0.257 0.564 0.298 0.162 0.298 0.186 0.257 0.162 0.298 0.186 0.257 0.186 0.257 0.162 0 0 0 0 0 0 0 0 0 0 0 0 0.298 0.609 0.298 0.655 0.257 0.609 0.298 0.655 0.257 0.655 0.257 0.609 0.298 0.186 0.298 0.222 0.257 0.186 0.298 0.222 0.257 0.222 0.257 0.186 0 0 0 0 0 0 0 0 0 0 0 0 0.298 0.655 0.298 0.697 0.257 0.655 0.298 0.697 0.257 0.697 0.257 0.655 0.298 0.311 0.298 0.357 0.257 0.311 0.298 0.357 0.257 0.357 0.257 0.311 0 0 0 0 0 0 0 0 0 0 0 0 0.298 0.697 0.298 0.737 0.257 0.697 0.298 0.737 0.257 0.737 0.257 0.697 0.298 0.357 0.298 0.405 0.257 0.357 0.298 0.405 0.257 0.405 0.257 0.357 0 0 0 0 0 0 0 0 0 0 0 0 0.298 0.737 0.298 0.767 0.257 0.737 0.298 0.767 0.257 0.767 0.257 0.737 0 0 0 0 0 0 0 0 0 0 0 0 0 0 0 0 0 0 0 0 0 0 0 0 0 0 0 0 0 0 0 0 0 0 0 0 0 0 0 0 0 0 0 0 0 0 0 0 0 0 0 0 0 0 0 0 0 0 0 0 0 0 0 0 0 0 0 0 0 0 0 0 0 0 0 0 0 0 0 0 0 0 0 0 0 0 0 0 0 0 0 0 0 0 0 0 0 0 0 0 0 0 0 0 0 0 0 0 0 0 0 0 0 0 0 0 0 0 0 0 0 0 0 0 0 0 0 0 0 0 0 0 0 0 0 0 0 0 0 0 0 0 0 0 0 0 0 0 0 0 0 0 0 0 0 0 0 0 0 0 0 0 0 0 0 0 0 0 0 0 0 0 0 0 0 0 0 0 0 0 0 0 0 0 0 0 0 0 0 0 0 0 0 0 0 0 0 0 0 0 0 0 0 0 0 0 0 0 0 0 0 0 0 0 0 0 0 0 0 0 0 0 0 0 0 0 0 0 0 0 0 0 0 0 0 0 0 0 0 0 0 0 0 0 0 0 0 0 0 0 0 0 0 0 0 0 0 0 0.015 0.517 0.055 0.517 0.015 0.564 0.055 0.517 0.055 0.564 0.015 0.564 0.015 0.222 0.055 0.222 0.015 0.263 0.055 0.222 0.055 0.263 0.015 0.263 0 0 0 0 0 0 0 0 0 0 0 0 0.015 0.564 0.055 0.564 0.015 0.609 0.055 0.564 0.055 0.609 0.015 0.609 0.015 0.162 0.055 0.162 0.015 0.186 0.055 0.162 0.055 0.186 0.015 0.186 0 0 0 0 0 0 0 0 0 0 0 0 0.015 0.609 0.055 0.609 0.015 0.655 0.055 0.609 0.055 0.655 0.015 0.655 0.015 0.186 0.055 0.186 0.015 0.222 0.055 0.186 0.055 0.222 0.015 0.222 0 0 0 0 0 0 0 0 0 0 0 0 0.015 0.655 0.055 0.655 0.015 0.697 0.055 0.655 0.055 0.697 0.015 0.697 0.015 0.311 0.055 0.311 0.015 0.357 0.055 0.311 0.055 0.357 0.015 0.357 0 0 0 0 0 0 0 0 0 0 0 0 0.015 0.697 0.055 0.697 0.015 0.737 0.055 0.697 0.055 0.737 0.015 0.737 0.015 0.357 0.055 0.357 0.015 0.405 0.055 0.357 0.055 0.405 0.015 0.405 0 0 0 0 0 0 0 0 0 0 0 0 0.015 0.737 0.055 0.737 0.015 0.767 0.055 0.737 0.055 0.767 0.015 0.767 0.015 0.405 0.055 0.405 0.015 0.455 0.055 0.405 0.055 0.455 0.015 0.455 0 0 0 0 0 0 0 0 0 0 0 0 0.015 0.767 0.055 0.767 0.015 0.781 0.055 0.767 0.055 0.781 0.015 0.781 0.015 0.455 0.055 0.455 0.015 0.517 0.055 0.455 0.055 0.517 0.015 0.517 0.015 0.263 0.055 0.263 0.015 0.311 0.055 0.263 0.055 0.311 0.015 0.311 0.015 0.781 0.055 0.781 0.015 0.79 0.055 0.781 0.055 0.79 0.015 0.79 0.055 0.222 0.096 0.222 0.055 0.263 0.096 0.222 0.096 0.263 0.055 0.263 0 0 0 0 0 0 0 0 0 0 0 0 0.055 0.564 0.096 0.564 0.055 0.609 0.096 0.564 0.096 0.609 0.055 0.609 0.055 0.162 0.096 0.162 0.055 0.186 0.096 0.162 0.096 0.186 0.055 0.186 0 0 0 0 0 0 0 0 0 0 0 0 0.055 0.609 0.096 0.609 0.055 0.655 0.096 0.609 0.096 0.655 0.055 0.655 0.055 0.186 0.096 0.186 0.055 0.222 0.096 0.186 0.096 0.222 0.055 0.222 0 0 0 0 0 0 0 0 0 0 0 0 0.055 0.655 0.096 0.655 0.055 0.697 0.096 0.655 0.096 0.697 0.055 0.697 0.055 0.311 0.096 0.311 0.055 0.357 0.096 0.311 0.096 0.357 0.055 0.357 0 0 0 0 0 0 0 0 0 0 0 0 0.055 0.697 0.096 0.697 0.055 0.737 0.096 0.697 0.096 0.737 0.055 0.737 0.055 0.357 0.096 0.357 0.055 0.405 0.096 0.357 0.096 0.405 0.055 0.405 0 0 0 0 0 0 0 0 0 0 0 0 0.055 0.737 0.096 0.737 0.055 0.767 0.096 0.737 0.096 0.767 0.055 0.767 0.055 0.405 0.096 0.405 0.055 0.455 0.096 0.405 0.096 0.455 0.055 0.455 0 0 0 0 0 0 0 0 0 0 0 0 0.055 0.767 0.096 0.767 0.055 0.781 0.096 0.767 0.096 0.781 0.055 0.781 0.055 0.455 0.096 0.455 0.055 0.517 0.096 0.455 0.096 0.517 0.055 0.517 0.055 0.263 0.096 0.263 0.055 0.311 0.096 0.263 0.096 0.311 0.055 0.311 0.055 0.781 0.096 0.781 0.055 0.79 0.096 0.781 0.096 0.79 0.055 0.79 0.055 0.517 0.096 0.517 0.055 0.564 0.096 0.517 0.096 0.564 0.055 0.564 0.096 0.781 0.136 0.781 0.096 0.79 0.136 0.781 0.136 0.79 0.096 0.79 0.096 0.517 0.136 0.517 0.096 0.564 0.136 0.517 0.136 0.564 0.096 0.564 0.096 0.222 0.136 0.222 0.096 0.263 0.136 0.222 0.136 0.263 0.096 0.263 0 0 0 0 0 0 0.096 0.564 0.136 0.564 0.096 0.609 0.136 0.564 0.136 0.609 0.096 0.609 0.096 0.162 0.136 0.162 0.096 0.186 0.136 0.162 0.136 0.186 0.096 0.186 0 0 0 0 0 0 0 0 0 0 0 0 0.096 0.609 0.136 0.609 0.096 0.655 0.136 0.609 0.136 0.655 0.096 0.655 0.096 0.186 0.136 0.186 0.096 0.222 0.136 0.186 0.136 0.222 0.096 0.222 0 0 0 0 0 0 0 0 0 0 0 0 0.096 0.655 0.136 0.655 0.096 0.697 0.136 0.655 0.136 0.697 0.096 0.697 0.096 0.311 0.136 0.311 0.096 0.357 0.136 0.311 0.136 0.357 0.096 0.357 0 0 0 0 0 0 0 0 0 0 0 0 0.096 0.697 0.136 0.697 0.096 0.737 0.136 0.697 0.136 0.737 0.096 0.737 0.096 0.357 0.136 0.357 0.096 0.405 0.136 0.357 0.136 0.405 0.096 0.405 0 0 0 0 0 0 0 0 0 0 0 0 0.096 0.737 0.136 0.737 0.096 0.767 0.136 0.737 0.136 0.767 0.096 0.767 0.096 0.405 0.136 0.405 0.096 0.455 0.136 0.405 0.136 0.455 0.096 0.455 0 0 0 0 0 0 0 0 0 0 0 0 0.096 0.767 0.136 0.767 0.096 0.781 0.136 0.767 0.136 0.781 0.096 0.781 0.096 0.455 0.136 0.455 0.096 0.517 0.136 0.455 0.136 0.517 0.096 0.517 0.096 0.263 0.136 0.263 0.096 0.311 0.136 0.263 0.136 0.311 0.096 0.311 0.136 0.455 0.177 0.455 0.136 0.517 0.177 0.455 0.177 0.517 0.136 0.517 0.136 0.263 0.177 0.263 0.136 0.311 0.177 0.263 0.177 0.311 0.136 0.311 0.136 0.781 0.177 0.781 0.136 0.79 0.177 0.781 0.177 0.79 0.136 0.79 0.136 0.517 0.177 0.517 0.136 0.564 0.177 0.517 0.177 0.564 0.136 0.564 0.136 0.222 0.177 0.222 0.136 0.263 0.177 0.222 0.177 0.263 0.136 0.263 0 0 0 0 0 0 0 0 0 0 0 0 0.136 0.564 0.177 0.564 0.136 0.609 0.177 0.564 0.177 0.609 0.136 0.609 0.136 0.162 0.177 0.162 0.136 0.186 0.177 0.162 0.177 0.186 0.136 0.186 0.136 0.609 0.177 0.609 0.136 0.655 0.177 0.609 0.177 0.655 0.136 0.655 0.136 0.186 0.177 0.186 0.136 0.222 0.177 0.186 0.177 0.222 0.136 0.222 0 0 0 0 0 0 0 0 0 0 0 0 0.136 0.655 0.177 0.655 0.136 0.697 0.177 0.655 0.177 0.697 0.136 0.697 0.136 0.311 0.177 0.311 0.136 0.357 0.177 0.311 0.177 0.357 0.136 0.357 0 0 0 0 0 0 0 0 0 0 0 0 0.136 0.697 0.177 0.697 0.136 0.737 0.177 0.697 0.177 0.737 0.136 0.737 0.136 0.357 0.177 0.357 0.136 0.405 0.177 0.357 0.177 0.405 0.136 0.405 0 0 0 0 0 0 0 0 0 0 0 0 0.136 0.737 0.177 0.737 0.136 0.767 0.177 0.737 0.177 0.767 0.136 0.767 0.136 0.405 0.177 0.405 0.136 0.455 0.177 0.405 0.177 0.455 0.136 0.455 0 0 0 0 0 0 0 0 0 0 0 0 0.136 0.767 0.177 0.767 0.136 0.781 0.177 0.767 0.177 0.781 0.136 0.781 0.177 0.767 0.217 0.767 0.177 0.781 0.217 0.767 0.217 0.781 0.177 0.781 0.177 0.455 0.217 0.455 0.177 0.517 0.217 0.455 0.217 0.517 0.177 0.517 0.177 0.263 0.217 0.263 0.177 0.311 0.217 0.263 0.217 0.311 0.177 0.311 0.177 0.781 0.217 0.781 0.177 0.79 0.217 0.781 0.217 0.79 0.177 0.79 0.177 0.517 0.217 0.517 0.177 0.564 0.217 0.517 0.217 0.564 0.177 0.564 0.177 0.222 0.217 0.222 0.177 0.263 0.217 0.222 0.217 0.263 0.177 0.263 0 0 0 0 0 0 0 0 0 0 0 0 0.177 0.564 0.217 0.564 0.177 0.609 0.217 0.564 0.217 0.609 0.177 0.609 0.177 0.162 0.217 0.162 0.177 0.186 0.217 0.162 0.217 0.186 0.177 0.186 0.177 0.609 0.217 0.609 0.177 0.655 0.217 0.609 0.217 0.655 0.177 0.655 0.177 0.186 0.217 0.186 0.177 0.222 0.217 0.186 0.217 0.222 0.177 0.222 0 0 0 0 0 0 0 0 0 0 0 0 0.177 0.655 0.217 0.655 0.177 0.697 0.217 0.655 0.217 0.697 0.177 0.697 0.177 0.311 0.217 0.311 0.177 0.357 0.217 0.311 0.217 0.357 0.177 0.357 0 0 0 0 0 0 0 0 0 0 0 0 0.177 0.697 0.217 0.697 0.177 0.737 0.217 0.697 0.217 0.737 0.177 0.737 0.177 0.357 0.217 0.357 0.177 0.405 0.217 0.357 0.217 0.405 0.177 0.405 0 0 0 0 0 0 0 0 0 0 0 0 0.177 0.737 0.217 0.737 0.177 0.767 0.217 0.737 0.217 0.767 0.177 0.767 0.177 0.405 0.217 0.405 0.177 0.455 0.217 0.405 0.217 0.455 0.177 0.455 0 0 0 0 0 0 0 0 0 0 0 0 0.217 0.405 0.257 0.405 0.217 0.455 0.257 0.405 0.257 0.455 0.217 0.455 0 0 0 0 0 0 0 0 0 0 0 0 0.217 0.767 0.257 0.767 0.217 0.781 0.257 0.767 0.257 0.781 0.217 0.781 0.217 0.455 0.257 0.455 0.217 0.517 0.257 0.455 0.257 0.517 0.217 0.517 0.217 0.263 0.257 0.263 0.217 0.311 0.257 0.263 0.257 0.311 0.217 0.311 0.217 0.781 0.257 0.781 0.217 0.79 0.257 0.781 0.257 0.79 0.217 0.79 0.217 0.517 0.257 0.517 0.217 0.564 0.257 0.517 0.257 0.564 0.217 0.564 0.217 0.222 0.257 0.222 0.217 0.263 0.257 0.222 0.257 0.263 0.217 0.263 0.217 0.564 0.257 0.564 0.217 0.609 0.257 0.564 0.257 0.609 0.217 0.609 0.217 0.162 0.257 0.162 0.217 0.186 0.257 0.162 0.257 0.186 0.217 0.186 0 0 0 0 0 0 0 0 0 0 0 0 0.217 0.609 0.257 0.609 0.217 0.655 0.257 0.609 0.257 0.655 0.217 0.655 0.217 0.186 0.257 0.186 0.217 0.222 0.257 0.186 0.257 0.222 0.217 0.222 0 0 0 0 0 0 0 0 0 0 0 0 0.217 0.655 0.257 0.655 0.217 0.697 0.257 0.655 0.257 0.697 0.217 0.697 0.217 0.311 0.257 0.311 0.217 0.357 0.257 0.311 0.257 0.357 0.217 0.357 0 0 0 0 0 0 0 0 0 0 0 0 0.217 0.697 0.257 0.697 0.217 0.737 0.257 0.697 0.257 0.737 0.217 0.737 0.217 0.357 0.257 0.357 0.217 0.405 0.257 0.357 0.257 0.405 0.217 0.405 0 0 0 0 0 0 0 0 0 0 0 0 0.217 0.737 0.257 0.737 0.217 0.767 0.257 0.737 0.257 0.767 0.217 0.767 0 0 0 0 0 0 0 0 0 0 0 0 0 0 0 0 0 0 0 0 0 0 0 0 0 0 0 0 0 0 0 0 0 0 0 0 0 0 0 0 0 0 0 0 0 0 0 0 0 0 0 0 0 0 0 0 0 0 0 0 0 0 0 0 0 0 0 0 0 0 0 0 0 0 0 0 0 0 0 0 0 0 0 0 0 0 0 0 0 0 0 0 0 0 0 0 0 0 0 0 0 0 0 0 0 0 0 0 0 0 0 0 0 0 0 0 0 0 0 0 0 0 0 0 0 0 0 0 0 0 0 0 0 0 0 0 0 0 0 0 0 0 0 0 0 0 0 0 0 0 0 0 0 0 0 0 0 0 0 0 0 0 0 0 0 0 0 0 0 0 0 0 0 0 0 0 0 0 0 0 0 0 0 0 0 0 0 0 0 0 0 0 0 0 0 0 0 0 0 0 0 0 0 0 0 0 0 0 0 0 0 0 0 0 0 0 0 0 0 0 0 0 0 0 0 0 0 0 0 0 0 0 0 0 0 0 0 0 0 0 0 0 0 0 0 0 0 0 0 0 0 0 0 0 0 0 0 0</float_array>
					<technique_common>
						<accessor source="#44E8B445-F7EF-4223-9556-3F2C57B8A524-mesh-map-2-array" count="3600" stride="2">
							<param name="S" type="float"/>
							<param name="T" type="float"/>
						</accessor>
					</technique_common>
				</source>
				<vertices id="44E8B445-F7EF-4223-9556-3F2C57B8A524-mesh-vertices">
					<input semantic="POSITION" source="#44E8B445-F7EF-4223-9556-3F2C57B8A524-mesh-positions"/>
				</vertices>
				<triangles material="MB|141-material" count="1200">
					<input semantic="VERTEX" source="#44E8B445-F7EF-4223-9556-3F2C57B8A524-mesh-vertices" offset="0"/>
					<input semantic="NORMAL" source="#44E8B445-F7EF-4223-9556-3F2C57B8A524-mesh-normals" offset="1"/>
					<input semantic="TEXCOORD" source="#44E8B445-F7EF-4223-9556-3F2C57B8A524-mesh-map-0" offset="2" set="0"/>
					<input semantic="TEXCOORD" source="#44E8B445-F7EF-4223-9556-3F2C57B8A524-mesh-map-1" offset="2" set="1"/>
					<input semantic="TEXCOORD" source="#44E8B445-F7EF-4223-9556-3F2C57B8A524-mesh-map-2" offset="2" set="2"/>
					<p>283 283 0 8 8 1 284 284 2 8 8 3 9 9 4 284 284 5 277 277 6 2 2 7 275 275 8 2 2 9 0 0 10 275 275 11 646 646 12 99 99 13 255 255 14 99 99 15 246 246 16 255 255 17 284 284 18 9 9 19 285 285 20 9 9 21 10 10 22 285 285 23 601 601 24 600 600 25 278 278 26 600 600 27 3 3 28 278 278 29 107 107 30 111 111 31 627 627 32 111 111 33 628 628 34 627 627 35 285 285 36 10 10 37 286 286 38 10 10 39 11 11 40 286 286 41 278 278 42 3 3 43 277 277 44 3 3 45 2 2 46 277 277 47 603 603 48 602 602 49 276 276 50 602 602 51 1 1 52 276 276 53 286 286 54 11 11 55 287 287 56 11 11 57 12 12 58 287 287 59 279 279 60 4 4 61 280 280 62 4 4 63 5 5 64 280 280 65 605 605 66 604 604 67 293 293 68 604 604 69 17 17 70 293 293 71 287 287 72 12 12 73 288 288 74 12 12 75 13 13 76 288 288 77 280 280 78 5 5 79 281 281 80 5 5 81 6 6 82 281 281 83 607 607 84 606 606 85 294 294 86 606 606 87 18 18 88 294 294 89 288 288 90 13 13 91 289 289 92 13 13 93 14 14 94 289 289 95 281 281 96 6 6 97 282 282 98 6 6 99 7 7 100 282 282 101 413 413 102 115 115 103 295 295 104 115 115 105 19 19 106 295 295 107 289 289 108 14 14 109 290 290 110 14 14 111 15 15 112 290 290 113 282 282 114 7 7 115 283 283 116 7 7 117 8 8 118 283 283 119 275 275 120 0 0 121 279 279 122 0 0 123 4 4 124 279 279 125 290 290 126 15 15 127 291 291 128 15 15 129 16 16 130 291 291 131 2 2 132 23 23 133 0 0 134 23 23 135 21 21 136 0 0 137 646 646 138 626 626 139 99 99 140 626 626 141 78 78 142 99 99 143 9 9 144 30 30 145 10 10 146 30 30 147 31 31 148 10 10 149 600 600 150 610 610 151 3 3 152 610 610 153 24 24 154 3 3 155 121 121 156 122 122 157 117 117 158 122 122 159 118 118 160 117 117 161 10 10 162 31 31 163 11 11 164 31 31 165 32 32 166 11 11 167 3 3 168 24 24 169 2 2 170 24 24 171 23 23 172 2 2 173 602 602 174 611 611 175 1 1 176 611 611 177 22 22 178 1 1 179 11 11 180 32 32 181 12 12 182 32 32 183 33 33 184 12 12 185 4 4 186 25 25 187 5 5 188 25 25 189 26 26 190 5 5 191 604 604 192 612 612 193 17 17 194 612 612 195 38 38 196 17 17 197 12 12 198 33 33 199 13 13 200 33 33 201 34 34 202 13 13 203 5 5 204 26 26 205 6 6 206 26 26 207 27 27 208 6 6 209 606 606 210 613 613 211 18 18 212 613 613 213 39 39 214 18 18 215 13 13 216 34 34 217 14 14 218 34 34 219 35 35 220 14 14 221 6 6 222 27 27 223 7 7 224 27 27 225 28 28 226 7 7 227 115 115 228 116 116 229 19 19 230 116 116 231 40 40 232 19 19 233 14 14 234 35 35 235 15 15 236 35 35 237 36 36 238 15 15 239 7 7 240 28 28 241 8 8 242 28 28 243 29 29 244 8 8 245 0 0 246 21 21 247 4 4 248 21 21 249 25 25 250 4 4 251 15 15 252 36 36 253 16 16 254 36 36 255 37 37 256 16 16 257 8 8 258 29 29 259 9 9 260 29 29 261 30 30 262 9 9 263 36 36 264 57 57 265 37 37 266 57 57 267 110 110 268 37 37 269 29 29 270 50 50 271 30 30 272 50 50 273 51 51 274 30 30 275 23 23 276 44 44 277 21 21 278 44 44 279 42 42 280 21 21 281 37 37 282 110 110 283 641 641 284 30 30 285 51 51 286 31 31 287 51 51 288 52 52 289 31 31 290 610 610 291 615 615 292 24 24 293 615 615 294 45 45 295 24 24 296 163 163 297 111 111 298 647 647 299 111 111 300 107 107 301 647 647 302 31 31 303 52 52 304 32 32 305 52 52 306 53 53 307 32 32 308 24 24 309 45 45 310 23 23 311 45 45 312 44 44 313 23 23 314 611 611 315 616 616 316 22 22 317 616 616 318 43 43 319 22 22 320 32 32 321 53 53 322 33 33 323 53 53 324 54 54 325 33 33 326 25 25 327 46 46 328 26 26 329 46 46 330 47 47 331 26 26 332 612 612 333 617 617 334 38 38 335 617 617 336 58 58 337 38 38 338 33 33 339 54 54 340 34 34 341 54 54 342 55 55 343 34 34 344 26 26 345 47 47 346 27 27 347 47 47 348 48 48 349 27 27 350 613 613 351 618 618 352 39 39 353 618 618 354 59 59 355 39 39 356 34 34 357 55 55 358 35 35 359 55 55 360 56 56 361 35 35 362 27 27 363 48 48 364 28 28 365 48 48 366 49 49 367 28 28 368 116 116 369 117 117 370 40 40 371 117 117 372 60 60 373 40 40 374 35 35 375 56 56 376 36 36 377 56 56 378 57 57 379 36 36 380 28 28 381 49 49 382 29 29 383 49 49 384 50 50 385 29 29 386 21 21 387 42 42 388 25 25 389 42 42 390 46 46 391 25 25 392 49 49 393 69 69 394 50 50 395 69 69 396 70 70 397 50 50 398 42 42 399 62 62 400 46 46 401 62 62 402 66 66 403 46 46 404 57 57 405 77 77 406 110 110 407 77 77 408 78 78 409 110 110 410 50 50 411 70 70 412 51 51 413 70 70 414 71 71 415 51 51 416 44 44 417 64 64 418 42 42 419 64 64 420 62 62 421 42 42 422 644 644 423 291 291 424 645 645 425 291 291 426 16 16 427 645 645 428 51 51 429 71 71 430 52 52 431 71 71 432 72 72 433 52 52 434 615 615 435 620 620 436 45 45 437 620 620 438 65 65 439 45 45 440 52 52 441 72 72 442 53 53 443 72 72 444 73 73 445 53 53 446 45 45 447 65 65 448 44 44 449 65 65 450 64 64 451 44 44 452 616 616 453 621 621 454 43 43 455 621 621 456 63 63 457 43 43 458 53 53 459 73 73 460 54 54 461 73 73 462 74 74 463 54 54 464 46 46 465 66 66 466 47 47 467 66 66 468 67 67 469 47 47 470 617 617 471 622 622 472 58 58 473 622 622 474 79 79 475 58 58 476 54 54 477 74 74 478 55 55 479 74 74 480 75 75 481 55 55 482 47 47 483 67 67 484 48 48 485 67 67 486 68 68 487 48 48 488 618 618 489 623 623 490 59 59 491 623 623 492 80 80 493 59 59 494 55 55 495 75 75 496 56 56 497 75 75 498 76 76 499 56 56 500 48 48 501 68 68 502 49 49 503 68 68 504 69 69 505 49 49 506 117 117 507 118 118 508 60 60 509 118 118 510 81 81 511 60 60 512 56 56 513 76 76 514 57 57 515 76 76 516 77 77 517 57 57 518 76 76 519 97 97 520 77 77 521 97 97 522 98 98 523 77 77 524 69 69 525 90 90 526 70 70 527 90 90 528 91 91 529 70 70 530 62 62 531 83 83 532 66 66 533 83 83 534 87 87 535 66 66 536 77 77 537 98 98 538 78 78 539 98 98 540 99 99 541 78 78 542 70 70 543 91 91 544 71 71 545 91 91 546 92 92 547 71 71 548 64 64 549 85 85 550 62 62 551 85 85 552 83 83 553 62 62 554 37 37 555 641 641 556 16 16 557 641 641 558 645 645 559 16 16 560 71 71 561 92 92 562 72 72 563 92 92 564 93 93 565 72 72 566 620 620 567 625 625 568 65 65 569 625 625 570 86 86 571 65 65 572 72 72 573 93 93 574 73 73 575 93 93 576 94 94 577 73 73 578 65 65 579 86 86 580 64 64 581 86 86 582 85 85 583 64 64 584 621 621 585 630 630 586 63 63 587 630 630 588 84 84 589 63 63 590 73 73 591 94 94 592 74 74 593 94 94 594 95 95 595 74 74 596 66 66 597 87 87 598 67 67 599 87 87 600 88 88 601 67 67 602 622 622 603 631 631 604 79 79 605 631 631 606 100 100 607 79 79 608 74 74 609 95 95 610 75 75 611 95 95 612 96 96 613 75 75 614 67 67 615 88 88 616 68 68 617 88 88 618 89 89 619 68 68 620 623 623 621 632 632 622 80 80 623 632 632 624 101 101 625 80 80 626 75 75 627 96 96 628 76 76 629 96 96 630 97 97 631 76 76 632 68 68 633 89 89 634 69 69 635 89 89 636 90 90 637 69 69 638 118 118 639 119 119 640 81 81 641 119 119 642 102 102 643 81 81 644 89 89 645 236 236 646 90 90 647 236 236 648 237 237 649 90 90 650 119 119 651 268 268 652 102 102 653 268 268 654 249 249 655 102 102 656 97 97 657 244 244 658 98 98 659 244 244 660 245 245 661 98 98 662 90 90 663 237 237 664 91 91 665 237 237 666 238 238 667 91 91 668 83 83 669 230 230 670 87 87 671 230 230 672 234 234 673 87 87 674 98 98 675 245 245 676 99 99 677 245 245 678 246 246 679 99 99 680 91 91 681 238 238 682 92 92 683 238 238 684 239 239 685 92 92 686 85 85 687 232 232 688 83 83 689 232 232 690 230 230 691 83 83 692 92 92 693 239 239 694 93 93 695 239 239 696 240 240 697 93 93 698 625 625 699 636 636 700 86 86 701 636 636 702 233 233 703 86 86 704 652 652 705 635 635 706 649 649 707 635 635 708 633 633 709 649 649 710 93 93 711 240 240 712 94 94 713 240 240 714 241 241 715 94 94 716 86 86 717 233 233 718 85 85 719 233 233 720 232 232 721 85 85 722 630 630 723 637 637 724 84 84 725 637 637 726 231 231 727 84 84 728 94 94 729 241 241 730 95 95 731 241 241 732 242 242 733 95 95 734 87 87 735 234 234 736 88 88 737 234 234 738 235 235 739 88 88 740 631 631 741 638 638 742 100 100 743 638 638 744 247 247 745 100 100 746 95 95 747 242 242 748 96 96 749 242 242 750 243 243 751 96 96 752 88 88 753 235 235 754 89 89 755 235 235 756 236 236 757 89 89 758 632 632 759 634 634 760 101 101 761 634 634 762 248 248 763 101 101 764 96 96 765 243 243 766 97 97 767 243 243 768 244 244 769 97 97 770 104 104 771 650 650 772 401 401 773 650 650 774 292 292 775 401 401 776 609 609 777 651 651 778 608 608 779 651 651 780 113 113 781 608 608 782 120 120 783 274 274 784 119 119 785 274 274 786 268 268 787 119 119 788 112 112 789 629 629 790 619 619 791 629 629 792 624 624 793 619 619 794 642 642 795 639 639 796 104 104 797 639 639 798 650 650 799 104 104 800 122 122 801 120 120 802 118 118 803 120 120 804 119 119 805 118 118 806 110 110 807 643 643 808 641 641 809 78 78 810 626 626 811 110 110 812 626 626 813 643 643 814 110 110 815 108 108 816 105 105 817 648 648 818 105 105 819 114 114 820 648 648 821 608 608 822 113 113 823 614 614 824 113 113 825 640 640 826 614 614 827 124 124 828 123 123 829 115 115 830 123 123 831 116 116 832 115 115 833 619 619 834 614 614 835 112 112 836 614 614 837 640 640 838 112 112 839 123 123 840 121 121 841 116 116 842 121 121 843 117 117 844 116 116 845 648 648 846 114 114 847 109 109 848 114 114 849 106 106 850 109 109 851 633 633 852 624 624 853 649 649 854 624 624 855 629 629 856 649 649 857 421 421 858 124 124 859 413 413 860 124 124 861 115 115 862 413 413 863 296 296 864 20 20 865 421 421 866 20 20 867 124 124 868 421 421 869 41 41 870 61 61 871 123 123 872 61 61 873 121 121 874 123 123 875 20 20 876 41 41 877 124 124 878 41 41 879 123 123 880 124 124 881 82 82 882 103 103 883 122 122 884 103 103 885 120 120 886 122 122 887 103 103 888 250 250 889 120 120 890 250 250 891 274 274 892 120 120 893 61 61 894 82 82 895 121 121 896 82 82 897 122 122 898 121 121 899 433 433 900 434 434 901 133 133 902 434 434 903 134 134 904 133 133 905 427 427 906 425 425 907 127 127 908 425 425 909 125 125 910 127 127 911 694 694 912 255 255 913 225 225 914 255 255 915 246 246 916 225 225 917 434 434 918 435 435 919 134 134 920 435 435 921 135 135 922 134 134 923 654 654 924 428 428 925 653 653 926 428 428 927 128 128 928 653 653 929 254 254 930 680 680 931 259 259 932 680 680 933 681 681 934 259 259 935 435 435 936 436 436 937 135 135 938 436 436 939 136 136 940 135 135 941 428 428 942 427 427 943 128 128 944 427 427 945 127 127 946 128 128 947 656 656 948 426 426 949 655 655 950 426 426 951 126 126 952 655 655 953 436 436 954 437 437 955 136 136 956 437 437 957 137 137 958 136 136 959 429 429 960 430 430 961 129 129 962 430 430 963 130 130 964 129 129 965 658 658 966 443 443 967 657 657 968 443 443 969 142 142 970 657 657 971 437 437 972 438 438 973 137 137 974 438 438 975 138 138 976 137 137 977 430 430 978 431 431 979 130 130 980 431 431 981 131 131 982 130 130 983 660 660 984 444 444 985 659 659 986 444 444 987 143 143 988 659 659 989 438 438 990 439 439 991 138 138 992 439 439 993 139 139 994 138 138 995 431 431 996 432 432 997 131 131 998 432 432 999 132 132 1000 131 131 1001 586 586 1002 445 445 1003 263 263 1004 445 445 1005 144 144 1006 263 263 1007 439 439 1008 440 440 1009 139 139 1010 440 440 1011 140 140 1012 139 139 1013 432 432 1014 433 433 1015 132 132 1016 433 433 1017 133 133 1018 132 132 1019 425 425 1020 429 429 1021 125 125 1022 429 429 1023 129 129 1024 125 125 1025 440 440 1026 441 441 1027 140 140 1028 441 441 1029 141 141 1030 140 140 1031 127 127 1032 125 125 1033 148 148 1034 125 125 1035 146 146 1036 148 148 1037 694 694 1038 225 225 1039 679 679 1040 225 225 1041 204 204 1042 679 679 1043 134 134 1044 135 135 1045 155 155 1046 135 135 1047 156 156 1048 155 155 1049 653 653 1050 128 128 1051 663 663 1052 128 128 1053 149 149 1054 663 663 1055 270 270 1056 265 265 1057 271 271 1058 265 265 1059 266 266 1060 271 271 1061 135 135 1062 136 136 1063 156 156 1064 136 136 1065 157 157 1066 156 156 1067 128 128 1068 127 127 1069 149 149 1070 127 127 1071 148 148 1072 149 149 1073 655 655 1074 126 126 1075 664 664 1076 126 126 1077 147 147 1078 664 664 1079 136 136 1080 137 137 1081 157 157 1082 137 137 1083 158 158 1084 157 157 1085 129 129 1086 130 130 1087 150 150 1088 130 130 1089 151 151 1090 150 150 1091 657 657 1092 142 142 1093 665 665 1094 142 142 1095 164 164 1096 665 665 1097 137 137 1098 138 138 1099 158 158 1100 138 138 1101 159 159 1102 158 158 1103 130 130 1104 131 131 1105 151 151 1106 131 131 1107 152 152 1108 151 151 1109 659 659 1110 143 143 1111 666 666 1112 143 143 1113 165 165 1114 666 666 1115 138 138 1116 139 139 1117 159 159 1118 139 139 1119 160 160 1120 159 159 1121 131 131 1122 132 132 1123 152 152 1124 132 132 1125 153 153 1126 152 152 1127 263 263 1128 144 144 1129 264 264 1130 144 144 1131 166 166 1132 264 264 1133 139 139 1134 140 140 1135 160 160 1136 140 140 1137 161 161 1138 160 160 1139 132 132 1140 133 133 1141 153 153 1142 133 133 1143 154 154 1144 153 153 1145 125 125 1146 129 129 1147 146 146 1148 129 129 1149 150 150 1150 146 146 1151 140 140 1152 141 141 1153 161 161 1154 141 141 1155 162 162 1156 161 161 1157 133 133 1158 134 134 1159 154 154 1160 134 134 1161 155 155 1162 154 154 1163 161 161 1164 162 162 1165 183 183 1166 162 162 1167 258 258 1168 183 183 1169 154 154 1170 155 155 1171 176 176 1172 155 155 1173 177 177 1174 176 176 1175 148 148 1176 146 146 1177 170 170 1178 146 146 1179 168 168 1180 170 170 1181 162 162 1182 689 689 1183 258 258 1184 155 155 1185 156 156 1186 177 177 1187 156 156 1188 178 178 1189 177 177 1190 663 663 1191 149 149 1192 668 668 1193 149 149 1194 171 171 1195 668 668 1196 163 163 1197 647 647 1198 259 259 1199 647 647 1200 254 254 1201 259 259 1202 156 156 1203 157 157 1204 178 178 1205 157 157 1206 179 179 1207 178 178 1208 149 149 1209 148 148 1210 171 171 1211 148 148 1212 170 170 1213 171 171 1214 664 664 1215 147 147 1216 669 669 1217 147 147 1218 169 169 1219 669 669 1220 157 157 1221 158 158 1222 179 179 1223 158 158 1224 180 180 1225 179 179 1226 150 150 1227 151 151 1228 172 172 1229 151 151 1230 173 173 1231 172 172 1232 665 665 1233 164 164 1234 670 670 1235 164 164 1236 184 184 1237 670 670 1238 158 158 1239 159 159 1240 180 180 1241 159 159 1242 181 181 1243 180 180 1244 151 151 1245 152 152 1246 173 173 1247 152 152 1248 174 174 1249 173 173 1250 666 666 1251 165 165 1252 671 671 1253 165 165 1254 185 185 1255 671 671 1256 159 159 1257 160 160 1258 181 181 1259 160 160 1260 182 182 1261 181 181 1262 152 152 1263 153 153 1264 174 174 1265 153 153 1266 175 175 1267 174 174 1268 264 264 1269 166 166 1270 265 265 1271 166 166 1272 186 186 1273 265 265 1274 160 160 1275 161 161 1276 182 182 1277 161 161 1278 183 183 1279 182 182 1280 153 153 1281 154 154 1282 175 175 1283 154 154 1284 176 176 1285 175 175 1286 146 146 1287 150 150 1288 168 168 1289 150 150 1290 172 172 1291 168 168 1292 175 175 1293 176 176 1294 195 195 1295 176 176 1296 196 196 1297 195 195 1298 168 168 1299 172 172 1300 188 188 1301 172 172 1302 192 192 1303 188 188 1304 183 183 1305 258 258 1306 203 203 1307 258 258 1308 204 204 1309 203 203 1310 176 176 1311 177 177 1312 196 196 1313 177 177 1314 197 197 1315 196 196 1316 170 170 1317 168 168 1318 190 190 1319 168 168 1320 188 188 1321 190 190 1322 692 692 1323 693 693 1324 441 441 1325 693 693 1326 141 141 1327 441 441 1328 177 177 1329 178 178 1330 197 197 1331 178 178 1332 198 198 1333 197 197 1334 668 668 1335 171 171 1336 673 673 1337 171 171 1338 191 191 1339 673 673 1340 178 178 1341 179 179 1342 198 198 1343 179 179 1344 199 199 1345 198 198 1346 171 171 1347 170 170 1348 191 191 1349 170 170 1350 190 190 1351 191 191 1352 669 669 1353 169 169 1354 674 674 1355 169 169 1356 189 189 1357 674 674 1358 179 179 1359 180 180 1360 199 199 1361 180 180 1362 200 200 1363 199 199 1364 172 172 1365 173 173 1366 192 192 1367 173 173 1368 193 193 1369 192 192 1370 670 670 1371 184 184 1372 675 675 1373 184 184 1374 205 205 1375 675 675 1376 180 180 1377 181 181 1378 200 200 1379 181 181 1380 201 201 1381 200 200 1382 173 173 1383 174 174 1384 193 193 1385 174 174 1386 194 194 1387 193 193 1388 671 671 1389 185 185 1390 676 676 1391 185 185 1392 206 206 1393 676 676 1394 181 181 1395 182 182 1396 201 201 1397 182 182 1398 202 202 1399 201 201 1400 174 174 1401 175 175 1402 194 194 1403 175 175 1404 195 195 1405 194 194 1406 265 265 1407 186 186 1408 266 266 1409 186 186 1410 207 207 1411 266 266 1412 182 182 1413 183 183 1414 202 202 1415 183 183 1416 203 203 1417 202 202 1418 202 202 1419 203 203 1420 223 223 1421 203 203 1422 224 224 1423 223 223 1424 195 195 1425 196 196 1426 216 216 1427 196 196 1428 217 217 1429 216 216 1430 188 188 1431 192 192 1432 209 209 1433 192 192 1434 213 213 1435 209 209 1436 203 203 1437 204 204 1438 224 224 1439 204 204 1440 225 225 1441 224 224 1442 196 196 1443 197 197 1444 217 217 1445 197 197 1446 218 218 1447 217 217 1448 190 190 1449 188 188 1450 211 211 1451 188 188 1452 209 209 1453 211 211 1454 162 162 1455 141 141 1456 689 689 1457 141 141 1458 693 693 1459 689 689 1460 197 197 1461 198 198 1462 218 218 1463 198 198 1464 219 219 1465 218 218 1466 673 673 1467 191 191 1468 678 678 1469 191 191 1470 212 212 1471 678 678 1472 198 198 1473 199 199 1474 219 219 1475 199 199 1476 220 220 1477 219 219 1478 191 191 1479 190 190 1480 212 212 1481 190 190 1482 211 211 1483 212 212 1484 674 674 1485 189 189 1486 683 683 1487 189 189 1488 210 210 1489 683 683 1490 199 199 1491 200 200 1492 220 220 1493 200 200 1494 221 221 1495 220 220 1496 192 192 1497 193 193 1498 213 213 1499 193 193 1500 214 214 1501 213 213 1502 675 675 1503 205 205 1504 684 684 1505 205 205 1506 226 226 1507 684 684 1508 200 200 1509 201 201 1510 221 221 1511 201 201 1512 222 222 1513 221 221 1514 193 193 1515 194 194 1516 214 214 1517 194 194 1518 215 215 1519 214 214 1520 676 676 1521 206 206 1522 685 685 1523 206 206 1524 227 227 1525 685 685 1526 201 201 1527 202 202 1528 222 222 1529 202 202 1530 223 223 1531 222 222 1532 194 194 1533 195 195 1534 215 215 1535 195 195 1536 216 216 1537 215 215 1538 266 266 1539 207 207 1540 267 267 1541 207 207 1542 228 228 1543 267 267 1544 215 215 1545 216 216 1546 236 236 1547 216 216 1548 237 237 1549 236 236 1550 267 267 1551 228 228 1552 268 268 1553 228 228 1554 249 249 1555 268 268 1556 223 223 1557 224 224 1558 244 244 1559 224 224 1560 245 245 1561 244 244 1562 216 216 1563 217 217 1564 237 237 1565 217 217 1566 238 238 1567 237 237 1568 209 209 1569 213 213 1570 230 230 1571 213 213 1572 234 234 1573 230 230 1574 224 224 1575 225 225 1576 245 245 1577 225 225 1578 246 246 1579 245 245 1580 217 217 1581 218 218 1582 238 238 1583 218 218 1584 239 239 1585 238 238 1586 211 211 1587 209 209 1588 232 232 1589 209 209 1590 230 230 1591 232 232 1592 218 218 1593 219 219 1594 239 239 1595 219 219 1596 240 240 1597 239 239 1598 678 678 1599 212 212 1600 636 636 1601 212 212 1602 233 233 1603 636 636 1604 652 652 1605 696 696 1606 635 635 1607 696 696 1608 686 686 1609 635 635 1610 219 219 1611 220 220 1612 240 240 1613 220 220 1614 241 241 1615 240 240 1616 212 212 1617 211 211 1618 233 233 1619 211 211 1620 232 232 1621 233 233 1622 683 683 1623 210 210 1624 637 637 1625 210 210 1626 231 231 1627 637 637 1628 220 220 1629 221 221 1630 241 241 1631 221 221 1632 242 242 1633 241 241 1634 213 213 1635 214 214 1636 234 234 1637 214 214 1638 235 235 1639 234 234 1640 684 684 1641 226 226 1642 638 638 1643 226 226 1644 247 247 1645 638 638 1646 221 221 1647 222 222 1648 242 242 1649 222 222 1650 243 243 1651 242 242 1652 214 214 1653 215 215 1654 235 235 1655 215 215 1656 236 236 1657 235 235 1658 685 685 1659 227 227 1660 634 634 1661 227 227 1662 248 248 1663 634 634 1664 222 222 1665 223 223 1666 243 243 1667 223 223 1668 244 244 1669 243 243 1670 251 251 1671 573 573 1672 697 697 1673 573 573 1674 442 442 1675 697 697 1676 662 662 1677 661 661 1678 698 698 1679 661 661 1680 261 261 1681 698 698 1682 269 269 1683 267 267 1684 274 274 1685 267 267 1686 268 268 1687 274 274 1688 260 260 1689 672 672 1690 682 682 1691 672 672 1692 677 677 1693 682 682 1694 690 690 1695 251 251 1696 687 687 1697 251 251 1698 697 697 1699 687 687 1700 271 271 1701 266 266 1702 269 269 1703 266 266 1704 267 267 1705 269 269 1706 258 258 1707 689 689 1708 691 691 1709 204 204 1710 258 258 1711 679 679 1712 679 679 1713 258 258 1714 691 691 1715 256 256 1716 695 695 1717 252 252 1718 695 695 1719 262 262 1720 252 252 1721 661 661 1722 667 667 1723 261 261 1724 667 667 1725 688 688 1726 261 261 1727 273 273 1728 263 263 1729 272 272 1730 263 263 1731 264 264 1732 272 272 1733 672 672 1734 260 260 1735 667 667 1736 260 260 1737 688 688 1738 667 667 1739 272 272 1740 264 264 1741 270 270 1742 264 264 1743 265 265 1744 270 270 1745 695 695 1746 257 257 1747 262 262 1748 257 257 1749 253 253 1750 262 262 1751 686 686 1752 696 696 1753 677 677 1754 696 696 1755 682 682 1756 677 677 1757 595 595 1758 586 586 1759 273 273 1760 586 586 1761 263 263 1762 273 273 1763 446 446 1764 595 595 1765 145 145 1766 595 595 1767 273 273 1768 145 145 1769 167 167 1770 272 272 1771 187 187 1772 272 272 1773 270 270 1774 187 187 1775 145 145 1776 273 273 1777 167 167 1778 273 273 1779 272 272 1780 167 167 1781 208 208 1782 271 271 1783 229 229 1784 271 271 1785 269 269 1786 229 229 1787 229 229 1788 269 269 1789 250 250 1790 269 269 1791 274 274 1792 250 250 1793 187 187 1794 270 270 1795 208 208 1796 270 270 1797 271 271 1798 208 208 1799 283 283 1800 284 284 1801 305 305 1802 284 284 1803 306 306 1804 305 305 1805 277 277 1806 275 275 1807 299 299 1808 275 275 1809 297 297 1810 299 299 1811 739 739 1812 578 578 1813 396 396 1814 578 578 1815 568 568 1816 396 396 1817 284 284 1818 285 285 1819 306 306 1820 285 285 1821 307 307 1822 306 306 1823 601 601 1824 278 278 1825 699 699 1826 278 278 1827 300 300 1828 699 699 1829 405 405 1830 721 721 1831 409 409 1832 721 721 1833 722 722 1834 409 409 1835 285 285 1836 286 286 1837 307 307 1838 286 286 1839 308 308 1840 307 307 1841 278 278 1842 277 277 1843 300 300 1844 277 277 1845 299 299 1846 300 300 1847 603 603 1848 276 276 1849 700 700 1850 276 276 1851 298 298 1852 700 700 1853 286 286 1854 287 287 1855 308 308 1856 287 287 1857 309 309 1858 308 308 1859 279 279 1860 280 280 1861 301 301 1862 280 280 1863 302 302 1864 301 301 1865 605 605 1866 293 293 1867 701 701 1868 293 293 1869 314 314 1870 701 701 1871 287 287 1872 288 288 1873 309 309 1874 288 288 1875 310 310 1876 309 309 1877 280 280 1878 281 281 1879 302 302 1880 281 281 1881 303 303 1882 302 302 1883 607 607 1884 294 294 1885 702 702 1886 294 294 1887 315 315 1888 702 702 1889 288 288 1890 289 289 1891 310 310 1892 289 289 1893 311 311 1894 310 310 1895 281 281 1896 282 282 1897 303 303 1898 282 282 1899 304 304 1900 303 303 1901 413 413 1902 295 295 1903 414 414 1904 295 295 1905 316 316 1906 414 414 1907 289 289 1908 290 290 1909 311 311 1910 290 290 1911 312 312 1912 311 311 1913 282 282 1914 283 283 1915 304 304 1916 283 283 1917 305 305 1918 304 304 1919 275 275 1920 279 279 1921 297 297 1922 279 279 1923 301 301 1924 297 297 1925 290 290 1926 291 291 1927 312 312 1928 291 291 1929 313 313 1930 312 312 1931 299 299 1932 297 297 1933 320 320 1934 297 297 1935 318 318 1936 320 320 1937 739 739 1938 396 396 1939 720 720 1940 396 396 1941 375 375 1942 720 720 1943 306 306 1944 307 307 1945 327 327 1946 307 307 1947 328 328 1948 327 327 1949 699 699 1950 300 300 1951 704 704 1952 300 300 1953 321 321 1954 704 704 1955 420 420 1956 416 416 1957 422 422 1958 416 416 1959 417 417 1960 422 422 1961 307 307 1962 308 308 1963 328 328 1964 308 308 1965 329 329 1966 328 328 1967 300 300 1968 299 299 1969 321 321 1970 299 299 1971 320 320 1972 321 321 1973 700 700 1974 298 298 1975 705 705 1976 298 298 1977 319 319 1978 705 705 1979 308 308 1980 309 309 1981 329 329 1982 309 309 1983 330 330 1984 329 329 1985 301 301 1986 302 302 1987 322 322 1988 302 302 1989 323 323 1990 322 322 1991 701 701 1992 314 314 1993 706 706 1994 314 314 1995 335 335 1996 706 706 1997 309 309 1998 310 310 1999 330 330 2000 310 310 2001 331 331 2002 330 330 2003 302 302 2004 303 303 2005 323 323 2006 303 303 2007 324 324 2008 323 323 2009 702 702 2010 315 315 2011 707 707 2012 315 315 2013 336 336 2014 707 707 2015 310 310 2016 311 311 2017 331 331 2018 311 311 2019 332 332 2020 331 331 2021 303 303 2022 304 304 2023 324 324 2024 304 304 2025 325 325 2026 324 324 2027 414 414 2028 316 316 2029 415 415 2030 316 316 2031 337 337 2032 415 415 2033 311 311 2034 312 312 2035 332 332 2036 312 312 2037 333 333 2038 332 332 2039 304 304 2040 305 305 2041 325 325 2042 305 305 2043 326 326 2044 325 325 2045 297 297 2046 301 301 2047 318 318 2048 301 301 2049 322 322 2050 318 318 2051 312 312 2052 313 313 2053 333 333 2054 313 313 2055 334 334 2056 333 333 2057 305 305 2058 306 306 2059 326 326 2060 306 306 2061 327 327 2062 326 326 2063 333 333 2064 334 334 2065 354 354 2066 334 334 2067 408 408 2068 354 354 2069 326 326 2070 327 327 2071 347 347 2072 327 327 2073 348 348 2074 347 347 2075 320 320 2076 318 318 2077 341 341 2078 318 318 2079 339 339 2080 341 341 2081 334 334 2082 735 735 2083 408 408 2084 327 327 2085 328 328 2086 348 348 2087 328 328 2088 349 349 2089 348 348 2090 704 704 2091 321 321 2092 709 709 2093 321 321 2094 342 342 2095 709 709 2096 485 485 2097 740 740 2098 409 409 2099 740 740 2100 405 405 2101 409 409 2102 328 328 2103 329 329 2104 349 349 2105 329 329 2106 350 350 2107 349 349 2108 321 321 2109 320 320 2110 342 342 2111 320 320 2112 341 341 2113 342 342 2114 705 705 2115 319 319 2116 710 710 2117 319 319 2118 340 340 2119 710 710 2120 329 329 2121 330 330 2122 350 350 2123 330 330 2124 351 351 2125 350 350 2126 322 322 2127 323 323 2128 343 343 2129 323 323 2130 344 344 2131 343 343 2132 706 706 2133 335 335 2134 711 711 2135 335 335 2136 355 355 2137 711 711 2138 330 330 2139 331 331 2140 351 351 2141 331 331 2142 352 352 2143 351 351 2144 323 323 2145 324 324 2146 344 344 2147 324 324 2148 345 345 2149 344 344 2150 707 707 2151 336 336 2152 712 712 2153 336 336 2154 356 356 2155 712 712 2156 331 331 2157 332 332 2158 352 352 2159 332 332 2160 353 353 2161 352 352 2162 324 324 2163 325 325 2164 345 345 2165 325 325 2166 346 346 2167 345 345 2168 415 415 2169 337 337 2170 416 416 2171 337 337 2172 357 357 2173 416 416 2174 332 332 2175 333 333 2176 353 353 2177 333 333 2178 354 354 2179 353 353 2180 325 325 2181 326 326 2182 346 346 2183 326 326 2184 347 347 2185 346 346 2186 318 318 2187 322 322 2188 339 339 2189 322 322 2190 343 343 2191 339 339 2192 346 346 2193 347 347 2194 366 366 2195 347 347 2196 367 367 2197 366 366 2198 339 339 2199 343 343 2200 359 359 2201 343 343 2202 363 363 2203 359 359 2204 354 354 2205 408 408 2206 374 374 2207 408 408 2208 375 375 2209 374 374 2210 347 347 2211 348 348 2212 367 367 2213 348 348 2214 368 368 2215 367 367 2216 341 341 2217 339 339 2218 361 361 2219 339 339 2220 359 359 2221 361 361 2222 644 644 2223 738 738 2224 291 291 2225 738 738 2226 313 313 2227 291 291 2228 348 348 2229 349 349 2230 368 368 2231 349 349 2232 369 369 2233 368 368 2234 709 709 2235 342 342 2236 714 714 2237 342 342 2238 362 362 2239 714 714 2240 349 349 2241 350 350 2242 369 369 2243 350 350 2244 370 370 2245 369 369 2246 342 342 2247 341 341 2248 362 362 2249 341 341 2250 361 361 2251 362 362 2252 710 710 2253 340 340 2254 715 715 2255 340 340 2256 360 360 2257 715 715 2258 350 350 2259 351 351 2260 370 370 2261 351 351 2262 371 371 2263 370 370 2264 343 343 2265 344 344 2266 363 363 2267 344 344 2268 364 364 2269 363 363 2270 711 711 2271 355 355 2272 716 716 2273 355 355 2274 376 376 2275 716 716 2276 351 351 2277 352 352 2278 371 371 2279 352 352 2280 372 372 2281 371 371 2282 344 344 2283 345 345 2284 364 364 2285 345 345 2286 365 365 2287 364 364 2288 712 712 2289 356 356 2290 717 717 2291 356 356 2292 377 377 2293 717 717 2294 352 352 2295 353 353 2296 372 372 2297 353 353 2298 373 373 2299 372 372 2300 345 345 2301 346 346 2302 365 365 2303 346 346 2304 366 366 2305 365 365 2306 416 416 2307 357 357 2308 417 417 2309 357 357 2310 378 378 2311 417 417 2312 353 353 2313 354 354 2314 373 373 2315 354 354 2316 374 374 2317 373 373 2318 373 373 2319 374 374 2320 394 394 2321 374 374 2322 395 395 2323 394 394 2324 366 366 2325 367 367 2326 387 387 2327 367 367 2328 388 388 2329 387 387 2330 359 359 2331 363 363 2332 380 380 2333 363 363 2334 384 384 2335 380 380 2336 374 374 2337 375 375 2338 395 395 2339 375 375 2340 396 396 2341 395 395 2342 367 367 2343 368 368 2344 388 388 2345 368 368 2346 389 389 2347 388 388 2348 361 361 2349 359 359 2350 382 382 2351 359 359 2352 380 380 2353 382 382 2354 334 334 2355 313 313 2356 735 735 2357 313 313 2358 738 738 2359 735 735 2360 368 368 2361 369 369 2362 389 389 2363 369 369 2364 390 390 2365 389 389 2366 714 714 2367 362 362 2368 719 719 2369 362 362 2370 383 383 2371 719 719 2372 369 369 2373 370 370 2374 390 390 2375 370 370 2376 391 391 2377 390 390 2378 362 362 2379 361 361 2380 383 383 2381 361 361 2382 382 382 2383 383 383 2384 715 715 2385 360 360 2386 724 724 2387 360 360 2388 381 381 2389 724 724 2390 370 370 2391 371 371 2392 391 391 2393 371 371 2394 392 392 2395 391 391 2396 363 363 2397 364 364 2398 384 384 2399 364 364 2400 385 385 2401 384 384 2402 716 716 2403 376 376 2404 725 725 2405 376 376 2406 397 397 2407 725 725 2408 371 371 2409 372 372 2410 392 392 2411 372 372 2412 393 393 2413 392 392 2414 364 364 2415 365 365 2416 385 385 2417 365 365 2418 386 386 2419 385 385 2420 717 717 2421 377 377 2422 726 726 2423 377 377 2424 398 398 2425 726 726 2426 372 372 2427 373 373 2428 393 393 2429 373 373 2430 394 394 2431 393 393 2432 365 365 2433 366 366 2434 386 386 2435 366 366 2436 387 387 2437 386 386 2438 417 417 2439 378 378 2440 418 418 2441 378 378 2442 399 399 2443 418 418 2444 386 386 2445 387 387 2446 558 558 2447 387 387 2448 559 559 2449 558 558 2450 418 418 2451 399 399 2452 592 592 2453 399 399 2454 571 571 2455 592 592 2456 394 394 2457 395 395 2458 566 566 2459 395 395 2460 567 567 2461 566 566 2462 387 387 2463 388 388 2464 559 559 2465 388 388 2466 560 560 2467 559 559 2468 380 380 2469 384 384 2470 552 552 2471 384 384 2472 556 556 2473 552 552 2474 395 395 2475 396 396 2476 567 567 2477 396 396 2478 568 568 2479 567 567 2480 388 388 2481 389 389 2482 560 560 2483 389 389 2484 561 561 2485 560 560 2486 382 382 2487 380 380 2488 554 554 2489 380 380 2490 552 552 2491 554 554 2492 389 389 2493 390 390 2494 561 561 2495 390 390 2496 562 562 2497 561 561 2498 719 719 2499 383 383 2500 730 730 2501 383 383 2502 555 555 2503 730 730 2504 744 744 2505 742 742 2506 729 729 2507 742 742 2508 727 727 2509 729 729 2510 390 390 2511 391 391 2512 562 562 2513 391 391 2514 563 563 2515 562 562 2516 383 383 2517 382 382 2518 555 555 2519 382 382 2520 554 554 2521 555 555 2522 724 724 2523 381 381 2524 731 731 2525 381 381 2526 553 553 2527 731 731 2528 391 391 2529 392 392 2530 563 563 2531 392 392 2532 564 564 2533 563 563 2534 384 384 2535 385 385 2536 556 556 2537 385 385 2538 557 557 2539 556 556 2540 725 725 2541 397 397 2542 732 732 2543 397 397 2544 569 569 2545 732 732 2546 392 392 2547 393 393 2548 564 564 2549 393 393 2550 565 565 2551 564 564 2552 385 385 2553 386 386 2554 557 557 2555 386 386 2556 558 558 2557 557 557 2558 726 726 2559 398 398 2560 728 728 2561 398 398 2562 570 570 2563 728 728 2564 393 393 2565 394 394 2566 565 565 2567 394 394 2568 566 566 2569 565 565 2570 402 402 2571 401 401 2572 743 743 2573 401 401 2574 292 292 2575 743 743 2576 609 609 2577 703 703 2578 651 651 2579 703 703 2580 411 411 2581 651 651 2582 419 419 2583 418 418 2584 599 599 2585 418 418 2586 592 592 2587 599 599 2588 410 410 2589 713 713 2590 723 723 2591 713 713 2592 718 718 2593 723 723 2594 736 736 2595 402 402 2596 733 733 2597 402 402 2598 743 743 2599 733 733 2600 422 422 2601 417 417 2602 419 419 2603 417 417 2604 418 418 2605 419 419 2606 408 408 2607 735 735 2608 737 737 2609 375 375 2610 408 408 2611 720 720 2612 720 720 2613 408 408 2614 737 737 2615 406 406 2616 741 741 2617 403 403 2618 741 741 2619 412 412 2620 403 403 2621 703 703 2622 708 708 2623 411 411 2624 708 708 2625 734 734 2626 411 411 2627 424 424 2628 414 414 2629 423 423 2630 414 414 2631 415 415 2632 423 423 2633 713 713 2634 410 410 2635 708 708 2636 410 410 2637 734 734 2638 708 708 2639 423 423 2640 415 415 2641 420 420 2642 415 415 2643 416 416 2644 420 420 2645 741 741 2646 407 407 2647 412 412 2648 407 407 2649 404 404 2650 412 412 2651 727 727 2652 742 742 2653 718 718 2654 742 742 2655 723 723 2656 718 718 2657 421 421 2658 413 413 2659 424 424 2660 413 413 2661 414 414 2662 424 424 2663 296 296 2664 421 421 2665 317 317 2666 421 421 2667 424 424 2668 317 317 2669 338 338 2670 423 423 2671 358 358 2672 423 423 2673 420 420 2674 358 358 2675 317 317 2676 424 424 2677 338 338 2678 424 424 2679 423 423 2680 338 338 2681 379 379 2682 422 422 2683 400 400 2684 422 422 2685 419 419 2686 400 400 2687 400 400 2688 419 419 2689 572 572 2690 419 419 2691 599 599 2692 572 572 2693 358 358 2694 420 420 2695 379 379 2696 420 420 2697 422 422 2698 379 379 2699 433 433 2700 455 455 2701 434 434 2702 455 455 2703 456 456 2704 434 434 2705 427 427 2706 449 449 2707 425 425 2708 449 449 2709 447 447 2710 425 425 2711 780 780 2712 547 547 2713 578 578 2714 547 547 2715 568 568 2716 578 578 2717 434 434 2718 456 456 2719 435 435 2720 456 456 2721 457 457 2722 435 435 2723 654 654 2724 745 745 2725 428 428 2726 745 745 2727 450 450 2728 428 428 2729 577 577 2730 582 582 2731 767 767 2732 582 582 2733 768 768 2734 767 767 2735 435 435 2736 457 457 2737 436 436 2738 457 457 2739 458 458 2740 436 436 2741 428 428 2742 450 450 2743 427 427 2744 450 450 2745 449 449 2746 427 427 2747 656 656 2748 746 746 2749 426 426 2750 746 746 2751 448 448 2752 426 426 2753 436 436 2754 458 458 2755 437 437 2756 458 458 2757 459 459 2758 437 437 2759 429 429 2760 451 451 2761 430 430 2762 451 451 2763 452 452 2764 430 430 2765 658 658 2766 747 747 2767 443 443 2768 747 747 2769 464 464 2770 443 443 2771 437 437 2772 459 459 2773 438 438 2774 459 459 2775 460 460 2776 438 438 2777 430 430 2778 452 452 2779 431 431 2780 452 452 2781 453 453 2782 431 431 2783 660 660 2784 748 748 2785 444 444 2786 748 748 2787 465 465 2788 444 444 2789 438 438 2790 460 460 2791 439 439 2792 460 460 2793 461 461 2794 439 439 2795 431 431 2796 453 453 2797 432 432 2798 453 453 2799 454 454 2800 432 432 2801 586 586 2802 587 587 2803 445 445 2804 587 587 2805 466 466 2806 445 445 2807 439 439 2808 461 461 2809 440 440 2810 461 461 2811 462 462 2812 440 440 2813 432 432 2814 454 454 2815 433 433 2816 454 454 2817 455 455 2818 433 433 2819 425 425 2820 447 447 2821 429 429 2822 447 447 2823 451 451 2824 429 429 2825 440 440 2826 462 462 2827 441 441 2828 462 462 2829 463 463 2830 441 441 2831 449 449 2832 470 470 2833 447 447 2834 470 470 2835 468 468 2836 447 447 2837 780 780 2838 766 766 2839 547 547 2840 766 766 2841 526 526 2842 547 547 2843 456 456 2844 477 477 2845 457 457 2846 477 477 2847 478 478 2848 457 457 2849 745 745 2850 750 750 2851 450 450 2852 750 750 2853 471 471 2854 450 450 2855 594 594 2856 596 596 2857 589 589 2858 596 596 2859 590 590 2860 589 589 2861 457 457 2862 478 478 2863 458 458 2864 478 478 2865 479 479 2866 458 458 2867 450 450 2868 471 471 2869 449 449 2870 471 471 2871 470 470 2872 449 449 2873 746 746 2874 751 751 2875 448 448 2876 751 751 2877 469 469 2878 448 448 2879 458 458 2880 479 479 2881 459 459 2882 479 479 2883 480 480 2884 459 459 2885 451 451 2886 472 472 2887 452 452 2888 472 472 2889 473 473 2890 452 452 2891 747 747 2892 752 752 2893 464 464 2894 752 752 2895 486 486 2896 464 464 2897 459 459 2898 480 480 2899 460 460 2900 480 480 2901 481 481 2902 460 460 2903 452 452 2904 473 473 2905 453 453 2906 473 473 2907 474 474 2908 453 453 2909 748 748 2910 753 753 2911 465 465 2912 753 753 2913 487 487 2914 465 465 2915 460 460 2916 481 481 2917 461 461 2918 481 481 2919 482 482 2920 461 461 2921 453 453 2922 474 474 2923 454 454 2924 474 474 2925 475 475 2926 454 454 2927 587 587 2928 588 588 2929 466 466 2930 588 588 2931 488 488 2932 466 466 2933 461 461 2934 482 482 2935 462 462 2936 482 482 2937 483 483 2938 462 462 2939 454 454 2940 475 475 2941 455 455 2942 475 475 2943 476 476 2944 455 455 2945 447 447 2946 468 468 2947 451 451 2948 468 468 2949 472 472 2950 451 451 2951 462 462 2952 483 483 2953 463 463 2954 483 483 2955 484 484 2956 463 463 2957 455 455 2958 476 476 2959 456 456 2960 476 476 2961 477 477 2962 456 456 2963 483 483 2964 505 505 2965 484 484 2966 505 505 2967 581 581 2968 484 484 2969 476 476 2970 498 498 2971 477 477 2972 498 498 2973 499 499 2974 477 477 2975 470 470 2976 492 492 2977 468 468 2978 492 492 2979 490 490 2980 468 468 2981 484 484 2982 581 581 2983 776 776 2984 477 477 2985 499 499 2986 478 478 2987 499 499 2988 500 500 2989 478 478 2990 750 750 2991 755 755 2992 471 471 2993 755 755 2994 493 493 2995 471 471 2996 485 485 2997 582 582 2998 740 740 2999 582 582 3000 577 577 3001 740 740 3002 478 478 3003 500 500 3004 479 479 3005 500 500 3006 501 501 3007 479 479 3008 471 471 3009 493 493 3010 470 470 3011 493 493 3012 492 492 3013 470 470 3014 751 751 3015 756 756 3016 469 469 3017 756 756 3018 491 491 3019 469 469 3020 479 479 3021 501 501 3022 480 480 3023 501 501 3024 502 502 3025 480 480 3026 472 472 3027 494 494 3028 473 473 3029 494 494 3030 495 495 3031 473 473 3032 752 752 3033 757 757 3034 486 486 3035 757 757 3036 506 506 3037 486 486 3038 480 480 3039 502 502 3040 481 481 3041 502 502 3042 503 503 3043 481 481 3044 473 473 3045 495 495 3046 474 474 3047 495 495 3048 496 496 3049 474 474 3050 753 753 3051 758 758 3052 487 487 3053 758 758 3054 507 507 3055 487 487 3056 481 481 3057 503 503 3058 482 482 3059 503 503 3060 504 504 3061 482 482 3062 474 474 3063 496 496 3064 475 475 3065 496 496 3066 497 497 3067 475 475 3068 588 588 3069 589 589 3070 488 488 3071 589 589 3072 508 508 3073 488 488 3074 482 482 3075 504 504 3076 483 483 3077 504 504 3078 505 505 3079 483 483 3080 475 475 3081 497 497 3082 476 476 3083 497 497 3084 498 498 3085 476 476 3086 468 468 3087 490 490 3088 472 472 3089 490 490 3090 494 494 3091 472 472 3092 497 497 3093 517 517 3094 498 498 3095 517 517 3096 518 518 3097 498 498 3098 490 490 3099 510 510 3100 494 494 3101 510 510 3102 514 514 3103 494 494 3104 505 505 3105 525 525 3106 581 581 3107 525 525 3108 526 526 3109 581 581 3110 498 498 3111 518 518 3112 499 499 3113 518 518 3114 519 519 3115 499 499 3116 492 492 3117 512 512 3118 490 490 3119 512 512 3120 510 510 3121 490 490 3122 692 692 3123 441 441 3124 779 779 3125 441 441 3126 463 463 3127 779 779 3128 499 499 3129 519 519 3130 500 500 3131 519 519 3132 520 520 3133 500 500 3134 755 755 3135 760 760 3136 493 493 3137 760 760 3138 513 513 3139 493 493 3140 500 500 3141 520 520 3142 501 501 3143 520 520 3144 521 521 3145 501 501 3146 493 493 3147 513 513 3148 492 492 3149 513 513 3150 512 512 3151 492 492 3152 756 756 3153 761 761 3154 491 491 3155 761 761 3156 511 511 3157 491 491 3158 501 501 3159 521 521 3160 502 502 3161 521 521 3162 522 522 3163 502 502 3164 494 494 3165 514 514 3166 495 495 3167 514 514 3168 515 515 3169 495 495 3170 757 757 3171 762 762 3172 506 506 3173 762 762 3174 527 527 3175 506 506 3176 502 502 3177 522 522 3178 503 503 3179 522 522 3180 523 523 3181 503 503 3182 495 495 3183 515 515 3184 496 496 3185 515 515 3186 516 516 3187 496 496 3188 758 758 3189 763 763 3190 507 507 3191 763 763 3192 528 528 3193 507 507 3194 503 503 3195 523 523 3196 504 504 3197 523 523 3198 524 524 3199 504 504 3200 496 496 3201 516 516 3202 497 497 3203 516 516 3204 517 517 3205 497 497 3206 589 589 3207 590 590 3208 508 508 3209 590 590 3210 529 529 3211 508 508 3212 504 504 3213 524 524 3214 505 505 3215 524 524 3216 525 525 3217 505 505 3218 524 524 3219 545 545 3220 525 525 3221 545 545 3222 546 546 3223 525 525 3224 517 517 3225 538 538 3226 518 518 3227 538 538 3228 539 539 3229 518 518 3230 510 510 3231 531 531 3232 514 514 3233 531 531 3234 535 535 3235 514 514 3236 525 525 3237 546 546 3238 526 526 3239 546 546 3240 547 547 3241 526 526 3242 518 518 3243 539 539 3244 519 519 3245 539 539 3246 540 540 3247 519 519 3248 512 512 3249 533 533 3250 510 510 3251 533 533 3252 531 531 3253 510 510 3254 484 484 3255 776 776 3256 463 463 3257 776 776 3258 779 779 3259 463 463 3260 519 519 3261 540 540 3262 520 520 3263 540 540 3264 541 541 3265 520 520 3266 760 760 3267 765 765 3268 513 513 3269 765 765 3270 534 534 3271 513 513 3272 520 520 3273 541 541 3274 521 521 3275 541 541 3276 542 542 3277 521 521 3278 513 513 3279 534 534 3280 512 512 3281 534 534 3282 533 533 3283 512 512 3284 761 761 3285 770 770 3286 511 511 3287 770 770 3288 532 532 3289 511 511 3290 521 521 3291 542 542 3292 522 522 3293 542 542 3294 543 543 3295 522 522 3296 514 514 3297 535 535 3298 515 515 3299 535 535 3300 536 536 3301 515 515 3302 762 762 3303 771 771 3304 527 527 3305 771 771 3306 548 548 3307 527 527 3308 522 522 3309 543 543 3310 523 523 3311 543 543 3312 544 544 3313 523 523 3314 515 515 3315 536 536 3316 516 516 3317 536 536 3318 537 537 3319 516 516 3320 763 763 3321 772 772 3322 528 528 3323 772 772 3324 549 549 3325 528 528 3326 523 523 3327 544 544 3328 524 524 3329 544 544 3330 545 545 3331 524 524 3332 516 516 3333 537 537 3334 517 517 3335 537 537 3336 538 538 3337 517 517 3338 590 590 3339 591 591 3340 529 529 3341 591 591 3342 550 550 3343 529 529 3344 537 537 3345 558 558 3346 538 538 3347 558 558 3348 559 559 3349 538 538 3350 591 591 3351 592 592 3352 550 550 3353 592 592 3354 571 571 3355 550 550 3356 545 545 3357 566 566 3358 546 546 3359 566 566 3360 567 567 3361 546 546 3362 538 538 3363 559 559 3364 539 539 3365 559 559 3366 560 560 3367 539 539 3368 531 531 3369 552 552 3370 535 535 3371 552 552 3372 556 556 3373 535 535 3374 546 546 3375 567 567 3376 547 547 3377 567 567 3378 568 568 3379 547 547 3380 539 539 3381 560 560 3382 540 540 3383 560 560 3384 561 561 3385 540 540 3386 533 533 3387 554 554 3388 531 531 3389 554 554 3390 552 552 3391 531 531 3392 540 540 3393 561 561 3394 541 541 3395 561 561 3396 562 562 3397 541 541 3398 765 765 3399 730 730 3400 534 534 3401 730 730 3402 555 555 3403 534 534 3404 744 744 3405 729 729 3406 782 782 3407 729 729 3408 773 773 3409 782 782 3410 541 541 3411 562 562 3412 542 542 3413 562 562 3414 563 563 3415 542 542 3416 534 534 3417 555 555 3418 533 533 3419 555 555 3420 554 554 3421 533 533 3422 770 770 3423 731 731 3424 532 532 3425 731 731 3426 553 553 3427 532 532 3428 542 542 3429 563 563 3430 543 543 3431 563 563 3432 564 564 3433 543 543 3434 535 535 3435 556 556 3436 536 536 3437 556 556 3438 557 557 3439 536 536 3440 771 771 3441 732 732 3442 548 548 3443 732 732 3444 569 569 3445 548 548 3446 543 543 3447 564 564 3448 544 544 3449 564 564 3450 565 565 3451 544 544 3452 536 536 3453 557 557 3454 537 537 3455 557 557 3456 558 558 3457 537 537 3458 772 772 3459 728 728 3460 549 549 3461 728 728 3462 570 570 3463 549 549 3464 544 544 3465 565 565 3466 545 545 3467 565 565 3468 566 566 3469 545 545 3470 574 574 3471 783 783 3472 573 573 3473 783 783 3474 442 442 3475 573 573 3476 662 662 3477 698 698 3478 749 749 3479 698 698 3480 584 584 3481 749 749 3482 593 593 3483 599 599 3484 591 591 3485 599 599 3486 592 592 3487 591 591 3488 583 583 3489 769 769 3490 759 759 3491 769 769 3492 764 764 3493 759 759 3494 777 777 3495 774 774 3496 574 574 3497 774 774 3498 783 783 3499 574 574 3500 596 596 3501 593 593 3502 590 590 3503 593 593 3504 591 591 3505 590 590 3506 581 581 3507 778 778 3508 776 776 3509 526 526 3510 766 766 3511 581 581 3512 766 766 3513 778 778 3514 581 581 3515 579 579 3516 575 575 3517 781 781 3518 575 575 3519 585 585 3520 781 781 3521 749 749 3522 584 584 3523 754 754 3524 584 584 3525 775 775 3526 754 754 3527 598 598 3528 597 597 3529 587 587 3530 597 597 3531 588 588 3532 587 587 3533 759 759 3534 754 754 3535 583 583 3536 754 754 3537 775 775 3538 583 583 3539 597 597 3540 594 594 3541 588 588 3542 594 594 3543 589 589 3544 588 588 3545 781 781 3546 585 585 3547 580 580 3548 585 585 3549 576 576 3550 580 580 3551 773 773 3552 764 764 3553 782 782 3554 764 764 3555 769 769 3556 782 782 3557 595 595 3558 598 598 3559 586 586 3560 598 598 3561 587 587 3562 586 586 3563 446 446 3564 467 467 3565 595 595 3566 467 467 3567 598 598 3568 595 595 3569 489 489 3570 509 509 3571 597 597 3572 509 509 3573 594 594 3574 597 597 3575 467 467 3576 489 489 3577 598 598 3578 489 489 3579 597 597 3580 598 598 3581 530 530 3582 551 551 3583 596 596 3584 551 551 3585 593 593 3586 596 596 3587 551 551 3588 572 572 3589 593 593 3590 572 572 3591 599 599 3592 593 593 3593 509 509 3594 530 530 3595 594 594 3596 530 530 3597 596 596 3598 594 594 3599</p>
				</triangles>
			</mesh>
		</geometry>
	</library_geometries>
	<library_visual_scenes>
		<visual_scene id="Scene" name="Scene">
			<node id="Part_0" name="Part.0" type="NODE">
				<matrix sid="transform">1 0 0 0 0 1 0 0 0 0 1 0 0 0 0 1</matrix>
				<instance_geometry url="#44E8B445-F7EF-4223-9556-3F2C57B8A524-mesh">
					<bind_material>
						<technique_common>
							<instance_material symbol="MB|141-material" target="#MB|141-material"/>
						</technique_common>
					</bind_material>
				</instance_geometry>
			</node>
		</visual_scene>
	</library_visual_scenes>
	<scene>
		<instance_visual_scene url="#Scene"/>
	</scene>
</COLLADA>