<?xml version="1.0" encoding="utf-8"?>
<COLLADA xmlns="http://www.collada.org/2005/11/COLLADASchema" version="1.4.1">
	<asset>
		<contributor>
			<author>Mecabricks User</author>
			<authoring_tool>Mecabricks 6.0</authoring_tool>
		</contributor>
		<created>2025-10-01 T 01:26:46</created>
		<modified>2025-10-01 T 01:26:46</modified>
		<unit name="millimeter" meter="0.001"/>
		<up_axis>Y_UP</up_axis>
	</asset>
	<library_effects>
		<effect id="MB|1-effect">
			<profile_COMMON>
				<technique sid="common">
					<phong>
						<diffuse>
							<color sid="diffuse">0.9046611743890203 0.9046611743890203 0.9046611743890203 1</color>
						</diffuse>
						<index_of_refraction>
							<float sid="index_of_refraction">0</float>
						</index_of_refraction>
					</phong>
				</technique>
			</profile_COMMON>
		</effect>
	</library_effects>
	<library_materials>
		<material id="MB|1-material" name="MB|1">
			<instance_effect url="#MB|1-effect"/>
		</material>
	</library_materials>
	<library_geometries>
		<geometry id="13F025DF-8D08-4967-A699-6E0BA8672DB8-mesh" name="13F025DF-8D08-4967-A699-6E0BA8672DB8">
			<mesh>
				<source id="13F025DF-8D08-4967-A699-6E0BA8672DB8-mesh-positions">
					<float_array id="13F025DF-8D08-4967-A699-6E0BA8672DB8-mesh-positions-array" count="3630">13.7 24 -3.96 11.082 28.78 -2.217 10.303 28.78 -1.697 9.783 28.78 -0.918 9.6 28.78 0 9.783 28.78 0.918 10.303 28.78 1.697 11.082 28.78 2.217 12 28.78 2.4 14.281 28.78 0.6 14.4 28.78 0 14.217 28.78 -0.918 13.697 28.78 -1.697 12.918 28.78 -2.217 15.96 0.02 -3.96 15.96 0.02 3.96 15.96 28.78 3.96 15.96 28.78 -3.96 14.6 0.02 2.9 14.4 0.02 -2.4 14.4 2.1 -2.4 14.4 27.2 3.96 14.4 3.18 3.96 13.7 3.18 -3.96 13.7 26.5 -3.96 14.4 2.1 0.6 13.7 26.5 0.6 13.7 3.18 0.6 14.6 28.78 0.6 12 28.78 2.9 14.6 28.78 2.9 12 27.2 2.9 12 27.2 0.6 14.4 3.18 2.9 12 3.18 2.9 12 3.18 0.6 12 2.1 0.6 12 2.1 2.4 12 0.02 2.4 12 0.02 2.9 14.4 5.5 3.96 14.4 25 3.96 14.6 25 0.6 14.6 25 2.9 14.4 25 0.6 14.4 25 2.9 14.4 27.2 2.9 14.6 0.02 0.6 14.4 0.02 0.6 14.6 5.5 2.9 14.6 5.5 0.6 14.4 5.5 2.9 14.4 5.5 0.6 13.7 5.5 0.6 13.7 5.5 -3.96 15.96 5.5 -3.96 15.96 5.5 3.96 15.96 25 3.96 15.96 25 -3.96 13.7 25 0.6 13.7 25 -3.96 12.821 30.6 -1.982 12.918 30.35 -2.217 12.89 30.527 -2.148 13.517 30.6 -1.517 13.697 30.35 -1.697 13.644 30.527 -1.644 13.982 30.6 -0.821 14.217 30.35 -0.918 14.148 30.527 -0.89 14.145 30.6 0 14.4 30.35 0 14.325 30.527 0 14.281 30.35 0.6 14.039 30.6 0.536 14.21 30.527 0.581 12 30.6 2.145 12 30.35 2.4 12 30.527 2.325 11.179 30.6 1.982 11.082 30.35 2.217 11.11 30.527 2.148 10.483 30.6 1.517 10.303 30.35 1.697 10.356 30.527 1.644 10.018 30.6 0.821 9.783 30.35 0.918 9.852 30.527 0.89 9.855 30.6 0 9.6 30.35 0 9.675 30.527 0 10.018 30.6 -0.821 9.783 30.35 -0.918 9.852 30.527 -0.89 10.483 30.6 -1.517 10.303 30.35 -1.697 10.356 30.527 -1.644 11.179 30.6 -1.982 11.082 30.35 -2.217 11.11 30.527 -2.148 12 30.35 -2.4 12 30.6 -2.145 12 30.527 -2.325 12 30.6 0.536 15.96 6.5 -3.96 14.4 6.5 2.9 14.4 6.5 0.6 13.7 6.5 0.6 14.4 6.5 3.96 13.7 6.5 -3.96 15.96 6.5 3.96 14.4 24 2.9 12 30.6 0 15.96 24 3.96 14.4 24 0.6 13.7 24 0.6 14.4 24 3.96 15.96 24 -3.96 12 28.78 -2.4 -13.7 24 -3.96 -11.082 28.78 -2.217 -10.303 28.78 -1.697 -9.783 28.78 -0.918 -9.6 28.78 0 -9.783 28.78 0.918 -10.303 28.78 1.697 -11.082 28.78 2.217 -12 28.78 2.4 -14.281 28.78 0.6 -14.4 28.78 0 -14.217 28.78 -0.918 -13.697 28.78 -1.697 -12.918 28.78 -2.217 -15.96 0.02 -3.96 -15.96 0.02 3.96 -15.96 28.78 3.96 -15.96 28.78 -3.96 -14.6 0.02 2.9 -14.4 0.02 -2.4 -14.4 2.1 -2.4 -14.4 27.2 3.96 -14.4 3.18 3.96 -13.7 3.18 -3.96 -13.7 26.5 -3.96 -14.4 2.1 0.6 -13.7 26.5 0.6 -13.7 3.18 0.6 -14.6 28.78 0.6 -12 28.78 2.9 -14.6 28.78 2.9 -12 27.2 2.9 -12 27.2 0.6 -14.4 3.18 2.9 -12 3.18 2.9 -12 3.18 0.6 -12 2.1 0.6 -12 2.1 2.4 -12 0.02 2.4 -12 0.02 2.9 0 0.02 3.96 0 0.02 -3.96 0 0.02 -2.4 -14.4 5.5 3.96 0 3.18 -3.96 0 3.18 3.96 -14.4 25 3.96 0 0.02 2.4 0 2.1 2.4 0 2.1 -2.4 0 28.78 -3.96 0 28.78 3.96 0 27.2 3.96 0 26.5 -3.96 0 26.5 0.6 0 27.2 0.6 -14.6 25 0.6 -14.6 25 2.9 -14.4 25 0.6 -14.4 25 2.9 -14.4 27.2 2.9 -14.6 0.02 0.6 -14.4 0.02 0.6 -14.6 5.5 2.9 -14.6 5.5 0.6 -14.4 5.5 2.9 -14.4 5.5 0.6 -13.7 5.5 0.6 -13.7 5.5 -3.96 -15.96 5.5 -3.96 -15.96 5.5 3.96 -15.96 25 3.96 -15.96 25 -3.96 -13.7 25 0.6 -13.7 25 -3.96 -12.821 30.6 -1.982 -12.918 30.35 -2.217 -12.89 30.527 -2.148 -13.517 30.6 -1.517 -13.697 30.35 -1.697 -13.644 30.527 -1.644 -13.982 30.6 -0.821 -14.217 30.35 -0.918 -14.148 30.527 -0.89 -14.145 30.6 0 -14.4 30.35 0 -14.325 30.527 0 -14.281 30.35 0.6 -14.039 30.6 0.536 -14.21 30.527 0.581 -12 30.6 2.145 -12 30.35 2.4 -12 30.527 2.325 -11.179 30.6 1.982 -11.082 30.35 2.217 -11.11 30.527 2.148 -10.483 30.6 1.517 -10.303 30.35 1.697 -10.356 30.527 1.644 -10.018 30.6 0.821 -9.783 30.35 0.918 -9.852 30.527 0.89 -9.855 30.6 0 -9.6 30.35 0 -9.675 30.527 0 -10.018 30.6 -0.821 -9.783 30.35 -0.918 -9.852 30.527 -0.89 -10.483 30.6 -1.517 -10.303 30.35 -1.697 -10.356 30.527 -1.644 -11.179 30.6 -1.982 -11.082 30.35 -2.217 -11.11 30.527 -2.148 -12 30.35 -2.4 -12 30.6 -2.145 -12 30.527 -2.325 -12 30.6 0.536 -15.96 6.5 -3.96 -14.4 6.5 2.9 -14.4 6.5 0.6 -13.7 6.5 0.6 -14.4 6.5 3.96 -13.7 6.5 -3.96 -15.96 6.5 3.96 -14.4 24 2.9 -12 30.6 0 -15.96 24 3.96 -14.4 24 0.6 -13.7 24 0.6 -14.4 24 3.96 -15.96 24 -3.96 -12 28.78 -2.4 15.96 6.5 3.96 15.96 24 3.96 11.082 28.78 -2.217 10.303 28.78 -1.697 9.783 28.78 -0.918 9.6 28.78 0 9.783 28.78 0.918 10.303 28.78 1.697 11.082 28.78 2.217 12 28.78 2.4 12 28.78 2.4 14.281 28.78 0.6 14.281 28.78 0.6 14.4 28.78 0 14.217 28.78 -0.918 13.697 28.78 -1.697 12.918 28.78 -2.217 14.4 25 0.6 14.4 25 0.6 14.4 24 0.6 15.96 0.02 -3.96 15.96 0.02 -3.96 15.96 0.02 3.96 15.96 0.02 3.96 13.7 24 -3.96 13.7 25 -3.96 0 28.78 -3.96 15.96 28.78 -3.96 15.96 28.78 -3.96 15.96 25 3.96 15.96 28.78 3.96 15.96 28.78 3.96 0 28.78 3.96 0 0.02 -2.4 14.4 0.02 -2.4 14.4 0.02 -2.4 14.4 2.1 -2.4 14.4 2.1 -2.4 14.4 5.5 3.96 14.4 3.18 3.96 14.4 3.18 3.96 13.7 26.5 -3.96 13.7 26.5 -3.96 0 26.5 -3.96 0 3.18 3.96 15.96 24 -3.96 15.96 25 -3.96 13.7 3.18 -3.96 13.7 3.18 -3.96 13.7 3.18 0.6 13.7 3.18 0.6 13.7 5.5 0.6 13.7 26.5 0.6 13.7 26.5 0.6 12 28.78 2.9 12 28.78 2.9 14.6 28.78 0.6 14.6 28.78 0.6 14.6 28.78 2.9 14.6 28.78 2.9 13.7 25 0.6 13.7 24 0.6 12 27.2 2.9 12 27.2 2.9 14.4 27.2 2.9 14.4 27.2 2.9 13.7 6.5 -3.96 12 27.2 0.6 12 27.2 0.6 14.4 5.5 2.9 14.4 5.5 2.9 14.4 5.5 0.6 14.4 5.5 0.6 0 27.2 0.6 14.4 3.18 2.9 14.4 3.18 2.9 12 3.18 2.9 12 3.18 2.9 12 3.18 0.6 12 3.18 0.6 12 2.1 0.6 12 2.1 0.6 12 2.1 2.4 12 2.1 2.4 12 0.02 2.4 12 0.02 2.4 12 0.02 2.9 12 0.02 2.9 14.6 0.02 2.9 14.6 0.02 2.9 14.4 25 3.96 14.4 24 3.96 12 28.78 -2.4 0 0.02 3.96 14.4 6.5 3.96 0 0.02 -3.96 13.7 5.5 -3.96 0 3.18 -3.96 0 0.02 2.4 0 2.1 2.4 13.7 6.5 0.6 14.4 27.2 3.96 14.4 27.2 3.96 0 27.2 3.96 0 26.5 0.6 14.4 2.1 0.6 14.4 2.1 0.6 14.6 25 0.6 14.6 25 0.6 14.6 25 2.9 14.6 25 2.9 14.4 25 2.9 14.4 25 2.9 14.4 6.5 0.6 0 2.1 -2.4 14.6 0.02 0.6 14.6 0.02 0.6 14.4 0.02 0.6 14.4 0.02 0.6 14.6 5.5 2.9 14.6 5.5 2.9 14.6 5.5 0.6 14.6 5.5 0.6 15.96 5.5 -3.96 15.96 5.5 3.96 14.039 30.6 0.536 14.21 30.527 0.581 14.281 30.35 0.6 12 30.527 2.325 12 30.6 2.145 12 30.35 2.4 15.96 6.5 -3.96 12 30.6 0.536 12 30.6 0.536 -15.96 6.5 3.96 -15.96 24 3.96 -11.082 28.78 -2.217 -10.303 28.78 -1.697 -9.783 28.78 -0.918 -9.6 28.78 0 -9.783 28.78 0.918 -10.303 28.78 1.697 -11.082 28.78 2.217 -12 28.78 2.4 -12 28.78 2.4 -14.281 28.78 0.6 -14.281 28.78 0.6 -14.4 28.78 0 -14.217 28.78 -0.918 -13.697 28.78 -1.697 -12.918 28.78 -2.217 -14.4 25 0.6 -14.4 25 0.6 -14.4 24 0.6 -15.96 0.02 -3.96 -15.96 0.02 -3.96 -15.96 0.02 3.96 -15.96 0.02 3.96 -13.7 24 -3.96 -13.7 25 -3.96 -15.96 28.78 -3.96 -15.96 28.78 -3.96 -15.96 25 3.96 -15.96 28.78 3.96 -15.96 28.78 3.96 -14.4 0.02 -2.4 -14.4 0.02 -2.4 -14.4 2.1 -2.4 -14.4 2.1 -2.4 -14.4 5.5 3.96 -14.4 3.18 3.96 -14.4 3.18 3.96 -13.7 26.5 -3.96 -13.7 26.5 -3.96 -15.96 24 -3.96 -15.96 25 -3.96 -13.7 3.18 -3.96 -13.7 3.18 -3.96 -13.7 3.18 0.6 -13.7 3.18 0.6 -13.7 5.5 0.6 -13.7 26.5 0.6 -13.7 26.5 0.6 -12 28.78 2.9 -12 28.78 2.9 -14.6 28.78 0.6 -14.6 28.78 0.6 -14.6 28.78 2.9 -14.6 28.78 2.9 -13.7 25 0.6 -13.7 24 0.6 -12 27.2 2.9 -12 27.2 2.9 -14.4 27.2 2.9 -14.4 27.2 2.9 -13.7 6.5 -3.96 -12 27.2 0.6 -12 27.2 0.6 -14.4 5.5 2.9 -14.4 5.5 2.9 -14.4 5.5 0.6 -14.4 5.5 0.6 -14.4 3.18 2.9 -14.4 3.18 2.9 -12 3.18 2.9 -12 3.18 2.9 -12 3.18 0.6 -12 3.18 0.6 -12 2.1 0.6 -12 2.1 0.6 -12 2.1 2.4 -12 2.1 2.4 -12 0.02 2.4 -12 0.02 2.4 -12 0.02 2.9 -12 0.02 2.9 -14.6 0.02 2.9 -14.6 0.02 2.9 -14.4 25 3.96 -14.4 24 3.96 -12 28.78 -2.4 -14.4 6.5 3.96 -13.7 5.5 -3.96 -13.7 6.5 0.6 -14.4 27.2 3.96 -14.4 27.2 3.96 -14.4 2.1 0.6 -14.4 2.1 0.6 -14.6 25 0.6 -14.6 25 0.6 -14.6 25 2.9 -14.6 25 2.9 -14.4 25 2.9 -14.4 25 2.9 -14.4 6.5 0.6 -14.6 0.02 0.6 -14.6 0.02 0.6 -14.4 0.02 0.6 -14.4 0.02 0.6 -14.6 5.5 2.9 -14.6 5.5 2.9 -14.6 5.5 0.6 -14.6 5.5 0.6 -15.96 5.5 -3.96 -15.96 5.5 3.96 -14.039 30.6 0.536 -14.21 30.527 0.581 -14.281 30.35 0.6 -12 30.527 2.325 -12 30.6 2.145 -12 30.35 2.4 -15.96 6.5 -3.96 -12 30.6 0.536 -12 30.6 0.536 -3.082 30.35 -2.217 -3.179 30.6 -1.982 -3.11 30.527 -2.148 -2.483 30.6 -1.517 -2.303 30.35 -1.697 -2.356 30.527 -1.644 -1.783 30.35 -0.918 -2.018 30.6 -0.821 -1.852 30.527 -0.89 -1.855 30.6 0 -1.6 30.35 0 -1.675 30.527 0 -1.783 30.35 0.918 -2.018 30.6 0.821 -1.852 30.527 0.89 -2.303 30.35 1.697 -2.483 30.6 1.517 -2.356 30.527 1.644 -3.082 30.35 2.217 -3.179 30.6 1.982 -3.11 30.527 2.148 -4 30.35 2.4 -4 30.6 2.145 -4 30.527 2.325 -4.821 30.6 1.982 -4.918 30.35 2.217 -4.89 30.527 2.148 -5.697 30.35 1.697 -5.517 30.6 1.517 -5.644 30.527 1.644 -6.217 30.35 0.918 -5.982 30.6 0.821 -6.148 30.527 0.89 -6.4 30.35 0 -6.145 30.6 0 -6.325 30.527 0 -6.217 30.35 -0.918 -5.982 30.6 -0.821 -6.148 30.527 -0.89 -5.517 30.6 -1.517 -5.697 30.35 -1.697 -5.644 30.527 -1.644 -4.918 30.35 -2.217 -4.821 30.6 -1.982 -4.89 30.527 -2.148 -4 30.35 -2.4 -4 30.6 -2.145 -4 30.527 -2.325 -4 28.93 -2.4 -4 28.78 -2.553 -4 28.824 -2.445 -4.977 28.78 -2.359 -4.918 28.93 -2.217 -4.936 28.824 -2.259 -5.805 28.78 -1.805 -5.697 28.93 -1.697 -5.729 28.824 -1.729 -6.359 28.78 -0.977 -6.217 28.93 -0.918 -6.259 28.824 -0.936 -6.553 28.78 0 -6.4 28.93 0 -6.445 28.824 0 -6.359 28.78 0.977 -6.217 28.93 0.918 -6.259 28.824 0.936 -5.805 28.78 1.805 -5.697 28.93 1.697 -5.729 28.824 1.729 -4.977 28.78 2.359 -4.918 28.93 2.217 -4.936 28.824 2.259 -4 28.78 2.553 -4 28.93 2.4 -4 28.824 2.445 -3.023 28.78 2.359 -3.082 28.93 2.217 -3.064 28.824 2.259 -2.195 28.78 1.805 -2.303 28.93 1.697 -2.271 28.824 1.729 -1.641 28.78 0.977 -1.783 28.93 0.918 -1.741 28.824 0.936 -1.447 28.78 0 -1.6 28.93 0 -1.555 28.824 0 -1.641 28.78 -0.977 -1.783 28.93 -0.918 -1.741 28.824 -0.936 -2.195 28.78 -1.805 -2.303 28.93 -1.697 -2.271 28.824 -1.729 -3.023 28.78 -2.359 -3.082 28.93 -2.217 -3.064 28.824 -2.259 -4 28.78 -1.6 -4.612 28.78 -1.478 -5.131 28.78 -1.131 -5.478 28.78 -0.612 -5.6 28.78 0 -5.478 28.78 0.612 -5.131 28.78 1.131 -4.612 28.78 1.478 -4 28.78 1.6 -3.388 28.78 1.478 -2.869 28.78 1.131 -2.522 28.78 0.612 -2.4 28.78 0 -2.522 28.78 -0.612 -2.869 28.78 -1.131 -3.388 28.78 -1.478 -4 30.4 -1.6 -4 30.6 -1.804 -4 30.541 -1.66 -4.69 30.6 -1.667 -4.612 30.4 -1.478 -4.635 30.541 -1.533 -5.276 30.6 -1.276 -5.131 30.4 -1.131 -5.174 30.541 -1.174 -5.667 30.6 -0.69 -5.478 30.4 -0.612 -5.533 30.541 -0.635 -5.804 30.6 0 -5.6 30.4 0 -5.66 30.541 0 -5.667 30.6 0.69 -5.478 30.4 0.612 -5.533 30.541 0.635 -5.276 30.6 1.276 -5.131 30.4 1.131 -5.174 30.541 1.174 -4.69 30.6 1.667 -4.612 30.4 1.478 -4.635 30.541 1.533 -4 30.6 1.804 -4 30.4 1.6 -4 30.541 1.66 -3.31 30.6 1.667 -3.388 30.4 1.478 -3.365 30.541 1.533 -2.724 30.6 1.276 -2.869 30.4 1.131 -2.826 30.541 1.174 -2.333 30.6 0.69 -2.522 30.4 0.612 -2.467 30.541 0.635 -2.196 30.6 0 -2.4 30.4 0 -2.34 30.541 0 -2.333 30.6 -0.69 -2.522 30.4 -0.612 -2.467 30.541 -0.635 -2.724 30.6 -1.276 -2.869 30.4 -1.131 -2.826 30.541 -1.174 -3.31 30.6 -1.667 -3.388 30.4 -1.478 -3.365 30.541 -1.533 4.918 30.35 -2.217 4.821 30.6 -1.982 4.89 30.527 -2.148 5.517 30.6 -1.517 5.697 30.35 -1.697 5.644 30.527 -1.644 6.217 30.35 -0.918 5.982 30.6 -0.821 6.148 30.527 -0.89 6.145 30.6 0 6.4 30.35 0 6.325 30.527 0 6.217 30.35 0.918 5.982 30.6 0.821 6.148 30.527 0.89 5.697 30.35 1.697 5.517 30.6 1.517 5.644 30.527 1.644 4.918 30.35 2.217 4.821 30.6 1.982 4.89 30.527 2.148 4 30.35 2.4 4 30.6 2.145 4 30.527 2.325 3.179 30.6 1.982 3.082 30.35 2.217 3.11 30.527 2.148 2.303 30.35 1.697 2.483 30.6 1.517 2.356 30.527 1.644 1.783 30.35 0.918 2.018 30.6 0.821 1.852 30.527 0.89 1.6 30.35 0 1.855 30.6 0 1.675 30.527 0 1.783 30.35 -0.918 2.018 30.6 -0.821 1.852 30.527 -0.89 2.483 30.6 -1.517 2.303 30.35 -1.697 2.356 30.527 -1.644 3.082 30.35 -2.217 3.179 30.6 -1.982 3.11 30.527 -2.148 4 30.35 -2.4 4 30.6 -2.145 4 30.527 -2.325 4 28.93 -2.4 4 28.78 -2.553 4 28.824 -2.445 3.023 28.78 -2.359 3.082 28.93 -2.217 3.064 28.824 -2.259 2.195 28.78 -1.805 2.303 28.93 -1.697 2.271 28.824 -1.729 1.641 28.78 -0.977 1.783 28.93 -0.918 1.741 28.824 -0.936 1.447 28.78 0 1.6 28.93 0 1.555 28.824 0 1.641 28.78 0.977 1.783 28.93 0.918 1.741 28.824 0.936 2.195 28.78 1.805 2.303 28.93 1.697 2.271 28.824 1.729 3.023 28.78 2.359 3.082 28.93 2.217 3.064 28.824 2.259 4 28.78 2.553 4 28.93 2.4 4 28.824 2.445 4.977 28.78 2.359 4.918 28.93 2.217 4.936 28.824 2.259 5.805 28.78 1.805 5.697 28.93 1.697 5.729 28.824 1.729 6.359 28.78 0.977 6.217 28.93 0.918 6.259 28.824 0.936 6.553 28.78 0 6.4 28.93 0 6.445 28.824 0 6.359 28.78 -0.977 6.217 28.93 -0.918 6.259 28.824 -0.936 5.805 28.78 -1.805 5.697 28.93 -1.697 5.729 28.824 -1.729 4.977 28.78 -2.359 4.918 28.93 -2.217 4.936 28.824 -2.259 4 28.78 -1.6 3.388 28.78 -1.478 2.869 28.78 -1.131 2.522 28.78 -0.612 2.4 28.78 0 2.522 28.78 0.612 2.869 28.78 1.131 3.388 28.78 1.478 4 28.78 1.6 4.612 28.78 1.478 5.131 28.78 1.131 5.478 28.78 0.612 5.6 28.78 0 5.478 28.78 -0.612 5.131 28.78 -1.131 4.612 28.78 -1.478 4 30.4 -1.6 4 30.6 -1.804 4 30.541 -1.66 3.31 30.6 -1.667 3.388 30.4 -1.478 3.365 30.541 -1.533 2.724 30.6 -1.276 2.869 30.4 -1.131 2.826 30.541 -1.174 2.333 30.6 -0.69 2.522 30.4 -0.612 2.467 30.541 -0.635 2.196 30.6 0 2.4 30.4 0 2.34 30.541 0 2.333 30.6 0.69 2.522 30.4 0.612 2.467 30.541 0.635 2.724 30.6 1.276 2.869 30.4 1.131 2.826 30.541 1.174 3.31 30.6 1.667 3.388 30.4 1.478 3.365 30.541 1.533 4 30.6 1.804 4 30.4 1.6 4 30.541 1.66 4.69 30.6 1.667 4.612 30.4 1.478 4.635 30.541 1.533 5.276 30.6 1.276 5.131 30.4 1.131 5.174 30.541 1.174 5.667 30.6 0.69 5.478 30.4 0.612 5.533 30.541 0.635 5.804 30.6 0 5.6 30.4 0 5.66 30.541 0 5.667 30.6 -0.69 5.478 30.4 -0.612 5.533 30.541 -0.635 5.276 30.6 -1.276 5.131 30.4 -1.131 5.174 30.541 -1.174 4.69 30.6 -1.667 4.612 30.4 -1.478 4.635 30.541 -1.533 -8 2.1 -1.6 -8.612 2.1 -1.478 -9.131 2.1 -1.131 -9.478 2.1 -0.612 -9.6 2.1 0 -9.478 2.1 0.612 -9.131 2.1 1.131 -8.612 2.1 1.478 -8 2.1 1.6 -7.388 2.1 1.478 -6.869 2.1 1.131 -6.522 2.1 0.612 -6.4 2.1 0 -6.522 2.1 -0.612 -6.869 2.1 -1.131 -7.388 2.1 -1.478 -8 2.1 -0.8 -8.306 2.1 -0.739 -8.566 2.1 -0.566 -8.739 2.1 -0.306 -8.8 2.1 0 -8.739 2.1 0.306 -8.566 2.1 0.566 -8.306 2.1 0.739 -8 2.1 0.8 -7.694 2.1 0.739 -7.434 2.1 0.566 -7.261 2.1 0.306 -7.2 2.1 0 -7.261 2.1 -0.306 -7.434 2.1 -0.566 -7.694 2.1 -0.739 -8 0.17 -1.6 -8 0.02 -1.447 -8 0.064 -1.555 -8.554 0.02 -1.337 -8.612 0.17 -1.478 -8.595 0.064 -1.437 -9.023 0.02 -1.023 -9.131 0.17 -1.131 -9.1 0.064 -1.1 -9.337 0.02 -0.554 -9.478 0.17 -0.612 -9.437 0.064 -0.595 -9.447 0.02 0 -9.6 0.17 0 -9.555 0.064 0 -9.337 0.02 0.554 -9.478 0.17 0.612 -9.437 0.064 0.595 -9.023 0.02 1.023 -9.131 0.17 1.131 -9.1 0.064 1.1 -8.554 0.02 1.337 -8.612 0.17 1.478 -8.595 0.064 1.437 -8 0.02 1.447 -8 0.17 1.6 -8 0.064 1.555 -7.446 0.02 1.337 -7.388 0.17 1.478 -7.405 0.064 1.437 -6.977 0.02 1.023 -6.869 0.17 1.131 -6.9 0.064 1.1 -6.663 0.02 0.554 -6.522 0.17 0.612 -6.563 0.064 0.595 -6.553 0.02 0 -6.4 0.17 0 -6.445 0.064 0 -6.663 0.02 -0.554 -6.522 0.17 -0.612 -6.563 0.064 -0.595 -6.977 0.02 -1.023 -6.869 0.17 -1.131 -6.9 0.064 -1.1 -7.446 0.02 -1.337 -7.388 0.17 -1.478 -7.405 0.064 -1.437 -8 0.02 -0.953 -8 0.17 -0.8 -8 0.064 -0.845 -8.306 0.17 -0.739 -8.365 0.02 -0.88 -8.323 0.064 -0.78 -8.566 0.17 -0.566 -8.674 0.02 -0.674 -8.597 0.064 -0.597 -8.739 0.17 -0.306 -8.88 0.02 -0.365 -8.78 0.064 -0.323 -8.8 0.17 0 -8.953 0.02 0 -8.845 0.064 0 -8.739 0.17 0.306 -8.88 0.02 0.365 -8.78 0.064 0.323 -8.566 0.17 0.566 -8.674 0.02 0.674 -8.597 0.064 0.597 -8.306 0.17 0.739 -8.365 0.02 0.88 -8.323 0.064 0.78 -8 0.17 0.8 -8 0.02 0.953 -8 0.064 0.845 -7.694 0.17 0.739 -7.635 0.02 0.88 -7.677 0.064 0.78 -7.434 0.17 0.566 -7.326 0.02 0.674 -7.403 0.064 0.597 -7.261 0.17 0.306 -7.12 0.02 0.365 -7.22 0.064 0.323 -7.2 0.17 0 -7.047 0.02 0 -7.155 0.064 0 -7.261 0.17 -0.306 -7.12 0.02 -0.365 -7.22 0.064 -0.323 -7.434 0.17 -0.566 -7.326 0.02 -0.674 -7.403 0.064 -0.597 -7.694 0.17 -0.739 -7.635 0.02 -0.88 -7.677 0.064 -0.78 0 2.1 -1.6 -0.612 2.1 -1.478 -1.131 2.1 -1.131 -1.478 2.1 -0.612 -1.6 2.1 0 -1.478 2.1 0.612 -1.131 2.1 1.131 -0.612 2.1 1.478 0 2.1 1.6 0.612 2.1 1.478 1.131 2.1 1.131 1.478 2.1 0.612 1.6 2.1 0 1.478 2.1 -0.612 1.131 2.1 -1.131 0.612 2.1 -1.478 0 2.1 -0.8 -0.306 2.1 -0.739 -0.566 2.1 -0.566 -0.739 2.1 -0.306 -0.8 2.1 0 -0.739 2.1 0.306 -0.566 2.1 0.566 -0.306 2.1 0.739 0 2.1 0.8 0.306 2.1 0.739 0.566 2.1 0.566 0.739 2.1 0.306 0.8 2.1 0 0.739 2.1 -0.306 0.566 2.1 -0.566 0.306 2.1 -0.739 0 0.17 -1.6 0 0.02 -1.447 0 0.064 -1.555 -0.554 0.02 -1.337 -0.612 0.17 -1.478 -0.595 0.064 -1.437 -1.023 0.02 -1.023 -1.131 0.17 -1.131 -1.1 0.064 -1.1 -1.337 0.02 -0.554 -1.478 0.17 -0.612 -1.437 0.064 -0.595 -1.447 0.02 0 -1.6 0.17 0 -1.555 0.064 0 -1.337 0.02 0.554 -1.478 0.17 0.612 -1.437 0.064 0.595 -1.023 0.02 1.023 -1.131 0.17 1.131 -1.1 0.064 1.1 -0.554 0.02 1.337 -0.612 0.17 1.478 -0.595 0.064 1.437 0 0.02 1.447 0 0.17 1.6 0 0.064 1.555 0.554 0.02 1.337 0.612 0.17 1.478 0.595 0.064 1.437 1.023 0.02 1.023 1.131 0.17 1.131 1.1 0.064 1.1 1.337 0.02 0.554 1.478 0.17 0.612 1.437 0.064 0.595 1.447 0.02 0 1.6 0.17 0 1.555 0.064 0 1.337 0.02 -0.554 1.478 0.17 -0.612 1.437 0.064 -0.595 1.023 0.02 -1.023 1.131 0.17 -1.131 1.1 0.064 -1.1 0.554 0.02 -1.337 0.612 0.17 -1.478 0.595 0.064 -1.437 0 0.02 -0.953 0 0.17 -0.8 0 0.064 -0.845 -0.306 0.17 -0.739 -0.365 0.02 -0.88 -0.323 0.064 -0.78 -0.566 0.17 -0.566 -0.674 0.02 -0.674 -0.597 0.064 -0.597 -0.739 0.17 -0.306 -0.88 0.02 -0.365 -0.78 0.064 -0.323 -0.8 0.17 0 -0.953 0.02 0 -0.845 0.064 0 -0.739 0.17 0.306 -0.88 0.02 0.365 -0.78 0.064 0.323 -0.566 0.17 0.566 -0.674 0.02 0.674 -0.597 0.064 0.597 -0.306 0.17 0.739 -0.365 0.02 0.88 -0.323 0.064 0.78 0 0.17 0.8 0 0.02 0.953 0 0.064 0.845 0.306 0.17 0.739 0.365 0.02 0.88 0.323 0.064 0.78 0.566 0.17 0.566 0.674 0.02 0.674 0.597 0.064 0.597 0.739 0.17 0.306 0.88 0.02 0.365 0.78 0.064 0.323 0.8 0.17 0 0.953 0.02 0 0.845 0.064 0 0.739 0.17 -0.306 0.88 0.02 -0.365 0.78 0.064 -0.323 0.566 0.17 -0.566 0.674 0.02 -0.674 0.597 0.064 -0.597 0.306 0.17 -0.739 0.365 0.02 -0.88 0.323 0.064 -0.78 8 2.1 -1.6 7.388 2.1 -1.478 6.869 2.1 -1.131 6.522 2.1 -0.612 6.4 2.1 0 6.522 2.1 0.612 6.869 2.1 1.131 7.388 2.1 1.478 8 2.1 1.6 8.612 2.1 1.478 9.131 2.1 1.131 9.478 2.1 0.612 9.6 2.1 0 9.478 2.1 -0.612 9.131 2.1 -1.131 8.612 2.1 -1.478 8 2.1 -0.8 7.694 2.1 -0.739 7.434 2.1 -0.566 7.261 2.1 -0.306 7.2 2.1 0 7.261 2.1 0.306 7.434 2.1 0.566 7.694 2.1 0.739 8 2.1 0.8 8.306 2.1 0.739 8.566 2.1 0.566 8.739 2.1 0.306 8.8 2.1 0 8.739 2.1 -0.306 8.566 2.1 -0.566 8.306 2.1 -0.739 8 0.17 -1.6 8 0.02 -1.447 8 0.064 -1.555 7.446 0.02 -1.337 7.388 0.17 -1.478 7.405 0.064 -1.437 6.977 0.02 -1.023 6.869 0.17 -1.131 6.9 0.064 -1.1 6.663 0.02 -0.554 6.522 0.17 -0.612 6.563 0.064 -0.595 6.553 0.02 0 6.4 0.17 0 6.445 0.064 0 6.663 0.02 0.554 6.522 0.17 0.612 6.563 0.064 0.595 6.977 0.02 1.023 6.869 0.17 1.131 6.9 0.064 1.1 7.446 0.02 1.337 7.388 0.17 1.478 7.405 0.064 1.437 8 0.02 1.447 8 0.17 1.6 8 0.064 1.555 8.554 0.02 1.337 8.612 0.17 1.478 8.595 0.064 1.437 9.023 0.02 1.023 9.131 0.17 1.131 9.1 0.064 1.1 9.337 0.02 0.554 9.478 0.17 0.612 9.437 0.064 0.595 9.447 0.02 0 9.6 0.17 0 9.555 0.064 0 9.337 0.02 -0.554 9.478 0.17 -0.612 9.437 0.064 -0.595 9.023 0.02 -1.023 9.131 0.17 -1.131 9.1 0.064 -1.1 8.554 0.02 -1.337 8.612 0.17 -1.478 8.595 0.064 -1.437 8 0.02 -0.953 8 0.17 -0.8 8 0.064 -0.845 7.694 0.17 -0.739 7.635 0.02 -0.88 7.677 0.064 -0.78 7.434 0.17 -0.566 7.326 0.02 -0.674 7.403 0.064 -0.597 7.261 0.17 -0.306 7.12 0.02 -0.365 7.22 0.064 -0.323 7.2 0.17 0 7.047 0.02 0 7.155 0.064 0 7.261 0.17 0.306 7.12 0.02 0.365 7.22 0.064 0.323 7.434 0.17 0.566 7.326 0.02 0.674 7.403 0.064 0.597 7.694 0.17 0.739 7.635 0.02 0.88 7.677 0.064 0.78 8 0.17 0.8 8 0.02 0.953 8 0.064 0.845 8.306 0.17 0.739 8.365 0.02 0.88 8.323 0.064 0.78 8.566 0.17 0.566 8.674 0.02 0.674 8.597 0.064 0.597 8.739 0.17 0.306 8.88 0.02 0.365 8.78 0.064 0.323 8.8 0.17 0 8.953 0.02 0 8.845 0.064 0 8.739 0.17 -0.306 8.88 0.02 -0.365 8.78 0.064 -0.323 8.566 0.17 -0.566 8.674 0.02 -0.674 8.597 0.064 -0.597 8.306 0.17 -0.739 8.365 0.02 -0.88 8.323 0.064 -0.78</float_array>
					<technique_common>
						<accessor source="#13F025DF-8D08-4967-A699-6E0BA8672DB8-mesh-positions-array" count="1210" stride="3">
							<param name="X" type="float"/>
							<param name="Y" type="float"/>
							<param name="Z" type="float"/>
						</accessor>
					</technique_common>
				</source>
				<source id="13F025DF-8D08-4967-A699-6E0BA8672DB8-mesh-normals">
					<float_array id="13F025DF-8D08-4967-A699-6E0BA8672DB8-mesh-normals-array" count="3630">0 0 -1 0 1 0 0 1 0 0 1 0 0 1 0 0 1 0 0 1 0 0 1 0 1 0 0 0 1 0 0 1 0 0 1 0 0 1 0 0.383 0 -0.924 0 0 -1 0 0 1 0 1 0 1 0 0 -1 0 0 -1 0 0 -1 0 0 -1 0 0 -1 0 0 0 1 0 0 -1 0 -1 0 0 -1 0 0 0 1 0 0 0 1 1 0 0 0 0 -1 1 0 0 1 0 0 -1 0 0 0 0 -1 0 0 1 0 -1 0 0 0 -1 0 -1 0 0 -1 0 -1 0 0 0 0 1 0 1 0 0 0 -1 0 1 0 0 0 -1 -1 0 0 0 0 1 0 0 1 0 0 -1 0 0 1 0 0 -1 -1 0 0 0 0 1 -1 0 0 1 0 0 1 0 0 1 0 0 0 0 -1 -1 0 0 0 0 -1 0.023 0.998 -0.056 0.382 0.042 -0.923 0.271 0.706 -0.654 0.043 0.998 -0.043 0.706 0.042 -0.706 0.501 0.706 -0.501 0.056 0.998 -0.023 0.923 0.042 -0.382 0.654 0.706 -0.271 0.046 0.999 -0.002 0.998 0.042 -0.042 0.708 0.706 -0.03 0.98 0.041 0.194 -0.017 0.023 1 0.702 0.699 0.139 1 0 0 1 0 0 1 0 0 -0.023 0.998 0.056 -0.382 0.042 0.923 -0.271 0.706 0.654 -0.039 0.999 0.039 -0.706 0.042 0.706 -0.501 0.706 0.501 -0.056 0.998 0.023 -0.923 0.042 0.382 -0.654 0.706 0.271 -0.06 0.998 0 -0.999 0.042 0 -0.708 0.706 0 -0.056 0.998 -0.023 -0.923 0.042 -0.382 -0.654 0.706 -0.271 -0.043 0.998 -0.043 -0.706 0.042 -0.706 -0.501 0.706 -0.501 -0.023 0.998 -0.056 -0.382 0.042 -0.923 -0.271 0.706 -0.654 0 0.042 -0.999 0 0.998 -0.06 0 0.706 -0.708 -0.009 0.024 1 1 0 0 -1 0 0 0 0 1 -1 0 0 -1 0 0 0 0 -1 1 0 0 -1 0 0 0 1 0 1 0 0 0 0 1 -1 0 0 0 0 1 0 0 -1 0 0 -1 0 0 -1 0 1 0 0 1 0 0 1 0 0 1 0 0 1 0 0 1 0 0 1 0 -1 0 0 0 1 0 0 1 0 0 1 0 0 1 0 -0.383 0 -0.924 0 0 -1 0 0 1 0 1 0 -1 0 0 1 0 0 1 0 0 1 0 0 1 0 0 1 0 0 0 1 0 0 -1 0 1 0 0 1 0 0 0 1 0 0 0 1 -1 0 0 0 0 -1 -1 0 0 -1 0 0 1 0 0 0 0 -1 0 0 1 0 -1 0 0 0 -1 0 -1 0 0 -1 0 0 -1 0 0 -1 0 0 -1 0 1 0 0 0 0 -1 0 1 0 0 0 1 0 -1 0 0 0 -1 0 0 1 0 0 -1 0 1 0 0 0 1 0 -1 0 0 0 1 0 0 1 0 1 0 0 0 -1 0 1 0 0 0 -1 1 0 0 0 0 1 0 0 1 0 0 -1 0 0 1 0 0 -1 1 0 0 0 0 1 1 0 0 -1 0 0 -1 0 0 -1 0 0 0 0 -1 1 0 0 0 0 -1 -0.023 0.998 -0.056 -0.382 0.042 -0.923 -0.271 0.706 -0.654 -0.043 0.998 -0.043 -0.706 0.042 -0.706 -0.501 0.706 -0.501 -0.056 0.998 -0.023 -0.923 0.042 -0.382 -0.654 0.706 -0.271 -0.046 0.999 -0.002 -0.998 0.042 -0.042 -0.708 0.706 -0.03 -0.98 0.041 0.194 0.017 0.023 1 -0.702 0.699 0.139 -1 0 0 -1 0 0 -1 0 0 0.023 0.998 0.056 0.382 0.042 0.923 0.271 0.706 0.654 0.039 0.999 0.039 0.706 0.042 0.706 0.501 0.706 0.501 0.056 0.998 0.023 0.923 0.042 0.382 0.654 0.706 0.271 0.06 0.998 0 0.999 0.042 0 0.708 0.706 0 0.056 0.998 -0.023 0.923 0.042 -0.382 0.654 0.706 -0.271 0.043 0.998 -0.043 0.706 0.042 -0.706 0.501 0.706 -0.501 0.023 0.998 -0.056 0.382 0.042 -0.923 0.271 0.706 -0.654 0 0.042 -0.999 0 0.998 -0.06 0 0.706 -0.708 0.009 0.024 1 -1 0 0 1 0 0 0 0 1 1 0 0 1 0 0 0 0 -1 -1 0 0 1 0 0 0 1 0 -1 0 0 0 0 1 1 0 0 0 0 1 0 0 -1 0 0 -1 0 0 1 0 0 1 -0.383 0 -0.924 -0.707 0 -0.707 -0.924 0 -0.383 -1 0 0 -0.924 0 0.383 -0.707 0 0.707 -0.383 0 0.924 0 1 0 -0.195 0 0.981 0.981 0 0.194 -0.01 0.013 1 0.999 0 -0.042 0.924 0 -0.383 0.707 0 -0.707 0 1 0 -1 0 0 0 0 1 -1 0 0 1 0 0 0 -1 0 1 0 0 0 -1 0 -1 0 0 -1 0 0 0 1 0 0 1 0 0 0 -1 0 0 1 0 0 1 1 0 0 0 0 1 0 0 1 0 0 1 0 -1 0 0 0 1 0 -1 0 0 0 1 0 0 1 0 1 0 -1 0 0 0 0 -1 0 0 -1 0 0 1 1 0 0 1 0 0 0 0 -1 -1 0 0 -1 0 0 0 0 1 -1 0 0 0 -1 0 0 0 1 0 1 0 0 0 -1 -1 0 0 0 1 0 -1 0 0 0 1 0 0 0 1 0 0 1 0 0 -1 0 -1 0 0 0 -1 0 -1 0 -1 0 0 0 -1 0 -0.003 0.008 1 0 -1 0 -1 0 0 0 -1 0 0 0 1 0 -1 0 0 1 0 0 0 -1 0 1 0 1 0 0 0 1 0 1 0 0 0 0 1 1 0 0 1 0 0 0 -1 0 1 0 0 0 0 -1 1 0 0 0 0 -1 0 -1 0 0 0 -1 -1 0 0 -1 0 0 0 1 0 0 0 1 0 0 1 0 0 -1 0 0 -1 0 1 0 0 0 -1 0 -1 0 0 0 1 0 0 1 0 -1 0 0 -1 0 0 -1 0 0 0 1 0 -1 0 -1 0 0 0 0 1 -1 0 0 0 1 0 -1 0 0 0 1 0 -1 0 0 0 -1 0 0 -1 0 -1 0 0 0 -1 0 -1 0 0 0 -1 0 -1 0 0 0 -1 0 -1 0 0 0 0 -1 0 0 1 0.033 0.999 0.007 -0.254 0 0.967 -0.254 0 0.967 -0.14 0.699 0.701 -0.015 0.997 0.077 -0.195 0.041 0.98 0 0 -1 0 1 0 1 0 0 0 0 1 0 0 1 0.383 0 -0.924 0.707 0 -0.707 0.924 0 -0.383 1 0 0 0.924 0 0.383 0.707 0 0.707 0.383 0 0.924 0 1 0 0.195 0 0.981 -0.981 0 0.194 0.01 0.013 1 -0.999 0 -0.042 -0.924 0 -0.383 -0.707 0 -0.707 0 1 0 1 0 0 0 0 1 1 0 0 -1 0 0 0 -1 0 -1 0 0 0 -1 0 1 0 0 1 0 0 0 1 0 0 0 -1 0 0 1 0 0 1 -1 0 0 0 0 1 0 -1 0 0 0 1 0 -1 0 0 0 1 0 0 1 0 1 0 1 0 0 0 0 -1 -1 0 0 -1 0 0 0 0 -1 1 0 0 1 0 0 0 0 1 1 0 0 0 -1 0 0 0 1 0 1 0 0 0 -1 1 0 0 0 1 0 1 0 0 0 1 0 0 0 1 0 0 1 0 0 -1 0 -1 0 0 0 -1 0 -1 0 1 0 0 0 -1 0 0.003 0.008 1 0 -1 0 1 0 0 0 -1 0 0 0 1 0 1 0 0 0 -1 0 1 0 -1 0 0 0 1 0 -1 0 0 0 0 1 -1 0 0 -1 0 0 0 -1 0 -1 0 0 0 0 -1 -1 0 0 0 0 -1 0 -1 0 0 0 -1 1 0 0 1 0 0 0 1 0 0 0 1 0 0 -1 0 0 1 0 0 1 0 -1 0 0 0 1 0 -1 0 1 0 0 0 0 1 1 0 0 0 1 0 1 0 0 0 1 0 1 0 0 0 -1 0 1 0 0 0 -1 0 1 0 0 0 -1 0 1 0 0 0 -1 0 1 0 0 0 0 -1 0 0 1 -0.033 0.999 0.007 0.254 0 0.967 0.254 0 0.967 0.14 0.699 0.701 0.015 0.997 0.077 0.195 0.041 0.98 0 0 -1 0 1 0 -1 0 0 0.38291 0 -0.92379 0 1 0 0.27695 0.68888 -0.66988 0 1 0 0.70711 0 -0.70711 0.51273 0.68864 -0.51273 0.92379 0 -0.38291 0 1 0 0.66988 0.68888 -0.27695 0 1 0 1 0 0 0.72487 0.68888 0 0.92379 0 0.38291 0 1 0 0.66988 0.68888 0.27695 0.70711 0 0.70711 0 1 0 0.51273 0.68864 0.51273 0.38291 0 0.92379 0 1 0 0.27695 0.68888 0.66988 0 0 1 0 1 0 0 0.68888 0.72487 0 1 0 -0.38291 0 0.92379 -0.27695 0.68888 0.66988 -0.70711 0 0.70711 0 1 0 -0.51273 0.68864 0.51273 -0.92379 0 0.38291 0 1 0 -0.66988 0.68888 0.27695 -1 0 0 0 1 0 -0.72487 0.68888 0 -0.92379 0 -0.38291 0 1 0 -0.66988 0.68888 -0.27695 0 1 0 -0.70711 0 -0.70711 -0.51273 0.68864 -0.51273 -0.38291 0 -0.92379 0 1 0 -0.27695 0.68888 -0.66988 0 0 -1 0 1 0 0 0.68888 -0.72487 0 0 -1 0 1 0 0 0.73695 -0.67595 0 1 0 -0.38291 0 -0.92379 -0.25889 0.73668 -0.62473 0 1 0 -0.70711 0 -0.70711 -0.47797 0.73695 -0.47797 0 1 0 -0.92379 0 -0.38291 -0.62473 0.73668 -0.25889 0 1 0 -1 0 0 -0.67595 0.73695 0 0 1 0 -0.92379 0 0.38291 -0.62473 0.73668 0.25889 0 1 0 -0.70711 0 0.70711 -0.47797 0.73695 0.47797 0 1 0 -0.38291 0 0.92379 -0.25889 0.73668 0.62473 0 1 0 0 0 1 0 0.73695 0.67595 0 1 0 0.38291 0 0.92379 0.25889 0.73668 0.62473 0 1 0 0.70711 0 0.70711 0.47797 0.73695 0.47797 0 1 0 0.92379 0 0.38291 0.62473 0.73668 0.25889 0 1 0 1 0 0 0.67595 0.73695 0 0 1 0 0.92379 0 -0.38291 0.62473 0.73668 -0.25889 0 1 0 0.70711 0 -0.70711 0.47797 0.73695 -0.47797 0 1 0 0.38291 0 -0.92379 0.25889 0.73668 -0.62473 0 0 1 0.38291 0 0.92379 0.70711 0 0.70711 0.92379 0 0.38291 1 0 0 0.92379 0 -0.38291 0.70711 0 -0.70711 0.38291 0 -0.92379 0 0 -1 -0.38291 0 -0.92379 -0.70711 0 -0.70711 -0.92379 0 -0.38291 -1 0 0 -0.92379 0 0.38291 -0.70711 0 0.70711 -0.38291 0 0.92379 0 0 1 0 1 0 0 0.73695 0.67595 0 1 0 0.38291 0 0.92379 0.25889 0.73668 0.62473 0 1 0 0.70711 0 0.70711 0.47797 0.73695 0.47797 0 1 0 0.92379 0 0.38291 0.62473 0.73668 0.25889 0 1 0 1 0 0 0.67595 0.73695 0 0 1 0 0.92379 0 -0.38291 0.62473 0.73668 -0.25889 0 1 0 0.70711 0 -0.70711 0.47797 0.73695 -0.47797 0 1 0 0.38291 0 -0.92379 0.25889 0.73668 -0.62473 0 1 0 0 0 -1 0 0.73695 -0.67595 0 1 0 -0.38291 0 -0.92379 -0.25889 0.73668 -0.62473 0 1 0 -0.70711 0 -0.70711 -0.47797 0.73695 -0.47797 0 1 0 -0.92379 0 -0.38291 -0.62473 0.73668 -0.25889 0 1 0 -1 0 0 -0.67595 0.73695 0 0 1 0 -0.92379 0 0.38291 -0.62473 0.73668 0.25889 0 1 0 -0.70711 0 0.70711 -0.47797 0.73695 0.47797 0 1 0 -0.38291 0 0.92379 -0.25889 0.73668 0.62473 0.38291 0 -0.92379 0 1 0 0.27695 0.68888 -0.66988 0 1 0 0.70711 0 -0.70711 0.51273 0.68864 -0.51273 0.92379 0 -0.38291 0 1 0 0.66988 0.68888 -0.27695 0 1 0 1 0 0 0.72487 0.68888 0 0.92379 0 0.38291 0 1 0 0.66988 0.68888 0.27695 0.70711 0 0.70711 0 1 0 0.51273 0.68864 0.51273 0.38291 0 0.92379 0 1 0 0.27695 0.68888 0.66988 0 0 1 0 1 0 0 0.68888 0.72487 0 1 0 -0.38291 0 0.92379 -0.27695 0.68888 0.66988 -0.70711 0 0.70711 0 1 0 -0.51273 0.68864 0.51273 -0.92379 0 0.38291 0 1 0 -0.66988 0.68888 0.27695 -1 0 0 0 1 0 -0.72487 0.68888 0 -0.92379 0 -0.38291 0 1 0 -0.66988 0.68888 -0.27695 0 1 0 -0.70711 0 -0.70711 -0.51273 0.68864 -0.51273 -0.38291 0 -0.92379 0 1 0 -0.27695 0.68888 -0.66988 0 0 -1 0 1 0 0 0.68888 -0.72487 0 0 -1 0 1 0 0 0.73695 -0.67595 0 1 0 -0.38291 0 -0.92379 -0.25889 0.73668 -0.62473 0 1 0 -0.70711 0 -0.70711 -0.47797 0.73695 -0.47797 0 1 0 -0.92379 0 -0.38291 -0.62473 0.73668 -0.25889 0 1 0 -1 0 0 -0.67595 0.73695 0 0 1 0 -0.92379 0 0.38291 -0.62473 0.73668 0.25889 0 1 0 -0.70711 0 0.70711 -0.47797 0.73695 0.47797 0 1 0 -0.38291 0 0.92379 -0.25889 0.73668 0.62473 0 1 0 0 0 1 0 0.73695 0.67595 0 1 0 0.38291 0 0.92379 0.25889 0.73668 0.62473 0 1 0 0.70711 0 0.70711 0.47797 0.73695 0.47797 0 1 0 0.92379 0 0.38291 0.62473 0.73668 0.25889 0 1 0 1 0 0 0.67595 0.73695 0 0 1 0 0.92379 0 -0.38291 0.62473 0.73668 -0.25889 0 1 0 0.70711 0 -0.70711 0.47797 0.73695 -0.47797 0 1 0 0.38291 0 -0.92379 0.25889 0.73668 -0.62473 0 0 1 0.38291 0 0.92379 0.70711 0 0.70711 0.92379 0 0.38291 1 0 0 0.92379 0 -0.38291 0.70711 0 -0.70711 0.38291 0 -0.92379 0 0 -1 -0.38291 0 -0.92379 -0.70711 0 -0.70711 -0.92379 0 -0.38291 -1 0 0 -0.92379 0 0.38291 -0.70711 0 0.70711 -0.38291 0 0.92379 0 0 1 0 1 0 0 0.73695 0.67595 0 1 0 0.38291 0 0.92379 0.25889 0.73668 0.62473 0 1 0 0.70711 0 0.70711 0.47797 0.73695 0.47797 0 1 0 0.92379 0 0.38291 0.62473 0.73668 0.25889 0 1 0 1 0 0 0.67595 0.73695 0 0 1 0 0.92379 0 -0.38291 0.62473 0.73668 -0.25889 0 1 0 0.70711 0 -0.70711 0.47797 0.73695 -0.47797 0 1 0 0.38291 0 -0.92379 0.25889 0.73668 -0.62473 0 1 0 0 0 -1 0 0.73695 -0.67595 0 1 0 -0.38291 0 -0.92379 -0.25889 0.73668 -0.62473 0 1 0 -0.70711 0 -0.70711 -0.47797 0.73695 -0.47797 0 1 0 -0.92379 0 -0.38291 -0.62473 0.73668 -0.25889 0 1 0 -1 0 0 -0.67595 0.73695 0 0 1 0 -0.92379 0 0.38291 -0.62473 0.73668 0.25889 0 1 0 -0.70711 0 0.70711 -0.47797 0.73695 0.47797 0 1 0 -0.38291 0 0.92379 -0.25889 0.73668 0.62473 0 0 -1 -0.38291 0 -0.92379 -0.70711 0 -0.70711 -0.92379 0 -0.38291 -1 0 0 -0.92379 0 0.38291 -0.70711 0 0.70711 -0.38291 0 0.92379 0 0 1 0.38291 0 0.92379 0.70711 0 0.70711 0.92379 0 0.38291 1 0 0 0.92379 0 -0.38291 0.70711 0 -0.70711 0.38291 0 -0.92379 0 0 1 0.38291 0 0.92379 0.70711 0 0.70711 0.92379 0 0.38291 1 0 0 0.92379 0 -0.38291 0.70711 0 -0.70711 0.38291 0 -0.92379 0 0 -1 -0.38291 0 -0.92379 -0.70711 0 -0.70711 -0.92379 0 -0.38291 -1 0 0 -0.92379 0 0.38291 -0.70711 0 0.70711 -0.38291 0 0.92379 0 0 -1 0 -1 0 0 -0.68888 -0.72487 0 -1 0 0 0 -1 -0.27695 -0.68888 -0.66988 0 -1 0 -0.70711 0 -0.70711 -0.51273 -0.68864 -0.51273 0 -1 0 -0.92379 0 -0.38291 -0.66988 -0.68888 -0.27695 0 -1 0 -1 0 0 -0.72487 -0.68888 0 0 -1 0 -0.92379 0 0.38291 -0.66988 -0.68888 0.27695 0 -1 0 -0.70711 0 0.70711 -0.51273 -0.68864 0.51273 0 -1 0 -0.38291 0 0.92379 -0.27695 -0.68888 0.66988 0 -1 0 0 0 1 0 -0.68888 0.72487 0 -1 0 0.38291 0 0.92379 0.27695 -0.68888 0.66988 0 -1 0 0.70711 0 0.70711 0.51273 -0.68864 0.51273 0 -1 0 0.92379 0 0.38291 0.66988 -0.68888 0.27695 0 -1 0 1 0 0 0.72487 -0.68888 0 0 -1 0 0.92379 0 -0.38291 0.66988 -0.68888 -0.27695 0 -1 0 0.70711 0 -0.70711 0.51273 -0.68864 -0.51273 0 -1 0 0.38291 0 -0.92379 0.27695 -0.68888 -0.66988 0 -1 0 0 0 1 0 -0.73695 0.67595 0.38291 0 0.92379 0 -1 0 0.25889 -0.73668 0.62473 0.70711 0 0.70711 0 -1 0 0.47797 -0.73695 0.47797 0.92379 0 0.38291 0 -1 0 0.62473 -0.73668 0.25889 1 0 0 0 -1 0 0.67595 -0.73695 0 0.92379 0 -0.38291 0 -1 0 0.62473 -0.73668 -0.25889 0.70711 0 -0.70711 0 -1 0 0.47797 -0.73695 -0.47797 0.38291 0 -0.92379 0 -1 0 0.25889 -0.73668 -0.62473 0 0 -1 0 -1 0 0 -0.73695 -0.67595 -0.38291 0 -0.92379 0 -1 0 -0.25889 -0.73668 -0.62473 -0.70711 0 -0.70711 0 -1 0 -0.47797 -0.73695 -0.47797 -0.92379 0 -0.38291 0 -1 0 -0.62473 -0.73668 -0.25889 -1 0 0 0 -1 0 -0.67595 -0.73695 0 -0.92379 0 0.38291 0 -1 0 -0.62473 -0.73668 0.25889 -0.70711 0 0.70711 0 -1 0 -0.47797 -0.73695 0.47797 -0.38291 0 0.92379 0 -1 0 -0.25889 -0.73668 0.62473 0 0 -1 -0.38291 0 -0.92379 -0.70711 0 -0.70711 -0.92379 0 -0.38291 -1 0 0 -0.92379 0 0.38291 -0.70711 0 0.70711 -0.38291 0 0.92379 0 0 1 0.38291 0 0.92379 0.70711 0 0.70711 0.92379 0 0.38291 1 0 0 0.92379 0 -0.38291 0.70711 0 -0.70711 0.38291 0 -0.92379 0 0 1 0.38291 0 0.92379 0.70711 0 0.70711 0.92379 0 0.38291 1 0 0 0.92379 0 -0.38291 0.70711 0 -0.70711 0.38291 0 -0.92379 0 0 -1 -0.38291 0 -0.92379 -0.70711 0 -0.70711 -0.92379 0 -0.38291 -1 0 0 -0.92379 0 0.38291 -0.70711 0 0.70711 -0.38291 0 0.92379 0 0 -1 0 -1 0 0 -0.68888 -0.72487 0 -1 0 0 0 -1 -0.27695 -0.68888 -0.66988 0 -1 0 -0.70711 0 -0.70711 -0.51273 -0.68864 -0.51273 0 -1 0 -0.92379 0 -0.38291 -0.66988 -0.68888 -0.27695 0 -1 0 -1 0 0 -0.72487 -0.68888 0 0 -1 0 -0.92379 0 0.38291 -0.66988 -0.68888 0.27695 0 -1 0 -0.70711 0 0.70711 -0.51273 -0.68864 0.51273 0 -1 0 -0.38291 0 0.92379 -0.27695 -0.68888 0.66988 0 -1 0 0 0 1 0 -0.68888 0.72487 0 -1 0 0.38291 0 0.92379 0.27695 -0.68888 0.66988 0 -1 0 0.70711 0 0.70711 0.51273 -0.68864 0.51273 0 -1 0 0.92379 0 0.38291 0.66988 -0.68888 0.27695 0 -1 0 1 0 0 0.72487 -0.68888 0 0 -1 0 0.92379 0 -0.38291 0.66988 -0.68888 -0.27695 0 -1 0 0.70711 0 -0.70711 0.51273 -0.68864 -0.51273 0 -1 0 0.38291 0 -0.92379 0.27695 -0.68888 -0.66988 0 -1 0 0 0 1 0 -0.73695 0.67595 0.38291 0 0.92379 0 -1 0 0.25889 -0.73668 0.62473 0.70711 0 0.70711 0 -1 0 0.47797 -0.73695 0.47797 0.92379 0 0.38291 0 -1 0 0.62473 -0.73668 0.25889 1 0 0 0 -1 0 0.67595 -0.73695 0 0.92379 0 -0.38291 0 -1 0 0.62473 -0.73668 -0.25889 0.70711 0 -0.70711 0 -1 0 0.47797 -0.73695 -0.47797 0.38291 0 -0.92379 0 -1 0 0.25889 -0.73668 -0.62473 0 0 -1 0 -1 0 0 -0.73695 -0.67595 -0.38291 0 -0.92379 0 -1 0 -0.25889 -0.73668 -0.62473 -0.70711 0 -0.70711 0 -1 0 -0.47797 -0.73695 -0.47797 -0.92379 0 -0.38291 0 -1 0 -0.62473 -0.73668 -0.25889 -1 0 0 0 -1 0 -0.67595 -0.73695 0 -0.92379 0 0.38291 0 -1 0 -0.62473 -0.73668 0.25889 -0.70711 0 0.70711 0 -1 0 -0.47797 -0.73695 0.47797 -0.38291 0 0.92379 0 -1 0 -0.25889 -0.73668 0.62473 0 0 -1 -0.38291 0 -0.92379 -0.70711 0 -0.70711 -0.92379 0 -0.38291 -1 0 0 -0.92379 0 0.38291 -0.70711 0 0.70711 -0.38291 0 0.92379 0 0 1 0.38291 0 0.92379 0.70711 0 0.70711 0.92379 0 0.38291 1 0 0 0.92379 0 -0.38291 0.70711 0 -0.70711 0.38291 0 -0.92379 0 0 1 0.38291 0 0.92379 0.70711 0 0.70711 0.92379 0 0.38291 1 0 0 0.92379 0 -0.38291 0.70711 0 -0.70711 0.38291 0 -0.92379 0 0 -1 -0.38291 0 -0.92379 -0.70711 0 -0.70711 -0.92379 0 -0.38291 -1 0 0 -0.92379 0 0.38291 -0.70711 0 0.70711 -0.38291 0 0.92379 0 0 -1 0 -1 0 0 -0.68888 -0.72487 0 -1 0 0 0 -1 -0.27695 -0.68888 -0.66988 0 -1 0 -0.70711 0 -0.70711 -0.51273 -0.68864 -0.51273 0 -1 0 -0.92379 0 -0.38291 -0.66988 -0.68888 -0.27695 0 -1 0 -1 0 0 -0.72487 -0.68888 0 0 -1 0 -0.92379 0 0.38291 -0.66988 -0.68888 0.27695 0 -1 0 -0.70711 0 0.70711 -0.51273 -0.68864 0.51273 0 -1 0 -0.38291 0 0.92379 -0.27695 -0.68888 0.66988 0 -1 0 0 0 1 0 -0.68888 0.72487 0 -1 0 0.38291 0 0.92379 0.27695 -0.68888 0.66988 0 -1 0 0.70711 0 0.70711 0.51273 -0.68864 0.51273 0 -1 0 0.92379 0 0.38291 0.66988 -0.68888 0.27695 0 -1 0 1 0 0 0.72487 -0.68888 0 0 -1 0 0.92379 0 -0.38291 0.66988 -0.68888 -0.27695 0 -1 0 0.70711 0 -0.70711 0.51273 -0.68864 -0.51273 0 -1 0 0.38291 0 -0.92379 0.27695 -0.68888 -0.66988 0 -1 0 0 0 1 0 -0.73695 0.67595 0.38291 0 0.92379 0 -1 0 0.25889 -0.73668 0.62473 0.70711 0 0.70711 0 -1 0 0.47797 -0.73695 0.47797 0.92379 0 0.38291 0 -1 0 0.62473 -0.73668 0.25889 1 0 0 0 -1 0 0.67595 -0.73695 0 0.92379 0 -0.38291 0 -1 0 0.62473 -0.73668 -0.25889 0.70711 0 -0.70711 0 -1 0 0.47797 -0.73695 -0.47797 0.38291 0 -0.92379 0 -1 0 0.25889 -0.73668 -0.62473 0 0 -1 0 -1 0 0 -0.73695 -0.67595 -0.38291 0 -0.92379 0 -1 0 -0.25889 -0.73668 -0.62473 -0.70711 0 -0.70711 0 -1 0 -0.47797 -0.73695 -0.47797 -0.92379 0 -0.38291 0 -1 0 -0.62473 -0.73668 -0.25889 -1 0 0 0 -1 0 -0.67595 -0.73695 0 -0.92379 0 0.38291 0 -1 0 -0.62473 -0.73668 0.25889 -0.70711 0 0.70711 0 -1 0 -0.47797 -0.73695 0.47797 -0.38291 0 0.92379 0 -1 0 -0.25889 -0.73668 0.62473</float_array>
					<technique_common>
						<accessor source="#13F025DF-8D08-4967-A699-6E0BA8672DB8-mesh-normals-array" count="1210" stride="3">
							<param name="X" type="float"/>
							<param name="Y" type="float"/>
							<param name="Z" type="float"/>
						</accessor>
					</technique_common>
				</source>
				<source id="13F025DF-8D08-4967-A699-6E0BA8672DB8-mesh-map-0">
					<float_array id="13F025DF-8D08-4967-A699-6E0BA8672DB8-mesh-map-0-array" count="10608">0.21 0.297 0.17 0.297 0.21 0.272 0.17 0.297 0.17 0.272 0.21 0.272 0.21 0.272 0.17 0.272 0.21 0.248 0.17 0.272 0.17 0.248 0.21 0.248 0.21 0.248 0.17 0.248 0.21 0.224 0.17 0.248 0.17 0.224 0.21 0.224 0.21 0.224 0.17 0.224 0.21 0.199 0.17 0.224 0.17 0.199 0.21 0.199 0.21 0.199 0.17 0.199 0.21 0.175 0.17 0.199 0.17 0.175 0.21 0.175 0.21 0.175 0.17 0.175 0.21 0.151 0.17 0.175 0.17 0.151 0.21 0.151 0.21 0.41 0.17 0.41 0.21 0.394 0.17 0.41 0.17 0.394 0.21 0.394 0.21 0.394 0.17 0.394 0.21 0.37 0.17 0.394 0.17 0.37 0.21 0.37 0.17 0.297 0.21 0.297 0.17 0.321 0.21 0.297 0.21 0.321 0.17 0.321 0.21 0.37 0.17 0.37 0.21 0.345 0.17 0.37 0.17 0.345 0.21 0.345 0.21 0.151 0.17 0.151 0.21 0.126 0.17 0.151 0.17 0.126 0.21 0.126 0.601 0.388 0.459 0.388 0.601 0.182 0.459 0.388 0.459 0.182 0.601 0.182 0.48 0.605 0.48 0.564 0.895 0.605 0.48 0.564 0.854 0.564 0.895 0.605 0.895 0.605 0.854 0.564 0.895 0.506 0.854 0.564 0.854 0.506 0.895 0.506 0.048 0.477 0.463 0.477 0.048 0.536 0.463 0.477 0.404 0.536 0.048 0.536 0.333 0.465 0.416 0.406 0.476 0.465 0.416 0.406 0.476 0.406 0.476 0.465 0.073 0.728 0.385 0.756 0.011 0.728 0.385 0.756 0.011 0.756 0.011 0.728 0.636 0.145 0.43 0.145 0.636 0.046 0.43 0.145 0.43 0.046 0.636 0.046 0.776 0.092 0.776 0.211 0.716 0.092 0.776 0.211 0.716 0.211 0.716 0.092 0.445 0.719 0.801 0.719 0.445 0.837 0.801 0.719 0.801 0.837 0.445 0.837 0.426 0.983 0.385 0.88 0.39 0.864 0.323 0.804 0.011 0.777 0.39 0.804 0.011 0.777 0.426 0.777 0.39 0.804 0.278 0.836 0.265 0.856 0.011 0.777 0.299 0.822 0.278 0.836 0.011 0.777 0.923 0.22 0.923 0.192 0.949 0.22 0.923 0.192 0.949 0.192 0.949 0.22 0.923 0.192 0.923 0.132 0.949 0.192 0.923 0.132 0.949 0.132 0.949 0.192 0.278 0.924 0.299 0.937 0.011 0.983 0.323 0.804 0.323 0.817 0.011 0.777 0.323 0.817 0.299 0.822 0.011 0.777 0.774 0.303 0.814 0.32 0.768 0.324 0.814 0.32 0.823 0.331 0.768 0.324 0.346 0.937 0.426 0.983 0.323 0.942 0.367 0.924 0.426 0.983 0.346 0.937 0.38 0.904 0.426 0.983 0.367 0.924 0.38 0.904 0.385 0.88 0.426 0.983 0.265 0.904 0.011 0.983 0.26 0.88 0.895 0.506 0.854 0.506 0.895 0.48 0.854 0.506 0.854 0.48 0.895 0.48 0.21 0.126 0.17 0.126 0.21 0.102 0.17 0.126 0.17 0.102 0.21 0.102 0.713 0.017 0.615 0.014 0.713 0.009 0.615 0.014 0.615 0.009 0.713 0.009 0.983 0.136 0.983 0.183 0.979 0.138 0.983 0.183 0.977 0.143 0.979 0.138 0.093 0.152 0.093 0.465 0.006 0.152 0.093 0.465 0.034 0.465 0.006 0.152 0.315 0.464 0.196 0.429 0.274 0.423 0.196 0.429 0.196 0.423 0.274 0.423 0.796 0.093 0.863 0.093 0.801 0.175 0.863 0.093 0.863 0.175 0.801 0.175 0.234 0.08 0.206 0.08 0.234 0.036 0.206 0.08 0.206 0.018 0.234 0.036 0.905 0.01 0.988 0.01 0.933 0.023 0.988 0.01 0.988 0.023 0.933 0.023 0.905 0.01 0.933 0.023 0.905 0.07 0.933 0.023 0.933 0.07 0.905 0.07 0.011 0.983 0.011 0.777 0.26 0.88 0.011 0.777 0.265 0.856 0.26 0.88 0.382 0.864 0.39 0.864 0.385 0.88 0.323 0.942 0.426 0.983 0.011 0.983 0.754 0.935 0.754 0.982 0.442 0.857 0.754 0.982 0.442 0.982 0.442 0.857 0.589 0.032 0.589 0.014 0.615 0.032 0.589 0.014 0.615 0.014 0.615 0.032 0.029 0.55 0.385 0.55 0.029 0.668 0.385 0.55 0.073 0.668 0.029 0.668 0.861 0.762 0.82 0.762 0.861 0.619 0.82 0.762 0.82 0.701 0.861 0.619 0.011 0.983 0.299 0.937 0.323 0.942 0.794 0.487 0.794 0.541 0.482 0.487 0.794 0.541 0.482 0.541 0.482 0.487 0.15 0.361 0.137 0.361 0.15 0.049 0.137 0.361 0.109 0.049 0.15 0.049 0.636 0.171 0.43 0.171 0.636 0.145 0.43 0.171 0.43 0.145 0.636 0.145 0.073 0.668 0.385 0.55 0.073 0.728 0.385 0.55 0.385 0.756 0.073 0.728 0.333 0.465 0.333 0.05 0.416 0.406 0.333 0.05 0.416 0.05 0.416 0.406 0.861 0.619 0.82 0.701 0.446 0.619 0.82 0.701 0.446 0.701 0.446 0.619 0.892 0.407 0.892 0.461 0.518 0.407 0.892 0.461 0.518 0.461 0.518 0.407 0.315 0.464 0.274 0.423 0.315 0.049 0.274 0.423 0.274 0.049 0.315 0.049 0.654 0.032 0.672 0.076 0.654 0.388 0.672 0.076 0.672 0.388 0.654 0.388 0.278 0.924 0.011 0.983 0.265 0.904 0.873 0.891 0.933 0.891 0.873 0.989 0.933 0.891 0.933 0.989 0.873 0.989 0.983 0.205 0.983 0.265 0.978 0.205 0.983 0.265 0.978 0.265 0.978 0.205 0.949 0.236 0.949 0.334 0.944 0.277 0.949 0.334 0.944 0.334 0.944 0.277 0.88 0.12 0.907 0.12 0.88 0.18 0.907 0.12 0.907 0.18 0.88 0.18 0.977 0.42 0.977 0.36 0.982 0.42 0.977 0.36 0.982 0.36 0.982 0.42 0.949 0.236 0.944 0.277 0.882 0.236 0.944 0.277 0.882 0.277 0.882 0.236 0.034 0.465 0.034 0.527 0.006 0.152 0.034 0.527 0.006 0.527 0.006 0.152 0.754 0.935 0.442 0.857 0.816 0.935 0.442 0.857 0.816 0.857 0.816 0.935 0.861 0.788 0.82 0.788 0.861 0.762 0.82 0.788 0.82 0.762 0.861 0.762 0.196 0.429 0.315 0.464 0.137 0.429 0.315 0.464 0.109 0.464 0.137 0.429 0.095 0.064 0.095 0.142 0.041 0.064 0.095 0.142 0.041 0.142 0.041 0.064 0.749 0.374 0.69 0.374 0.749 0.232 0.69 0.374 0.69 0.232 0.749 0.232 0.801 0.175 0.801 0.236 0.796 0.093 0.801 0.236 0.796 0.236 0.796 0.093 0.923 0.192 0.923 0.22 0.866 0.192 0.923 0.22 0.866 0.22 0.866 0.192 0.88 0.094 0.907 0.094 0.88 0.12 0.907 0.094 0.907 0.12 0.88 0.12 0.152 0.018 0.152 0.013 0.206 0.018 0.907 0.094 0.967 0.094 0.907 0.12 0.967 0.094 0.967 0.12 0.907 0.12 0.206 0.018 0.152 0.013 0.294 0.018 0.152 0.013 0.294 0.013 0.294 0.018 0.109 0.464 0.109 0.049 0.137 0.429 0.109 0.049 0.137 0.361 0.137 0.429 0.927 0.559 0.927 0.441 0.953 0.559 0.927 0.441 0.953 0.441 0.953 0.559 0.463 0.601 0.404 0.601 0.463 0.575 0.404 0.601 0.404 0.575 0.463 0.575 0.294 0.018 0.294 0.036 0.206 0.018 0.294 0.036 0.234 0.036 0.206 0.018 0.953 0.559 0.953 0.441 0.992 0.559 0.953 0.441 0.992 0.441 0.992 0.559 0.654 0.032 0.713 0.017 0.672 0.076 0.463 0.575 0.404 0.575 0.463 0.477 0.404 0.575 0.404 0.536 0.463 0.477 0.245 0.187 0.245 0.211 0.24 0.187 0.245 0.211 0.24 0.211 0.24 0.187 0.24 0.187 0.24 0.211 0.232 0.187 0.24 0.211 0.232 0.211 0.232 0.187 0.232 0.187 0.232 0.162 0.24 0.187 0.232 0.162 0.24 0.162 0.24 0.187 0.24 0.187 0.24 0.162 0.245 0.187 0.24 0.162 0.245 0.162 0.245 0.187 0.232 0.162 0.232 0.138 0.24 0.162 0.232 0.138 0.24 0.138 0.24 0.162 0.24 0.162 0.24 0.138 0.245 0.162 0.24 0.138 0.245 0.138 0.245 0.162 0.232 0.138 0.232 0.114 0.24 0.138 0.232 0.114 0.24 0.114 0.24 0.138 0.24 0.138 0.24 0.114 0.245 0.138 0.24 0.114 0.245 0.114 0.245 0.138 0.232 0.114 0.232 0.094 0.24 0.114 0.232 0.094 0.24 0.094 0.24 0.114 0.24 0.114 0.24 0.094 0.245 0.114 0.24 0.094 0.245 0.094 0.245 0.114 0.232 0.41 0.232 0.383 0.24 0.41 0.232 0.383 0.24 0.383 0.24 0.41 0.24 0.41 0.24 0.383 0.245 0.41 0.24 0.383 0.245 0.383 0.245 0.41 0.232 0.383 0.232 0.364 0.24 0.383 0.232 0.364 0.24 0.364 0.24 0.383 0.24 0.383 0.24 0.364 0.245 0.383 0.24 0.364 0.245 0.364 0.245 0.383 0.232 0.364 0.232 0.339 0.24 0.364 0.232 0.339 0.24 0.339 0.24 0.364 0.24 0.364 0.24 0.339 0.245 0.364 0.24 0.339 0.245 0.339 0.245 0.364 0.232 0.339 0.232 0.309 0.24 0.339 0.232 0.309 0.24 0.309 0.24 0.339 0.24 0.339 0.24 0.309 0.245 0.339 0.24 0.309 0.245 0.309 0.245 0.339 0.232 0.309 0.232 0.285 0.24 0.309 0.232 0.285 0.24 0.285 0.24 0.309 0.24 0.309 0.24 0.285 0.245 0.309 0.24 0.285 0.245 0.285 0.245 0.309 0.232 0.285 0.232 0.26 0.24 0.285 0.232 0.26 0.24 0.26 0.24 0.285 0.24 0.285 0.24 0.26 0.245 0.285 0.24 0.26 0.245 0.26 0.245 0.285 0.232 0.26 0.232 0.236 0.24 0.26 0.232 0.236 0.24 0.236 0.24 0.26 0.24 0.26 0.24 0.236 0.245 0.26 0.24 0.236 0.245 0.236 0.245 0.26 0.232 0.236 0.232 0.211 0.24 0.236 0.232 0.211 0.24 0.211 0.24 0.236 0.24 0.236 0.24 0.211 0.245 0.236 0.24 0.211 0.245 0.211 0.245 0.236 0.21 0.345 0.17 0.345 0.21 0.321 0.17 0.345 0.17 0.321 0.21 0.321 0.933 0.676 0.933 0.716 0.885 0.676 0.933 0.716 0.885 0.716 0.885 0.676 0.933 0.737 0.933 0.764 0.885 0.737 0.933 0.764 0.885 0.764 0.885 0.737 0.933 0.784 0.933 0.843 0.885 0.784 0.933 0.843 0.885 0.843 0.885 0.784 0.294 0.036 0.294 0.018 0.32 0.036 0.294 0.018 0.32 0.018 0.32 0.036 0.716 0.092 0.716 0.211 0.69 0.092 0.716 0.211 0.69 0.211 0.69 0.092 0.476 0.465 0.476 0.406 0.502 0.465 0.476 0.406 0.502 0.406 0.502 0.465 0.459 0.182 0.459 0.388 0.433 0.182 0.459 0.388 0.433 0.388 0.433 0.182 0.885 0.879 0.885 0.861 0.933 0.879 0.885 0.861 0.933 0.861 0.933 0.879 0.944 0.689 0.944 0.571 0.992 0.689 0.944 0.571 0.992 0.571 0.992 0.689 0.867 0.296 0.877 0.315 0.823 0.331 0.944 0.765 0.944 0.707 0.992 0.765 0.944 0.707 0.992 0.707 0.992 0.765 0.878 0.337 0.872 0.358 0.823 0.331 0.769 0.346 0.768 0.324 0.823 0.331 0.823 0.331 0.796 0.379 0.779 0.365 0.823 0.331 0.838 0.384 0.816 0.386 0.944 0.99 0.944 0.784 0.992 0.99 0.944 0.784 0.992 0.784 0.992 0.99 0.823 0.331 0.816 0.386 0.796 0.379 0.823 0.331 0.858 0.374 0.838 0.384 0.779 0.365 0.769 0.346 0.823 0.331 0.426 0.777 0.426 0.983 0.39 0.804 0.426 0.983 0.39 0.864 0.39 0.804 0.823 0.331 0.872 0.358 0.858 0.374 0.814 0.32 0.774 0.303 0.788 0.287 0.877 0.315 0.878 0.337 0.823 0.331 0.856 0.287 0.867 0.296 0.814 0.32 0.867 0.296 0.823 0.331 0.814 0.32 0.976 0.333 0.975 0.329 0.98 0.336 0.975 0.329 0.98 0.288 0.98 0.336 0.615 0.014 0.713 0.017 0.615 0.032 0.713 0.017 0.654 0.032 0.615 0.032 0.795 0.069 0.796 0.009 0.836 0.07 0.796 0.009 0.836 0.057 0.836 0.07 0.885 0.009 0.884 0.051 0.796 0.009 0.884 0.051 0.836 0.057 0.796 0.009 0.713 0.017 0.76 0.023 0.672 0.076 0.76 0.023 0.76 0.076 0.672 0.076 0.21 0.297 0.21 0.272 0.17 0.297 0.21 0.272 0.17 0.272 0.17 0.297 0.21 0.272 0.21 0.248 0.17 0.272 0.21 0.248 0.17 0.248 0.17 0.272 0.21 0.248 0.21 0.224 0.17 0.248 0.21 0.224 0.17 0.224 0.17 0.248 0.21 0.224 0.21 0.199 0.17 0.224 0.21 0.199 0.17 0.199 0.17 0.224 0.21 0.199 0.21 0.175 0.17 0.199 0.21 0.175 0.17 0.175 0.17 0.199 0.21 0.175 0.21 0.151 0.17 0.175 0.21 0.151 0.17 0.151 0.17 0.175 0.21 0.41 0.21 0.394 0.17 0.41 0.21 0.394 0.17 0.394 0.17 0.41 0.21 0.394 0.21 0.37 0.17 0.394 0.21 0.37 0.17 0.37 0.17 0.394 0.17 0.297 0.17 0.321 0.21 0.297 0.17 0.321 0.21 0.321 0.21 0.297 0.21 0.37 0.21 0.345 0.17 0.37 0.21 0.345 0.17 0.345 0.17 0.37 0.21 0.151 0.21 0.126 0.17 0.151 0.21 0.126 0.17 0.126 0.17 0.151 0.601 0.388 0.601 0.182 0.459 0.388 0.601 0.182 0.459 0.182 0.459 0.388 0.48 0.605 0.895 0.605 0.48 0.564 0.895 0.605 0.854 0.564 0.48 0.564 0.895 0.605 0.895 0.506 0.854 0.564 0.895 0.506 0.854 0.506 0.854 0.564 0.048 0.477 0.048 0.536 0.463 0.477 0.048 0.536 0.404 0.536 0.463 0.477 0.333 0.465 0.476 0.465 0.416 0.406 0.476 0.465 0.476 0.406 0.416 0.406 0.073 0.728 0.011 0.728 0.385 0.756 0.011 0.728 0.011 0.756 0.385 0.756 0.636 0.145 0.636 0.046 0.43 0.145 0.636 0.046 0.43 0.046 0.43 0.145 0.776 0.092 0.716 0.092 0.776 0.211 0.716 0.092 0.716 0.211 0.776 0.211 0.445 0.719 0.445 0.837 0.801 0.719 0.445 0.837 0.801 0.837 0.801 0.719 0.426 0.983 0.39 0.864 0.385 0.88 0.323 0.804 0.39 0.804 0.011 0.777 0.39 0.804 0.426 0.777 0.011 0.777 0.278 0.836 0.011 0.777 0.265 0.856 0.299 0.822 0.011 0.777 0.278 0.836 0.923 0.22 0.949 0.22 0.923 0.192 0.949 0.22 0.949 0.192 0.923 0.192 0.923 0.192 0.949 0.192 0.923 0.132 0.949 0.192 0.949 0.132 0.923 0.132 0.278 0.924 0.011 0.983 0.299 0.937 0.323 0.804 0.011 0.777 0.323 0.817 0.011 0.777 0.299 0.822 0.323 0.817 0.774 0.303 0.768 0.324 0.814 0.32 0.768 0.324 0.823 0.331 0.814 0.32 0.346 0.937 0.323 0.942 0.426 0.983 0.367 0.924 0.346 0.937 0.426 0.983 0.38 0.904 0.367 0.924 0.426 0.983 0.38 0.904 0.426 0.983 0.385 0.88 0.265 0.904 0.26 0.88 0.011 0.983 0.895 0.506 0.895 0.48 0.854 0.506 0.895 0.48 0.854 0.48 0.854 0.506 0.21 0.126 0.21 0.102 0.17 0.126 0.21 0.102 0.17 0.102 0.17 0.126 0.713 0.017 0.713 0.009 0.615 0.014 0.713 0.009 0.615 0.009 0.615 0.014 0.983 0.136 0.979 0.138 0.983 0.183 0.979 0.138 0.977 0.143 0.983 0.183 0.093 0.152 0.006 0.152 0.093 0.465 0.006 0.152 0.034 0.465 0.093 0.465 0.315 0.464 0.274 0.423 0.196 0.429 0.274 0.423 0.196 0.423 0.196 0.429 0.796 0.093 0.801 0.175 0.863 0.093 0.801 0.175 0.863 0.175 0.863 0.093 0.234 0.08 0.234 0.036 0.206 0.08 0.234 0.036 0.206 0.018 0.206 0.08 0.905 0.01 0.933 0.023 0.988 0.01 0.933 0.023 0.988 0.023 0.988 0.01 0.905 0.01 0.905 0.07 0.933 0.023 0.905 0.07 0.933 0.07 0.933 0.023 0.011 0.983 0.26 0.88 0.011 0.777 0.26 0.88 0.265 0.856 0.011 0.777 0.382 0.864 0.385 0.88 0.39 0.864 0.323 0.942 0.011 0.983 0.426 0.983 0.754 0.935 0.442 0.857 0.754 0.982 0.442 0.857 0.442 0.982 0.754 0.982 0.589 0.032 0.615 0.032 0.589 0.014 0.615 0.032 0.615 0.014 0.589 0.014 0.029 0.55 0.029 0.668 0.385 0.55 0.029 0.668 0.073 0.668 0.385 0.55 0.861 0.762 0.861 0.619 0.82 0.762 0.861 0.619 0.82 0.701 0.82 0.762 0.011 0.983 0.323 0.942 0.299 0.937 0.794 0.487 0.482 0.487 0.794 0.541 0.482 0.487 0.482 0.541 0.794 0.541 0.15 0.361 0.15 0.049 0.137 0.361 0.15 0.049 0.109 0.049 0.137 0.361 0.636 0.171 0.636 0.145 0.43 0.171 0.636 0.145 0.43 0.145 0.43 0.171 0.073 0.668 0.073 0.728 0.385 0.55 0.073 0.728 0.385 0.756 0.385 0.55 0.333 0.465 0.416 0.406 0.333 0.05 0.416 0.406 0.416 0.05 0.333 0.05 0.861 0.619 0.446 0.619 0.82 0.701 0.446 0.619 0.446 0.701 0.82 0.701 0.892 0.407 0.518 0.407 0.892 0.461 0.518 0.407 0.518 0.461 0.892 0.461 0.315 0.464 0.315 0.049 0.274 0.423 0.315 0.049 0.274 0.049 0.274 0.423 0.654 0.032 0.654 0.388 0.672 0.076 0.654 0.388 0.672 0.388 0.672 0.076 0.278 0.924 0.265 0.904 0.011 0.983 0.873 0.891 0.873 0.989 0.933 0.891 0.873 0.989 0.933 0.989 0.933 0.891 0.983 0.205 0.978 0.205 0.983 0.265 0.978 0.205 0.978 0.265 0.983 0.265 0.949 0.236 0.944 0.277 0.949 0.334 0.944 0.277 0.944 0.334 0.949 0.334 0.88 0.12 0.88 0.18 0.907 0.12 0.88 0.18 0.907 0.18 0.907 0.12 0.977 0.42 0.982 0.42 0.977 0.36 0.982 0.42 0.982 0.36 0.977 0.36 0.949 0.236 0.882 0.236 0.944 0.277 0.882 0.236 0.882 0.277 0.944 0.277 0.034 0.465 0.006 0.152 0.034 0.527 0.006 0.152 0.006 0.527 0.034 0.527 0.754 0.935 0.816 0.935 0.442 0.857 0.816 0.935 0.816 0.857 0.442 0.857 0.861 0.788 0.861 0.762 0.82 0.788 0.861 0.762 0.82 0.762 0.82 0.788 0.196 0.429 0.137 0.429 0.315 0.464 0.137 0.429 0.109 0.464 0.315 0.464 0.095 0.064 0.041 0.064 0.095 0.142 0.041 0.064 0.041 0.142 0.095 0.142 0.749 0.374 0.749 0.232 0.69 0.374 0.749 0.232 0.69 0.232 0.69 0.374 0.801 0.175 0.796 0.093 0.801 0.236 0.796 0.093 0.796 0.236 0.801 0.236 0.923 0.192 0.866 0.192 0.923 0.22 0.866 0.192 0.866 0.22 0.923 0.22 0.88 0.094 0.88 0.12 0.907 0.094 0.88 0.12 0.907 0.12 0.907 0.094 0.152 0.018 0.206 0.018 0.152 0.013 0.907 0.094 0.907 0.12 0.967 0.094 0.907 0.12 0.967 0.12 0.967 0.094 0.206 0.018 0.294 0.018 0.152 0.013 0.294 0.018 0.294 0.013 0.152 0.013 0.109 0.464 0.137 0.429 0.109 0.049 0.137 0.429 0.137 0.361 0.109 0.049 0.927 0.559 0.953 0.559 0.927 0.441 0.953 0.559 0.953 0.441 0.927 0.441 0.463 0.601 0.463 0.575 0.404 0.601 0.463 0.575 0.404 0.575 0.404 0.601 0.294 0.018 0.206 0.018 0.294 0.036 0.206 0.018 0.234 0.036 0.294 0.036 0.953 0.559 0.992 0.559 0.953 0.441 0.992 0.559 0.992 0.441 0.953 0.441 0.654 0.032 0.672 0.076 0.713 0.017 0.463 0.575 0.463 0.477 0.404 0.575 0.463 0.477 0.404 0.536 0.404 0.575 0.245 0.187 0.24 0.187 0.245 0.211 0.24 0.187 0.24 0.211 0.245 0.211 0.24 0.187 0.232 0.187 0.24 0.211 0.232 0.187 0.232 0.211 0.24 0.211 0.232 0.187 0.24 0.187 0.232 0.162 0.24 0.187 0.24 0.162 0.232 0.162 0.24 0.187 0.245 0.187 0.24 0.162 0.245 0.187 0.245 0.162 0.24 0.162 0.232 0.162 0.24 0.162 0.232 0.138 0.24 0.162 0.24 0.138 0.232 0.138 0.24 0.162 0.245 0.162 0.24 0.138 0.245 0.162 0.245 0.138 0.24 0.138 0.232 0.138 0.24 0.138 0.232 0.114 0.24 0.138 0.24 0.114 0.232 0.114 0.24 0.138 0.245 0.138 0.24 0.114 0.245 0.138 0.245 0.114 0.24 0.114 0.232 0.114 0.24 0.114 0.232 0.094 0.24 0.114 0.24 0.094 0.232 0.094 0.24 0.114 0.245 0.114 0.24 0.094 0.245 0.114 0.245 0.094 0.24 0.094 0.232 0.41 0.24 0.41 0.232 0.383 0.24 0.41 0.24 0.383 0.232 0.383 0.24 0.41 0.245 0.41 0.24 0.383 0.245 0.41 0.245 0.383 0.24 0.383 0.232 0.383 0.24 0.383 0.232 0.364 0.24 0.383 0.24 0.364 0.232 0.364 0.24 0.383 0.245 0.383 0.24 0.364 0.245 0.383 0.245 0.364 0.24 0.364 0.232 0.364 0.24 0.364 0.232 0.339 0.24 0.364 0.24 0.339 0.232 0.339 0.24 0.364 0.245 0.364 0.24 0.339 0.245 0.364 0.245 0.339 0.24 0.339 0.232 0.339 0.24 0.339 0.232 0.309 0.24 0.339 0.24 0.309 0.232 0.309 0.24 0.339 0.245 0.339 0.24 0.309 0.245 0.339 0.245 0.309 0.24 0.309 0.232 0.309 0.24 0.309 0.232 0.285 0.24 0.309 0.24 0.285 0.232 0.285 0.24 0.309 0.245 0.309 0.24 0.285 0.245 0.309 0.245 0.285 0.24 0.285 0.232 0.285 0.24 0.285 0.232 0.26 0.24 0.285 0.24 0.26 0.232 0.26 0.24 0.285 0.245 0.285 0.24 0.26 0.245 0.285 0.245 0.26 0.24 0.26 0.232 0.26 0.24 0.26 0.232 0.236 0.24 0.26 0.24 0.236 0.232 0.236 0.24 0.26 0.245 0.26 0.24 0.236 0.245 0.26 0.245 0.236 0.24 0.236 0.232 0.236 0.24 0.236 0.232 0.211 0.24 0.236 0.24 0.211 0.232 0.211 0.24 0.236 0.245 0.236 0.24 0.211 0.245 0.236 0.245 0.211 0.24 0.211 0.21 0.345 0.21 0.321 0.17 0.345 0.21 0.321 0.17 0.321 0.17 0.345 0.933 0.676 0.885 0.676 0.933 0.716 0.885 0.676 0.885 0.716 0.933 0.716 0.933 0.737 0.885 0.737 0.933 0.764 0.885 0.737 0.885 0.764 0.933 0.764 0.933 0.784 0.885 0.784 0.933 0.843 0.885 0.784 0.885 0.843 0.933 0.843 0.294 0.036 0.32 0.036 0.294 0.018 0.32 0.036 0.32 0.018 0.294 0.018 0.716 0.092 0.69 0.092 0.716 0.211 0.69 0.092 0.69 0.211 0.716 0.211 0.476 0.465 0.502 0.465 0.476 0.406 0.502 0.465 0.502 0.406 0.476 0.406 0.459 0.182 0.433 0.182 0.459 0.388 0.433 0.182 0.433 0.388 0.459 0.388 0.885 0.879 0.933 0.879 0.885 0.861 0.933 0.879 0.933 0.861 0.885 0.861 0.944 0.689 0.992 0.689 0.944 0.571 0.992 0.689 0.992 0.571 0.944 0.571 0.867 0.296 0.823 0.331 0.877 0.315 0.944 0.765 0.992 0.765 0.944 0.707 0.992 0.765 0.992 0.707 0.944 0.707 0.878 0.337 0.823 0.331 0.872 0.358 0.769 0.346 0.823 0.331 0.768 0.324 0.823 0.331 0.779 0.365 0.796 0.379 0.823 0.331 0.816 0.386 0.838 0.384 0.944 0.99 0.992 0.99 0.944 0.784 0.992 0.99 0.992 0.784 0.944 0.784 0.823 0.331 0.796 0.379 0.816 0.386 0.823 0.331 0.838 0.384 0.858 0.374 0.779 0.365 0.823 0.331 0.769 0.346 0.426 0.777 0.39 0.804 0.426 0.983 0.39 0.804 0.39 0.864 0.426 0.983 0.823 0.331 0.858 0.374 0.872 0.358 0.814 0.32 0.788 0.287 0.774 0.303 0.877 0.315 0.823 0.331 0.878 0.337 0.856 0.287 0.814 0.32 0.867 0.296 0.814 0.32 0.823 0.331 0.867 0.296 0.976 0.333 0.98 0.336 0.975 0.329 0.98 0.336 0.98 0.288 0.975 0.329 0.615 0.014 0.615 0.032 0.713 0.017 0.615 0.032 0.654 0.032 0.713 0.017 0.795 0.069 0.836 0.07 0.796 0.009 0.836 0.07 0.836 0.057 0.796 0.009 0.885 0.009 0.796 0.009 0.884 0.051 0.796 0.009 0.836 0.057 0.884 0.051 0.713 0.017 0.672 0.076 0.76 0.023 0.672 0.076 0.76 0.076 0.76 0.023 0.000369 0.000776 0.000444 0.000855 0.000173 0.000908 0.000444 0.000855 0.000312 0.001049 0.000173 0.000908 0.000834 0.000787 0.000816 0.000774 0.000879 0.000689 0.000816 0.000774 0.000857 0.000683 0.000879 0.000689 0.000816 0.000774 0.000798 0.000762 0.000857 0.000683 0.000798 0.000762 0.000836 0.000678 0.000857 0.000683 0.000883 0.000579 0.00086 0.000582 0.000843 0.000476 0.00086 0.000582 0.000824 0.000488 0.000843 0.000476 0.00086 0.000582 0.000838 0.000586 0.000824 0.000488 0.000838 0.000586 0.000805 0.0005 0.000824 0.000488 0.000454 0.000391 0.000466 0.00041 0.000376 0.000467 0.000466 0.00041 0.000394 0.00048 0.000376 0.000467 0.000466 0.00041 0.000478 0.000428 0.000394 0.00048 0.000478 0.000428 0.000412 0.000492 0.000394 0.00048 0.000843 0.000476 0.000824 0.000488 0.000767 0.000396 0.000824 0.000488 0.000753 0.000415 0.000767 0.000396 0.000824 0.000488 0.000805 0.0005 0.000753 0.000415 0.000805 0.0005 0.000741 0.000433 0.000753 0.000415 0.000767 0.000396 0.000753 0.000415 0.000666 0.000353 0.000753 0.000415 0.000661 0.000375 0.000666 0.000353 0.000753 0.000415 0.000741 0.000433 0.000661 0.000375 0.000741 0.000433 0.000656 0.000396 0.000661 0.000375 0.000376 0.000467 0.000394 0.00048 0.000333 0.000566 0.000394 0.00048 0.000355 0.000571 0.000333 0.000566 0.000394 0.00048 0.000412 0.000492 0.000355 0.000571 0.000412 0.000492 0.000376 0.000576 0.000355 0.000571 0.000333 0.000566 0.000355 0.000571 0.00033 0.000675 0.000355 0.000571 0.000353 0.000671 0.00033 0.000675 0.000355 0.000571 0.000376 0.000576 0.000353 0.000671 0.000376 0.000576 0.000374 0.000667 0.000353 0.000671 0.000444 0.000855 0.000457 0.000836 0.000543 0.0009 0.000457 0.000836 0.000548 0.000878 0.000543 0.0009 0.000457 0.000836 0.00047 0.000819 0.000548 0.000878 0.00047 0.000819 0.000553 0.000856 0.000548 0.000878 0.000666 0.000353 0.000661 0.000375 0.000556 0.000351 0.000661 0.000375 0.00056 0.000373 0.000556 0.000351 0.000661 0.000375 0.000656 0.000396 0.00056 0.000373 0.000656 0.000396 0.000564 0.000395 0.00056 0.000373 0.000556 0.000351 0.00056 0.000373 0.000454 0.000391 0.00056 0.000373 0.000466 0.00041 0.000454 0.000391 0.00056 0.000373 0.000564 0.000395 0.000466 0.00041 0.000564 0.000395 0.000478 0.000428 0.000466 0.00041 0.00033 0.000675 0.000353 0.000671 0.000369 0.000776 0.000353 0.000671 0.000389 0.000764 0.000369 0.000776 0.000353 0.000671 0.000374 0.000667 0.000389 0.000764 0.000374 0.000667 0.000407 0.000752 0.000389 0.000764 0.000369 0.000776 0.000389 0.000764 0.000444 0.000855 0.000389 0.000764 0.000457 0.000836 0.000444 0.000855 0.000389 0.000764 0.000407 0.000752 0.000457 0.000836 0.000407 0.000752 0.00047 0.000819 0.000457 0.000836 0.000543 0.0009 0.000548 0.000878 0.000653 0.000904 0.000548 0.000878 0.00065 0.000881 0.000653 0.000904 0.000548 0.000878 0.000553 0.000856 0.00065 0.000881 0.000553 0.000856 0.000646 0.00086 0.00065 0.000881 0.000879 0.000689 0.000857 0.000683 0.000883 0.000579 0.000857 0.000683 0.00086 0.000582 0.000883 0.000579 0.000857 0.000683 0.000836 0.000678 0.00086 0.000582 0.000836 0.000678 0.000838 0.000586 0.00086 0.000582 0.000653 0.000904 0.00065 0.000881 0.000756 0.000863 0.00065 0.000881 0.000744 0.000844 0.000756 0.000863 0.00065 0.000881 0.000646 0.00086 0.000744 0.000844 0.000646 0.00086 0.000732 0.000826 0.000744 0.000844 0.000756 0.000863 0.000744 0.000844 0.000834 0.000787 0.000744 0.000844 0.000816 0.000774 0.000834 0.000787 0.000744 0.000844 0.000732 0.000826 0.000816 0.000774 0.000732 0.000826 0.000798 0.000762 0.000816 0.000774 0.000493 0.001127 0.000691 0.001133 0.000488 0.001151 0.000691 0.001133 0.000695 0.001157 0.000488 0.001151 0.000488 0.001151 0.000695 0.001157 0.000482 0.001176 0.000695 0.001157 0.000698 0.001182 0.000482 0.001176 0.000312 0.001049 0.000493 0.001127 0.000298 0.001069 0.000493 0.001127 0.000488 0.001151 0.000298 0.001069 0.000298 0.001069 0.000488 0.001151 0.000284 0.00109 0.000488 0.001151 0.000482 0.001176 0.000284 0.00109 0.000173 0.000908 0.000312 0.001049 0.000152 0.000921 0.000312 0.001049 0.000298 0.001069 0.000152 0.000921 0.000152 0.000921 0.000298 0.001069 0.000131 0.000935 0.000298 0.001069 0.000284 0.00109 0.000131 0.000935 0.000097 0.000723 0.000173 0.000908 0.000073 0.000728 0.000173 0.000908 0.000152 0.000921 0.000073 0.000728 0.000073 0.000728 0.000152 0.000921 0.000048 0.000732 0.000152 0.000921 0.000131 0.000935 0.000048 0.000732 0.000097 0.000522 0.000097 0.000723 0.000073 0.000517 0.000097 0.000723 0.000073 0.000728 0.000073 0.000517 0.000073 0.000517 0.000073 0.000728 0.000048 0.000512 0.000073 0.000728 0.000048 0.000732 0.000048 0.000512 0.000174 0.000335 0.000097 0.000522 0.000153 0.000321 0.000097 0.000522 0.000073 0.000517 0.000153 0.000321 0.000153 0.000321 0.000073 0.000517 0.000132 0.000307 0.000073 0.000517 0.000048 0.000512 0.000132 0.000307 0.000317 0.000191 0.000174 0.000335 0.000303 0.000171 0.000174 0.000335 0.000153 0.000321 0.000303 0.000171 0.000303 0.000171 0.000153 0.000321 0.000289 0.000149 0.000153 0.000321 0.000132 0.000307 0.000289 0.000149 0.000505 0.000113 0.000317 0.000191 0.0005 0.000088 0.000317 0.000191 0.000303 0.000171 0.0005 0.000088 0.0005 0.000088 0.000303 0.000171 0.000495 0.000063 0.000303 0.000171 0.000289 0.000149 0.000495 0.000063 0.00071 0.000112 0.000505 0.000113 0.000715 0.000087 0.000505 0.000113 0.0005 0.000088 0.000715 0.000087 0.000715 0.000087 0.0005 0.000088 0.00072 0.000061 0.0005 0.000088 0.000495 0.000063 0.00072 0.000061 0.000901 0.00019 0.00071 0.000112 0.000915 0.000168 0.00071 0.000112 0.000715 0.000087 0.000915 0.000168 0.000915 0.000168 0.000715 0.000087 0.00093 0.000147 0.000715 0.000087 0.00072 0.000061 0.00093 0.000147 0.001048 0.000336 0.000901 0.00019 0.00107 0.000322 0.000901 0.00019 0.000915 0.000168 0.00107 0.000322 0.00107 0.000322 0.000915 0.000168 0.001092 0.000307 0.000915 0.000168 0.00093 0.000147 0.001092 0.000307 0.001129 0.00053 0.001048 0.000336 0.001154 0.000525 0.001048 0.000336 0.00107 0.000322 0.001154 0.000525 0.001154 0.000525 0.00107 0.000322 0.00118 0.00052 0.00107 0.000322 0.001092 0.000307 0.00118 0.00052 0.001127 0.000741 0.001129 0.00053 0.001153 0.000747 0.001129 0.00053 0.001154 0.000525 0.001153 0.000747 0.001153 0.000747 0.001154 0.000525 0.001179 0.000752 0.001154 0.000525 0.00118 0.00052 0.001179 0.000752 0.001042 0.000935 0.001127 0.000741 0.001063 0.00095 0.001127 0.000741 0.001153 0.000747 0.001063 0.00095 0.001063 0.00095 0.001153 0.000747 0.001084 0.000966 0.001153 0.000747 0.001179 0.000752 0.001084 0.000966 0.000884 0.00107 0.001042 0.000935 0.000896 0.001092 0.001042 0.000935 0.001063 0.00095 0.000896 0.001092 0.000896 0.001092 0.001063 0.00095 0.000909 0.001115 0.001063 0.00095 0.001084 0.000966 0.000909 0.001115 0.000691 0.001133 0.000884 0.00107 0.000695 0.001157 0.000884 0.00107 0.000896 0.001092 0.000695 0.001157 0.000695 0.001157 0.000896 0.001092 0.000698 0.001182 0.000896 0.001092 0.000909 0.001115 0.000698 0.001182 0.000767 0.000396 0.000666 0.000353 0.000901 0.00019 0.000666 0.000353 0.00071 0.000112 0.000901 0.00019 0.000444 0.000855 0.000543 0.0009 0.000312 0.001049 0.000543 0.0009 0.000493 0.001127 0.000312 0.001049 0.000666 0.000353 0.000556 0.000351 0.00071 0.000112 0.000556 0.000351 0.000505 0.000113 0.00071 0.000112 0.000691 0.001133 0.000653 0.000904 0.000884 0.00107 0.000653 0.000904 0.000756 0.000863 0.000884 0.00107 0.000543 0.0009 0.000653 0.000904 0.000493 0.001127 0.000653 0.000904 0.000691 0.001133 0.000493 0.001127 0.000556 0.000351 0.000454 0.000391 0.000505 0.000113 0.000454 0.000391 0.000317 0.000191 0.000505 0.000113 0.000884 0.00107 0.000756 0.000863 0.001042 0.000935 0.000756 0.000863 0.000834 0.000787 0.001042 0.000935 0.000454 0.000391 0.000376 0.000467 0.000317 0.000191 0.000376 0.000467 0.000174 0.000335 0.000317 0.000191 0.000834 0.000787 0.000879 0.000689 0.001042 0.000935 0.000879 0.000689 0.001127 0.000741 0.001042 0.000935 0.000376 0.000467 0.000333 0.000566 0.000174 0.000335 0.000333 0.000566 0.000097 0.000522 0.000174 0.000335 0.000879 0.000689 0.000883 0.000579 0.001127 0.000741 0.000883 0.000579 0.001129 0.00053 0.001127 0.000741 0.000333 0.000566 0.00033 0.000675 0.000097 0.000522 0.00033 0.000675 0.000097 0.000723 0.000097 0.000522 0.000883 0.000579 0.000843 0.000476 0.001129 0.00053 0.000843 0.000476 0.001048 0.000336 0.001129 0.00053 0.00033 0.000675 0.000369 0.000776 0.000097 0.000723 0.000369 0.000776 0.000173 0.000908 0.000097 0.000723 0.000843 0.000476 0.000767 0.000396 0.001048 0.000336 0.000767 0.000396 0.000901 0.00019 0.001048 0.000336 0.000516 0.000488 0.000576 0.000464 0.000577 0.00058 0.000576 0.000464 0.000597 0.000575 0.000577 0.00058 0.000374 0.000667 0.000376 0.000576 0.000411 0.000661 0.000376 0.000576 0.000412 0.000584 0.000411 0.000661 0.000769 0.000598 0.000767 0.000663 0.000659 0.00062 0.000767 0.000663 0.000657 0.00064 0.000659 0.00062 0.000466 0.000715 0.000443 0.000655 0.000558 0.000653 0.000443 0.000655 0.000551 0.000633 0.000558 0.000653 0.000767 0.000663 0.000741 0.000721 0.000657 0.00064 0.000741 0.000721 0.000648 0.000659 0.000657 0.00064 0.000648 0.000433 0.000656 0.000396 0.000719 0.000464 0.000656 0.000396 0.000741 0.000433 0.000719 0.000464 0.000412 0.000492 0.000478 0.000428 0.000443 0.000513 0.000478 0.000428 0.000498 0.00046 0.000443 0.000513 0.000634 0.000789 0.000569 0.000788 0.000613 0.000679 0.000569 0.000788 0.000592 0.000678 0.000613 0.000679 0.000656 0.000396 0.000648 0.000433 0.000564 0.000395 0.000648 0.000433 0.00057 0.000432 0.000564 0.000395 0.00064 0.000822 0.000712 0.000794 0.000646 0.00086 0.000712 0.000794 0.000732 0.000826 0.000646 0.00086 0.000741 0.000721 0.000694 0.000766 0.000648 0.000659 0.000694 0.000766 0.000633 0.000672 0.000648 0.000659 0.0007 0.000491 0.000745 0.000538 0.000638 0.000586 0.000745 0.000538 0.000652 0.000601 0.000638 0.000586 0.000798 0.000762 0.000732 0.000826 0.000768 0.00074 0.000732 0.000826 0.000712 0.000794 0.000768 0.00074 0.000491 0.000788 0.00047 0.000819 0.000438 0.000732 0.00047 0.000819 0.000407 0.000752 0.000438 0.000732 0.000491 0.000788 0.000562 0.00082 0.00047 0.000819 0.000562 0.00082 0.000553 0.000856 0.00047 0.000819 0.000444 0.000591 0.00047 0.000532 0.000553 0.000612 0.00047 0.000532 0.000562 0.000594 0.000553 0.000612 0.000576 0.000464 0.000641 0.000465 0.000597 0.000575 0.000641 0.000465 0.000618 0.000577 0.000597 0.000575 0.000411 0.000661 0.000438 0.000732 0.000374 0.000667 0.000438 0.000732 0.000407 0.000752 0.000374 0.000667 0.000745 0.000538 0.000769 0.000598 0.000652 0.000601 0.000769 0.000598 0.000659 0.00062 0.000652 0.000601 0.00051 0.000761 0.000466 0.000715 0.000573 0.000669 0.000466 0.000715 0.000558 0.000653 0.000573 0.000669 0.000799 0.00067 0.000801 0.000592 0.000836 0.000678 0.000801 0.000592 0.000838 0.000586 0.000836 0.000678 0.000641 0.000465 0.0007 0.000491 0.000618 0.000577 0.0007 0.000491 0.000638 0.000586 0.000618 0.000577 0.00047 0.000532 0.000516 0.000488 0.000562 0.000594 0.000516 0.000488 0.000577 0.00058 0.000562 0.000594 0.00057 0.000432 0.000498 0.00046 0.000564 0.000395 0.000498 0.00046 0.000478 0.000428 0.000564 0.000395 0.000376 0.000576 0.000412 0.000492 0.000412 0.000584 0.000412 0.000492 0.000443 0.000513 0.000412 0.000584 0.000694 0.000766 0.000634 0.000789 0.000633 0.000672 0.000634 0.000789 0.000613 0.000679 0.000633 0.000672 0.000836 0.000678 0.000798 0.000762 0.000799 0.00067 0.000798 0.000762 0.000768 0.00074 0.000799 0.00067 0.000569 0.000788 0.00051 0.000761 0.000592 0.000678 0.00051 0.000761 0.000573 0.000669 0.000592 0.000678 0.000805 0.0005 0.000838 0.000586 0.000773 0.00052 0.000838 0.000586 0.000801 0.000592 0.000773 0.00052 0.000443 0.000655 0.000444 0.000591 0.000551 0.000633 0.000444 0.000591 0.000553 0.000612 0.000551 0.000633 0.000719 0.000464 0.000741 0.000433 0.000773 0.00052 0.000741 0.000433 0.000805 0.0005 0.000773 0.00052 0.000569 0.000788 0.000634 0.000789 0.000566 0.000803 0.000634 0.000789 0.000637 0.000805 0.000566 0.000803 0.000566 0.000803 0.000637 0.000805 0.000562 0.00082 0.000637 0.000805 0.00064 0.000822 0.000562 0.00082 0.00051 0.000761 0.000569 0.000788 0.000501 0.000775 0.000569 0.000788 0.000566 0.000803 0.000501 0.000775 0.000501 0.000775 0.000566 0.000803 0.000491 0.000788 0.000566 0.000803 0.000562 0.00082 0.000491 0.000788 0.000466 0.000715 0.00051 0.000761 0.000453 0.000723 0.00051 0.000761 0.000501 0.000775 0.000453 0.000723 0.000453 0.000723 0.000501 0.000775 0.000438 0.000732 0.000501 0.000775 0.000491 0.000788 0.000438 0.000732 0.000443 0.000655 0.000466 0.000715 0.000427 0.000658 0.000466 0.000715 0.000453 0.000723 0.000427 0.000658 0.000427 0.000658 0.000453 0.000723 0.000411 0.000661 0.000453 0.000723 0.000438 0.000732 0.000411 0.000661 0.000444 0.000591 0.000443 0.000655 0.000428 0.000588 0.000443 0.000655 0.000427 0.000658 0.000428 0.000588 0.000428 0.000588 0.000427 0.000658 0.000412 0.000584 0.000427 0.000658 0.000411 0.000661 0.000412 0.000584 0.00047 0.000532 0.000444 0.000591 0.000457 0.000523 0.000444 0.000591 0.000428 0.000588 0.000457 0.000523 0.000457 0.000523 0.000428 0.000588 0.000443 0.000513 0.000428 0.000588 0.000412 0.000584 0.000443 0.000513 0.000516 0.000488 0.00047 0.000532 0.000507 0.000474 0.00047 0.000532 0.000457 0.000523 0.000507 0.000474 0.000507 0.000474 0.000457 0.000523 0.000498 0.00046 0.000457 0.000523 0.000443 0.000513 0.000498 0.00046 0.000576 0.000464 0.000516 0.000488 0.000573 0.000448 0.000516 0.000488 0.000507 0.000474 0.000573 0.000448 0.000573 0.000448 0.000507 0.000474 0.00057 0.000432 0.000507 0.000474 0.000498 0.00046 0.00057 0.000432 0.000641 0.000465 0.000576 0.000464 0.000644 0.00045 0.000576 0.000464 0.000573 0.000448 0.000644 0.00045 0.000644 0.00045 0.000573 0.000448 0.000648 0.000433 0.000573 0.000448 0.00057 0.000432 0.000648 0.000433 0.0007 0.000491 0.000641 0.000465 0.000709 0.000478 0.000641 0.000465 0.000644 0.00045 0.000709 0.000478 0.000709 0.000478 0.000644 0.00045 0.000719 0.000464 0.000644 0.00045 0.000648 0.000433 0.000719 0.000464 0.000745 0.000538 0.0007 0.000491 0.000759 0.000529 0.0007 0.000491 0.000709 0.000478 0.000759 0.000529 0.000759 0.000529 0.000709 0.000478 0.000773 0.00052 0.000709 0.000478 0.000719 0.000464 0.000773 0.00052 0.000769 0.000598 0.000745 0.000538 0.000785 0.000595 0.000745 0.000538 0.000759 0.000529 0.000785 0.000595 0.000785 0.000595 0.000759 0.000529 0.000801 0.000592 0.000759 0.000529 0.000773 0.00052 0.000801 0.000592 0.000767 0.000663 0.000769 0.000598 0.000783 0.000666 0.000769 0.000598 0.000785 0.000595 0.000783 0.000666 0.000783 0.000666 0.000785 0.000595 0.000799 0.00067 0.000785 0.000595 0.000801 0.000592 0.000799 0.00067 0.000741 0.000721 0.000767 0.000663 0.000754 0.000731 0.000767 0.000663 0.000783 0.000666 0.000754 0.000731 0.000754 0.000731 0.000783 0.000666 0.000768 0.00074 0.000783 0.000666 0.000799 0.00067 0.000768 0.00074 0.000694 0.000766 0.000741 0.000721 0.000703 0.00078 0.000741 0.000721 0.000754 0.000731 0.000703 0.00078 0.000703 0.00078 0.000754 0.000731 0.000712 0.000794 0.000754 0.000731 0.000768 0.00074 0.000712 0.000794 0.000634 0.000789 0.000694 0.000766 0.000637 0.000805 0.000694 0.000766 0.000703 0.00078 0.000637 0.000805 0.000637 0.000805 0.000703 0.00078 0.00064 0.000822 0.000703 0.00078 0.000712 0.000794 0.00064 0.000822 0.000562 0.00082 0.00064 0.000822 0.000553 0.000856 0.00064 0.000822 0.000646 0.00086 0.000553 0.000856 0.000369 0.000776 0.000444 0.000855 0.000173 0.000908 0.000444 0.000855 0.000312 0.001049 0.000173 0.000908 0.000834 0.000787 0.000816 0.000774 0.000879 0.000689 0.000816 0.000774 0.000857 0.000683 0.000879 0.000689 0.000816 0.000774 0.000798 0.000762 0.000857 0.000683 0.000798 0.000762 0.000836 0.000678 0.000857 0.000683 0.000883 0.000579 0.00086 0.000582 0.000843 0.000476 0.00086 0.000582 0.000824 0.000488 0.000843 0.000476 0.00086 0.000582 0.000838 0.000586 0.000824 0.000488 0.000838 0.000586 0.000805 0.0005 0.000824 0.000488 0.000454 0.000391 0.000466 0.00041 0.000376 0.000467 0.000466 0.00041 0.000394 0.00048 0.000376 0.000467 0.000466 0.00041 0.000478 0.000428 0.000394 0.00048 0.000478 0.000428 0.000412 0.000492 0.000394 0.00048 0.000843 0.000476 0.000824 0.000488 0.000767 0.000396 0.000824 0.000488 0.000753 0.000415 0.000767 0.000396 0.000824 0.000488 0.000805 0.0005 0.000753 0.000415 0.000805 0.0005 0.000741 0.000433 0.000753 0.000415 0.000767 0.000396 0.000753 0.000415 0.000666 0.000353 0.000753 0.000415 0.000661 0.000375 0.000666 0.000353 0.000753 0.000415 0.000741 0.000433 0.000661 0.000375 0.000741 0.000433 0.000656 0.000396 0.000661 0.000375 0.000376 0.000467 0.000394 0.00048 0.000333 0.000566 0.000394 0.00048 0.000355 0.000571 0.000333 0.000566 0.000394 0.00048 0.000412 0.000492 0.000355 0.000571 0.000412 0.000492 0.000376 0.000576 0.000355 0.000571 0.000333 0.000566 0.000355 0.000571 0.00033 0.000675 0.000355 0.000571 0.000353 0.000671 0.00033 0.000675 0.000355 0.000571 0.000376 0.000576 0.000353 0.000671 0.000376 0.000576 0.000374 0.000667 0.000353 0.000671 0.000444 0.000855 0.000457 0.000836 0.000543 0.0009 0.000457 0.000836 0.000548 0.000878 0.000543 0.0009 0.000457 0.000836 0.00047 0.000819 0.000548 0.000878 0.00047 0.000819 0.000553 0.000856 0.000548 0.000878 0.000666 0.000353 0.000661 0.000375 0.000556 0.000351 0.000661 0.000375 0.00056 0.000373 0.000556 0.000351 0.000661 0.000375 0.000656 0.000396 0.00056 0.000373 0.000656 0.000396 0.000564 0.000395 0.00056 0.000373 0.000556 0.000351 0.00056 0.000373 0.000454 0.000391 0.00056 0.000373 0.000466 0.00041 0.000454 0.000391 0.00056 0.000373 0.000564 0.000395 0.000466 0.00041 0.000564 0.000395 0.000478 0.000428 0.000466 0.00041 0.00033 0.000675 0.000353 0.000671 0.000369 0.000776 0.000353 0.000671 0.000389 0.000764 0.000369 0.000776 0.000353 0.000671 0.000374 0.000667 0.000389 0.000764 0.000374 0.000667 0.000407 0.000752 0.000389 0.000764 0.000369 0.000776 0.000389 0.000764 0.000444 0.000855 0.000389 0.000764 0.000457 0.000836 0.000444 0.000855 0.000389 0.000764 0.000407 0.000752 0.000457 0.000836 0.000407 0.000752 0.00047 0.000819 0.000457 0.000836 0.000543 0.0009 0.000548 0.000878 0.000653 0.000904 0.000548 0.000878 0.00065 0.000881 0.000653 0.000904 0.000548 0.000878 0.000553 0.000856 0.00065 0.000881 0.000553 0.000856 0.000646 0.00086 0.00065 0.000881 0.000879 0.000689 0.000857 0.000683 0.000883 0.000579 0.000857 0.000683 0.00086 0.000582 0.000883 0.000579 0.000857 0.000683 0.000836 0.000678 0.00086 0.000582 0.000836 0.000678 0.000838 0.000586 0.00086 0.000582 0.000653 0.000904 0.00065 0.000881 0.000756 0.000863 0.00065 0.000881 0.000744 0.000844 0.000756 0.000863 0.00065 0.000881 0.000646 0.00086 0.000744 0.000844 0.000646 0.00086 0.000732 0.000826 0.000744 0.000844 0.000756 0.000863 0.000744 0.000844 0.000834 0.000787 0.000744 0.000844 0.000816 0.000774 0.000834 0.000787 0.000744 0.000844 0.000732 0.000826 0.000816 0.000774 0.000732 0.000826 0.000798 0.000762 0.000816 0.000774 0.000493 0.001127 0.000691 0.001133 0.000488 0.001151 0.000691 0.001133 0.000695 0.001157 0.000488 0.001151 0.000488 0.001151 0.000695 0.001157 0.000482 0.001176 0.000695 0.001157 0.000698 0.001182 0.000482 0.001176 0.000312 0.001049 0.000493 0.001127 0.000298 0.001069 0.000493 0.001127 0.000488 0.001151 0.000298 0.001069 0.000298 0.001069 0.000488 0.001151 0.000284 0.00109 0.000488 0.001151 0.000482 0.001176 0.000284 0.00109 0.000173 0.000908 0.000312 0.001049 0.000152 0.000921 0.000312 0.001049 0.000298 0.001069 0.000152 0.000921 0.000152 0.000921 0.000298 0.001069 0.000131 0.000935 0.000298 0.001069 0.000284 0.00109 0.000131 0.000935 0.000097 0.000723 0.000173 0.000908 0.000073 0.000728 0.000173 0.000908 0.000152 0.000921 0.000073 0.000728 0.000073 0.000728 0.000152 0.000921 0.000048 0.000732 0.000152 0.000921 0.000131 0.000935 0.000048 0.000732 0.000097 0.000522 0.000097 0.000723 0.000073 0.000517 0.000097 0.000723 0.000073 0.000728 0.000073 0.000517 0.000073 0.000517 0.000073 0.000728 0.000048 0.000512 0.000073 0.000728 0.000048 0.000732 0.000048 0.000512 0.000174 0.000335 0.000097 0.000522 0.000153 0.000321 0.000097 0.000522 0.000073 0.000517 0.000153 0.000321 0.000153 0.000321 0.000073 0.000517 0.000132 0.000307 0.000073 0.000517 0.000048 0.000512 0.000132 0.000307 0.000317 0.000191 0.000174 0.000335 0.000303 0.000171 0.000174 0.000335 0.000153 0.000321 0.000303 0.000171 0.000303 0.000171 0.000153 0.000321 0.000289 0.000149 0.000153 0.000321 0.000132 0.000307 0.000289 0.000149 0.000505 0.000113 0.000317 0.000191 0.0005 0.000088 0.000317 0.000191 0.000303 0.000171 0.0005 0.000088 0.0005 0.000088 0.000303 0.000171 0.000495 0.000063 0.000303 0.000171 0.000289 0.000149 0.000495 0.000063 0.00071 0.000112 0.000505 0.000113 0.000715 0.000087 0.000505 0.000113 0.0005 0.000088 0.000715 0.000087 0.000715 0.000087 0.0005 0.000088 0.00072 0.000061 0.0005 0.000088 0.000495 0.000063 0.00072 0.000061 0.000901 0.00019 0.00071 0.000112 0.000915 0.000168 0.00071 0.000112 0.000715 0.000087 0.000915 0.000168 0.000915 0.000168 0.000715 0.000087 0.00093 0.000147 0.000715 0.000087 0.00072 0.000061 0.00093 0.000147 0.001048 0.000336 0.000901 0.00019 0.00107 0.000322 0.000901 0.00019 0.000915 0.000168 0.00107 0.000322 0.00107 0.000322 0.000915 0.000168 0.001092 0.000307 0.000915 0.000168 0.00093 0.000147 0.001092 0.000307 0.001129 0.00053 0.001048 0.000336 0.001154 0.000525 0.001048 0.000336 0.00107 0.000322 0.001154 0.000525 0.001154 0.000525 0.00107 0.000322 0.00118 0.00052 0.00107 0.000322 0.001092 0.000307 0.00118 0.00052 0.001127 0.000741 0.001129 0.00053 0.001153 0.000747 0.001129 0.00053 0.001154 0.000525 0.001153 0.000747 0.001153 0.000747 0.001154 0.000525 0.001179 0.000752 0.001154 0.000525 0.00118 0.00052 0.001179 0.000752 0.001042 0.000935 0.001127 0.000741 0.001063 0.00095 0.001127 0.000741 0.001153 0.000747 0.001063 0.00095 0.001063 0.00095 0.001153 0.000747 0.001084 0.000966 0.001153 0.000747 0.001179 0.000752 0.001084 0.000966 0.000884 0.00107 0.001042 0.000935 0.000896 0.001092 0.001042 0.000935 0.001063 0.00095 0.000896 0.001092 0.000896 0.001092 0.001063 0.00095 0.000909 0.001115 0.001063 0.00095 0.001084 0.000966 0.000909 0.001115 0.000691 0.001133 0.000884 0.00107 0.000695 0.001157 0.000884 0.00107 0.000896 0.001092 0.000695 0.001157 0.000695 0.001157 0.000896 0.001092 0.000698 0.001182 0.000896 0.001092 0.000909 0.001115 0.000698 0.001182 0.000767 0.000396 0.000666 0.000353 0.000901 0.00019 0.000666 0.000353 0.00071 0.000112 0.000901 0.00019 0.000444 0.000855 0.000543 0.0009 0.000312 0.001049 0.000543 0.0009 0.000493 0.001127 0.000312 0.001049 0.000666 0.000353 0.000556 0.000351 0.00071 0.000112 0.000556 0.000351 0.000505 0.000113 0.00071 0.000112 0.000691 0.001133 0.000653 0.000904 0.000884 0.00107 0.000653 0.000904 0.000756 0.000863 0.000884 0.00107 0.000543 0.0009 0.000653 0.000904 0.000493 0.001127 0.000653 0.000904 0.000691 0.001133 0.000493 0.001127 0.000556 0.000351 0.000454 0.000391 0.000505 0.000113 0.000454 0.000391 0.000317 0.000191 0.000505 0.000113 0.000884 0.00107 0.000756 0.000863 0.001042 0.000935 0.000756 0.000863 0.000834 0.000787 0.001042 0.000935 0.000454 0.000391 0.000376 0.000467 0.000317 0.000191 0.000376 0.000467 0.000174 0.000335 0.000317 0.000191 0.000834 0.000787 0.000879 0.000689 0.001042 0.000935 0.000879 0.000689 0.001127 0.000741 0.001042 0.000935 0.000376 0.000467 0.000333 0.000566 0.000174 0.000335 0.000333 0.000566 0.000097 0.000522 0.000174 0.000335 0.000879 0.000689 0.000883 0.000579 0.001127 0.000741 0.000883 0.000579 0.001129 0.00053 0.001127 0.000741 0.000333 0.000566 0.00033 0.000675 0.000097 0.000522 0.00033 0.000675 0.000097 0.000723 0.000097 0.000522 0.000883 0.000579 0.000843 0.000476 0.001129 0.00053 0.000843 0.000476 0.001048 0.000336 0.001129 0.00053 0.00033 0.000675 0.000369 0.000776 0.000097 0.000723 0.000369 0.000776 0.000173 0.000908 0.000097 0.000723 0.000843 0.000476 0.000767 0.000396 0.001048 0.000336 0.000767 0.000396 0.000901 0.00019 0.001048 0.000336 0.000516 0.000488 0.000576 0.000464 0.000577 0.00058 0.000576 0.000464 0.000597 0.000575 0.000577 0.00058 0.000374 0.000667 0.000376 0.000576 0.000411 0.000661 0.000376 0.000576 0.000412 0.000584 0.000411 0.000661 0.000769 0.000598 0.000767 0.000663 0.000659 0.00062 0.000767 0.000663 0.000657 0.00064 0.000659 0.00062 0.000466 0.000715 0.000443 0.000655 0.000558 0.000653 0.000443 0.000655 0.000551 0.000633 0.000558 0.000653 0.000767 0.000663 0.000741 0.000721 0.000657 0.00064 0.000741 0.000721 0.000648 0.000659 0.000657 0.00064 0.000648 0.000433 0.000656 0.000396 0.000719 0.000464 0.000656 0.000396 0.000741 0.000433 0.000719 0.000464 0.000412 0.000492 0.000478 0.000428 0.000443 0.000513 0.000478 0.000428 0.000498 0.00046 0.000443 0.000513 0.000634 0.000789 0.000569 0.000788 0.000613 0.000679 0.000569 0.000788 0.000592 0.000678 0.000613 0.000679 0.000656 0.000396 0.000648 0.000433 0.000564 0.000395 0.000648 0.000433 0.00057 0.000432 0.000564 0.000395 0.00064 0.000822 0.000712 0.000794 0.000646 0.00086 0.000712 0.000794 0.000732 0.000826 0.000646 0.00086 0.000741 0.000721 0.000694 0.000766 0.000648 0.000659 0.000694 0.000766 0.000633 0.000672 0.000648 0.000659 0.0007 0.000491 0.000745 0.000538 0.000638 0.000586 0.000745 0.000538 0.000652 0.000601 0.000638 0.000586 0.000798 0.000762 0.000732 0.000826 0.000768 0.00074 0.000732 0.000826 0.000712 0.000794 0.000768 0.00074 0.000491 0.000788 0.00047 0.000819 0.000438 0.000732 0.00047 0.000819 0.000407 0.000752 0.000438 0.000732 0.000491 0.000788 0.000562 0.00082 0.00047 0.000819 0.000562 0.00082 0.000553 0.000856 0.00047 0.000819 0.000444 0.000591 0.00047 0.000532 0.000553 0.000612 0.00047 0.000532 0.000562 0.000594 0.000553 0.000612 0.000576 0.000464 0.000641 0.000465 0.000597 0.000575 0.000641 0.000465 0.000618 0.000577 0.000597 0.000575 0.000411 0.000661 0.000438 0.000732 0.000374 0.000667 0.000438 0.000732 0.000407 0.000752 0.000374 0.000667 0.000745 0.000538 0.000769 0.000598 0.000652 0.000601 0.000769 0.000598 0.000659 0.00062 0.000652 0.000601 0.00051 0.000761 0.000466 0.000715 0.000573 0.000669 0.000466 0.000715 0.000558 0.000653 0.000573 0.000669 0.000799 0.00067 0.000801 0.000592 0.000836 0.000678 0.000801 0.000592 0.000838 0.000586 0.000836 0.000678 0.000641 0.000465 0.0007 0.000491 0.000618 0.000577 0.0007 0.000491 0.000638 0.000586 0.000618 0.000577 0.00047 0.000532 0.000516 0.000488 0.000562 0.000594 0.000516 0.000488 0.000577 0.00058 0.000562 0.000594 0.00057 0.000432 0.000498 0.00046 0.000564 0.000395 0.000498 0.00046 0.000478 0.000428 0.000564 0.000395 0.000376 0.000576 0.000412 0.000492 0.000412 0.000584 0.000412 0.000492 0.000443 0.000513 0.000412 0.000584 0.000694 0.000766 0.000634 0.000789 0.000633 0.000672 0.000634 0.000789 0.000613 0.000679 0.000633 0.000672 0.000836 0.000678 0.000798 0.000762 0.000799 0.00067 0.000798 0.000762 0.000768 0.00074 0.000799 0.00067 0.000569 0.000788 0.00051 0.000761 0.000592 0.000678 0.00051 0.000761 0.000573 0.000669 0.000592 0.000678 0.000805 0.0005 0.000838 0.000586 0.000773 0.00052 0.000838 0.000586 0.000801 0.000592 0.000773 0.00052 0.000443 0.000655 0.000444 0.000591 0.000551 0.000633 0.000444 0.000591 0.000553 0.000612 0.000551 0.000633 0.000719 0.000464 0.000741 0.000433 0.000773 0.00052 0.000741 0.000433 0.000805 0.0005 0.000773 0.00052 0.000569 0.000788 0.000634 0.000789 0.000566 0.000803 0.000634 0.000789 0.000637 0.000805 0.000566 0.000803 0.000566 0.000803 0.000637 0.000805 0.000562 0.00082 0.000637 0.000805 0.00064 0.000822 0.000562 0.00082 0.00051 0.000761 0.000569 0.000788 0.000501 0.000775 0.000569 0.000788 0.000566 0.000803 0.000501 0.000775 0.000501 0.000775 0.000566 0.000803 0.000491 0.000788 0.000566 0.000803 0.000562 0.00082 0.000491 0.000788 0.000466 0.000715 0.00051 0.000761 0.000453 0.000723 0.00051 0.000761 0.000501 0.000775 0.000453 0.000723 0.000453 0.000723 0.000501 0.000775 0.000438 0.000732 0.000501 0.000775 0.000491 0.000788 0.000438 0.000732 0.000443 0.000655 0.000466 0.000715 0.000427 0.000658 0.000466 0.000715 0.000453 0.000723 0.000427 0.000658 0.000427 0.000658 0.000453 0.000723 0.000411 0.000661 0.000453 0.000723 0.000438 0.000732 0.000411 0.000661 0.000444 0.000591 0.000443 0.000655 0.000428 0.000588 0.000443 0.000655 0.000427 0.000658 0.000428 0.000588 0.000428 0.000588 0.000427 0.000658 0.000412 0.000584 0.000427 0.000658 0.000411 0.000661 0.000412 0.000584 0.00047 0.000532 0.000444 0.000591 0.000457 0.000523 0.000444 0.000591 0.000428 0.000588 0.000457 0.000523 0.000457 0.000523 0.000428 0.000588 0.000443 0.000513 0.000428 0.000588 0.000412 0.000584 0.000443 0.000513 0.000516 0.000488 0.00047 0.000532 0.000507 0.000474 0.00047 0.000532 0.000457 0.000523 0.000507 0.000474 0.000507 0.000474 0.000457 0.000523 0.000498 0.00046 0.000457 0.000523 0.000443 0.000513 0.000498 0.00046 0.000576 0.000464 0.000516 0.000488 0.000573 0.000448 0.000516 0.000488 0.000507 0.000474 0.000573 0.000448 0.000573 0.000448 0.000507 0.000474 0.00057 0.000432 0.000507 0.000474 0.000498 0.00046 0.00057 0.000432 0.000641 0.000465 0.000576 0.000464 0.000644 0.00045 0.000576 0.000464 0.000573 0.000448 0.000644 0.00045 0.000644 0.00045 0.000573 0.000448 0.000648 0.000433 0.000573 0.000448 0.00057 0.000432 0.000648 0.000433 0.0007 0.000491 0.000641 0.000465 0.000709 0.000478 0.000641 0.000465 0.000644 0.00045 0.000709 0.000478 0.000709 0.000478 0.000644 0.00045 0.000719 0.000464 0.000644 0.00045 0.000648 0.000433 0.000719 0.000464 0.000745 0.000538 0.0007 0.000491 0.000759 0.000529 0.0007 0.000491 0.000709 0.000478 0.000759 0.000529 0.000759 0.000529 0.000709 0.000478 0.000773 0.00052 0.000709 0.000478 0.000719 0.000464 0.000773 0.00052 0.000769 0.000598 0.000745 0.000538 0.000785 0.000595 0.000745 0.000538 0.000759 0.000529 0.000785 0.000595 0.000785 0.000595 0.000759 0.000529 0.000801 0.000592 0.000759 0.000529 0.000773 0.00052 0.000801 0.000592 0.000767 0.000663 0.000769 0.000598 0.000783 0.000666 0.000769 0.000598 0.000785 0.000595 0.000783 0.000666 0.000783 0.000666 0.000785 0.000595 0.000799 0.00067 0.000785 0.000595 0.000801 0.000592 0.000799 0.00067 0.000741 0.000721 0.000767 0.000663 0.000754 0.000731 0.000767 0.000663 0.000783 0.000666 0.000754 0.000731 0.000754 0.000731 0.000783 0.000666 0.000768 0.00074 0.000783 0.000666 0.000799 0.00067 0.000768 0.00074 0.000694 0.000766 0.000741 0.000721 0.000703 0.00078 0.000741 0.000721 0.000754 0.000731 0.000703 0.00078 0.000703 0.00078 0.000754 0.000731 0.000712 0.000794 0.000754 0.000731 0.000768 0.00074 0.000712 0.000794 0.000634 0.000789 0.000694 0.000766 0.000637 0.000805 0.000694 0.000766 0.000703 0.00078 0.000637 0.000805 0.000637 0.000805 0.000703 0.00078 0.00064 0.000822 0.000703 0.00078 0.000712 0.000794 0.00064 0.000822 0.000562 0.00082 0.00064 0.000822 0.000553 0.000856 0.00064 0.000822 0.000646 0.00086 0.000553 0.000856 0.00076 0.000354 0.000722 0.000344 0.000768 0.000101 0.000722 0.000344 0.000729 0.0001 0.000768 0.000101 0.000413 0.000359 0.000417 0.000303 0.00046 0.000365 0.000417 0.000303 0.00047 0.000309 0.00046 0.000365 0.000413 0.000359 0.000364 0.000359 0.000417 0.000303 0.000364 0.000359 0.000364 0.000301 0.000417 0.000303 0.000803 0.000361 0.00076 0.000354 0.000807 0.000102 0.00076 0.000354 0.000768 0.000101 0.000807 0.000102 0.000266 0.000371 0.00022 0.000385 0.000255 0.000313 0.00022 0.000385 0.000199 0.000329 0.000255 0.000313 0.000847 0.000365 0.000803 0.000361 0.000846 0.000102 0.000803 0.000361 0.000807 0.000102 0.000846 0.000102 0.000318 0.000396 0.000365 0.000392 0.000335 0.000657 0.000365 0.000392 0.000374 0.000655 0.000335 0.000657 0.000192 0.000429 0.00023 0.000414 0.00022 0.000668 0.00023 0.000414 0.000258 0.000664 0.00022 0.000668 0.000893 0.000366 0.000847 0.000365 0.000885 0.000101 0.000847 0.000365 0.000846 0.000102 0.000885 0.000101 0.000141 0.000356 0.000199 0.000329 0.000177 0.000405 0.000199 0.000329 0.00022 0.000385 0.000177 0.000405 0.00094 0.000362 0.000893 0.000366 0.000924 0.0001 0.000893 0.000366 0.000885 0.000101 0.000924 0.0001 0.000734 0.000435 0.000681 0.000412 0.000752 0.000383 0.000681 0.000412 0.000711 0.000368 0.000752 0.000383 0.000985 0.000355 0.00094 0.000362 0.000963 0.000097 0.00094 0.000362 0.000924 0.0001 0.000963 0.000097 0.000788 0.000447 0.000734 0.000435 0.000798 0.000391 0.000734 0.000435 0.000752 0.000383 0.000798 0.000391 0.001028 0.000343 0.000985 0.000355 0.001001 0.000093 0.000985 0.000355 0.000963 0.000097 0.001001 0.000093 0.000788 0.000447 0.000798 0.000391 0.000842 0.000454 0.000798 0.000391 0.000845 0.000397 0.000842 0.000454 0.001067 0.000329 0.001028 0.000343 0.001039 0.000089 0.001028 0.000343 0.001001 0.000093 0.001039 0.000089 0.000842 0.000454 0.000845 0.000397 0.000895 0.000455 0.000845 0.000397 0.000894 0.000399 0.000895 0.000455 0.000498 0.000402 0.000536 0.000413 0.00049 0.000655 0.000536 0.000413 0.000529 0.000656 0.00049 0.000655 0.000894 0.000399 0.000943 0.000394 0.000895 0.000455 0.000943 0.000394 0.000948 0.000452 0.000895 0.000455 0.000506 0.000374 0.00046 0.000365 0.000523 0.000322 0.00046 0.000365 0.00047 0.000309 0.000523 0.000322 0.001003 0.000444 0.000948 0.000452 0.000992 0.000386 0.000948 0.000452 0.000943 0.000394 0.000992 0.000386 0.000455 0.000395 0.000498 0.000402 0.000451 0.000654 0.000498 0.000402 0.00049 0.000655 0.000451 0.000654 0.001059 0.000428 0.001003 0.000444 0.001038 0.000373 0.001003 0.000444 0.000992 0.000386 0.001038 0.000373 0.000411 0.000391 0.000455 0.000395 0.000413 0.000654 0.000455 0.000395 0.000451 0.000654 0.000413 0.000654 0.000255 0.000313 0.00031 0.000305 0.000266 0.000371 0.00031 0.000305 0.000315 0.000363 0.000266 0.000371 0.001038 0.000373 0.001081 0.000353 0.001059 0.000428 0.001081 0.000353 0.001117 0.000402 0.001059 0.000428 0.00023 0.000414 0.000273 0.000403 0.000258 0.000664 0.000273 0.000403 0.000297 0.00066 0.000258 0.000664 0.000506 0.000374 0.000523 0.000322 0.000546 0.00039 0.000523 0.000322 0.000578 0.000345 0.000546 0.00039 0.000273 0.000403 0.000318 0.000396 0.000297 0.00066 0.000318 0.000396 0.000335 0.000657 0.000297 0.00066 0.00084 0.000475 0.000825 0.000663 0.000784 0.000469 0.000825 0.000663 0.000758 0.000655 0.000784 0.000469 0.001067 0.000451 0.001102 0.000654 0.001008 0.000466 0.001102 0.000654 0.001031 0.000663 0.001008 0.000466 0.001008 0.000466 0.001031 0.000663 0.00095 0.000474 0.001031 0.000663 0.000961 0.000667 0.00095 0.000474 0.000308 0.000283 0.000297 0.000089 0.000364 0.00028 0.000297 0.000089 0.000366 0.000089 0.000364 0.00028 0.000127 0.000332 0.000085 0.000115 0.000191 0.000306 0.000085 0.000115 0.000156 0.000103 0.000191 0.000306 0.000895 0.000477 0.000892 0.000667 0.00084 0.000475 0.000892 0.000667 0.000825 0.000663 0.00084 0.000475 0.000728 0.000456 0.000693 0.000643 0.000669 0.000434 0.000693 0.000643 0.000629 0.00063 0.000669 0.000434 0.00053 0.0003 0.000565 0.000113 0.00059 0.000323 0.000565 0.000113 0.000629 0.000126 0.00059 0.000323 0.000474 0.000288 0.0005 0.000102 0.00053 0.0003 0.0005 0.000102 0.000565 0.000113 0.00053 0.0003 0.000191 0.000306 0.000156 0.000103 0.00025 0.000291 0.000156 0.000103 0.000227 0.000094 0.00025 0.000291 0.001131 0.000426 0.001173 0.000642 0.001067 0.000451 0.001173 0.000642 0.001102 0.000654 0.001067 0.000451 0.000784 0.000469 0.000758 0.000655 0.000728 0.000456 0.000758 0.000655 0.000693 0.000643 0.000728 0.000456 0.00095 0.000474 0.000961 0.000667 0.000895 0.000477 0.000961 0.000667 0.000892 0.000667 0.000895 0.000477 0.000419 0.000282 0.000433 0.000094 0.000474 0.000288 0.000433 0.000094 0.0005 0.000102 0.000474 0.000288 0.00025 0.000291 0.000227 0.000094 0.000308 0.000283 0.000227 0.000094 0.000297 0.000089 0.000308 0.000283 0.000308 0.000283 0.000364 0.00028 0.000309 0.000294 0.000364 0.00028 0.000364 0.000291 0.000309 0.000294 0.000309 0.000294 0.000364 0.000291 0.00031 0.000305 0.000364 0.000291 0.000364 0.000301 0.00031 0.000305 0.00025 0.000291 0.000308 0.000283 0.000253 0.000302 0.000308 0.000283 0.000309 0.000294 0.000253 0.000302 0.000253 0.000302 0.000309 0.000294 0.000255 0.000313 0.000309 0.000294 0.00031 0.000305 0.000255 0.000313 0.000191 0.000306 0.00025 0.000291 0.000195 0.000317 0.00025 0.000291 0.000253 0.000302 0.000195 0.000317 0.000195 0.000317 0.000253 0.000302 0.000199 0.000329 0.000253 0.000302 0.000255 0.000313 0.000199 0.000329 0.000127 0.000332 0.000191 0.000306 0.000133 0.000344 0.000191 0.000306 0.000195 0.000317 0.000133 0.000344 0.000133 0.000344 0.000195 0.000317 0.000141 0.000356 0.000195 0.000317 0.000199 0.000329 0.000141 0.000356 0.000728 0.000456 0.000669 0.000434 0.000731 0.000445 0.000669 0.000434 0.000674 0.000423 0.000731 0.000445 0.000731 0.000445 0.000674 0.000423 0.000734 0.000435 0.000674 0.000423 0.000681 0.000412 0.000734 0.000435 0.000784 0.000469 0.000728 0.000456 0.000786 0.000458 0.000728 0.000456 0.000731 0.000445 0.000786 0.000458 0.000786 0.000458 0.000731 0.000445 0.000788 0.000447 0.000731 0.000445 0.000734 0.000435 0.000788 0.000447 0.00084 0.000475 0.000784 0.000469 0.000841 0.000465 0.000784 0.000469 0.000786 0.000458 0.000841 0.000465 0.000841 0.000465 0.000786 0.000458 0.000842 0.000454 0.000786 0.000458 0.000788 0.000447 0.000842 0.000454 0.000895 0.000477 0.00084 0.000475 0.000895 0.000466 0.00084 0.000475 0.000841 0.000465 0.000895 0.000466 0.000895 0.000466 0.000841 0.000465 0.000895 0.000455 0.000841 0.000465 0.000842 0.000454 0.000895 0.000455 0.00095 0.000474 0.000895 0.000477 0.000949 0.000463 0.000895 0.000477 0.000895 0.000466 0.000949 0.000463 0.000949 0.000463 0.000895 0.000466 0.000948 0.000452 0.000895 0.000466 0.000895 0.000455 0.000948 0.000452 0.001008 0.000466 0.00095 0.000474 0.001005 0.000455 0.00095 0.000474 0.000949 0.000463 0.001005 0.000455 0.001005 0.000455 0.000949 0.000463 0.001003 0.000444 0.000949 0.000463 0.000948 0.000452 0.001003 0.000444 0.001067 0.000451 0.001008 0.000466 0.001063 0.00044 0.001008 0.000466 0.001005 0.000455 0.001063 0.00044 0.001063 0.00044 0.001005 0.000455 0.001059 0.000428 0.001005 0.000455 0.001003 0.000444 0.001059 0.000428 0.001131 0.000426 0.001067 0.000451 0.001125 0.000413 0.001067 0.000451 0.001063 0.00044 0.001125 0.000413 0.001125 0.000413 0.001063 0.00044 0.001117 0.000402 0.001063 0.00044 0.001059 0.000428 0.001117 0.000402 0.00053 0.0003 0.00059 0.000323 0.000527 0.000311 0.00059 0.000323 0.000584 0.000334 0.000527 0.000311 0.000527 0.000311 0.000584 0.000334 0.000523 0.000322 0.000584 0.000334 0.000578 0.000345 0.000523 0.000322 0.000474 0.000288 0.00053 0.0003 0.000472 0.000298 0.00053 0.0003 0.000527 0.000311 0.000472 0.000298 0.000472 0.000298 0.000527 0.000311 0.00047 0.000309 0.000527 0.000311 0.000523 0.000322 0.00047 0.000309 0.000419 0.000282 0.000474 0.000288 0.000418 0.000292 0.000474 0.000288 0.000472 0.000298 0.000418 0.000292 0.000418 0.000292 0.000472 0.000298 0.000417 0.000303 0.000472 0.000298 0.00047 0.000309 0.000417 0.000303 0.000364 0.00028 0.000419 0.000282 0.000364 0.000291 0.000419 0.000282 0.000418 0.000292 0.000364 0.000291 0.000364 0.000291 0.000418 0.000292 0.000364 0.000301 0.000418 0.000292 0.000417 0.000303 0.000364 0.000301 0.000365 0.000392 0.000411 0.000391 0.000374 0.000655 0.000411 0.000391 0.000413 0.000654 0.000374 0.000655 0.000315 0.000363 0.000364 0.000359 0.000317 0.000379 0.000364 0.000359 0.000364 0.000375 0.000317 0.000379 0.000317 0.000379 0.000364 0.000375 0.000318 0.000396 0.000364 0.000375 0.000365 0.000392 0.000318 0.000396 0.000266 0.000371 0.000315 0.000363 0.00027 0.000387 0.000315 0.000363 0.000317 0.000379 0.00027 0.000387 0.00027 0.000387 0.000317 0.000379 0.000273 0.000403 0.000317 0.000379 0.000318 0.000396 0.000273 0.000403 0.00022 0.000385 0.000266 0.000371 0.000225 0.000399 0.000266 0.000371 0.00027 0.000387 0.000225 0.000399 0.000225 0.000399 0.00027 0.000387 0.00023 0.000414 0.00027 0.000387 0.000273 0.000403 0.00023 0.000414 0.000177 0.000405 0.00022 0.000385 0.000185 0.000417 0.00022 0.000385 0.000225 0.000399 0.000185 0.000417 0.000185 0.000417 0.000225 0.000399 0.000192 0.000429 0.000225 0.000399 0.00023 0.000414 0.000192 0.000429 0.000752 0.000383 0.000711 0.000368 0.000756 0.000369 0.000711 0.000368 0.000717 0.000356 0.000756 0.000369 0.000756 0.000369 0.000717 0.000356 0.00076 0.000354 0.000717 0.000356 0.000722 0.000344 0.00076 0.000354 0.000798 0.000391 0.000752 0.000383 0.0008 0.000376 0.000752 0.000383 0.000756 0.000369 0.0008 0.000376 0.0008 0.000376 0.000756 0.000369 0.000803 0.000361 0.000756 0.000369 0.00076 0.000354 0.000803 0.000361 0.000845 0.000397 0.000798 0.000391 0.000846 0.000381 0.000798 0.000391 0.0008 0.000376 0.000846 0.000381 0.000846 0.000381 0.0008 0.000376 0.000847 0.000365 0.0008 0.000376 0.000803 0.000361 0.000847 0.000365 0.000894 0.000399 0.000845 0.000397 0.000894 0.000382 0.000845 0.000397 0.000846 0.000381 0.000894 0.000382 0.000894 0.000382 0.000846 0.000381 0.000893 0.000366 0.000846 0.000381 0.000847 0.000365 0.000893 0.000366 0.000943 0.000394 0.000894 0.000399 0.000941 0.000378 0.000894 0.000399 0.000894 0.000382 0.000941 0.000378 0.000941 0.000378 0.000894 0.000382 0.00094 0.000362 0.000894 0.000382 0.000893 0.000366 0.00094 0.000362 0.000992 0.000386 0.000943 0.000394 0.000988 0.000371 0.000943 0.000394 0.000941 0.000378 0.000988 0.000371 0.000988 0.000371 0.000941 0.000378 0.000985 0.000355 0.000941 0.000378 0.00094 0.000362 0.000985 0.000355 0.001038 0.000373 0.000992 0.000386 0.001033 0.000358 0.000992 0.000386 0.000988 0.000371 0.001033 0.000358 0.001033 0.000358 0.000988 0.000371 0.001028 0.000343 0.000988 0.000371 0.000985 0.000355 0.001028 0.000343 0.001081 0.000353 0.001038 0.000373 0.001073 0.000341 0.001038 0.000373 0.001033 0.000358 0.001073 0.000341 0.001073 0.000341 0.001033 0.000358 0.001067 0.000329 0.001033 0.000358 0.001028 0.000343 0.001067 0.000329 0.000506 0.000374 0.000546 0.00039 0.000502 0.000388 0.000546 0.00039 0.00054 0.000401 0.000502 0.000388 0.000502 0.000388 0.00054 0.000401 0.000498 0.000402 0.00054 0.000401 0.000536 0.000413 0.000498 0.000402 0.00046 0.000365 0.000506 0.000374 0.000458 0.00038 0.000506 0.000374 0.000502 0.000388 0.000458 0.00038 0.000458 0.00038 0.000502 0.000388 0.000455 0.000395 0.000502 0.000388 0.000498 0.000402 0.000455 0.000395 0.000413 0.000359 0.00046 0.000365 0.000412 0.000375 0.00046 0.000365 0.000458 0.00038 0.000412 0.000375 0.000412 0.000375 0.000458 0.00038 0.000411 0.000391 0.000458 0.00038 0.000455 0.000395 0.000411 0.000391 0.000364 0.000359 0.000413 0.000359 0.000364 0.000375 0.000413 0.000359 0.000412 0.000375 0.000364 0.000375 0.000364 0.000375 0.000412 0.000375 0.000365 0.000392 0.000412 0.000375 0.000411 0.000391 0.000365 0.000392 0.000364 0.000359 0.000315 0.000363 0.000364 0.000301 0.000315 0.000363 0.00031 0.000305 0.000364 0.000301 0.000364 0.00028 0.000366 0.000089 0.000419 0.000282 0.000366 0.000089 0.000433 0.000094 0.000419 0.000282 0.00076 0.000354 0.000722 0.000344 0.000768 0.000101 0.000722 0.000344 0.000729 0.0001 0.000768 0.000101 0.000413 0.000359 0.000417 0.000303 0.00046 0.000365 0.000417 0.000303 0.00047 0.000309 0.00046 0.000365 0.000413 0.000359 0.000364 0.000359 0.000417 0.000303 0.000364 0.000359 0.000364 0.000301 0.000417 0.000303 0.000803 0.000361 0.00076 0.000354 0.000807 0.000102 0.00076 0.000354 0.000768 0.000101 0.000807 0.000102 0.000266 0.000371 0.00022 0.000385 0.000255 0.000313 0.00022 0.000385 0.000199 0.000329 0.000255 0.000313 0.000847 0.000365 0.000803 0.000361 0.000846 0.000102 0.000803 0.000361 0.000807 0.000102 0.000846 0.000102 0.000318 0.000396 0.000365 0.000392 0.000335 0.000657 0.000365 0.000392 0.000374 0.000655 0.000335 0.000657 0.000192 0.000429 0.00023 0.000414 0.00022 0.000668 0.00023 0.000414 0.000258 0.000664 0.00022 0.000668 0.000893 0.000366 0.000847 0.000365 0.000885 0.000101 0.000847 0.000365 0.000846 0.000102 0.000885 0.000101 0.000141 0.000356 0.000199 0.000329 0.000177 0.000405 0.000199 0.000329 0.00022 0.000385 0.000177 0.000405 0.00094 0.000362 0.000893 0.000366 0.000924 0.0001 0.000893 0.000366 0.000885 0.000101 0.000924 0.0001 0.000734 0.000435 0.000681 0.000412 0.000752 0.000383 0.000681 0.000412 0.000711 0.000368 0.000752 0.000383 0.000985 0.000355 0.00094 0.000362 0.000963 0.000097 0.00094 0.000362 0.000924 0.0001 0.000963 0.000097 0.000788 0.000447 0.000734 0.000435 0.000798 0.000391 0.000734 0.000435 0.000752 0.000383 0.000798 0.000391 0.001028 0.000343 0.000985 0.000355 0.001001 0.000093 0.000985 0.000355 0.000963 0.000097 0.001001 0.000093 0.000788 0.000447 0.000798 0.000391 0.000842 0.000454 0.000798 0.000391 0.000845 0.000397 0.000842 0.000454 0.001067 0.000329 0.001028 0.000343 0.001039 0.000089 0.001028 0.000343 0.001001 0.000093 0.001039 0.000089 0.000842 0.000454 0.000845 0.000397 0.000895 0.000455 0.000845 0.000397 0.000894 0.000399 0.000895 0.000455 0.000498 0.000402 0.000536 0.000413 0.00049 0.000655 0.000536 0.000413 0.000529 0.000656 0.00049 0.000655 0.000894 0.000399 0.000943 0.000394 0.000895 0.000455 0.000943 0.000394 0.000948 0.000452 0.000895 0.000455 0.000506 0.000374 0.00046 0.000365 0.000523 0.000322 0.00046 0.000365 0.00047 0.000309 0.000523 0.000322 0.001003 0.000444 0.000948 0.000452 0.000992 0.000386 0.000948 0.000452 0.000943 0.000394 0.000992 0.000386 0.000455 0.000395 0.000498 0.000402 0.000451 0.000654 0.000498 0.000402 0.00049 0.000655 0.000451 0.000654 0.001059 0.000428 0.001003 0.000444 0.001038 0.000373 0.001003 0.000444 0.000992 0.000386 0.001038 0.000373 0.000411 0.000391 0.000455 0.000395 0.000413 0.000654 0.000455 0.000395 0.000451 0.000654 0.000413 0.000654 0.000255 0.000313 0.00031 0.000305 0.000266 0.000371 0.00031 0.000305 0.000315 0.000363 0.000266 0.000371 0.001038 0.000373 0.001081 0.000353 0.001059 0.000428 0.001081 0.000353 0.001117 0.000402 0.001059 0.000428 0.00023 0.000414 0.000273 0.000403 0.000258 0.000664 0.000273 0.000403 0.000297 0.00066 0.000258 0.000664 0.000506 0.000374 0.000523 0.000322 0.000546 0.00039 0.000523 0.000322 0.000578 0.000345 0.000546 0.00039 0.000273 0.000403 0.000318 0.000396 0.000297 0.00066 0.000318 0.000396 0.000335 0.000657 0.000297 0.00066 0.00084 0.000475 0.000825 0.000663 0.000784 0.000469 0.000825 0.000663 0.000758 0.000655 0.000784 0.000469 0.001067 0.000451 0.001102 0.000654 0.001008 0.000466 0.001102 0.000654 0.001031 0.000663 0.001008 0.000466 0.001008 0.000466 0.001031 0.000663 0.00095 0.000474 0.001031 0.000663 0.000961 0.000667 0.00095 0.000474 0.000308 0.000283 0.000297 0.000089 0.000364 0.00028 0.000297 0.000089 0.000366 0.000089 0.000364 0.00028 0.000127 0.000332 0.000085 0.000115 0.000191 0.000306 0.000085 0.000115 0.000156 0.000103 0.000191 0.000306 0.000895 0.000477 0.000892 0.000667 0.00084 0.000475 0.000892 0.000667 0.000825 0.000663 0.00084 0.000475 0.000728 0.000456 0.000693 0.000643 0.000669 0.000434 0.000693 0.000643 0.000629 0.00063 0.000669 0.000434 0.00053 0.0003 0.000565 0.000113 0.00059 0.000323 0.000565 0.000113 0.000629 0.000126 0.00059 0.000323 0.000474 0.000288 0.0005 0.000102 0.00053 0.0003 0.0005 0.000102 0.000565 0.000113 0.00053 0.0003 0.000191 0.000306 0.000156 0.000103 0.00025 0.000291 0.000156 0.000103 0.000227 0.000094 0.00025 0.000291 0.001131 0.000426 0.001173 0.000642 0.001067 0.000451 0.001173 0.000642 0.001102 0.000654 0.001067 0.000451 0.000784 0.000469 0.000758 0.000655 0.000728 0.000456 0.000758 0.000655 0.000693 0.000643 0.000728 0.000456 0.00095 0.000474 0.000961 0.000667 0.000895 0.000477 0.000961 0.000667 0.000892 0.000667 0.000895 0.000477 0.000419 0.000282 0.000433 0.000094 0.000474 0.000288 0.000433 0.000094 0.0005 0.000102 0.000474 0.000288 0.00025 0.000291 0.000227 0.000094 0.000308 0.000283 0.000227 0.000094 0.000297 0.000089 0.000308 0.000283 0.000308 0.000283 0.000364 0.00028 0.000309 0.000294 0.000364 0.00028 0.000364 0.000291 0.000309 0.000294 0.000309 0.000294 0.000364 0.000291 0.00031 0.000305 0.000364 0.000291 0.000364 0.000301 0.00031 0.000305 0.00025 0.000291 0.000308 0.000283 0.000253 0.000302 0.000308 0.000283 0.000309 0.000294 0.000253 0.000302 0.000253 0.000302 0.000309 0.000294 0.000255 0.000313 0.000309 0.000294 0.00031 0.000305 0.000255 0.000313 0.000191 0.000306 0.00025 0.000291 0.000195 0.000317 0.00025 0.000291 0.000253 0.000302 0.000195 0.000317 0.000195 0.000317 0.000253 0.000302 0.000199 0.000329 0.000253 0.000302 0.000255 0.000313 0.000199 0.000329 0.000127 0.000332 0.000191 0.000306 0.000133 0.000344 0.000191 0.000306 0.000195 0.000317 0.000133 0.000344 0.000133 0.000344 0.000195 0.000317 0.000141 0.000356 0.000195 0.000317 0.000199 0.000329 0.000141 0.000356 0.000728 0.000456 0.000669 0.000434 0.000731 0.000445 0.000669 0.000434 0.000674 0.000423 0.000731 0.000445 0.000731 0.000445 0.000674 0.000423 0.000734 0.000435 0.000674 0.000423 0.000681 0.000412 0.000734 0.000435 0.000784 0.000469 0.000728 0.000456 0.000786 0.000458 0.000728 0.000456 0.000731 0.000445 0.000786 0.000458 0.000786 0.000458 0.000731 0.000445 0.000788 0.000447 0.000731 0.000445 0.000734 0.000435 0.000788 0.000447 0.00084 0.000475 0.000784 0.000469 0.000841 0.000465 0.000784 0.000469 0.000786 0.000458 0.000841 0.000465 0.000841 0.000465 0.000786 0.000458 0.000842 0.000454 0.000786 0.000458 0.000788 0.000447 0.000842 0.000454 0.000895 0.000477 0.00084 0.000475 0.000895 0.000466 0.00084 0.000475 0.000841 0.000465 0.000895 0.000466 0.000895 0.000466 0.000841 0.000465 0.000895 0.000455 0.000841 0.000465 0.000842 0.000454 0.000895 0.000455 0.00095 0.000474 0.000895 0.000477 0.000949 0.000463 0.000895 0.000477 0.000895 0.000466 0.000949 0.000463 0.000949 0.000463 0.000895 0.000466 0.000948 0.000452 0.000895 0.000466 0.000895 0.000455 0.000948 0.000452 0.001008 0.000466 0.00095 0.000474 0.001005 0.000455 0.00095 0.000474 0.000949 0.000463 0.001005 0.000455 0.001005 0.000455 0.000949 0.000463 0.001003 0.000444 0.000949 0.000463 0.000948 0.000452 0.001003 0.000444 0.001067 0.000451 0.001008 0.000466 0.001063 0.00044 0.001008 0.000466 0.001005 0.000455 0.001063 0.00044 0.001063 0.00044 0.001005 0.000455 0.001059 0.000428 0.001005 0.000455 0.001003 0.000444 0.001059 0.000428 0.001131 0.000426 0.001067 0.000451 0.001125 0.000413 0.001067 0.000451 0.001063 0.00044 0.001125 0.000413 0.001125 0.000413 0.001063 0.00044 0.001117 0.000402 0.001063 0.00044 0.001059 0.000428 0.001117 0.000402 0.00053 0.0003 0.00059 0.000323 0.000527 0.000311 0.00059 0.000323 0.000584 0.000334 0.000527 0.000311 0.000527 0.000311 0.000584 0.000334 0.000523 0.000322 0.000584 0.000334 0.000578 0.000345 0.000523 0.000322 0.000474 0.000288 0.00053 0.0003 0.000472 0.000298 0.00053 0.0003 0.000527 0.000311 0.000472 0.000298 0.000472 0.000298 0.000527 0.000311 0.00047 0.000309 0.000527 0.000311 0.000523 0.000322 0.00047 0.000309 0.000419 0.000282 0.000474 0.000288 0.000418 0.000292 0.000474 0.000288 0.000472 0.000298 0.000418 0.000292 0.000418 0.000292 0.000472 0.000298 0.000417 0.000303 0.000472 0.000298 0.00047 0.000309 0.000417 0.000303 0.000364 0.00028 0.000419 0.000282 0.000364 0.000291 0.000419 0.000282 0.000418 0.000292 0.000364 0.000291 0.000364 0.000291 0.000418 0.000292 0.000364 0.000301 0.000418 0.000292 0.000417 0.000303 0.000364 0.000301 0.000365 0.000392 0.000411 0.000391 0.000374 0.000655 0.000411 0.000391 0.000413 0.000654 0.000374 0.000655 0.000315 0.000363 0.000364 0.000359 0.000317 0.000379 0.000364 0.000359 0.000364 0.000375 0.000317 0.000379 0.000317 0.000379 0.000364 0.000375 0.000318 0.000396 0.000364 0.000375 0.000365 0.000392 0.000318 0.000396 0.000266 0.000371 0.000315 0.000363 0.00027 0.000387 0.000315 0.000363 0.000317 0.000379 0.00027 0.000387 0.00027 0.000387 0.000317 0.000379 0.000273 0.000403 0.000317 0.000379 0.000318 0.000396 0.000273 0.000403 0.00022 0.000385 0.000266 0.000371 0.000225 0.000399 0.000266 0.000371 0.00027 0.000387 0.000225 0.000399 0.000225 0.000399 0.00027 0.000387 0.00023 0.000414 0.00027 0.000387 0.000273 0.000403 0.00023 0.000414 0.000177 0.000405 0.00022 0.000385 0.000185 0.000417 0.00022 0.000385 0.000225 0.000399 0.000185 0.000417 0.000185 0.000417 0.000225 0.000399 0.000192 0.000429 0.000225 0.000399 0.00023 0.000414 0.000192 0.000429 0.000752 0.000383 0.000711 0.000368 0.000756 0.000369 0.000711 0.000368 0.000717 0.000356 0.000756 0.000369 0.000756 0.000369 0.000717 0.000356 0.00076 0.000354 0.000717 0.000356 0.000722 0.000344 0.00076 0.000354 0.000798 0.000391 0.000752 0.000383 0.0008 0.000376 0.000752 0.000383 0.000756 0.000369 0.0008 0.000376 0.0008 0.000376 0.000756 0.000369 0.000803 0.000361 0.000756 0.000369 0.00076 0.000354 0.000803 0.000361 0.000845 0.000397 0.000798 0.000391 0.000846 0.000381 0.000798 0.000391 0.0008 0.000376 0.000846 0.000381 0.000846 0.000381 0.0008 0.000376 0.000847 0.000365 0.0008 0.000376 0.000803 0.000361 0.000847 0.000365 0.000894 0.000399 0.000845 0.000397 0.000894 0.000382 0.000845 0.000397 0.000846 0.000381 0.000894 0.000382 0.000894 0.000382 0.000846 0.000381 0.000893 0.000366 0.000846 0.000381 0.000847 0.000365 0.000893 0.000366 0.000943 0.000394 0.000894 0.000399 0.000941 0.000378 0.000894 0.000399 0.000894 0.000382 0.000941 0.000378 0.000941 0.000378 0.000894 0.000382 0.00094 0.000362 0.000894 0.000382 0.000893 0.000366 0.00094 0.000362 0.000992 0.000386 0.000943 0.000394 0.000988 0.000371 0.000943 0.000394 0.000941 0.000378 0.000988 0.000371 0.000988 0.000371 0.000941 0.000378 0.000985 0.000355 0.000941 0.000378 0.00094 0.000362 0.000985 0.000355 0.001038 0.000373 0.000992 0.000386 0.001033 0.000358 0.000992 0.000386 0.000988 0.000371 0.001033 0.000358 0.001033 0.000358 0.000988 0.000371 0.001028 0.000343 0.000988 0.000371 0.000985 0.000355 0.001028 0.000343 0.001081 0.000353 0.001038 0.000373 0.001073 0.000341 0.001038 0.000373 0.001033 0.000358 0.001073 0.000341 0.001073 0.000341 0.001033 0.000358 0.001067 0.000329 0.001033 0.000358 0.001028 0.000343 0.001067 0.000329 0.000506 0.000374 0.000546 0.00039 0.000502 0.000388 0.000546 0.00039 0.00054 0.000401 0.000502 0.000388 0.000502 0.000388 0.00054 0.000401 0.000498 0.000402 0.00054 0.000401 0.000536 0.000413 0.000498 0.000402 0.00046 0.000365 0.000506 0.000374 0.000458 0.00038 0.000506 0.000374 0.000502 0.000388 0.000458 0.00038 0.000458 0.00038 0.000502 0.000388 0.000455 0.000395 0.000502 0.000388 0.000498 0.000402 0.000455 0.000395 0.000413 0.000359 0.00046 0.000365 0.000412 0.000375 0.00046 0.000365 0.000458 0.00038 0.000412 0.000375 0.000412 0.000375 0.000458 0.00038 0.000411 0.000391 0.000458 0.00038 0.000455 0.000395 0.000411 0.000391 0.000364 0.000359 0.000413 0.000359 0.000364 0.000375 0.000413 0.000359 0.000412 0.000375 0.000364 0.000375 0.000364 0.000375 0.000412 0.000375 0.000365 0.000392 0.000412 0.000375 0.000411 0.000391 0.000365 0.000392 0.000364 0.000359 0.000315 0.000363 0.000364 0.000301 0.000315 0.000363 0.00031 0.000305 0.000364 0.000301 0.000364 0.00028 0.000366 0.000089 0.000419 0.000282 0.000366 0.000089 0.000433 0.000094 0.000419 0.000282 0.00076 0.000354 0.000722 0.000344 0.000768 0.000101 0.000722 0.000344 0.000729 0.0001 0.000768 0.000101 0.000413 0.000359 0.000417 0.000303 0.00046 0.000365 0.000417 0.000303 0.00047 0.000309 0.00046 0.000365 0.000413 0.000359 0.000364 0.000359 0.000417 0.000303 0.000364 0.000359 0.000364 0.000301 0.000417 0.000303 0.000803 0.000361 0.00076 0.000354 0.000807 0.000102 0.00076 0.000354 0.000768 0.000101 0.000807 0.000102 0.000266 0.000371 0.00022 0.000385 0.000255 0.000313 0.00022 0.000385 0.000199 0.000329 0.000255 0.000313 0.000847 0.000365 0.000803 0.000361 0.000846 0.000102 0.000803 0.000361 0.000807 0.000102 0.000846 0.000102 0.000318 0.000396 0.000365 0.000392 0.000335 0.000657 0.000365 0.000392 0.000374 0.000655 0.000335 0.000657 0.000192 0.000429 0.00023 0.000414 0.00022 0.000668 0.00023 0.000414 0.000258 0.000664 0.00022 0.000668 0.000893 0.000366 0.000847 0.000365 0.000885 0.000101 0.000847 0.000365 0.000846 0.000102 0.000885 0.000101 0.000141 0.000356 0.000199 0.000329 0.000177 0.000405 0.000199 0.000329 0.00022 0.000385 0.000177 0.000405 0.00094 0.000362 0.000893 0.000366 0.000924 0.0001 0.000893 0.000366 0.000885 0.000101 0.000924 0.0001 0.000734 0.000435 0.000681 0.000412 0.000752 0.000383 0.000681 0.000412 0.000711 0.000368 0.000752 0.000383 0.000985 0.000355 0.00094 0.000362 0.000963 0.000097 0.00094 0.000362 0.000924 0.0001 0.000963 0.000097 0.000788 0.000447 0.000734 0.000435 0.000798 0.000391 0.000734 0.000435 0.000752 0.000383 0.000798 0.000391 0.001028 0.000343 0.000985 0.000355 0.001001 0.000093 0.000985 0.000355 0.000963 0.000097 0.001001 0.000093 0.000788 0.000447 0.000798 0.000391 0.000842 0.000454 0.000798 0.000391 0.000845 0.000397 0.000842 0.000454 0.001067 0.000329 0.001028 0.000343 0.001039 0.000089 0.001028 0.000343 0.001001 0.000093 0.001039 0.000089 0.000842 0.000454 0.000845 0.000397 0.000895 0.000455 0.000845 0.000397 0.000894 0.000399 0.000895 0.000455 0.000498 0.000402 0.000536 0.000413 0.00049 0.000655 0.000536 0.000413 0.000529 0.000656 0.00049 0.000655 0.000894 0.000399 0.000943 0.000394 0.000895 0.000455 0.000943 0.000394 0.000948 0.000452 0.000895 0.000455 0.000506 0.000374 0.00046 0.000365 0.000523 0.000322 0.00046 0.000365 0.00047 0.000309 0.000523 0.000322 0.001003 0.000444 0.000948 0.000452 0.000992 0.000386 0.000948 0.000452 0.000943 0.000394 0.000992 0.000386 0.000455 0.000395 0.000498 0.000402 0.000451 0.000654 0.000498 0.000402 0.00049 0.000655 0.000451 0.000654 0.001059 0.000428 0.001003 0.000444 0.001038 0.000373 0.001003 0.000444 0.000992 0.000386 0.001038 0.000373 0.000411 0.000391 0.000455 0.000395 0.000413 0.000654 0.000455 0.000395 0.000451 0.000654 0.000413 0.000654 0.000255 0.000313 0.00031 0.000305 0.000266 0.000371 0.00031 0.000305 0.000315 0.000363 0.000266 0.000371 0.001038 0.000373 0.001081 0.000353 0.001059 0.000428 0.001081 0.000353 0.001117 0.000402 0.001059 0.000428 0.00023 0.000414 0.000273 0.000403 0.000258 0.000664 0.000273 0.000403 0.000297 0.00066 0.000258 0.000664 0.000506 0.000374 0.000523 0.000322 0.000546 0.00039 0.000523 0.000322 0.000578 0.000345 0.000546 0.00039 0.000273 0.000403 0.000318 0.000396 0.000297 0.00066 0.000318 0.000396 0.000335 0.000657 0.000297 0.00066 0.00084 0.000475 0.000825 0.000663 0.000784 0.000469 0.000825 0.000663 0.000758 0.000655 0.000784 0.000469 0.001067 0.000451 0.001102 0.000654 0.001008 0.000466 0.001102 0.000654 0.001031 0.000663 0.001008 0.000466 0.001008 0.000466 0.001031 0.000663 0.00095 0.000474 0.001031 0.000663 0.000961 0.000667 0.00095 0.000474 0.000308 0.000283 0.000297 0.000089 0.000364 0.00028 0.000297 0.000089 0.000366 0.000089 0.000364 0.00028 0.000127 0.000332 0.000085 0.000115 0.000191 0.000306 0.000085 0.000115 0.000156 0.000103 0.000191 0.000306 0.000895 0.000477 0.000892 0.000667 0.00084 0.000475 0.000892 0.000667 0.000825 0.000663 0.00084 0.000475 0.000728 0.000456 0.000693 0.000643 0.000669 0.000434 0.000693 0.000643 0.000629 0.00063 0.000669 0.000434 0.00053 0.0003 0.000565 0.000113 0.00059 0.000323 0.000565 0.000113 0.000629 0.000126 0.00059 0.000323 0.000474 0.000288 0.0005 0.000102 0.00053 0.0003 0.0005 0.000102 0.000565 0.000113 0.00053 0.0003 0.000191 0.000306 0.000156 0.000103 0.00025 0.000291 0.000156 0.000103 0.000227 0.000094 0.00025 0.000291 0.001131 0.000426 0.001173 0.000642 0.001067 0.000451 0.001173 0.000642 0.001102 0.000654 0.001067 0.000451 0.000784 0.000469 0.000758 0.000655 0.000728 0.000456 0.000758 0.000655 0.000693 0.000643 0.000728 0.000456 0.00095 0.000474 0.000961 0.000667 0.000895 0.000477 0.000961 0.000667 0.000892 0.000667 0.000895 0.000477 0.000419 0.000282 0.000433 0.000094 0.000474 0.000288 0.000433 0.000094 0.0005 0.000102 0.000474 0.000288 0.00025 0.000291 0.000227 0.000094 0.000308 0.000283 0.000227 0.000094 0.000297 0.000089 0.000308 0.000283 0.000308 0.000283 0.000364 0.00028 0.000309 0.000294 0.000364 0.00028 0.000364 0.000291 0.000309 0.000294 0.000309 0.000294 0.000364 0.000291 0.00031 0.000305 0.000364 0.000291 0.000364 0.000301 0.00031 0.000305 0.00025 0.000291 0.000308 0.000283 0.000253 0.000302 0.000308 0.000283 0.000309 0.000294 0.000253 0.000302 0.000253 0.000302 0.000309 0.000294 0.000255 0.000313 0.000309 0.000294 0.00031 0.000305 0.000255 0.000313 0.000191 0.000306 0.00025 0.000291 0.000195 0.000317 0.00025 0.000291 0.000253 0.000302 0.000195 0.000317 0.000195 0.000317 0.000253 0.000302 0.000199 0.000329 0.000253 0.000302 0.000255 0.000313 0.000199 0.000329 0.000127 0.000332 0.000191 0.000306 0.000133 0.000344 0.000191 0.000306 0.000195 0.000317 0.000133 0.000344 0.000133 0.000344 0.000195 0.000317 0.000141 0.000356 0.000195 0.000317 0.000199 0.000329 0.000141 0.000356 0.000728 0.000456 0.000669 0.000434 0.000731 0.000445 0.000669 0.000434 0.000674 0.000423 0.000731 0.000445 0.000731 0.000445 0.000674 0.000423 0.000734 0.000435 0.000674 0.000423 0.000681 0.000412 0.000734 0.000435 0.000784 0.000469 0.000728 0.000456 0.000786 0.000458 0.000728 0.000456 0.000731 0.000445 0.000786 0.000458 0.000786 0.000458 0.000731 0.000445 0.000788 0.000447 0.000731 0.000445 0.000734 0.000435 0.000788 0.000447 0.00084 0.000475 0.000784 0.000469 0.000841 0.000465 0.000784 0.000469 0.000786 0.000458 0.000841 0.000465 0.000841 0.000465 0.000786 0.000458 0.000842 0.000454 0.000786 0.000458 0.000788 0.000447 0.000842 0.000454 0.000895 0.000477 0.00084 0.000475 0.000895 0.000466 0.00084 0.000475 0.000841 0.000465 0.000895 0.000466 0.000895 0.000466 0.000841 0.000465 0.000895 0.000455 0.000841 0.000465 0.000842 0.000454 0.000895 0.000455 0.00095 0.000474 0.000895 0.000477 0.000949 0.000463 0.000895 0.000477 0.000895 0.000466 0.000949 0.000463 0.000949 0.000463 0.000895 0.000466 0.000948 0.000452 0.000895 0.000466 0.000895 0.000455 0.000948 0.000452 0.001008 0.000466 0.00095 0.000474 0.001005 0.000455 0.00095 0.000474 0.000949 0.000463 0.001005 0.000455 0.001005 0.000455 0.000949 0.000463 0.001003 0.000444 0.000949 0.000463 0.000948 0.000452 0.001003 0.000444 0.001067 0.000451 0.001008 0.000466 0.001063 0.00044 0.001008 0.000466 0.001005 0.000455 0.001063 0.00044 0.001063 0.00044 0.001005 0.000455 0.001059 0.000428 0.001005 0.000455 0.001003 0.000444 0.001059 0.000428 0.001131 0.000426 0.001067 0.000451 0.001125 0.000413 0.001067 0.000451 0.001063 0.00044 0.001125 0.000413 0.001125 0.000413 0.001063 0.00044 0.001117 0.000402 0.001063 0.00044 0.001059 0.000428 0.001117 0.000402 0.00053 0.0003 0.00059 0.000323 0.000527 0.000311 0.00059 0.000323 0.000584 0.000334 0.000527 0.000311 0.000527 0.000311 0.000584 0.000334 0.000523 0.000322 0.000584 0.000334 0.000578 0.000345 0.000523 0.000322 0.000474 0.000288 0.00053 0.0003 0.000472 0.000298 0.00053 0.0003 0.000527 0.000311 0.000472 0.000298 0.000472 0.000298 0.000527 0.000311 0.00047 0.000309 0.000527 0.000311 0.000523 0.000322 0.00047 0.000309 0.000419 0.000282 0.000474 0.000288 0.000418 0.000292 0.000474 0.000288 0.000472 0.000298 0.000418 0.000292 0.000418 0.000292 0.000472 0.000298 0.000417 0.000303 0.000472 0.000298 0.00047 0.000309 0.000417 0.000303 0.000364 0.00028 0.000419 0.000282 0.000364 0.000291 0.000419 0.000282 0.000418 0.000292 0.000364 0.000291 0.000364 0.000291 0.000418 0.000292 0.000364 0.000301 0.000418 0.000292 0.000417 0.000303 0.000364 0.000301 0.000365 0.000392 0.000411 0.000391 0.000374 0.000655 0.000411 0.000391 0.000413 0.000654 0.000374 0.000655 0.000315 0.000363 0.000364 0.000359 0.000317 0.000379 0.000364 0.000359 0.000364 0.000375 0.000317 0.000379 0.000317 0.000379 0.000364 0.000375 0.000318 0.000396 0.000364 0.000375 0.000365 0.000392 0.000318 0.000396 0.000266 0.000371 0.000315 0.000363 0.00027 0.000387 0.000315 0.000363 0.000317 0.000379 0.00027 0.000387 0.00027 0.000387 0.000317 0.000379 0.000273 0.000403 0.000317 0.000379 0.000318 0.000396 0.000273 0.000403 0.00022 0.000385 0.000266 0.000371 0.000225 0.000399 0.000266 0.000371 0.00027 0.000387 0.000225 0.000399 0.000225 0.000399 0.00027 0.000387 0.00023 0.000414 0.00027 0.000387 0.000273 0.000403 0.00023 0.000414 0.000177 0.000405 0.00022 0.000385 0.000185 0.000417 0.00022 0.000385 0.000225 0.000399 0.000185 0.000417 0.000185 0.000417 0.000225 0.000399 0.000192 0.000429 0.000225 0.000399 0.00023 0.000414 0.000192 0.000429 0.000752 0.000383 0.000711 0.000368 0.000756 0.000369 0.000711 0.000368 0.000717 0.000356 0.000756 0.000369 0.000756 0.000369 0.000717 0.000356 0.00076 0.000354 0.000717 0.000356 0.000722 0.000344 0.00076 0.000354 0.000798 0.000391 0.000752 0.000383 0.0008 0.000376 0.000752 0.000383 0.000756 0.000369 0.0008 0.000376 0.0008 0.000376 0.000756 0.000369 0.000803 0.000361 0.000756 0.000369 0.00076 0.000354 0.000803 0.000361 0.000845 0.000397 0.000798 0.000391 0.000846 0.000381 0.000798 0.000391 0.0008 0.000376 0.000846 0.000381 0.000846 0.000381 0.0008 0.000376 0.000847 0.000365 0.0008 0.000376 0.000803 0.000361 0.000847 0.000365 0.000894 0.000399 0.000845 0.000397 0.000894 0.000382 0.000845 0.000397 0.000846 0.000381 0.000894 0.000382 0.000894 0.000382 0.000846 0.000381 0.000893 0.000366 0.000846 0.000381 0.000847 0.000365 0.000893 0.000366 0.000943 0.000394 0.000894 0.000399 0.000941 0.000378 0.000894 0.000399 0.000894 0.000382 0.000941 0.000378 0.000941 0.000378 0.000894 0.000382 0.00094 0.000362 0.000894 0.000382 0.000893 0.000366 0.00094 0.000362 0.000992 0.000386 0.000943 0.000394 0.000988 0.000371 0.000943 0.000394 0.000941 0.000378 0.000988 0.000371 0.000988 0.000371 0.000941 0.000378 0.000985 0.000355 0.000941 0.000378 0.00094 0.000362 0.000985 0.000355 0.001038 0.000373 0.000992 0.000386 0.001033 0.000358 0.000992 0.000386 0.000988 0.000371 0.001033 0.000358 0.001033 0.000358 0.000988 0.000371 0.001028 0.000343 0.000988 0.000371 0.000985 0.000355 0.001028 0.000343 0.001081 0.000353 0.001038 0.000373 0.001073 0.000341 0.001038 0.000373 0.001033 0.000358 0.001073 0.000341 0.001073 0.000341 0.001033 0.000358 0.001067 0.000329 0.001033 0.000358 0.001028 0.000343 0.001067 0.000329 0.000506 0.000374 0.000546 0.00039 0.000502 0.000388 0.000546 0.00039 0.00054 0.000401 0.000502 0.000388 0.000502 0.000388 0.00054 0.000401 0.000498 0.000402 0.00054 0.000401 0.000536 0.000413 0.000498 0.000402 0.00046 0.000365 0.000506 0.000374 0.000458 0.00038 0.000506 0.000374 0.000502 0.000388 0.000458 0.00038 0.000458 0.00038 0.000502 0.000388 0.000455 0.000395 0.000502 0.000388 0.000498 0.000402 0.000455 0.000395 0.000413 0.000359 0.00046 0.000365 0.000412 0.000375 0.00046 0.000365 0.000458 0.00038 0.000412 0.000375 0.000412 0.000375 0.000458 0.00038 0.000411 0.000391 0.000458 0.00038 0.000455 0.000395 0.000411 0.000391 0.000364 0.000359 0.000413 0.000359 0.000364 0.000375 0.000413 0.000359 0.000412 0.000375 0.000364 0.000375 0.000364 0.000375 0.000412 0.000375 0.000365 0.000392 0.000412 0.000375 0.000411 0.000391 0.000365 0.000392 0.000364 0.000359 0.000315 0.000363 0.000364 0.000301 0.000315 0.000363 0.00031 0.000305 0.000364 0.000301 0.000364 0.00028 0.000366 0.000089 0.000419 0.000282 0.000366 0.000089 0.000433 0.000094 0.000419 0.000282</float_array>
					<technique_common>
						<accessor source="#13F025DF-8D08-4967-A699-6E0BA8672DB8-mesh-map-0-array" count="5304" stride="2">
							<param name="S" type="float"/>
							<param name="T" type="float"/>
						</accessor>
					</technique_common>
				</source>
				<source id="13F025DF-8D08-4967-A699-6E0BA8672DB8-mesh-map-1">
					<float_array id="13F025DF-8D08-4967-A699-6E0BA8672DB8-mesh-map-1-array" count="10608">0 0 0 0 0 0 0 0 0 0 0 0 0 0 0 0 0 0 0 0 0 0 0 0 0 0 0 0 0 0 0 0 0 0 0 0 0 0 0 0 0 0 0 0 0 0 0 0 0 0 0 0 0 0 0 0 0 0 0 0 0 0 0 0 0 0 0 0 0 0 0 0 0 0 0 0 0 0 0 0 0 0 0 0 0 0 0 0 0 0 0 0 0 0 0 0 0 0 0 0 0 0 0 0 0 0 0 0 0 0 0 0 0 0 0 0 0 0 0 0 0 0 0 0 0 0 0 0 0 0 0 0 0 0 0 0 0 0 0 0 0 0 0 0 0 0 0 0 0 0 0 0 0 0 0 0 0 0 0 0 0 0 0 0 0 0 0 0 0 0 0 0 0 0 0 0 0 0 0 0 0 0 0 0 0 0 0 0 0 0 0 0 0 0 0 0 0 0 0 0 0 0 0 0 0 0 0 0 0 0 0 0 0 0 0 0 0 0 0 0 0 0 0 0 0 0 0 0 0 0 0 0 0 0 0 0 0 0 0 0 1.433 0.961 1.251 0.498 1.274 0.428 0.97 0.158 -0.435 0.034 1.274 0.158 -0.435 0.034 1.433 0.034 1.274 0.158 0.771 0.299 0.71 0.39 -0.435 0.034 0.862 0.238 0.771 0.299 -0.435 0.034 0 0 0 0 0 0 0 0 0 0 0 0 0 0 0 0 0 0 0 0 0 0 0 0 0.771 0.697 0.862 0.757 -0.435 0.961 0.97 0.158 0.97 0.217 -0.435 0.034 0.97 0.217 0.862 0.238 -0.435 0.034 0 0 0 0 0 0 0 0 0 0 0 0 1.077 0.757 1.433 0.961 0.97 0.779 1.168 0.697 1.433 0.961 1.077 0.757 1.229 0.605 1.433 0.961 1.168 0.697 1.229 0.605 1.251 0.498 1.433 0.961 0.71 0.605 -0.435 0.961 0.689 0.498 0 0 0 0 0 0 0 0 0 0 0 0 0 0 0 0 0 0 0 0 0 0 0 0 0 0 0 0 0 0 0 0 0 0 0 0 0 0 0 0 0 0 0 0 0 0 0 0 0 0 0 0 0 0 0 0 0 0 0 0 0 0 0 0 0 0 0 0 0 0 0 0 0 0 0 0 0 0 0 0 0 0 0 0 0 0 0 0 0 0 0 0 0 0 0 0 0 0 0 0 0 0 0 0 0 0 0 0 0 0 0 0 0 0 0 0 0 0 0 0 -0.435 0.961 -0.435 0.034 0.689 0.498 -0.435 0.034 0.71 0.39 0.689 0.498 1.237 0.428 1.274 0.428 1.251 0.498 0.97 0.779 1.433 0.961 -0.435 0.961 0 0 0 0 0 0 0 0 0 0 0 0 0 0 0 0 0 0 0 0 0 0 0 0 0 0 0 0 0 0 0 0 0 0 0 0 0 0 0 0 0 0 0 0 0 0 0 0 -0.435 0.961 0.862 0.757 0.97 0.779 0 0 0 0 0 0 0 0 0 0 0 0 0 0 0 0 0 0 0 0 0 0 0 0 0 0 0 0 0 0 0 0 0 0 0 0 0 0 0 0 0 0 0 0 0 0 0 0 0 0 0 0 0 0 0 0 0 0 0 0 0 0 0 0 0 0 0 0 0 0 0 0 0 0 0 0 0 0 0 0 0 0 0 0 0 0 0 0 0 0 0 0 0 0 0 0 0 0 0 0 0 0 0 0 0 0 0 0 0.771 0.697 -0.435 0.961 0.71 0.605 0 0 0 0 0 0 0 0 0 0 0 0 0 0 0 0 0 0 0 0 0 0 0 0 0 0 0 0 0 0 0 0 0 0 0 0 0 0 0 0 0 0 0 0 0 0 0 0 0 0 0 0 0 0 0 0 0 0 0 0 0 0 0 0 0 0 0 0 0 0 0 0 0 0 0 0 0 0 0 0 0 0 0 0 0 0 0 0 0 0 0 0 0 0 0 0 0 0 0 0 0 0 0 0 0 0 0 0 0 0 0 0 0 0 0 0 0 0 0 0 0 0 0 0 0 0 0 0 0 0 0 0 0 0 0 0 0 0 0 0 0 0 0 0 0 0 0 0 0 0 0 0 0 0 0 0 0 0 0 0 0 0 0 0 0 0 0 0 0 0 0 0 0 0 0 0 0 0 0 0 0 0 0 0 0 0 0 0 0 0 0 0 0 0 0 0 0 0 0 0 0 0 0 0 0 0 0 0 0 0 0 0 0 0 0 0 0 0 0 0 0 0 0 0 0 0 0 0 0 0 0 0 0 0 0 0 0 0 0 0 0 0 0 0 0 0 0 0 0 0 0 0 0 0 0 0 0 0 0 0 0 0 0 0 0 0 0 0 0 0 0 0 0 0 0 0 0 0 0 0 0 0 0 0 0 0 0 0 0 0 0 0 0 0 0 0 0 0 0 0 0 0 0 0 0 0 0 0 0 0 0 0 0 0 0 0 0 0 0 0 0 0 0 0 0 0 0 0 0 0 0 0 0 0 0 0 0 0 0 0 0 0 0 0 0 0 0 0 0 0 0 0 0 0 0 0 0 0 0 0 0 0 0 0 0 0 0 0 0 0 0 0 0 0 0 0 0 0 0 0 0 0 0 0 0 0 0 0 0 0 0 0 0 0 0 0 0 0 0 0 0 0 0 0 0 0 0 0 0 0 0 0 0 0 0 0 0 0 0 0 0 0 0 0 0 0 0 0 0 0 0 0 0 0 0 0 0 0 0 0 0 0 0 0 0 0 0 0 0 0 0 0 0 0 0 0 0 0 0 0 0 0 0 0 0 0 0 0 0 0 0 0 0 0 0 0 0 0 0 0 0 0 0 0 0 0 0 0 0 0 0 0 0 0 0 0 0 0 0 0 0 0 0 0 0 0 0 0 0 0 0 0 0 0 0 0 0 0 0 0 0 0 0 0 0 0 0 0 0 0 0 0 0 0 0 0 0 0 0 0 0 0 0 0 0 0 0 0 0 0 0 0 0 0 0 0 0 0 0 0 0 0 0 0 0 0 0 0 0 0 0 0 0 0 0 0 0 0 0 0 0 0 0 0 0 0 0 0 0 0 0 0 0 0 0 0 0 0 0 0 0 0 0 0 0 0 0 0 0 0 0 0 0 0 0 0 0 0 0 0 0 0 0 0 0 0 0 0 0 0 0 0 0 0 0 0 0 0 0 0 0 0 0 0 0 0 0 0 0 0 0 0 0 0 0 0 0 0 0 0 0 0 0 0 0 0 0 0 0 0 0 0 0 0 0 0 0 0 0 0 0 0 0 0 0 0 0 0 0 0 0 0 0 0 0 0 0 0 0 0 0 0 0 0 0 0 0 0 0 0 0 0 0 0 0 0 0 0 0 0 0 0 0 0 0 0 0 0 0 0 0 0 0 0 0 0 0 0 0 0 0 0 0 0 0 0 0 0 0 0 0 0 0 0 0 0 0 0 0 0 0 0 0 0 0 0 0 0 0 0 0 0 0 0 0 0 0 0 0 0 0 0 0 0 0 0 0 0 0 0 0 0 1.433 0.034 1.433 0.961 1.274 0.158 1.433 0.961 1.274 0.428 1.274 0.158 0 0 0 0 0 0 0 0 0 0 0 0 0 0 0 0 0 0 0 0 0 0 0 0 0 0 0 0 0 0 0 0 0 0 0 0 0 0 0 0 0 0 0 0 0 0 0 0 0 0 0 0 0 0 0 0 0 0 0 0 0 0 0 0 0 0 0 0 0 0 0 0 0 0 0 0 0 0 0 0 0 0 0 0 0 0 0 0 0 0 0 0 0 0 0 0 0 0 0 0 0 0 0 0 0 0 0 0 0 0 0 0 0 0 0 0 0 0 0 0 0 0 0 0 0 0 0 0 0 0 0 0 0 0 0 0 0 0 0 0 0 0 0 0 0 0 0 0 0 0 0 0 0 0 0 0 0 0 0 0 0 0 0 0 0 0 0 0 0 0 0 0 0 0 0 0 0 0 0 0 0 0 0 0 0 0 0 0 0 0 0 0 0 0 0 0 0 0 0 0 0 0 0 0 0 0 0 0 0 0 0 0 0 0 0 0 0 0 0 0 0 0 0 0 0 0 0 0 0 0 0 0 0 0 0 0 0 0 0 0 0 0 0 0 0 0 0 0 0 0 0 0 0 0 0 0 0 0 0 0 0 0 0 0 0 0 0 0 0 0 0 0 0 0 0 0 0 0 0 0 0 0 0 0 0 0 0 0 0 0 0 0 0 0 0 0 0 0 0 0 0 0 0 0 0 0 0 0 0 0 0 0 0 0 0 0 0 0 0 0 0 0 0 0 0 0 0 0 0 0 1.433 0.961 1.274 0.428 1.251 0.498 0.97 0.158 1.274 0.158 -0.435 0.034 1.274 0.158 1.433 0.034 -0.435 0.034 0.771 0.299 -0.435 0.034 0.71 0.39 0.862 0.238 -0.435 0.034 0.771 0.299 0 0 0 0 0 0 0 0 0 0 0 0 0 0 0 0 0 0 0 0 0 0 0 0 0.771 0.697 -0.435 0.961 0.862 0.757 0.97 0.158 -0.435 0.034 0.97 0.217 -0.435 0.034 0.862 0.238 0.97 0.217 0 0 0 0 0 0 0 0 0 0 0 0 1.077 0.757 0.97 0.779 1.433 0.961 1.168 0.697 1.077 0.757 1.433 0.961 1.229 0.605 1.168 0.697 1.433 0.961 1.229 0.605 1.433 0.961 1.251 0.498 0.71 0.605 0.689 0.498 -0.435 0.961 0 0 0 0 0 0 0 0 0 0 0 0 0 0 0 0 0 0 0 0 0 0 0 0 0 0 0 0 0 0 0 0 0 0 0 0 0 0 0 0 0 0 0 0 0 0 0 0 0 0 0 0 0 0 0 0 0 0 0 0 0 0 0 0 0 0 0 0 0 0 0 0 0 0 0 0 0 0 0 0 0 0 0 0 0 0 0 0 0 0 0 0 0 0 0 0 0 0 0 0 0 0 0 0 0 0 0 0 0 0 0 0 0 0 0 0 0 0 0 0 -0.435 0.961 0.689 0.498 -0.435 0.034 0.689 0.498 0.71 0.39 -0.435 0.034 1.237 0.428 1.251 0.498 1.274 0.428 0.97 0.779 -0.435 0.961 1.433 0.961 0 0 0 0 0 0 0 0 0 0 0 0 0 0 0 0 0 0 0 0 0 0 0 0 0 0 0 0 0 0 0 0 0 0 0 0 0 0 0 0 0 0 0 0 0 0 0 0 -0.435 0.961 0.97 0.779 0.862 0.757 0 0 0 0 0 0 0 0 0 0 0 0 0 0 0 0 0 0 0 0 0 0 0 0 0 0 0 0 0 0 0 0 0 0 0 0 0 0 0 0 0 0 0 0 0 0 0 0 0 0 0 0 0 0 0 0 0 0 0 0 0 0 0 0 0 0 0 0 0 0 0 0 0 0 0 0 0 0 0 0 0 0 0 0 0 0 0 0 0 0 0 0 0 0 0 0 0 0 0 0 0 0 0 0 0 0 0 0 0.771 0.697 0.71 0.605 -0.435 0.961 0 0 0 0 0 0 0 0 0 0 0 0 0 0 0 0 0 0 0 0 0 0 0 0 0 0 0 0 0 0 0 0 0 0 0 0 0 0 0 0 0 0 0 0 0 0 0 0 0 0 0 0 0 0 0 0 0 0 0 0 0 0 0 0 0 0 0 0 0 0 0 0 0 0 0 0 0 0 0 0 0 0 0 0 0 0 0 0 0 0 0 0 0 0 0 0 0 0 0 0 0 0 0 0 0 0 0 0 0 0 0 0 0 0 0 0 0 0 0 0 0 0 0 0 0 0 0 0 0 0 0 0 0 0 0 0 0 0 0 0 0 0 0 0 0 0 0 0 0 0 0 0 0 0 0 0 0 0 0 0 0 0 0 0 0 0 0 0 0 0 0 0 0 0 0 0 0 0 0 0 0 0 0 0 0 0 0 0 0 0 0 0 0 0 0 0 0 0 0 0 0 0 0 0 0 0 0 0 0 0 0 0 0 0 0 0 0 0 0 0 0 0 0 0 0 0 0 0 0 0 0 0 0 0 0 0 0 0 0 0 0 0 0 0 0 0 0 0 0 0 0 0 0 0 0 0 0 0 0 0 0 0 0 0 0 0 0 0 0 0 0 0 0 0 0 0 0 0 0 0 0 0 0 0 0 0 0 0 0 0 0 0 0 0 0 0 0 0 0 0 0 0 0 0 0 0 0 0 0 0 0 0 0 0 0 0 0 0 0 0 0 0 0 0 0 0 0 0 0 0 0 0 0 0 0 0 0 0 0 0 0 0 0 0 0 0 0 0 0 0 0 0 0 0 0 0 0 0 0 0 0 0 0 0 0 0 0 0 0 0 0 0 0 0 0 0 0 0 0 0 0 0 0 0 0 0 0 0 0 0 0 0 0 0 0 0 0 0 0 0 0 0 0 0 0 0 0 0 0 0 0 0 0 0 0 0 0 0 0 0 0 0 0 0 0 0 0 0 0 0 0 0 0 0 0 0 0 0 0 0 0 0 0 0 0 0 0 0 0 0 0 0 0 0 0 0 0 0 0 0 0 0 0 0 0 0 0 0 0 0 0 0 0 0 0 0 0 0 0 0 0 0 0 0 0 0 0 0 0 0 0 0 0 0 0 0 0 0 0 0 0 0 0 0 0 0 0 0 0 0 0 0 0 0 0 0 0 0 0 0 0 0 0 0 0 0 0 0 0 0 0 0 0 0 0 0 0 0 0 0 0 0 0 0 0 0 0 0 0 0 0 0 0 0 0 0 0 0 0 0 0 0 0 0 0 0 0 0 0 0 0 0 0 0 0 0 0 0 0 0 0 0 0 0 0 0 0 0 0 0 0 0 0 0 0 0 0 0 0 0 0 0 0 0 0 0 0 0 0 0 0 0 0 0 0 0 0 0 0 0 0 0 0 0 0 0 0 0 0 0 0 0 0 0 0 0 0 0 0 0 0 0 0 0 0 0 0 0 0 0 0 0 0 0 0 0 0 0 0 0 0 0 0 0 0 0 0 0 0 0 0 0 0 0 0 0 0 0 0 0 0 0 0 0 0 0 0 0 0 0 0 0 0 0 0 0 0 0 0 0 0 0 0 0 0 0 0 0 0 0 0 0 0 0 0 0 0 0 0 0 0 0 0 0 0 0 0 0 0 0 0 0 0 0 0 0 0 0 0 0 0 0 0 0 0 0 0 0 0 0 0 0 0 0 0 0 0 0 0 0 0 0 0 0 0 0 0 0 0 0 0 0 0 0 0 0 0 0 0 0 0 0 0 0 0 0 0 0 0 0 0 0 1.433 0.034 1.274 0.158 1.433 0.961 1.274 0.158 1.274 0.428 1.433 0.961 0 0 0 0 0 0 0 0 0 0 0 0 0 0 0 0 0 0 0 0 0 0 0 0 0 0 0 0 0 0 0 0 0 0 0 0 0 0 0 0 0 0 0 0 0 0 0 0 0 0 0 0 0 0 0 0 0 0 0 0 0 0 0 0 0 0 0 0 0 0 0 0 0 0 0 0 0 0 0 0 0 0 0 0 0 0 0 0 0 0 0 0 0 0 0 0 0 0 0 0 0 0 0 0 0 0 0 0 0 0 0 0 0 0 0 0 0 0 0 0 0 0 0 0 0 0 0 0 0 0 0 0 0 0 0 0 0 0 0 0 0 0 0 0 0 0 0 0 0 0 0 0 0 0 0 0 0 0 0 0 0 0 0 0 0 0 0 0 0 0 0 0 0 0 0 0 0 0 0 0 0 0 0 0 0 0 0 0 0 0 0 0 0 0 0 0 0 0 0 0 0 0 0 0 0 0 0 0 0 0 0 0 0 0 0 0 0 0 0 0 0 0 0 0 0 0 0 0 0 0 0 0 0 0 0 0 0 0 0 0 0 0 0 0 0 0 0 0 0 0 0 0 0 0 0 0 0 0 0 0 0 0 0 0 0 0 0 0 0 0 0 0 0 0 0 0 0 0 0 0 0 0 0 0 0 0 0 0 0 0 0 0 0 0 0 0 0 0 0 0 0 0 0 0 0 0 0 0 0 0 0 0 0 0 0 0 0 0 0 0 0 0 0 0 0 0 0 0 0 0 0 0 0 0 0 0 0 0 0 0 0 0 0 0 0 0 0 0 0 0 0 0 0 0 0 0 0 0 0 0 0 0 0 0 0 0 0 0 0 0 0 0 0 0 0 0 0 0 0 0 0 0 0 0 0 0 0 0 0 0 0 0 0 0 0 0 0 0 0 0 0 0 0 0 0 0 0 0 0 0 0 0 0 0 0 0 0 0 0 0 0 0 0 0 0 0 0 0 0 0 0 0 0 0 0 0 0 0 0 0 0 0 0 0 0 0 0 0 0 0 0 0 0 0 0 0 0 0 0 0 0 0 0 0 0 0 0 0 0 0 0 0 0 0 0 0 0 0 0 0 0 0 0 0 0 0 0 0 0 0 0 0 0 0 0 0 0 0 0 0 0 0 0 0 0 0 0 0 0 0 0 0 0 0 0 0 0 0 0 0 0 0 0 0 0 0 0 0 0 0 0 0 0 0 0 0 0 0 0 0 0 0 0 0 0 0 0 0 0 0 0 0 0 0 0 0 0 0 0 0 0 0 0 0 0 0 0 0 0 0 0 0 0 0 0 0 0 0 0 0 0 0 0 0 0 0 0 0 0 0 0 0 0 0 0 0 0 0 0 0 0 0 0 0 0 0 0 0 0 0 0 0 0 0 0 0 0 0 0 0 0 0 0 0 0 0 0 0 0 0 0 0 0 0 0 0 0 0 0 0 0 0 0 0 0 0 0 0 0 0 0 0 0 0 0 0 0 0 0 0 0 0 0 0 0 0 0 0 0 0 0 0 0 0 0 0 0 0 0 0 0 0 0 0 0 0 0 0 0 0 0 0 0 0 0 0 0 0 0 0 0 0 0 0 0 0 0 0 0 0 0 0 0 0 0 0 0 0 0 0 0 0 0 0 0 0 0 0 0 0 0 0 0 0 0 0 0 0 0 0 0 0 0 0 0 0 0 0 0 0 0 0 0 0 0 0 0 0 0 0 0 0 0 0 0 0 0 0 0 0 0 0 0 0 0 0 0 0 0 0 0 0 0 0 0 0 0 0 0 0 0 0 0 0 0 0 0 0 0 0 0 0 0 0 0 0 0 0 0 0 0 0 0 0 0 0 0 0 0 0 0 0 0 0 0 0 0 0 0 0 0 0 0 0 0 0 0 0 0 0 0 0 0 0 0 0 0 0 0 0 0 0 0 0 0 0 0 0 0 0 0 0 0 0 0 0 0 0 0 0 0 0 0 0 0 0 0 0 0 0 0 0 0 0 0 0 0 0 0 0 0 0 0 0 0 0 0 0 0 0 0 0 0 0 0 0 0 0 0 0 0 0 0 0 0 0 0 0 0 0 0 0 0 0 0 0 0 0 0 0 0 0 0 0 0 0 0 0 0 0 0 0 0 0 0 0 0 0 0 0 0 0 0 0 0 0 0 0 0 0 0 0 0 0 0 0 0 0 0 0 0 0 0 0 0 0 0 0 0 0 0 0 0 0 0 0 0 0 0 0 0 0 0 0 0 0 0 0 0 0 0 0 0 0 0 0 0 0 0 0 0 0 0 0 0 0 0 0 0 0 0 0 0 0 0 0 0 0 0 0 0 0 0 0 0 0 0 0 0 0 0 0 0 0 0 0 0 0 0 0 0 0 0 0 0 0 0 0 0 0 0 0 0 0 0 0 0 0 0 0 0 0 0 0 0 0 0 0 0 0 0 0 0 0 0 0 0 0 0 0 0 0 0 0 0 0 0 0 0 0 0 0 0 0 0 0 0 0 0 0 0 0 0 0 0 0 0 0 0 0 0 0 0 0 0 0 0 0 0 0 0 0 0 0 0 0 0 0 0 0 0 0 0 0 0 0 0 0 0 0 0 0 0 0 0 0 0 0 0 0 0 0 0 0 0 0 0 0 0 0 0 0 0 0 0 0 0 0 0 0 0 0 0 0 0 0 0 0 0 0 0 0 0 0 0 0 0 0 0 0 0 0 0 0 0 0 0 0 0 0 0 0 0 0 0 0 0 0 0 0 0 0 0 0 0 0 0 0 0 0 0 0 0 0 0 0 0 0 0 0 0 0 0 0 0 0 0 0 0 0 0 0 0 0 0 0 0 0 0 0 0 0 0 0 0 0 0 0 0 0 0 0 0 0 0 0 0 0 0 0 0 0 0 0 0 0 0 0 0 0 0 0 0 0 0 0 0 0 0 0 0 0 0 0 0 0 0 0 0 0 0 0 0 0 0 0 0 0 0 0 0 0 0 0 0 0 0 0 0 0 0 0 0 0 0 0 0 0 0 0 0 0 0 0 0 0 0 0 0 0 0 0 0 0 0 0 0 0 0 0 0 0 0 0 0 0 0 0 0 0 0 0 0 0 0 0 0 0 0 0 0 0 0 0 0 0 0 0 0 0 0 0 0 0 0 0 0 0 0 0 0 0 0 0 0 0 0 0 0 0 0 0 0 0 0 0 0 0 0 0 0 0 0 0 0 0 0 0 0 0 0 0 0 0 0 0 0 0 0 0 0 0 0 0 0 0 0 0 0 0 0 0 0 0 0 0 0 0 0 0 0 0 0 0 0 0 0 0 0 0 0 0 0 0 0 0 0 0 0 0 0 0 0 0 0 0 0 0 0 0 0 0 0 0 0 0 0 0 0 0 0 0 0 0 0 0 0 0 0 0 0 0 0 0 0 0 0 0 0 0 0 0 0 0 0 0 0 0 0 0 0 0 0 0 0 0 0 0 0 0 0 0 0 0 0 0 0 0 0 0 0 0 0 0 0 0 0 0 0 0 0 0 0 0 0 0 0 0 0 0 0 0 0 0 0 0 0 0 0 0 0 0 0 0 0 0 0 0 0 0 0 0 0 0 0 0 0 0 0 0 0 0 0 0 0 0 0 0 0 0 0 0 0 0 0 0 0 0 0 0 0 0 0 0 0 0 0 0 0 0 0 0 0 0 0 0 0 0 0 0 0 0 0 0 0 0 0 0 0 0 0 0 0 0 0 0 0 0 0 0 0 0 0 0 0 0 0 0 0 0 0 0 0 0 0 0 0 0 0 0 0 0 0 0 0 0 0 0 0 0 0 0 0 0 0 0 0 0 0 0 0 0 0 0 0 0 0 0 0 0 0 0 0 0 0 0 0 0 0 0 0 0 0 0 0 0 0 0 0 0 0 0 0 0 0 0 0 0 0 0 0 0 0 0 0 0 0 0 0 0 0 0 0 0 0 0 0 0 0 0 0 0 0 0 0 0 0 0 0 0 0 0 0 0 0 0 0 0 0 0 0 0 0 0 0 0 0 0 0 0 0 0 0 0 0 0 0 0 0 0 0 0 0 0 0 0 0 0 0 0 0 0 0 0 0 0 0 0 0 0 0 0 0 0 0 0 0 0 0 0 0 0 0 0 0 0 0 0 0 0 0 0 0 0 0 0 0 0 0 0 0 0 0 0 0 0 0 0 0 0 0 0 0 0 0 0 0 0 0 0 0 0 0 0 0 0 0 0 0 0 0 0 0 0 0 0 0 0 0 0 0 0 0 0 0 0 0 0 0 0 0 0 0 0 0 0 0 0 0 0 0 0 0 0 0 0 0 0 0 0 0 0 0 0 0 0 0 0 0 0 0 0 0 0 0 0 0 0 0 0 0 0 0 0 0 0 0 0 0 0 0 0 0 0 0 0 0 0 0 0 0 0 0 0 0 0 0 0 0 0 0 0 0 0 0 0 0 0 0 0 0 0 0 0 0 0 0 0 0 0 0 0 0 0 0 0 0 0 0 0 0 0 0 0 0 0 0 0 0 0 0 0 0 0 0 0 0 0 0 0 0 0 0 0 0 0 0 0 0 0 0 0 0 0 0 0 0 0 0 0 0 0 0 0 0 0 0 0 0 0 0 0 0 0 0 0 0 0 0 0 0 0 0 0 0 0 0 0 0 0 0 0 0 0 0 0 0 0 0 0 0 0 0 0 0 0 0 0 0 0 0 0 0 0 0 0 0 0 0 0 0 0 0 0 0 0 0 0 0 0 0 0 0 0 0 0 0 0 0 0 0 0 0 0 0 0 0 0 0 0 0 0 0 0 0 0 0 0 0 0 0 0 0 0 0 0 0 0 0 0 0 0 0 0 0 0 0 0 0 0 0 0 0 0 0 0 0 0 0 0 0 0 0 0 0 0 0 0 0 0 0 0 0 0 0 0 0 0 0 0 0 0 0 0 0 0 0 0 0 0 0 0 0 0 0 0 0 0 0 0 0 0 0 0 0 0 0 0 0 0 0 0 0 0 0 0 0 0 0 0 0 0 0 0 0 0 0 0 0 0 0 0 0 0 0 0 0 0 0 0 0 0 0 0 0 0 0 0 0 0 0 0 0 0 0 0 0 0 0 0 0 0 0 0 0 0 0 0 0 0 0 0 0 0 0 0 0 0 0 0 0 0 0 0 0 0 0 0 0 0 0 0 0 0 0 0 0 0 0 0 0 0 0 0 0 0 0 0 0 0 0 0 0 0 0 0 0 0 0 0 0 0 0 0 0 0 0 0 0 0 0 0 0 0 0 0 0 0 0 0 0 0 0 0 0 0 0 0 0 0 0 0 0 0 0 0 0 0 0 0 0 0 0 0 0 0 0 0 0 0 0 0 0 0 0 0 0 0 0 0 0 0 0 0 0 0 0 0 0 0 0 0 0 0 0 0 0 0 0 0 0 0 0 0 0 0 0 0 0 0 0 0 0 0 0 0 0 0 0 0 0 0 0 0 0 0 0 0 0 0 0 0 0 0 0 0 0 0 0 0 0 0 0 0 0 0 0 0 0 0 0 0 0 0 0 0 0 0 0 0 0 0 0 0 0 0 0 0 0 0 0 0 0 0 0 0 0 0 0 0 0 0 0 0 0 0 0 0 0 0 0 0 0 0 0 0 0 0 0 0 0 0 0 0 0 0 0 0 0 0 0 0 0 0 0 0 0 0 0 0 0 0 0 0 0 0 0 0 0 0 0 0 0 0 0 0 0 0 0 0 0 0 0 0 0 0 0 0 0 0 0 0 0 0 0 0 0 0 0 0 0 0 0 0 0 0 0 0 0 0 0 0 0 0 0 0 0 0 0 0 0 0 0 0 0 0 0 0 0 0 0 0 0 0 0 0 0 0 0 0 0 0 0 0 0 0 0 0 0 0 0 0 0 0 0 0 0 0 0 0 0 0 0 0 0 0 0 0 0 0 0 0 0 0 0 0 0 0 0 0 0 0 0 0 0 0 0 0 0 0 0 0 0 0 0 0 0 0 0 0 0 0 0 0 0 0 0 0 0 0 0 0 0 0 0 0 0 0 0 0 0 0 0 0 0 0 0 0 0 0 0 0 0 0 0 0 0 0 0 0 0 0 0 0 0 0 0 0 0 0 0 0 0 0 0 0 0 0 0 0 0 0 0 0 0 0 0 0 0 0 0 0 0 0 0 0 0 0 0 0 0 0 0 0 0 0 0 0 0 0 0 0 0 0 0 0 0 0 0 0 0 0 0 0 0 0 0 0 0 0 0 0 0 0 0 0 0 0 0 0 0 0 0 0 0 0 0 0 0 0 0 0 0 0 0 0 0 0 0 0 0 0 0 0 0 0 0 0 0 0 0 0 0 0 0 0 0 0 0 0 0 0 0 0 0 0 0 0 0 0 0 0 0 0 0 0 0 0 0 0 0 0 0 0 0 0 0 0 0 0 0 0 0 0 0 0 0 0 0 0 0 0 0 0 0 0 0 0 0 0 0 0 0 0 0 0 0 0 0 0 0 0 0 0 0 0 0 0 0 0 0 0 0 0 0 0 0 0 0 0 0 0 0 0 0 0 0 0 0 0 0 0 0 0 0 0 0 0 0 0 0 0 0 0 0 0 0 0 0 0 0 0 0 0 0 0 0 0 0 0 0 0 0 0 0 0 0 0 0 0 0 0 0 0 0 0 0 0 0 0 0 0 0 0 0 0 0 0 0 0 0 0 0 0 0 0 0 0 0 0 0 0 0 0 0 0 0 0 0 0 0 0 0 0 0 0 0 0 0 0 0 0 0 0 0 0 0 0 0 0 0 0 0 0 0 0 0 0 0 0 0 0 0 0 0 0 0 0 0 0 0 0 0 0 0 0 0 0 0 0 0 0 0 0 0 0 0 0 0 0 0 0 0 0 0 0 0 0 0 0 0 0 0 0 0 0 0 0 0 0 0 0 0 0 0 0 0 0 0 0 0 0 0 0 0 0 0 0 0 0 0 0 0 0 0 0 0 0 0 0 0 0 0 0 0 0 0 0 0 0 0 0 0 0 0 0 0 0 0 0 0 0 0 0 0 0 0 0 0 0 0 0 0 0 0 0 0 0 0 0 0 0 0 0 0 0 0 0 0 0 0 0 0 0 0 0 0 0 0 0 0 0 0 0 0 0 0 0 0 0 0 0 0 0 0 0 0 0 0 0 0 0 0 0 0 0 0 0 0 0 0 0 0 0 0 0 0 0 0 0 0 0 0 0 0 0 0 0 0 0 0 0 0 0 0 0 0 0 0 0 0 0 0 0 0 0 0 0 0 0 0 0 0 0 0 0 0 0 0 0 0 0 0 0 0 0 0 0 0 0 0 0 0 0 0 0 0 0 0 0 0 0 0 0 0 0 0 0 0 0 0 0 0 0 0 0 0 0 0 0 0 0 0 0 0 0 0 0 0 0 0 0 0 0 0 0 0 0 0 0 0 0 0 0 0 0 0 0 0 0 0 0 0 0 0 0 0 0 0 0 0 0 0 0 0 0 0 0 0 0 0 0 0 0 0 0 0 0 0 0 0 0 0 0 0 0 0 0 0 0 0 0 0 0 0 0 0 0 0 0 0 0 0 0 0 0 0 0 0 0 0 0 0 0 0 0 0 0 0 0 0 0 0 0 0 0 0 0 0 0 0 0 0 0 0 0 0 0 0 0 0 0 0 0 0 0 0 0 0 0 0 0 0 0 0 0 0 0 0 0 0 0 0 0 0 0 0 0 0 0 0 0 0 0 0 0 0 0 0 0 0 0 0 0 0 0 0 0 0 0 0 0 0 0 0 0 0 0 0 0 0 0 0 0 0 0 0 0 0 0 0 0 0 0 0 0 0 0 0 0 0 0 0 0 0 0 0 0 0 0 0 0 0 0 0 0 0 0 0 0 0 0 0 0 0 0 0 0 0 0 0 0 0 0 0 0 0 0 0 0 0 0 0 0 0 0 0 0 0 0 0 0 0 0 0 0 0 0 0 0 0 0 0 0 0 0 0 0 0 0 0 0 0 0 0 0 0 0 0 0 0 0 0 0 0 0 0 0 0 0 0 0 0 0 0 0 0 0 0 0 0 0 0 0 0 0 0 0 0 0 0 0 0 0 0 0 0 0 0 0 0 0 0 0 0 0 0 0 0 0 0 0 0 0 0 0 0 0 0 0 0 0 0 0 0 0 0 0 0 0 0 0 0 0 0 0 0 0 0 0 0 0 0 0 0 0 0 0 0 0 0 0 0 0 0 0 0 0 0 0 0 0 0 0 0 0 0 0 0 0 0 0 0 0 0 0 0 0 0 0 0 0 0 0 0 0 0 0 0 0 0 0 0 0 0 0 0 0 0 0 0 0 0 0 0 0 0 0 0 0 0 0 0 0 0 0 0 0 0 0 0 0 0 0 0 0 0 0 0 0 0 0 0 0 0 0 0 0 0 0 0 0 0 0 0 0 0 0 0 0 0 0 0 0 0 0 0 0 0 0 0 0 0 0 0 0 0 0 0 0 0 0 0 0 0 0 0 0 0 0 0 0 0 0 0 0 0 0 0 0 0 0 0 0 0 0 0 0 0 0 0 0 0 0 0 0 0 0 0 0 0 0 0 0 0 0 0 0 0 0 0 0 0 0 0 0 0 0 0 0 0 0 0 0 0 0 0 0 0 0 0 0 0 0 0 0 0 0 0 0 0 0 0 0 0 0 0 0 0 0 0 0 0 0 0 0 0 0 0 0 0 0 0 0 0 0 0 0 0 0 0 0 0 0 0 0 0 0 0 0 0 0 0 0 0 0 0 0 0 0 0 0 0 0 0 0 0 0 0 0 0 0 0 0 0 0 0 0 0 0 0 0 0 0 0 0 0 0 0 0 0 0 0 0 0 0 0 0 0 0 0 0 0 0 0 0 0 0 0 0 0 0 0 0 0 0 0 0 0 0 0 0 0 0 0 0 0 0 0 0 0 0 0 0 0 0 0 0 0 0 0 0 0 0 0 0 0 0 0 0 0 0 0 0 0 0 0 0 0 0 0 0 0 0 0 0 0 0 0 0 0 0 0 0 0 0 0 0 0 0 0 0 0 0 0 0 0 0 0 0 0 0 0 0 0 0 0 0 0 0 0 0 0 0 0 0 0 0 0 0 0 0 0 0 0 0 0 0 0 0 0 0 0 0 0 0 0 0 0 0 0 0 0 0 0 0 0 0 0 0 0 0 0 0 0 0 0 0 0 0 0 0 0 0 0 0 0 0 0 0 0 0 0 0 0 0 0 0 0 0 0 0 0 0 0 0 0 0 0 0 0 0 0 0 0 0 0 0 0 0 0 0 0 0 0 0 0 0 0 0 0 0 0 0 0 0 0 0 0 0 0 0 0 0 0 0 0 0 0 0 0 0 0 0 0 0 0 0 0 0 0 0 0 0 0 0 0 0 0 0 0 0 0 0 0 0 0 0 0 0 0 0 0 0 0 0 0 0 0 0 0 0 0 0 0 0 0 0 0 0 0 0 0 0 0 0 0 0 0 0 0 0 0 0 0 0 0 0 0 0 0 0 0 0 0 0 0 0 0 0 0 0 0 0 0 0 0 0 0 0 0 0 0 0 0 0 0 0 0 0 0 0 0 0 0 0 0 0 0 0 0 0 0 0 0 0 0 0 0 0 0 0 0 0 0 0 0 0 0 0 0 0 0 0 0 0 0 0 0 0 0 0 0 0 0 0 0 0 0 0 0 0 0 0 0 0 0 0 0 0 0 0 0 0 0 0 0 0 0 0 0 0 0 0 0 0 0 0 0 0 0 0 0 0 0 0 0 0 0 0 0 0 0 0 0 0 0 0 0 0 0 0 0 0 0 0 0 0 0 0 0 0 0 0 0 0 0 0 0 0 0 0 0 0 0 0 0 0 0 0 0 0 0 0 0 0 0 0 0 0 0 0 0 0 0 0 0 0 0 0 0 0 0 0 0 0 0 0 0 0 0 0 0 0 0 0 0 0 0 0 0 0 0 0 0 0 0 0 0 0 0 0 0 0 0 0 0 0 0 0 0 0 0 0 0 0 0 0 0 0 0 0 0 0 0 0 0 0 0 0 0 0 0 0 0 0 0 0 0 0 0 0 0 0 0 0 0 0 0 0 0 0 0 0 0 0 0 0 0 0 0 0 0 0 0 0 0 0 0 0 0 0 0 0 0 0 0 0 0 0 0 0 0 0 0 0 0 0 0 0 0 0 0 0 0 0 0 0 0 0 0 0 0 0 0 0 0 0 0 0 0 0 0 0 0 0 0 0 0 0 0 0 0 0 0 0 0 0 0 0 0 0 0 0 0 0 0 0 0 0 0 0 0 0 0 0 0 0 0 0 0 0 0 0 0 0 0 0 0 0 0 0 0 0 0 0 0 0 0 0 0 0 0 0 0 0 0 0 0 0 0 0 0 0 0 0 0 0 0 0 0 0 0 0 0 0 0 0 0 0 0 0 0 0 0 0 0 0 0 0 0 0 0 0 0 0 0 0 0 0 0 0 0 0 0 0 0 0 0 0 0 0 0 0 0 0 0 0 0 0 0 0 0 0 0 0 0 0 0 0 0 0 0 0 0 0 0 0 0 0 0 0 0 0 0 0 0 0 0 0 0 0 0 0 0 0 0 0 0 0 0 0 0 0 0 0 0 0 0 0 0 0 0 0 0 0 0 0 0 0 0 0 0 0 0 0 0 0 0 0 0 0 0 0 0 0 0 0 0 0 0 0 0 0 0 0 0 0 0 0 0 0 0 0 0 0 0 0 0 0 0 0 0 0 0 0 0 0 0 0 0 0 0 0 0 0 0 0 0 0 0 0 0 0 0 0 0 0 0 0 0 0 0 0 0 0 0 0 0 0 0 0 0 0 0 0 0 0 0 0 0 0 0 0 0 0 0 0 0 0 0 0 0 0 0 0 0 0 0 0 0 0 0 0 0 0 0 0 0 0 0 0 0 0 0 0 0 0 0 0 0 0 0 0 0 0 0 0 0 0 0 0 0 0 0 0 0 0 0 0 0 0 0 0 0 0 0 0 0 0 0 0 0 0 0 0 0 0 0 0 0 0 0 0 0 0 0 0 0 0 0 0 0 0 0 0 0 0 0 0 0 0 0 0 0 0 0 0 0 0 0 0 0 0 0 0 0 0 0 0 0 0 0 0 0 0 0 0 0 0 0 0 0 0 0 0 0 0 0 0 0 0 0 0 0 0 0 0 0 0 0 0 0 0 0 0 0 0 0 0 0 0 0 0 0 0 0 0 0 0 0 0 0 0 0 0 0 0 0 0 0 0 0 0 0 0 0 0 0 0 0 0 0 0 0 0 0 0 0 0 0 0 0 0 0 0 0 0 0 0 0 0 0 0 0 0 0 0 0 0 0 0 0 0 0 0 0 0 0 0 0 0 0 0 0 0 0 0 0 0 0 0 0 0 0 0 0 0 0 0 0 0 0 0 0 0 0 0 0 0 0 0 0 0 0 0 0 0 0 0 0 0 0 0 0 0 0 0 0 0 0 0 0 0 0 0 0 0 0 0 0 0 0 0 0 0 0 0 0 0 0 0 0 0 0 0 0 0 0 0 0 0 0 0 0 0 0 0 0 0 0 0 0 0 0 0 0 0 0 0 0 0 0 0 0 0 0 0 0 0 0 0 0 0 0 0 0 0 0 0 0 0 0 0 0 0 0 0 0 0 0 0 0 0 0 0 0 0 0 0 0 0 0 0 0 0 0 0 0 0 0 0 0 0 0 0 0 0 0 0 0 0 0 0 0 0 0 0 0 0 0 0 0 0 0 0 0 0 0 0 0 0 0 0 0 0 0 0 0 0 0 0 0 0 0 0 0 0 0 0 0 0 0 0 0 0 0 0 0 0 0 0 0 0 0 0 0 0 0 0 0 0 0 0 0 0 0 0 0 0 0 0 0 0 0 0 0 0 0 0 0 0 0 0 0 0 0 0 0 0 0 0 0 0 0 0 0 0 0 0 0 0 0 0 0 0 0 0 0 0 0 0 0 0 0 0 0 0 0 0 0 0 0 0 0 0 0 0 0 0 0 0 0 0 0 0 0 0 0 0 0 0 0 0 0 0 0 0 0 0 0 0 0 0 0 0 0 0 0 0 0 0 0 0 0 0 0 0 0 0 0 0 0 0 0 0 0 0 0 0 0 0 0 0 0 0 0 0 0 0 0 0 0 0 0 0 0 0 0 0 0 0 0 0 0 0 0 0 0 0 0 0 0 0 0 0 0 0 0 0 0 0 0 0 0 0 0 0 0 0 0 0 0 0 0 0 0 0 0 0 0 0 0 0 0 0 0 0 0 0 0 0 0 0 0 0 0 0 0 0 0 0 0 0 0 0 0 0 0 0 0 0 0 0 0 0 0 0 0 0 0 0 0 0 0 0 0 0 0 0 0 0 0 0 0 0 0 0 0 0 0 0 0 0 0 0 0 0 0 0 0 0 0 0 0 0 0 0 0 0 0 0 0 0 0 0 0 0 0 0 0 0 0 0 0 0 0 0 0 0 0 0 0 0 0 0 0 0 0 0 0 0 0 0 0 0 0 0 0 0 0 0 0 0 0 0 0 0 0 0 0 0 0 0 0 0 0 0 0 0 0 0 0 0 0 0 0 0 0 0 0 0 0 0 0 0 0 0 0 0 0 0 0 0 0 0 0 0 0 0 0 0 0 0 0 0 0 0 0 0 0 0 0 0 0 0 0 0 0 0 0 0 0 0 0 0 0 0 0 0 0 0 0 0 0 0 0 0 0 0 0 0 0 0 0 0 0 0 0 0 0 0 0 0 0 0 0 0 0 0 0 0 0 0 0 0 0 0 0 0 0 0 0 0 0 0 0 0 0 0 0 0 0 0 0 0 0 0 0 0 0 0 0 0 0 0 0 0 0 0 0 0 0 0 0 0 0 0 0 0 0 0 0 0 0 0 0 0 0 0 0 0 0 0 0 0 0 0 0 0 0 0 0 0 0 0 0 0 0 0 0 0 0 0 0 0 0 0 0 0 0 0 0 0 0 0 0 0 0 0 0 0 0 0 0 0 0 0 0 0 0 0 0 0 0 0 0 0 0 0 0 0 0 0 0 0 0 0 0 0 0 0 0 0 0 0 0 0 0 0 0 0 0 0 0 0 0 0 0 0 0 0 0 0 0 0 0 0 0 0 0 0 0 0 0 0 0 0 0 0 0 0 0 0 0 0 0 0 0 0 0 0 0 0 0 0 0 0 0 0 0 0 0 0 0 0 0 0 0 0 0 0 0 0 0 0 0 0 0 0 0 0 0 0 0 0 0 0 0 0 0 0 0 0 0 0 0 0 0 0 0 0 0 0 0 0 0 0 0 0 0 0 0 0 0 0 0 0 0 0 0 0 0 0 0 0 0 0 0 0 0 0 0 0 0 0 0 0 0 0 0 0 0 0 0 0 0 0 0 0 0 0 0 0 0 0 0 0 0 0 0 0 0 0 0 0 0 0 0 0 0 0 0 0 0 0 0 0 0 0 0 0 0 0 0 0 0 0 0 0 0 0 0 0 0 0 0 0 0 0 0 0 0 0 0 0 0 0 0 0 0 0 0 0 0 0 0 0 0 0 0 0 0 0 0 0 0 0 0 0 0 0 0 0 0 0 0 0 0 0 0 0 0 0 0 0 0 0 0 0 0 0 0 0 0 0 0 0 0 0 0 0 0 0 0 0 0 0 0 0 0 0 0 0 0 0 0 0 0 0 0 0 0 0 0 0 0 0 0 0 0 0 0 0 0 0 0 0 0 0 0 0 0 0 0 0 0 0 0 0 0 0 0 0 0 0 0 0 0 0 0 0 0 0 0 0 0 0 0 0 0 0 0 0 0 0 0 0 0 0 0 0 0 0 0 0 0 0 0 0 0 0 0 0 0 0 0 0 0 0 0 0 0 0 0 0 0 0 0 0 0 0 0 0 0 0 0 0 0 0 0 0 0 0 0 0 0 0 0 0 0 0 0 0 0 0 0 0 0 0 0 0 0 0 0 0 0 0 0 0 0 0 0 0 0 0 0 0 0 0 0 0 0 0 0 0 0 0 0 0 0 0 0 0 0 0 0 0 0 0 0 0 0 0 0 0 0 0 0 0 0 0 0 0 0 0 0 0 0 0 0 0 0 0 0 0 0 0 0 0 0 0 0 0 0 0 0 0 0 0 0 0 0 0 0 0 0 0 0 0 0 0 0 0 0 0 0 0 0 0 0 0 0 0 0 0 0 0 0 0 0 0 0 0 0 0 0 0 0 0 0 0 0 0 0 0 0 0 0 0 0 0 0 0 0 0 0 0 0 0 0 0 0 0 0 0 0 0 0 0 0 0 0 0 0 0 0 0 0 0 0 0 0 0 0 0 0 0 0 0 0 0 0 0 0 0 0 0 0 0 0 0 0 0 0 0 0 0 0 0 0 0 0 0 0 0 0 0 0 0 0 0 0 0 0 0 0 0 0 0 0 0 0 0 0 0 0 0 0 0 0 0 0 0 0 0 0 0 0 0 0 0 0 0 0 0 0 0 0 0 0 0 0 0 0 0 0 0 0 0 0 0 0 0 0 0 0 0 0 0 0 0 0 0 0 0 0 0 0 0 0 0 0 0 0 0 0 0 0 0 0 0 0 0 0 0 0 0 0 0 0 0 0 0 0 0 0 0 0 0 0 0 0 0 0 0 0 0 0 0 0 0 0 0 0 0 0 0 0 0 0 0 0 0 0 0 0 0 0 0 0 0 0 0 0 0 0 0 0 0 0 0 0 0 0 0 0 0 0 0 0 0 0 0 0 0 0 0 0 0 0 0 0 0 0 0 0 0 0 0 0 0 0 0 0 0 0 0 0 0 0 0 0 0 0 0 0 0 0 0 0 0 0 0 0 0 0 0 0 0 0 0 0 0 0 0 0 0 0 0 0 0 0 0 0 0 0 0 0 0 0 0 0 0 0 0 0 0 0 0 0 0 0 0 0 0 0 0 0 0 0 0 0 0 0 0 0 0 0 0 0 0 0 0 0 0 0 0 0 0 0 0 0 0 0 0 0 0 0 0 0 0 0 0 0 0 0 0 0 0 0 0 0 0 0 0 0 0 0 0 0 0 0 0 0 0 0 0 0 0 0 0 0 0 0 0 0 0 0 0 0 0 0 0 0 0 0 0 0 0 0 0 0 0 0 0 0 0 0 0 0 0 0 0 0 0 0 0 0 0 0 0 0 0 0 0 0 0 0 0 0 0 0 0 0 0 0 0 0 0 0 0 0 0 0 0 0 0 0 0 0 0 0 0 0 0 0 0 0 0 0 0 0 0 0 0 0 0 0 0 0 0 0 0 0 0 0 0 0 0 0 0 0 0 0 0 0 0 0 0 0 0 0 0 0 0 0 0 0 0 0 0 0 0 0 0 0 0 0 0 0 0 0 0 0 0 0 0 0 0 0 0 0 0 0 0 0 0 0 0 0 0 0 0 0 0 0 0 0 0 0 0 0 0 0 0 0 0 0 0 0 0 0 0 0 0 0 0 0 0 0 0 0 0 0 0 0 0 0 0 0 0 0 0 0 0 0 0 0 0 0 0 0 0 0 0 0 0 0 0 0 0 0 0 0 0 0 0 0 0 0 0 0 0 0 0 0 0 0 0 0 0 0 0 0 0 0 0 0 0 0 0 0 0 0 0 0 0 0 0 0 0 0 0 0 0 0 0 0 0 0 0 0 0 0 0 0 0 0 0 0 0 0 0 0 0 0 0 0 0 0 0 0 0 0 0 0 0 0 0 0 0 0 0 0 0 0 0 0 0 0 0 0 0 0 0 0 0 0 0 0 0 0 0 0 0 0 0 0 0 0 0 0 0 0 0 0 0 0 0 0 0 0 0 0 0 0 0 0 0 0 0 0 0 0 0 0 0 0 0 0 0 0 0 0 0 0 0 0 0 0 0 0 0 0 0 0 0 0 0 0 0 0 0 0 0 0 0 0 0 0 0 0 0 0 0 0 0 0 0 0 0 0 0 0 0 0 0 0 0 0 0 0 0 0 0 0 0 0 0 0 0 0 0 0 0 0 0 0 0 0 0 0 0 0 0 0 0 0 0 0 0 0 0 0 0 0 0 0 0 0 0 0 0 0 0 0 0 0 0 0 0 0 0 0 0 0 0 0 0 0 0 0 0 0 0 0 0 0 0 0 0 0 0 0 0 0 0 0 0 0 0 0 0 0 0 0 0 0 0 0 0 0 0 0 0 0 0 0 0 0 0 0 0 0 0 0 0 0 0 0 0 0 0 0 0 0 0 0 0 0 0 0 0 0 0 0 0 0 0 0 0 0 0 0 0 0 0 0 0 0 0 0 0 0 0 0 0 0 0 0 0 0 0 0 0 0 0 0 0 0 0 0 0 0 0 0 0 0 0 0 0 0 0 0 0 0 0 0 0 0 0 0 0 0 0 0 0 0 0 0 0 0 0 0 0 0 0 0 0 0 0 0 0 0 0 0 0 0 0 0 0 0 0 0 0 0 0 0 0 0 0 0 0 0 0 0 0 0 0 0 0 0 0 0 0 0 0 0 0 0 0 0 0 0 0 0 0 0 0 0 0 0 0 0 0 0 0 0 0 0 0 0 0 0 0 0 0 0 0 0 0 0 0 0 0 0 0 0 0 0 0 0 0 0 0 0 0 0 0 0 0 0 0 0 0 0 0 0 0 0 0 0 0 0 0 0 0 0 0 0 0 0 0 0 0 0 0 0 0 0 0 0 0 0 0 0 0 0 0 0 0 0 0 0 0 0 0 0 0 0 0 0 0 0 0 0 0 0 0 0 0 0 0 0 0 0 0 0 0 0 0 0 0 0 0 0 0 0 0 0 0 0 0 0 0 0 0 0 0 0 0 0 0 0 0 0 0 0 0 0 0 0 0 0 0 0 0 0 0 0 0 0 0 0 0 0 0 0 0 0 0 0 0 0 0 0 0 0 0 0 0 0 0 0 0 0 0 0 0 0 0 0 0 0 0 0 0 0 0 0 0 0 0 0 0 0 0</float_array>
					<technique_common>
						<accessor source="#13F025DF-8D08-4967-A699-6E0BA8672DB8-mesh-map-1-array" count="5304" stride="2">
							<param name="S" type="float"/>
							<param name="T" type="float"/>
						</accessor>
					</technique_common>
				</source>
				<vertices id="13F025DF-8D08-4967-A699-6E0BA8672DB8-mesh-vertices">
					<input semantic="POSITION" source="#13F025DF-8D08-4967-A699-6E0BA8672DB8-mesh-positions"/>
				</vertices>
				<triangles material="MB|1-material" count="1768">
					<input semantic="VERTEX" source="#13F025DF-8D08-4967-A699-6E0BA8672DB8-mesh-vertices" offset="0"/>
					<input semantic="NORMAL" source="#13F025DF-8D08-4967-A699-6E0BA8672DB8-mesh-normals" offset="1"/>
					<input semantic="TEXCOORD" source="#13F025DF-8D08-4967-A699-6E0BA8672DB8-mesh-map-0" offset="2" set="0"/>
					<input semantic="TEXCOORD" source="#13F025DF-8D08-4967-A699-6E0BA8672DB8-mesh-map-1" offset="2" set="1"/>
					<p>100 100 0 118 118 1 98 98 2 118 118 3 254 254 4 98 98 5 98 98 6 254 254 7 95 95 8 254 254 9 255 255 10 95 95 11 95 95 12 255 255 13 92 92 14 255 255 15 256 256 16 92 92 17 92 92 18 256 256 19 89 89 20 256 256 21 257 257 22 89 89 23 89 89 24 257 257 25 86 86 26 257 257 27 258 258 28 86 86 29 86 86 30 258 258 31 83 83 32 258 258 33 259 259 34 83 83 35 73 73 36 263 263 37 71 71 38 263 263 39 265 265 40 71 71 41 71 71 42 265 265 43 68 68 44 265 265 45 266 266 46 68 68 47 118 118 48 100 100 49 13 13 50 100 100 51 62 62 52 13 13 53 68 68 54 266 266 55 65 65 56 266 266 57 267 267 58 65 65 59 83 83 60 259 259 61 80 80 62 259 259 63 260 260 64 80 80 65 272 272 66 55 55 67 274 274 68 55 55 69 56 56 70 274 274 71 284 284 72 171 171 73 282 282 74 171 171 75 353 353 76 282 282 77 282 282 78 353 353 79 281 281 80 353 353 81 41 41 82 281 281 83 169 169 84 280 280 85 295 295 86 280 280 87 294 294 88 295 295 89 14 14 90 299 299 91 375 375 92 299 299 93 348 348 94 375 375 95 328 328 96 164 164 97 326 326 98 164 164 99 292 292 100 326 326 101 57 57 102 298 298 103 283 283 104 298 298 105 17 17 106 283 283 107 300 300 108 301 301 109 54 54 110 301 301 111 303 303 112 54 54 113 172 172 114 24 24 115 356 356 116 24 24 117 304 304 118 356 356 119 279 279 120 10 10 121 309 309 122 306 306 123 170 170 124 311 311 125 170 170 126 16 16 127 311 311 128 6 6 129 5 5 130 170 170 131 7 7 132 6 6 133 170 170 134 342 342 135 363 363 136 343 343 137 363 363 138 111 111 139 343 343 140 363 363 141 269 269 142 111 111 143 269 269 144 271 271 145 111 111 146 2 2 147 1 1 148 278 278 149 306 306 150 261 261 151 170 170 152 261 261 153 7 7 154 170 170 155 79 79 156 384 384 157 82 82 158 384 384 159 112 112 160 82 82 161 268 268 162 279 279 163 344 344 164 12 12 165 279 279 166 268 268 167 11 11 168 279 279 169 12 12 170 11 11 171 10 10 172 279 279 173 3 3 174 278 278 175 4 4 176 281 281 177 41 41 178 253 253 179 41 41 180 116 116 181 253 253 182 80 80 183 260 260 184 382 382 185 260 260 186 262 262 187 382 382 188 264 264 189 270 270 190 28 28 191 270 270 192 360 360 193 28 28 194 74 74 195 264 264 196 378 378 197 264 264 198 379 379 199 378 378 200 325 325 201 319 319 202 355 355 203 319 319 204 315 315 205 355 355 206 273 273 207 367 367 208 287 287 209 367 367 210 369 369 211 287 287 212 341 341 213 339 339 214 327 327 215 339 339 216 34 34 217 327 327 218 35 35 219 332 332 220 302 302 221 332 332 222 357 357 223 302 302 224 329 329 225 338 338 226 334 334 227 338 338 228 336 336 229 334 334 230 329 329 231 334 334 232 331 331 233 334 334 234 333 333 235 331 331 236 278 278 237 170 170 238 4 4 239 170 170 240 5 5 241 4 4 242 9 9 243 309 309 244 10 10 245 344 344 246 279 279 247 278 278 248 36 36 249 335 335 250 366 366 251 335 335 252 351 351 253 366 366 254 313 313 255 114 114 256 312 312 257 114 114 258 270 270 259 312 312 260 23 23 261 349 349 262 27 27 263 349 349 264 330 330 265 27 27 266 376 376 267 290 290 268 15 15 269 290 290 270 291 291 271 15 15 272 278 278 273 1 1 274 344 344 275 37 37 276 337 337 277 167 167 278 337 337 279 350 350 280 167 167 281 38 38 282 39 39 283 166 166 284 39 39 285 159 159 286 166 166 287 113 113 288 297 297 289 57 57 290 297 297 291 298 298 292 57 57 293 330 330 294 349 349 295 328 328 296 349 349 297 164 164 298 328 328 299 14 14 300 347 347 301 299 299 302 347 347 303 163 163 304 299 299 305 15 15 306 291 291 307 345 345 308 291 291 309 296 296 310 345 345 311 286 286 312 288 288 313 285 285 314 288 288 315 168 168 316 285 285 317 273 273 318 287 287 319 160 160 320 287 287 321 161 161 322 160 160 323 305 305 324 320 320 325 173 173 326 320 320 327 174 174 328 173 173 329 2 2 330 278 278 331 3 3 332 310 310 333 308 308 334 361 361 335 308 308 336 359 359 337 361 361 338 362 362 339 42 42 340 364 364 341 42 42 342 44 44 343 364 364 344 30 30 345 43 43 346 316 316 347 43 43 348 45 45 349 316 316 350 40 40 351 322 322 352 22 22 353 322 322 354 33 33 355 22 22 356 373 373 357 371 371 358 323 323 359 371 371 360 321 321 361 323 323 362 30 30 363 316 316 364 307 307 365 316 316 366 314 314 367 307 307 368 315 315 369 317 317 370 355 355 371 317 317 372 354 354 373 355 355 374 36 36 375 366 366 376 358 358 377 366 366 378 289 289 379 358 358 380 252 252 381 346 346 382 376 376 383 346 346 384 290 290 385 376 376 386 367 367 387 273 273 388 340 340 389 273 273 390 275 275 391 340 340 392 19 19 393 370 370 394 20 20 395 370 370 396 25 25 397 20 20 398 368 368 399 18 18 400 374 374 401 18 18 402 372 372 403 374 374 404 327 327 405 51 51 406 341 341 407 51 51 408 49 49 409 341 341 410 363 363 411 342 342 412 46 46 413 342 342 414 21 21 415 46 46 416 108 108 417 105 105 418 40 40 419 105 105 420 322 322 421 40 40 422 48 48 423 47 47 424 357 357 425 105 105 426 365 365 427 322 322 428 365 365 429 52 52 430 322 322 431 357 357 432 47 47 433 324 324 434 47 47 435 50 50 436 324 324 437 275 275 438 159 159 439 340 340 440 159 159 441 39 39 442 340 340 443 276 276 444 115 115 445 277 277 446 115 115 447 59 59 448 277 277 449 117 117 450 0 0 451 58 58 452 0 0 453 60 60 454 58 58 455 324 324 456 53 53 457 357 357 458 53 53 459 302 302 460 357 357 461 277 277 462 59 59 463 293 293 464 59 59 465 26 26 466 293 293 467 305 305 468 264 264 469 320 320 470 58 58 471 60 60 472 280 280 473 60 60 474 294 294 475 280 280 476 62 62 477 100 100 478 63 63 479 100 100 480 102 102 481 63 63 482 63 63 483 102 102 484 61 61 485 102 102 486 101 101 487 61 61 488 61 61 489 64 64 490 63 63 491 64 64 492 66 66 493 63 63 494 63 63 495 66 66 496 62 62 497 66 66 498 65 65 499 62 62 500 64 64 501 67 67 502 66 66 503 67 67 504 69 69 505 66 66 506 66 66 507 69 69 508 65 65 509 69 69 510 68 68 511 65 65 512 67 67 513 70 70 514 69 69 515 70 70 516 72 72 517 69 69 518 69 69 519 72 72 520 68 68 521 72 72 522 71 71 523 68 68 524 70 70 525 377 377 526 72 72 527 377 377 528 75 75 529 72 72 530 72 72 531 75 75 532 71 71 533 75 75 534 73 73 535 71 71 536 381 381 537 79 79 538 380 380 539 79 79 540 81 81 541 380 380 542 380 380 543 81 81 544 382 382 545 81 81 546 80 80 547 382 382 548 79 79 549 82 82 550 81 81 551 82 82 552 84 84 553 81 81 554 81 81 555 84 84 556 80 80 557 84 84 558 83 83 559 80 80 560 82 82 561 85 85 562 84 84 563 85 85 564 87 87 565 84 84 566 84 84 567 87 87 568 83 83 569 87 87 570 86 86 571 83 83 572 85 85 573 88 88 574 87 87 575 88 88 576 90 90 577 87 87 578 87 87 579 90 90 580 86 86 581 90 90 582 89 89 583 86 86 584 88 88 585 91 91 586 90 90 587 91 91 588 93 93 589 90 90 590 90 90 591 93 93 592 89 89 593 93 93 594 92 92 595 89 89 596 91 91 597 94 94 598 93 93 599 94 94 600 96 96 601 93 93 602 93 93 603 96 96 604 92 92 605 96 96 606 95 95 607 92 92 608 94 94 609 97 97 610 96 96 611 97 97 612 99 99 613 96 96 614 96 96 615 99 99 616 95 95 617 99 99 618 98 98 619 95 95 620 97 97 621 101 101 622 99 99 623 101 101 624 102 102 625 99 99 626 99 99 627 102 102 628 98 98 629 102 102 630 100 100 631 98 98 632 65 65 633 267 267 634 62 62 635 267 267 636 13 13 637 62 62 638 253 253 639 116 116 640 252 252 641 116 116 642 346 346 643 252 252 644 343 343 645 111 111 646 108 108 647 111 111 648 105 105 649 108 108 650 111 111 651 271 271 652 105 105 653 271 271 654 365 365 655 105 105 656 53 53 657 324 324 658 352 352 659 324 324 660 106 106 661 352 352 662 54 54 663 303 303 664 318 318 665 303 303 666 107 107 667 318 318 668 375 375 669 348 348 670 383 383 671 348 348 672 109 109 673 383 383 674 56 56 675 55 55 676 110 110 677 55 55 678 104 104 679 110 110 680 352 352 681 106 106 682 313 313 683 106 106 684 114 114 685 313 313 686 318 318 687 107 107 688 276 276 689 107 107 690 115 115 691 276 276 692 70 70 693 67 67 694 112 112 695 383 383 696 109 109 697 117 117 698 109 109 699 0 0 700 117 117 701 64 64 702 61 61 703 112 112 704 85 85 705 82 82 706 112 112 707 112 112 708 91 91 709 88 88 710 112 112 711 97 97 712 94 94 713 110 110 714 104 104 715 113 113 716 104 104 717 297 297 718 113 113 719 112 112 720 94 94 721 91 91 722 112 112 723 101 101 724 97 97 725 88 88 726 85 85 727 112 112 728 16 16 729 279 279 730 311 311 731 279 279 732 309 309 733 311 311 734 112 112 735 61 61 736 101 101 737 384 384 738 79 79 739 381 381 740 67 67 741 64 64 742 112 112 743 377 377 744 70 70 745 384 384 746 70 70 747 112 112 748 384 384 749 78 78 750 77 77 751 76 76 752 77 77 753 8 8 754 76 76 755 270 270 756 264 264 757 312 312 758 264 264 759 305 305 760 312 312 761 31 31 762 32 32 763 29 29 764 32 32 765 8 8 766 29 29 767 385 385 768 76 76 769 32 32 770 76 76 771 8 8 772 32 32 773 264 264 774 74 74 775 320 320 776 74 74 777 103 103 778 320 320 779 233 233 780 231 231 781 251 251 782 231 231 783 388 388 784 251 251 785 231 231 786 228 228 787 388 388 788 228 228 789 389 389 790 388 388 791 228 228 792 225 225 793 389 389 794 225 225 795 390 390 796 389 389 797 225 225 798 222 222 799 390 390 800 222 222 801 391 391 802 390 390 803 222 222 804 219 219 805 391 391 806 219 219 807 392 392 808 391 391 809 219 219 810 216 216 811 392 392 812 216 216 813 393 393 814 392 392 815 206 206 816 204 204 817 397 397 818 204 204 819 399 399 820 397 397 821 204 204 822 201 201 823 399 399 824 201 201 825 400 400 826 399 399 827 251 251 828 132 132 829 233 233 830 132 132 831 195 195 832 233 233 833 201 201 834 198 198 835 400 400 836 198 198 837 401 401 838 400 400 839 216 216 840 213 213 841 393 393 842 213 213 843 394 394 844 393 393 845 406 406 846 408 408 847 188 188 848 408 408 849 189 189 850 188 188 851 284 284 852 415 415 853 171 171 854 415 415 855 476 476 856 171 171 857 415 415 858 414 414 859 476 476 860 414 414 861 165 165 862 476 476 863 169 169 864 295 295 865 413 413 866 295 295 867 425 425 868 413 413 869 133 133 870 495 495 871 428 428 872 495 495 873 474 474 874 428 428 875 456 456 876 454 454 877 164 164 878 454 454 879 423 423 880 164 164 881 190 190 882 416 416 883 427 427 884 416 416 885 136 136 886 427 427 887 429 429 888 187 187 889 430 430 890 187 187 891 432 432 892 430 430 893 172 172 894 356 356 895 143 143 896 356 356 897 433 433 898 143 143 899 412 412 900 438 438 901 129 129 902 435 435 903 440 440 904 170 170 905 440 440 906 135 135 907 170 170 908 125 125 909 170 170 910 124 124 911 126 126 912 170 170 913 125 125 914 470 470 915 471 471 916 484 484 917 471 471 918 244 244 919 484 484 920 484 484 921 244 244 922 403 403 923 244 244 924 405 405 925 403 403 926 121 121 927 278 278 928 120 120 929 435 435 930 170 170 931 395 395 932 170 170 933 126 126 934 395 395 935 212 212 936 215 215 937 504 504 938 215 215 939 245 245 940 504 504 941 402 402 942 472 472 943 412 412 944 131 131 945 402 402 946 412 412 947 130 130 948 131 131 949 412 412 950 130 130 951 412 412 952 129 129 953 122 122 954 123 123 955 278 278 956 414 414 957 387 387 958 165 165 959 387 387 960 249 249 961 165 165 962 213 213 963 502 502 964 394 394 965 502 502 966 396 396 967 394 394 968 398 398 969 147 147 970 404 404 971 147 147 972 481 481 973 404 404 974 207 207 975 498 498 976 398 398 977 498 498 978 499 499 979 398 398 980 325 325 981 355 355 982 448 448 983 355 355 984 444 444 985 448 448 986 407 407 987 418 418 988 487 487 989 418 418 990 489 489 991 487 487 992 469 469 993 455 455 994 467 467 995 455 455 996 153 153 997 467 467 998 154 154 999 431 431 1000 460 460 1001 431 431 1002 478 478 1003 460 460 1004 457 457 1005 462 462 1006 466 466 1007 462 462 1008 464 464 1009 466 466 1010 457 457 1011 459 459 1012 462 462 1013 459 459 1014 461 461 1015 462 462 1016 278 278 1017 123 123 1018 170 170 1019 123 123 1020 124 124 1021 170 170 1022 128 128 1023 129 129 1024 438 438 1025 472 472 1026 278 278 1027 412 412 1028 155 155 1029 366 366 1030 463 463 1031 366 366 1032 351 351 1033 463 463 1034 442 442 1035 441 441 1036 247 247 1037 441 441 1038 404 404 1039 247 247 1040 142 142 1041 146 146 1042 349 349 1043 146 146 1044 458 458 1045 349 349 1046 496 496 1047 134 134 1048 421 421 1049 134 134 1050 422 422 1051 421 421 1052 278 278 1053 472 472 1054 120 120 1055 156 156 1056 167 167 1057 465 465 1058 167 167 1059 350 350 1060 465 465 1061 157 157 1062 166 166 1063 158 158 1064 166 166 1065 159 159 1066 158 158 1067 246 246 1068 190 190 1069 426 426 1070 190 190 1071 427 427 1072 426 426 1073 458 458 1074 456 456 1075 349 349 1076 456 456 1077 164 164 1078 349 349 1079 133 133 1080 428 428 1081 347 347 1082 428 428 1083 163 163 1084 347 347 1085 134 134 1086 345 345 1087 422 422 1088 345 345 1089 296 296 1090 422 422 1091 417 417 1092 285 285 1093 419 419 1094 285 285 1095 168 168 1096 419 419 1097 407 407 1098 160 160 1099 418 418 1100 160 160 1101 161 161 1102 418 418 1103 434 434 1104 173 173 1105 449 449 1106 173 173 1107 174 174 1108 449 449 1109 121 121 1110 122 122 1111 278 278 1112 439 439 1113 482 482 1114 437 437 1115 482 482 1116 480 480 1117 437 437 1118 483 483 1119 485 485 1120 175 175 1121 485 485 1122 177 177 1123 175 175 1124 149 149 1125 445 445 1126 176 176 1127 445 445 1128 178 178 1129 176 176 1130 162 162 1131 141 141 1132 451 451 1133 141 141 1134 152 152 1135 451 451 1136 493 493 1137 452 452 1138 491 491 1139 452 452 1140 450 450 1141 491 491 1142 149 149 1143 436 436 1144 445 445 1145 436 436 1146 443 443 1147 445 445 1148 444 444 1149 355 355 1150 446 446 1151 355 355 1152 477 477 1153 446 446 1154 155 155 1155 479 479 1156 366 366 1157 479 479 1158 420 420 1159 366 366 1160 386 386 1161 496 496 1162 473 473 1163 496 496 1164 421 421 1165 473 473 1166 487 487 1167 468 468 1168 407 407 1169 468 468 1170 409 409 1171 407 407 1172 138 138 1173 139 139 1174 490 490 1175 139 139 1176 144 144 1177 490 490 1178 488 488 1179 494 494 1180 137 137 1181 494 494 1182 492 492 1183 137 137 1184 455 455 1185 469 469 1186 184 184 1187 469 469 1188 182 182 1189 184 184 1190 484 484 1191 179 179 1192 470 470 1193 179 179 1194 140 140 1195 470 470 1196 241 241 1197 162 162 1198 238 238 1199 162 162 1200 451 451 1201 238 238 1202 181 181 1203 478 478 1204 180 180 1205 238 238 1206 451 451 1207 486 486 1208 451 451 1209 185 185 1210 486 486 1211 478 478 1212 453 453 1213 180 180 1214 453 453 1215 183 183 1216 180 180 1217 409 409 1218 468 468 1219 159 159 1220 468 468 1221 158 158 1222 159 159 1223 410 410 1224 411 411 1225 248 248 1226 411 411 1227 192 192 1228 248 248 1229 250 250 1230 191 191 1231 119 119 1232 191 191 1233 193 193 1234 119 119 1235 453 453 1236 478 478 1237 186 186 1238 478 478 1239 431 431 1240 186 186 1241 411 411 1242 424 424 1243 192 192 1244 424 424 1245 145 145 1246 192 192 1247 434 434 1248 449 449 1249 398 398 1250 191 191 1251 413 413 1252 193 193 1253 413 413 1254 425 425 1255 193 193 1256 195 195 1257 196 196 1258 233 233 1259 196 196 1260 235 235 1261 233 233 1262 196 196 1263 194 194 1264 235 235 1265 194 194 1266 234 234 1267 235 235 1268 194 194 1269 196 196 1270 197 197 1271 196 196 1272 199 199 1273 197 197 1274 196 196 1275 195 195 1276 199 199 1277 195 195 1278 198 198 1279 199 199 1280 197 197 1281 199 199 1282 200 200 1283 199 199 1284 202 202 1285 200 200 1286 199 199 1287 198 198 1288 202 202 1289 198 198 1290 201 201 1291 202 202 1292 200 200 1293 202 202 1294 203 203 1295 202 202 1296 205 205 1297 203 203 1298 202 202 1299 201 201 1300 205 205 1301 201 201 1302 204 204 1303 205 205 1304 203 203 1305 205 205 1306 497 497 1307 205 205 1308 208 208 1309 497 497 1310 205 205 1311 204 204 1312 208 208 1313 204 204 1314 206 206 1315 208 208 1316 501 501 1317 500 500 1318 212 212 1319 500 500 1320 214 214 1321 212 212 1322 500 500 1323 502 502 1324 214 214 1325 502 502 1326 213 213 1327 214 214 1328 212 212 1329 214 214 1330 215 215 1331 214 214 1332 217 217 1333 215 215 1334 214 214 1335 213 213 1336 217 217 1337 213 213 1338 216 216 1339 217 217 1340 215 215 1341 217 217 1342 218 218 1343 217 217 1344 220 220 1345 218 218 1346 217 217 1347 216 216 1348 220 220 1349 216 216 1350 219 219 1351 220 220 1352 218 218 1353 220 220 1354 221 221 1355 220 220 1356 223 223 1357 221 221 1358 220 220 1359 219 219 1360 223 223 1361 219 219 1362 222 222 1363 223 223 1364 221 221 1365 223 223 1366 224 224 1367 223 223 1368 226 226 1369 224 224 1370 223 223 1371 222 222 1372 226 226 1373 222 222 1374 225 225 1375 226 226 1376 224 224 1377 226 226 1378 227 227 1379 226 226 1380 229 229 1381 227 227 1382 226 226 1383 225 225 1384 229 229 1385 225 225 1386 228 228 1387 229 229 1388 227 227 1389 229 229 1390 230 230 1391 229 229 1392 232 232 1393 230 230 1394 229 229 1395 228 228 1396 232 232 1397 228 228 1398 231 231 1399 232 232 1400 230 230 1401 232 232 1402 234 234 1403 232 232 1404 235 235 1405 234 234 1406 232 232 1407 231 231 1408 235 235 1409 231 231 1410 233 233 1411 235 235 1412 198 198 1413 195 195 1414 401 401 1415 195 195 1416 132 132 1417 401 401 1418 387 387 1419 386 386 1420 249 249 1421 386 386 1422 473 473 1423 249 249 1424 471 471 1425 241 241 1426 244 244 1427 241 241 1428 238 238 1429 244 244 1430 244 244 1431 238 238 1432 405 405 1433 238 238 1434 486 486 1435 405 405 1436 186 186 1437 475 475 1438 453 453 1439 475 475 1440 239 239 1441 453 453 1442 187 187 1443 447 447 1444 432 432 1445 447 447 1446 240 240 1447 432 432 1448 495 495 1449 503 503 1450 474 474 1451 503 503 1452 242 242 1453 474 474 1454 189 189 1455 243 243 1456 188 188 1457 243 243 1458 237 237 1459 188 188 1460 475 475 1461 442 442 1462 239 239 1463 442 442 1464 247 247 1465 239 239 1466 447 447 1467 410 410 1468 240 240 1469 410 410 1470 248 248 1471 240 240 1472 203 203 1473 245 245 1474 200 200 1475 503 503 1476 250 250 1477 242 242 1478 250 250 1479 119 119 1480 242 242 1481 197 197 1482 245 245 1483 194 194 1484 218 218 1485 245 245 1486 215 215 1487 245 245 1488 221 221 1489 224 224 1490 245 245 1491 227 227 1492 230 230 1493 243 243 1494 246 246 1495 237 237 1496 246 246 1497 426 426 1498 237 237 1499 245 245 1500 224 224 1501 227 227 1502 245 245 1503 230 230 1504 234 234 1505 221 221 1506 245 245 1507 218 218 1508 135 135 1509 440 440 1510 412 412 1511 440 440 1512 438 438 1513 412 412 1514 245 245 1515 234 234 1516 194 194 1517 504 504 1518 501 501 1519 212 212 1520 200 200 1521 245 245 1522 197 197 1523 497 497 1524 504 504 1525 203 203 1526 504 504 1527 245 245 1528 203 203 1529 211 211 1530 209 209 1531 210 210 1532 209 209 1533 127 127 1534 210 210 1535 404 404 1536 441 441 1537 398 398 1538 441 441 1539 434 434 1540 398 398 1541 150 150 1542 148 148 1543 151 151 1544 148 148 1545 127 127 1546 151 151 1547 505 505 1548 151 151 1549 209 209 1550 151 151 1551 127 127 1552 209 209 1553 398 398 1554 449 449 1555 207 207 1556 449 449 1557 236 236 1558 207 207 1559 542 542 1560 546 546 1561 564 564 1562 546 546 1563 561 561 1564 564 564 1565 510 510 1566 511 511 1567 512 512 1568 511 511 1569 514 514 1570 512 512 1571 511 511 1572 509 509 1573 514 514 1574 509 509 1575 513 513 1576 514 514 1577 516 516 1578 517 517 1579 518 518 1580 517 517 1581 520 520 1582 518 518 1583 517 517 1584 515 515 1585 520 520 1586 515 515 1587 519 519 1588 520 520 1589 531 531 1590 532 532 1591 533 533 1592 532 532 1593 535 535 1594 533 533 1595 532 532 1596 530 530 1597 535 535 1598 530 530 1599 534 534 1600 535 535 1601 518 518 1602 520 520 1603 521 521 1604 520 520 1605 523 523 1606 521 521 1607 520 520 1608 519 519 1609 523 523 1610 519 519 1611 522 522 1612 523 523 1613 521 521 1614 523 523 1615 524 524 1616 523 523 1617 526 526 1618 524 524 1619 523 523 1620 522 522 1621 526 526 1622 522 522 1623 525 525 1624 526 526 1625 533 533 1626 535 535 1627 536 536 1628 535 535 1629 538 538 1630 536 536 1631 535 535 1632 534 534 1633 538 538 1634 534 534 1635 537 537 1636 538 538 1637 536 536 1638 538 538 1639 539 539 1640 538 538 1641 541 541 1642 539 539 1643 538 538 1644 537 537 1645 541 541 1646 537 537 1647 540 540 1648 541 541 1649 546 546 1650 547 547 1651 548 548 1652 547 547 1653 550 550 1654 548 548 1655 547 547 1656 545 545 1657 550 550 1658 545 545 1659 549 549 1660 550 550 1661 524 524 1662 526 526 1663 527 527 1664 526 526 1665 529 529 1666 527 527 1667 526 526 1668 525 525 1669 529 529 1670 525 525 1671 528 528 1672 529 529 1673 527 527 1674 529 529 1675 531 531 1676 529 529 1677 532 532 1678 531 531 1679 529 529 1680 528 528 1681 532 532 1682 528 528 1683 530 530 1684 532 532 1685 539 539 1686 541 541 1687 542 542 1688 541 541 1689 544 544 1690 542 542 1691 541 541 1692 540 540 1693 544 544 1694 540 540 1695 543 543 1696 544 544 1697 542 542 1698 544 544 1699 546 546 1700 544 544 1701 547 547 1702 546 546 1703 544 544 1704 543 543 1705 547 547 1706 543 543 1707 545 545 1708 547 547 1709 548 548 1710 550 550 1711 551 551 1712 550 550 1713 553 553 1714 551 551 1715 550 550 1716 549 549 1717 553 553 1718 549 549 1719 552 552 1720 553 553 1721 512 512 1722 514 514 1723 516 516 1724 514 514 1725 517 517 1726 516 516 1727 514 514 1728 513 513 1729 517 517 1730 513 513 1731 515 515 1732 517 517 1733 551 551 1734 553 553 1735 506 506 1736 553 553 1737 508 508 1738 506 506 1739 553 553 1740 552 552 1741 508 508 1742 552 552 1743 507 507 1744 508 508 1745 506 506 1746 508 508 1747 510 510 1748 508 508 1749 511 511 1750 510 510 1751 508 508 1752 507 507 1753 511 511 1754 507 507 1755 509 509 1756 511 511 1757 558 558 1758 554 554 1759 559 559 1760 554 554 1761 556 556 1762 559 559 1763 559 559 1764 556 556 1765 557 557 1766 556 556 1767 555 555 1768 557 557 1769 561 561 1770 558 558 1771 562 562 1772 558 558 1773 559 559 1774 562 562 1775 562 562 1776 559 559 1777 560 560 1778 559 559 1779 557 557 1780 560 560 1781 564 564 1782 561 561 1783 565 565 1784 561 561 1785 562 562 1786 565 565 1787 565 565 1788 562 562 1789 563 563 1790 562 562 1791 560 560 1792 563 563 1793 567 567 1794 564 564 1795 568 568 1796 564 564 1797 565 565 1798 568 568 1799 568 568 1800 565 565 1801 566 566 1802 565 565 1803 563 563 1804 566 566 1805 570 570 1806 567 567 1807 571 571 1808 567 567 1809 568 568 1810 571 571 1811 571 571 1812 568 568 1813 569 569 1814 568 568 1815 566 566 1816 569 569 1817 573 573 1818 570 570 1819 574 574 1820 570 570 1821 571 571 1822 574 574 1823 574 574 1824 571 571 1825 572 572 1826 571 571 1827 569 569 1828 572 572 1829 576 576 1830 573 573 1831 577 577 1832 573 573 1833 574 574 1834 577 577 1835 577 577 1836 574 574 1837 575 575 1838 574 574 1839 572 572 1840 575 575 1841 579 579 1842 576 576 1843 580 580 1844 576 576 1845 577 577 1846 580 580 1847 580 580 1848 577 577 1849 578 578 1850 577 577 1851 575 575 1852 578 578 1853 582 582 1854 579 579 1855 583 583 1856 579 579 1857 580 580 1858 583 583 1859 583 583 1860 580 580 1861 581 581 1862 580 580 1863 578 578 1864 581 581 1865 585 585 1866 582 582 1867 586 586 1868 582 582 1869 583 583 1870 586 586 1871 586 586 1872 583 583 1873 584 584 1874 583 583 1875 581 581 1876 584 584 1877 588 588 1878 585 585 1879 589 589 1880 585 585 1881 586 586 1882 589 589 1883 589 589 1884 586 586 1885 587 587 1886 586 586 1887 584 584 1888 587 587 1889 591 591 1890 588 588 1891 592 592 1892 588 588 1893 589 589 1894 592 592 1895 592 592 1896 589 589 1897 590 590 1898 589 589 1899 587 587 1900 590 590 1901 594 594 1902 591 591 1903 595 595 1904 591 591 1905 592 592 1906 595 595 1907 595 595 1908 592 592 1909 593 593 1910 592 592 1911 590 590 1912 593 593 1913 597 597 1914 594 594 1915 598 598 1916 594 594 1917 595 595 1918 598 598 1919 598 598 1920 595 595 1921 596 596 1922 595 595 1923 593 593 1924 596 596 1925 600 600 1926 597 597 1927 601 601 1928 597 597 1929 598 598 1930 601 601 1931 601 601 1932 598 598 1933 599 599 1934 598 598 1935 596 596 1936 599 599 1937 554 554 1938 600 600 1939 556 556 1940 600 600 1941 601 601 1942 556 556 1943 556 556 1944 601 601 1945 555 555 1946 601 601 1947 599 599 1948 555 555 1949 521 521 1950 524 524 1951 585 585 1952 524 524 1953 582 582 1954 585 585 1955 546 546 1956 548 548 1957 561 561 1958 548 548 1959 558 558 1960 561 561 1961 524 524 1962 527 527 1963 582 582 1964 527 527 1965 579 579 1966 582 582 1967 554 554 1968 551 551 1969 600 600 1970 551 551 1971 506 506 1972 600 600 1973 548 548 1974 551 551 1975 558 558 1976 551 551 1977 554 554 1978 558 558 1979 527 527 1980 531 531 1981 579 579 1982 531 531 1983 576 576 1984 579 579 1985 600 600 1986 506 506 1987 597 597 1988 506 506 1989 510 510 1990 597 597 1991 531 531 1992 533 533 1993 576 576 1994 533 533 1995 573 573 1996 576 576 1997 510 510 1998 512 512 1999 597 597 2000 512 512 2001 594 594 2002 597 597 2003 533 533 2004 536 536 2005 573 573 2006 536 536 2007 570 570 2008 573 573 2009 512 512 2010 516 516 2011 594 594 2012 516 516 2013 591 591 2014 594 594 2015 536 536 2016 539 539 2017 570 570 2018 539 539 2019 567 567 2020 570 570 2021 516 516 2022 518 518 2023 591 591 2024 518 518 2025 588 588 2026 591 591 2027 539 539 2028 542 542 2029 567 567 2030 542 542 2031 564 564 2032 567 567 2033 518 518 2034 521 521 2035 588 588 2036 521 521 2037 585 585 2038 588 588 2039 640 640 2040 643 643 2041 609 609 2042 643 643 2043 610 610 2044 609 609 2045 540 540 2046 537 537 2047 630 630 2048 537 537 2049 633 633 2050 630 630 2051 655 655 2052 658 658 2053 614 614 2054 658 658 2055 615 615 2056 614 614 2057 628 628 2058 631 631 2059 605 605 2060 631 631 2061 606 606 2062 605 605 2063 658 658 2064 661 661 2065 615 615 2066 661 661 2067 616 616 2068 615 615 2069 645 645 2070 525 525 2071 648 648 2072 525 525 2073 522 522 2074 648 648 2075 534 534 2076 530 530 2077 636 636 2078 530 530 2079 639 639 2080 636 636 2081 618 618 2082 622 622 2083 602 602 2084 622 622 2085 603 603 2086 602 602 2087 525 525 2088 645 645 2089 528 528 2090 645 645 2091 642 642 2092 528 528 2093 619 619 2094 663 663 2095 552 552 2096 663 663 2097 507 507 2098 552 552 2099 661 661 2100 664 664 2101 616 616 2102 664 664 2103 617 617 2104 616 616 2105 649 649 2106 652 652 2107 612 612 2108 652 652 2109 613 613 2110 612 612 2111 509 509 2112 507 507 2113 660 660 2114 507 507 2115 663 663 2116 660 660 2117 624 624 2118 545 545 2119 627 627 2120 545 545 2121 543 543 2122 627 627 2123 624 624 2124 621 621 2125 545 545 2126 621 621 2127 549 549 2128 545 545 2129 634 634 2130 637 637 2131 607 607 2132 637 637 2133 608 608 2134 607 607 2135 643 643 2136 646 646 2137 610 610 2138 646 646 2139 611 611 2140 610 610 2141 630 630 2142 627 627 2143 540 540 2144 627 627 2145 543 543 2146 540 540 2147 652 652 2148 655 655 2149 613 613 2150 655 655 2151 614 614 2152 613 613 2153 625 625 2154 628 628 2155 604 604 2156 628 628 2157 605 605 2158 604 604 2159 657 657 2160 654 654 2161 513 513 2162 654 654 2163 515 515 2164 513 513 2165 646 646 2166 649 649 2167 611 611 2168 649 649 2169 612 612 2170 611 611 2171 637 637 2172 640 640 2173 608 608 2174 640 640 2175 609 609 2176 608 608 2177 642 642 2178 639 639 2179 528 528 2180 639 639 2181 530 530 2182 528 528 2183 537 537 2184 534 534 2185 633 633 2186 534 534 2187 636 636 2188 633 633 2189 664 664 2190 618 618 2191 617 617 2192 618 618 2193 602 602 2194 617 617 2195 513 513 2196 509 509 2197 657 657 2198 509 509 2199 660 660 2200 657 657 2201 622 622 2202 625 625 2203 603 603 2204 625 625 2205 604 604 2206 603 603 2207 519 519 2208 515 515 2209 651 651 2210 515 515 2211 654 654 2212 651 651 2213 631 631 2214 634 634 2215 606 606 2216 634 634 2217 607 607 2218 606 606 2219 648 648 2220 522 522 2221 651 651 2222 522 522 2223 519 519 2224 651 651 2225 622 622 2226 618 618 2227 623 623 2228 618 618 2229 620 620 2230 623 623 2231 623 623 2232 620 620 2233 621 621 2234 620 620 2235 619 619 2236 621 621 2237 625 625 2238 622 622 2239 626 626 2240 622 622 2241 623 623 2242 626 626 2243 626 626 2244 623 623 2245 624 624 2246 623 623 2247 621 621 2248 624 624 2249 628 628 2250 625 625 2251 629 629 2252 625 625 2253 626 626 2254 629 629 2255 629 629 2256 626 626 2257 627 627 2258 626 626 2259 624 624 2260 627 627 2261 631 631 2262 628 628 2263 632 632 2264 628 628 2265 629 629 2266 632 632 2267 632 632 2268 629 629 2269 630 630 2270 629 629 2271 627 627 2272 630 630 2273 634 634 2274 631 631 2275 635 635 2276 631 631 2277 632 632 2278 635 635 2279 635 635 2280 632 632 2281 633 633 2282 632 632 2283 630 630 2284 633 633 2285 637 637 2286 634 634 2287 638 638 2288 634 634 2289 635 635 2290 638 638 2291 638 638 2292 635 635 2293 636 636 2294 635 635 2295 633 633 2296 636 636 2297 640 640 2298 637 637 2299 641 641 2300 637 637 2301 638 638 2302 641 641 2303 641 641 2304 638 638 2305 639 639 2306 638 638 2307 636 636 2308 639 639 2309 643 643 2310 640 640 2311 644 644 2312 640 640 2313 641 641 2314 644 644 2315 644 644 2316 641 641 2317 642 642 2318 641 641 2319 639 639 2320 642 642 2321 646 646 2322 643 643 2323 647 647 2324 643 643 2325 644 644 2326 647 647 2327 647 647 2328 644 644 2329 645 645 2330 644 644 2331 642 642 2332 645 645 2333 649 649 2334 646 646 2335 650 650 2336 646 646 2337 647 647 2338 650 650 2339 650 650 2340 647 647 2341 648 648 2342 647 647 2343 645 645 2344 648 648 2345 652 652 2346 649 649 2347 653 653 2348 649 649 2349 650 650 2350 653 653 2351 653 653 2352 650 650 2353 651 651 2354 650 650 2355 648 648 2356 651 651 2357 655 655 2358 652 652 2359 656 656 2360 652 652 2361 653 653 2362 656 656 2363 656 656 2364 653 653 2365 654 654 2366 653 653 2367 651 651 2368 654 654 2369 658 658 2370 655 655 2371 659 659 2372 655 655 2373 656 656 2374 659 659 2375 659 659 2376 656 656 2377 657 657 2378 656 656 2379 654 654 2380 657 657 2381 661 661 2382 658 658 2383 662 662 2384 658 658 2385 659 659 2386 662 662 2387 662 662 2388 659 659 2389 660 660 2390 659 659 2391 657 657 2392 660 660 2393 664 664 2394 661 661 2395 665 665 2396 661 661 2397 662 662 2398 665 665 2399 665 665 2400 662 662 2401 663 663 2402 662 662 2403 660 660 2404 663 663 2405 618 618 2406 664 664 2407 620 620 2408 664 664 2409 665 665 2410 620 620 2411 620 620 2412 665 665 2413 619 619 2414 665 665 2415 663 663 2416 619 619 2417 621 621 2418 619 619 2419 549 549 2420 619 619 2421 552 552 2422 549 549 2423 702 702 2424 706 706 2425 724 724 2426 706 706 2427 721 721 2428 724 724 2429 670 670 2430 671 671 2431 672 672 2432 671 671 2433 674 674 2434 672 672 2435 671 671 2436 669 669 2437 674 674 2438 669 669 2439 673 673 2440 674 674 2441 676 676 2442 677 677 2443 678 678 2444 677 677 2445 680 680 2446 678 678 2447 677 677 2448 675 675 2449 680 680 2450 675 675 2451 679 679 2452 680 680 2453 691 691 2454 692 692 2455 693 693 2456 692 692 2457 695 695 2458 693 693 2459 692 692 2460 690 690 2461 695 695 2462 690 690 2463 694 694 2464 695 695 2465 678 678 2466 680 680 2467 681 681 2468 680 680 2469 683 683 2470 681 681 2471 680 680 2472 679 679 2473 683 683 2474 679 679 2475 682 682 2476 683 683 2477 681 681 2478 683 683 2479 684 684 2480 683 683 2481 686 686 2482 684 684 2483 683 683 2484 682 682 2485 686 686 2486 682 682 2487 685 685 2488 686 686 2489 693 693 2490 695 695 2491 696 696 2492 695 695 2493 698 698 2494 696 696 2495 695 695 2496 694 694 2497 698 698 2498 694 694 2499 697 697 2500 698 698 2501 696 696 2502 698 698 2503 699 699 2504 698 698 2505 701 701 2506 699 699 2507 698 698 2508 697 697 2509 701 701 2510 697 697 2511 700 700 2512 701 701 2513 706 706 2514 707 707 2515 708 708 2516 707 707 2517 710 710 2518 708 708 2519 707 707 2520 705 705 2521 710 710 2522 705 705 2523 709 709 2524 710 710 2525 684 684 2526 686 686 2527 687 687 2528 686 686 2529 689 689 2530 687 687 2531 686 686 2532 685 685 2533 689 689 2534 685 685 2535 688 688 2536 689 689 2537 687 687 2538 689 689 2539 691 691 2540 689 689 2541 692 692 2542 691 691 2543 689 689 2544 688 688 2545 692 692 2546 688 688 2547 690 690 2548 692 692 2549 699 699 2550 701 701 2551 702 702 2552 701 701 2553 704 704 2554 702 702 2555 701 701 2556 700 700 2557 704 704 2558 700 700 2559 703 703 2560 704 704 2561 702 702 2562 704 704 2563 706 706 2564 704 704 2565 707 707 2566 706 706 2567 704 704 2568 703 703 2569 707 707 2570 703 703 2571 705 705 2572 707 707 2573 708 708 2574 710 710 2575 711 711 2576 710 710 2577 713 713 2578 711 711 2579 710 710 2580 709 709 2581 713 713 2582 709 709 2583 712 712 2584 713 713 2585 672 672 2586 674 674 2587 676 676 2588 674 674 2589 677 677 2590 676 676 2591 674 674 2592 673 673 2593 677 677 2594 673 673 2595 675 675 2596 677 677 2597 711 711 2598 713 713 2599 666 666 2600 713 713 2601 668 668 2602 666 666 2603 713 713 2604 712 712 2605 668 668 2606 712 712 2607 667 667 2608 668 668 2609 666 666 2610 668 668 2611 670 670 2612 668 668 2613 671 671 2614 670 670 2615 668 668 2616 667 667 2617 671 671 2618 667 667 2619 669 669 2620 671 671 2621 718 718 2622 714 714 2623 719 719 2624 714 714 2625 716 716 2626 719 719 2627 719 719 2628 716 716 2629 717 717 2630 716 716 2631 715 715 2632 717 717 2633 721 721 2634 718 718 2635 722 722 2636 718 718 2637 719 719 2638 722 722 2639 722 722 2640 719 719 2641 720 720 2642 719 719 2643 717 717 2644 720 720 2645 724 724 2646 721 721 2647 725 725 2648 721 721 2649 722 722 2650 725 725 2651 725 725 2652 722 722 2653 723 723 2654 722 722 2655 720 720 2656 723 723 2657 727 727 2658 724 724 2659 728 728 2660 724 724 2661 725 725 2662 728 728 2663 728 728 2664 725 725 2665 726 726 2666 725 725 2667 723 723 2668 726 726 2669 730 730 2670 727 727 2671 731 731 2672 727 727 2673 728 728 2674 731 731 2675 731 731 2676 728 728 2677 729 729 2678 728 728 2679 726 726 2680 729 729 2681 733 733 2682 730 730 2683 734 734 2684 730 730 2685 731 731 2686 734 734 2687 734 734 2688 731 731 2689 732 732 2690 731 731 2691 729 729 2692 732 732 2693 736 736 2694 733 733 2695 737 737 2696 733 733 2697 734 734 2698 737 737 2699 737 737 2700 734 734 2701 735 735 2702 734 734 2703 732 732 2704 735 735 2705 739 739 2706 736 736 2707 740 740 2708 736 736 2709 737 737 2710 740 740 2711 740 740 2712 737 737 2713 738 738 2714 737 737 2715 735 735 2716 738 738 2717 742 742 2718 739 739 2719 743 743 2720 739 739 2721 740 740 2722 743 743 2723 743 743 2724 740 740 2725 741 741 2726 740 740 2727 738 738 2728 741 741 2729 745 745 2730 742 742 2731 746 746 2732 742 742 2733 743 743 2734 746 746 2735 746 746 2736 743 743 2737 744 744 2738 743 743 2739 741 741 2740 744 744 2741 748 748 2742 745 745 2743 749 749 2744 745 745 2745 746 746 2746 749 749 2747 749 749 2748 746 746 2749 747 747 2750 746 746 2751 744 744 2752 747 747 2753 751 751 2754 748 748 2755 752 752 2756 748 748 2757 749 749 2758 752 752 2759 752 752 2760 749 749 2761 750 750 2762 749 749 2763 747 747 2764 750 750 2765 754 754 2766 751 751 2767 755 755 2768 751 751 2769 752 752 2770 755 755 2771 755 755 2772 752 752 2773 753 753 2774 752 752 2775 750 750 2776 753 753 2777 757 757 2778 754 754 2779 758 758 2780 754 754 2781 755 755 2782 758 758 2783 758 758 2784 755 755 2785 756 756 2786 755 755 2787 753 753 2788 756 756 2789 760 760 2790 757 757 2791 761 761 2792 757 757 2793 758 758 2794 761 761 2795 761 761 2796 758 758 2797 759 759 2798 758 758 2799 756 756 2800 759 759 2801 714 714 2802 760 760 2803 716 716 2804 760 760 2805 761 761 2806 716 716 2807 716 716 2808 761 761 2809 715 715 2810 761 761 2811 759 759 2812 715 715 2813 681 681 2814 684 684 2815 745 745 2816 684 684 2817 742 742 2818 745 745 2819 706 706 2820 708 708 2821 721 721 2822 708 708 2823 718 718 2824 721 721 2825 684 684 2826 687 687 2827 742 742 2828 687 687 2829 739 739 2830 742 742 2831 714 714 2832 711 711 2833 760 760 2834 711 711 2835 666 666 2836 760 760 2837 708 708 2838 711 711 2839 718 718 2840 711 711 2841 714 714 2842 718 718 2843 687 687 2844 691 691 2845 739 739 2846 691 691 2847 736 736 2848 739 739 2849 760 760 2850 666 666 2851 757 757 2852 666 666 2853 670 670 2854 757 757 2855 691 691 2856 693 693 2857 736 736 2858 693 693 2859 733 733 2860 736 736 2861 670 670 2862 672 672 2863 757 757 2864 672 672 2865 754 754 2866 757 757 2867 693 693 2868 696 696 2869 733 733 2870 696 696 2871 730 730 2872 733 733 2873 672 672 2874 676 676 2875 754 754 2876 676 676 2877 751 751 2878 754 754 2879 696 696 2880 699 699 2881 730 730 2882 699 699 2883 727 727 2884 730 730 2885 676 676 2886 678 678 2887 751 751 2888 678 678 2889 748 748 2890 751 751 2891 699 699 2892 702 702 2893 727 727 2894 702 702 2895 724 724 2896 727 727 2897 678 678 2898 681 681 2899 748 748 2900 681 681 2901 745 745 2902 748 748 2903 800 800 2904 803 803 2905 769 769 2906 803 803 2907 770 770 2908 769 769 2909 700 700 2910 697 697 2911 790 790 2912 697 697 2913 793 793 2914 790 790 2915 815 815 2916 818 818 2917 774 774 2918 818 818 2919 775 775 2920 774 774 2921 788 788 2922 791 791 2923 765 765 2924 791 791 2925 766 766 2926 765 765 2927 818 818 2928 821 821 2929 775 775 2930 821 821 2931 776 776 2932 775 775 2933 805 805 2934 685 685 2935 808 808 2936 685 685 2937 682 682 2938 808 808 2939 694 694 2940 690 690 2941 796 796 2942 690 690 2943 799 799 2944 796 796 2945 778 778 2946 782 782 2947 762 762 2948 782 782 2949 763 763 2950 762 762 2951 685 685 2952 805 805 2953 688 688 2954 805 805 2955 802 802 2956 688 688 2957 779 779 2958 823 823 2959 712 712 2960 823 823 2961 667 667 2962 712 712 2963 821 821 2964 824 824 2965 776 776 2966 824 824 2967 777 777 2968 776 776 2969 809 809 2970 812 812 2971 772 772 2972 812 812 2973 773 773 2974 772 772 2975 669 669 2976 667 667 2977 820 820 2978 667 667 2979 823 823 2980 820 820 2981 784 784 2982 705 705 2983 787 787 2984 705 705 2985 703 703 2986 787 787 2987 784 784 2988 781 781 2989 705 705 2990 781 781 2991 709 709 2992 705 705 2993 794 794 2994 797 797 2995 767 767 2996 797 797 2997 768 768 2998 767 767 2999 803 803 3000 806 806 3001 770 770 3002 806 806 3003 771 771 3004 770 770 3005 790 790 3006 787 787 3007 700 700 3008 787 787 3009 703 703 3010 700 700 3011 812 812 3012 815 815 3013 773 773 3014 815 815 3015 774 774 3016 773 773 3017 785 785 3018 788 788 3019 764 764 3020 788 788 3021 765 765 3022 764 764 3023 817 817 3024 814 814 3025 673 673 3026 814 814 3027 675 675 3028 673 673 3029 806 806 3030 809 809 3031 771 771 3032 809 809 3033 772 772 3034 771 771 3035 797 797 3036 800 800 3037 768 768 3038 800 800 3039 769 769 3040 768 768 3041 802 802 3042 799 799 3043 688 688 3044 799 799 3045 690 690 3046 688 688 3047 697 697 3048 694 694 3049 793 793 3050 694 694 3051 796 796 3052 793 793 3053 824 824 3054 778 778 3055 777 777 3056 778 778 3057 762 762 3058 777 777 3059 673 673 3060 669 669 3061 817 817 3062 669 669 3063 820 820 3064 817 817 3065 782 782 3066 785 785 3067 763 763 3068 785 785 3069 764 764 3070 763 763 3071 679 679 3072 675 675 3073 811 811 3074 675 675 3075 814 814 3076 811 811 3077 791 791 3078 794 794 3079 766 766 3080 794 794 3081 767 767 3082 766 766 3083 808 808 3084 682 682 3085 811 811 3086 682 682 3087 679 679 3088 811 811 3089 782 782 3090 778 778 3091 783 783 3092 778 778 3093 780 780 3094 783 783 3095 783 783 3096 780 780 3097 781 781 3098 780 780 3099 779 779 3100 781 781 3101 785 785 3102 782 782 3103 786 786 3104 782 782 3105 783 783 3106 786 786 3107 786 786 3108 783 783 3109 784 784 3110 783 783 3111 781 781 3112 784 784 3113 788 788 3114 785 785 3115 789 789 3116 785 785 3117 786 786 3118 789 789 3119 789 789 3120 786 786 3121 787 787 3122 786 786 3123 784 784 3124 787 787 3125 791 791 3126 788 788 3127 792 792 3128 788 788 3129 789 789 3130 792 792 3131 792 792 3132 789 789 3133 790 790 3134 789 789 3135 787 787 3136 790 790 3137 794 794 3138 791 791 3139 795 795 3140 791 791 3141 792 792 3142 795 795 3143 795 795 3144 792 792 3145 793 793 3146 792 792 3147 790 790 3148 793 793 3149 797 797 3150 794 794 3151 798 798 3152 794 794 3153 795 795 3154 798 798 3155 798 798 3156 795 795 3157 796 796 3158 795 795 3159 793 793 3160 796 796 3161 800 800 3162 797 797 3163 801 801 3164 797 797 3165 798 798 3166 801 801 3167 801 801 3168 798 798 3169 799 799 3170 798 798 3171 796 796 3172 799 799 3173 803 803 3174 800 800 3175 804 804 3176 800 800 3177 801 801 3178 804 804 3179 804 804 3180 801 801 3181 802 802 3182 801 801 3183 799 799 3184 802 802 3185 806 806 3186 803 803 3187 807 807 3188 803 803 3189 804 804 3190 807 807 3191 807 807 3192 804 804 3193 805 805 3194 804 804 3195 802 802 3196 805 805 3197 809 809 3198 806 806 3199 810 810 3200 806 806 3201 807 807 3202 810 810 3203 810 810 3204 807 807 3205 808 808 3206 807 807 3207 805 805 3208 808 808 3209 812 812 3210 809 809 3211 813 813 3212 809 809 3213 810 810 3214 813 813 3215 813 813 3216 810 810 3217 811 811 3218 810 810 3219 808 808 3220 811 811 3221 815 815 3222 812 812 3223 816 816 3224 812 812 3225 813 813 3226 816 816 3227 816 816 3228 813 813 3229 814 814 3230 813 813 3231 811 811 3232 814 814 3233 818 818 3234 815 815 3235 819 819 3236 815 815 3237 816 816 3238 819 819 3239 819 819 3240 816 816 3241 817 817 3242 816 816 3243 814 814 3244 817 817 3245 821 821 3246 818 818 3247 822 822 3248 818 818 3249 819 819 3250 822 822 3251 822 822 3252 819 819 3253 820 820 3254 819 819 3255 817 817 3256 820 820 3257 824 824 3258 821 821 3259 825 825 3260 821 821 3261 822 822 3262 825 825 3263 825 825 3264 822 822 3265 823 823 3266 822 822 3267 820 820 3268 823 823 3269 778 778 3270 824 824 3271 780 780 3272 824 824 3273 825 825 3274 780 780 3275 780 780 3276 825 825 3277 779 779 3278 825 825 3279 823 823 3280 779 779 3281 781 781 3282 779 779 3283 709 709 3284 779 779 3285 712 712 3286 709 709 3287 921 921 3288 918 918 3289 847 847 3290 918 918 3291 846 846 3292 847 847 3293 952 952 3294 903 903 3295 949 949 3296 903 903 3297 900 900 3298 949 949 3299 952 952 3300 906 906 3301 903 903 3302 906 906 3303 859 859 3304 903 903 3305 924 924 3306 921 921 3307 848 848 3308 921 921 3309 847 847 3310 848 848 3311 913 913 3312 916 916 3313 864 864 3314 916 916 3315 867 867 3316 864 864 3317 927 927 3318 924 924 3319 849 849 3320 924 924 3321 848 848 3322 849 849 3323 909 909 3324 907 907 3325 843 843 3326 907 907 3327 842 842 3328 843 843 3329 918 918 3330 915 915 3331 846 846 3332 915 915 3333 845 845 3334 846 846 3335 930 930 3336 927 927 3337 850 850 3338 927 927 3339 849 849 3340 850 850 3341 870 870 3342 867 867 3343 919 919 3344 867 867 3345 916 916 3346 919 919 3347 933 933 3348 930 930 3349 851 851 3350 930 930 3351 850 850 3352 851 851 3353 873 873 3354 870 870 3355 922 922 3356 870 870 3357 919 919 3358 922 922 3359 936 936 3360 933 933 3361 852 852 3362 933 933 3363 851 851 3364 852 852 3365 876 876 3366 873 873 3367 925 925 3368 873 873 3369 922 922 3370 925 925 3371 939 939 3372 936 936 3373 853 853 3374 936 936 3375 852 852 3376 853 853 3377 876 876 3378 925 925 3379 879 879 3380 925 925 3381 928 928 3382 879 879 3383 942 942 3384 939 939 3385 854 854 3386 939 939 3387 853 853 3388 854 854 3389 879 879 3390 928 928 3391 882 882 3392 928 928 3393 931 931 3394 882 882 3395 945 945 3396 942 942 3397 855 855 3398 942 942 3399 854 854 3400 855 855 3401 931 931 3402 934 934 3403 882 882 3404 934 934 3405 885 885 3406 882 882 3407 946 946 3408 949 949 3409 897 897 3410 949 949 3411 900 900 3412 897 897 3413 888 888 3414 885 885 3415 937 937 3416 885 885 3417 934 934 3418 937 937 3419 948 948 3420 945 945 3421 856 856 3422 945 945 3423 855 855 3424 856 856 3425 891 891 3426 888 888 3427 940 940 3428 888 888 3429 937 937 3430 940 940 3431 951 951 3432 948 948 3433 857 857 3434 948 948 3435 856 856 3436 857 857 3437 864 864 3438 861 861 3439 913 913 3440 861 861 3441 910 910 3442 913 913 3443 940 940 3444 943 943 3445 891 891 3446 943 943 3447 894 894 3448 891 891 3449 915 915 3450 912 912 3451 845 845 3452 912 912 3453 844 844 3454 845 845 3455 946 946 3456 897 897 3457 943 943 3458 897 897 3459 894 894 3460 943 943 3461 912 912 3462 909 909 3463 844 844 3464 909 909 3465 843 843 3466 844 844 3467 880 880 3468 833 833 3469 877 877 3470 833 833 3471 832 832 3472 877 877 3473 892 892 3474 837 837 3475 889 889 3476 837 837 3477 836 836 3478 889 889 3479 889 889 3480 836 836 3481 886 886 3482 836 836 3483 835 835 3484 886 886 3485 862 862 3486 827 827 3487 858 858 3488 827 827 3489 826 826 3490 858 858 3491 871 871 3492 830 830 3493 868 868 3494 830 830 3495 829 829 3496 868 868 3497 883 883 3498 834 834 3499 880 880 3500 834 834 3501 833 833 3502 880 880 3503 874 874 3504 831 831 3505 871 871 3506 831 831 3507 830 830 3508 871 871 3509 898 898 3510 839 839 3511 895 895 3512 839 839 3513 838 838 3514 895 895 3515 901 901 3516 840 840 3517 898 898 3518 840 840 3519 839 839 3520 898 898 3521 868 868 3522 829 829 3523 865 865 3524 829 829 3525 828 828 3526 865 865 3527 895 895 3528 838 838 3529 892 892 3530 838 838 3531 837 837 3532 892 892 3533 877 877 3534 832 832 3535 874 874 3536 832 832 3537 831 831 3538 874 874 3539 886 886 3540 835 835 3541 883 883 3542 835 835 3543 834 834 3544 883 883 3545 904 904 3546 841 841 3547 901 901 3548 841 841 3549 840 840 3550 901 901 3551 865 865 3552 828 828 3553 862 862 3554 828 828 3555 827 827 3556 862 862 3557 862 862 3558 858 858 3559 863 863 3560 858 858 3561 860 860 3562 863 863 3563 863 863 3564 860 860 3565 861 861 3566 860 860 3567 859 859 3568 861 861 3569 865 865 3570 862 862 3571 866 866 3572 862 862 3573 863 863 3574 866 866 3575 866 866 3576 863 863 3577 864 864 3578 863 863 3579 861 861 3580 864 864 3581 868 868 3582 865 865 3583 869 869 3584 865 865 3585 866 866 3586 869 869 3587 869 869 3588 866 866 3589 867 867 3590 866 866 3591 864 864 3592 867 867 3593 871 871 3594 868 868 3595 872 872 3596 868 868 3597 869 869 3598 872 872 3599 872 872 3600 869 869 3601 870 870 3602 869 869 3603 867 867 3604 870 870 3605 874 874 3606 871 871 3607 875 875 3608 871 871 3609 872 872 3610 875 875 3611 875 875 3612 872 872 3613 873 873 3614 872 872 3615 870 870 3616 873 873 3617 877 877 3618 874 874 3619 878 878 3620 874 874 3621 875 875 3622 878 878 3623 878 878 3624 875 875 3625 876 876 3626 875 875 3627 873 873 3628 876 876 3629 880 880 3630 877 877 3631 881 881 3632 877 877 3633 878 878 3634 881 881 3635 881 881 3636 878 878 3637 879 879 3638 878 878 3639 876 876 3640 879 879 3641 883 883 3642 880 880 3643 884 884 3644 880 880 3645 881 881 3646 884 884 3647 884 884 3648 881 881 3649 882 882 3650 881 881 3651 879 879 3652 882 882 3653 886 886 3654 883 883 3655 887 887 3656 883 883 3657 884 884 3658 887 887 3659 887 887 3660 884 884 3661 885 885 3662 884 884 3663 882 882 3664 885 885 3665 889 889 3666 886 886 3667 890 890 3668 886 886 3669 887 887 3670 890 890 3671 890 890 3672 887 887 3673 888 888 3674 887 887 3675 885 885 3676 888 888 3677 892 892 3678 889 889 3679 893 893 3680 889 889 3681 890 890 3682 893 893 3683 893 893 3684 890 890 3685 891 891 3686 890 890 3687 888 888 3688 891 891 3689 895 895 3690 892 892 3691 896 896 3692 892 892 3693 893 893 3694 896 896 3695 896 896 3696 893 893 3697 894 894 3698 893 893 3699 891 891 3700 894 894 3701 898 898 3702 895 895 3703 899 899 3704 895 895 3705 896 896 3706 899 899 3707 899 899 3708 896 896 3709 897 897 3710 896 896 3711 894 894 3712 897 897 3713 901 901 3714 898 898 3715 902 902 3716 898 898 3717 899 899 3718 902 902 3719 902 902 3720 899 899 3721 900 900 3722 899 899 3723 897 897 3724 900 900 3725 904 904 3726 901 901 3727 905 905 3728 901 901 3729 902 902 3730 905 905 3731 905 905 3732 902 902 3733 903 903 3734 902 902 3735 900 900 3736 903 903 3737 858 858 3738 904 904 3739 860 860 3740 904 904 3741 905 905 3742 860 860 3743 860 860 3744 905 905 3745 859 859 3746 905 905 3747 903 903 3748 859 859 3749 907 907 3750 951 951 3751 842 842 3752 951 951 3753 857 857 3754 842 842 3755 910 910 3756 906 906 3757 911 911 3758 906 906 3759 908 908 3760 911 911 3761 911 911 3762 908 908 3763 909 909 3764 908 908 3765 907 907 3766 909 909 3767 913 913 3768 910 910 3769 914 914 3770 910 910 3771 911 911 3772 914 914 3773 914 914 3774 911 911 3775 912 912 3776 911 911 3777 909 909 3778 912 912 3779 916 916 3780 913 913 3781 917 917 3782 913 913 3783 914 914 3784 917 917 3785 917 917 3786 914 914 3787 915 915 3788 914 914 3789 912 912 3790 915 915 3791 919 919 3792 916 916 3793 920 920 3794 916 916 3795 917 917 3796 920 920 3797 920 920 3798 917 917 3799 918 918 3800 917 917 3801 915 915 3802 918 918 3803 922 922 3804 919 919 3805 923 923 3806 919 919 3807 920 920 3808 923 923 3809 923 923 3810 920 920 3811 921 921 3812 920 920 3813 918 918 3814 921 921 3815 925 925 3816 922 922 3817 926 926 3818 922 922 3819 923 923 3820 926 926 3821 926 926 3822 923 923 3823 924 924 3824 923 923 3825 921 921 3826 924 924 3827 928 928 3828 925 925 3829 929 929 3830 925 925 3831 926 926 3832 929 929 3833 929 929 3834 926 926 3835 927 927 3836 926 926 3837 924 924 3838 927 927 3839 931 931 3840 928 928 3841 932 932 3842 928 928 3843 929 929 3844 932 932 3845 932 932 3846 929 929 3847 930 930 3848 929 929 3849 927 927 3850 930 930 3851 934 934 3852 931 931 3853 935 935 3854 931 931 3855 932 932 3856 935 935 3857 935 935 3858 932 932 3859 933 933 3860 932 932 3861 930 930 3862 933 933 3863 937 937 3864 934 934 3865 938 938 3866 934 934 3867 935 935 3868 938 938 3869 938 938 3870 935 935 3871 936 936 3872 935 935 3873 933 933 3874 936 936 3875 940 940 3876 937 937 3877 941 941 3878 937 937 3879 938 938 3880 941 941 3881 941 941 3882 938 938 3883 939 939 3884 938 938 3885 936 936 3886 939 939 3887 943 943 3888 940 940 3889 944 944 3890 940 940 3891 941 941 3892 944 944 3893 944 944 3894 941 941 3895 942 942 3896 941 941 3897 939 939 3898 942 942 3899 946 946 3900 943 943 3901 947 947 3902 943 943 3903 944 944 3904 947 947 3905 947 947 3906 944 944 3907 945 945 3908 944 944 3909 942 942 3910 945 945 3911 949 949 3912 946 946 3913 950 950 3914 946 946 3915 947 947 3916 950 950 3917 950 950 3918 947 947 3919 948 948 3920 947 947 3921 945 945 3922 948 948 3923 952 952 3924 949 949 3925 953 953 3926 949 949 3927 950 950 3928 953 953 3929 953 953 3930 950 950 3931 951 951 3932 950 950 3933 948 948 3934 951 951 3935 906 906 3936 952 952 3937 908 908 3938 952 952 3939 953 953 3940 908 908 3941 908 908 3942 953 953 3943 907 907 3944 953 953 3945 951 951 3946 907 907 3947 906 906 3948 910 910 3949 859 859 3950 910 910 3951 861 861 3952 859 859 3953 858 858 3954 826 826 3955 904 904 3956 826 826 3957 841 841 3958 904 904 3959 1049 1049 3960 1046 1046 3961 975 975 3962 1046 1046 3963 974 974 3964 975 975 3965 1080 1080 3966 1031 1031 3967 1077 1077 3968 1031 1031 3969 1028 1028 3970 1077 1077 3971 1080 1080 3972 1034 1034 3973 1031 1031 3974 1034 1034 3975 987 987 3976 1031 1031 3977 1052 1052 3978 1049 1049 3979 976 976 3980 1049 1049 3981 975 975 3982 976 976 3983 1041 1041 3984 1044 1044 3985 992 992 3986 1044 1044 3987 995 995 3988 992 992 3989 1055 1055 3990 1052 1052 3991 977 977 3992 1052 1052 3993 976 976 3994 977 977 3995 1037 1037 3996 1035 1035 3997 971 971 3998 1035 1035 3999 970 970 4000 971 971 4001 1046 1046 4002 1043 1043 4003 974 974 4004 1043 1043 4005 973 973 4006 974 974 4007 1058 1058 4008 1055 1055 4009 978 978 4010 1055 1055 4011 977 977 4012 978 978 4013 998 998 4014 995 995 4015 1047 1047 4016 995 995 4017 1044 1044 4018 1047 1047 4019 1061 1061 4020 1058 1058 4021 979 979 4022 1058 1058 4023 978 978 4024 979 979 4025 1001 1001 4026 998 998 4027 1050 1050 4028 998 998 4029 1047 1047 4030 1050 1050 4031 1064 1064 4032 1061 1061 4033 980 980 4034 1061 1061 4035 979 979 4036 980 980 4037 1004 1004 4038 1001 1001 4039 1053 1053 4040 1001 1001 4041 1050 1050 4042 1053 1053 4043 1067 1067 4044 1064 1064 4045 981 981 4046 1064 1064 4047 980 980 4048 981 981 4049 1004 1004 4050 1053 1053 4051 1007 1007 4052 1053 1053 4053 1056 1056 4054 1007 1007 4055 1070 1070 4056 1067 1067 4057 982 982 4058 1067 1067 4059 981 981 4060 982 982 4061 1007 1007 4062 1056 1056 4063 1010 1010 4064 1056 1056 4065 1059 1059 4066 1010 1010 4067 1073 1073 4068 1070 1070 4069 983 983 4070 1070 1070 4071 982 982 4072 983 983 4073 1059 1059 4074 1062 1062 4075 1010 1010 4076 1062 1062 4077 1013 1013 4078 1010 1010 4079 1074 1074 4080 1077 1077 4081 1025 1025 4082 1077 1077 4083 1028 1028 4084 1025 1025 4085 1016 1016 4086 1013 1013 4087 1065 1065 4088 1013 1013 4089 1062 1062 4090 1065 1065 4091 1076 1076 4092 1073 1073 4093 984 984 4094 1073 1073 4095 983 983 4096 984 984 4097 1019 1019 4098 1016 1016 4099 1068 1068 4100 1016 1016 4101 1065 1065 4102 1068 1068 4103 1079 1079 4104 1076 1076 4105 985 985 4106 1076 1076 4107 984 984 4108 985 985 4109 992 992 4110 989 989 4111 1041 1041 4112 989 989 4113 1038 1038 4114 1041 1041 4115 1068 1068 4116 1071 1071 4117 1019 1019 4118 1071 1071 4119 1022 1022 4120 1019 1019 4121 1043 1043 4122 1040 1040 4123 973 973 4124 1040 1040 4125 972 972 4126 973 973 4127 1074 1074 4128 1025 1025 4129 1071 1071 4130 1025 1025 4131 1022 1022 4132 1071 1071 4133 1040 1040 4134 1037 1037 4135 972 972 4136 1037 1037 4137 971 971 4138 972 972 4139 1008 1008 4140 961 961 4141 1005 1005 4142 961 961 4143 960 960 4144 1005 1005 4145 1020 1020 4146 965 965 4147 1017 1017 4148 965 965 4149 964 964 4150 1017 1017 4151 1017 1017 4152 964 964 4153 1014 1014 4154 964 964 4155 963 963 4156 1014 1014 4157 990 990 4158 955 955 4159 986 986 4160 955 955 4161 954 954 4162 986 986 4163 999 999 4164 958 958 4165 996 996 4166 958 958 4167 957 957 4168 996 996 4169 1011 1011 4170 962 962 4171 1008 1008 4172 962 962 4173 961 961 4174 1008 1008 4175 1002 1002 4176 959 959 4177 999 999 4178 959 959 4179 958 958 4180 999 999 4181 1026 1026 4182 967 967 4183 1023 1023 4184 967 967 4185 966 966 4186 1023 1023 4187 1029 1029 4188 968 968 4189 1026 1026 4190 968 968 4191 967 967 4192 1026 1026 4193 996 996 4194 957 957 4195 993 993 4196 957 957 4197 956 956 4198 993 993 4199 1023 1023 4200 966 966 4201 1020 1020 4202 966 966 4203 965 965 4204 1020 1020 4205 1005 1005 4206 960 960 4207 1002 1002 4208 960 960 4209 959 959 4210 1002 1002 4211 1014 1014 4212 963 963 4213 1011 1011 4214 963 963 4215 962 962 4216 1011 1011 4217 1032 1032 4218 969 969 4219 1029 1029 4220 969 969 4221 968 968 4222 1029 1029 4223 993 993 4224 956 956 4225 990 990 4226 956 956 4227 955 955 4228 990 990 4229 990 990 4230 986 986 4231 991 991 4232 986 986 4233 988 988 4234 991 991 4235 991 991 4236 988 988 4237 989 989 4238 988 988 4239 987 987 4240 989 989 4241 993 993 4242 990 990 4243 994 994 4244 990 990 4245 991 991 4246 994 994 4247 994 994 4248 991 991 4249 992 992 4250 991 991 4251 989 989 4252 992 992 4253 996 996 4254 993 993 4255 997 997 4256 993 993 4257 994 994 4258 997 997 4259 997 997 4260 994 994 4261 995 995 4262 994 994 4263 992 992 4264 995 995 4265 999 999 4266 996 996 4267 1000 1000 4268 996 996 4269 997 997 4270 1000 1000 4271 1000 1000 4272 997 997 4273 998 998 4274 997 997 4275 995 995 4276 998 998 4277 1002 1002 4278 999 999 4279 1003 1003 4280 999 999 4281 1000 1000 4282 1003 1003 4283 1003 1003 4284 1000 1000 4285 1001 1001 4286 1000 1000 4287 998 998 4288 1001 1001 4289 1005 1005 4290 1002 1002 4291 1006 1006 4292 1002 1002 4293 1003 1003 4294 1006 1006 4295 1006 1006 4296 1003 1003 4297 1004 1004 4298 1003 1003 4299 1001 1001 4300 1004 1004 4301 1008 1008 4302 1005 1005 4303 1009 1009 4304 1005 1005 4305 1006 1006 4306 1009 1009 4307 1009 1009 4308 1006 1006 4309 1007 1007 4310 1006 1006 4311 1004 1004 4312 1007 1007 4313 1011 1011 4314 1008 1008 4315 1012 1012 4316 1008 1008 4317 1009 1009 4318 1012 1012 4319 1012 1012 4320 1009 1009 4321 1010 1010 4322 1009 1009 4323 1007 1007 4324 1010 1010 4325 1014 1014 4326 1011 1011 4327 1015 1015 4328 1011 1011 4329 1012 1012 4330 1015 1015 4331 1015 1015 4332 1012 1012 4333 1013 1013 4334 1012 1012 4335 1010 1010 4336 1013 1013 4337 1017 1017 4338 1014 1014 4339 1018 1018 4340 1014 1014 4341 1015 1015 4342 1018 1018 4343 1018 1018 4344 1015 1015 4345 1016 1016 4346 1015 1015 4347 1013 1013 4348 1016 1016 4349 1020 1020 4350 1017 1017 4351 1021 1021 4352 1017 1017 4353 1018 1018 4354 1021 1021 4355 1021 1021 4356 1018 1018 4357 1019 1019 4358 1018 1018 4359 1016 1016 4360 1019 1019 4361 1023 1023 4362 1020 1020 4363 1024 1024 4364 1020 1020 4365 1021 1021 4366 1024 1024 4367 1024 1024 4368 1021 1021 4369 1022 1022 4370 1021 1021 4371 1019 1019 4372 1022 1022 4373 1026 1026 4374 1023 1023 4375 1027 1027 4376 1023 1023 4377 1024 1024 4378 1027 1027 4379 1027 1027 4380 1024 1024 4381 1025 1025 4382 1024 1024 4383 1022 1022 4384 1025 1025 4385 1029 1029 4386 1026 1026 4387 1030 1030 4388 1026 1026 4389 1027 1027 4390 1030 1030 4391 1030 1030 4392 1027 1027 4393 1028 1028 4394 1027 1027 4395 1025 1025 4396 1028 1028 4397 1032 1032 4398 1029 1029 4399 1033 1033 4400 1029 1029 4401 1030 1030 4402 1033 1033 4403 1033 1033 4404 1030 1030 4405 1031 1031 4406 1030 1030 4407 1028 1028 4408 1031 1031 4409 986 986 4410 1032 1032 4411 988 988 4412 1032 1032 4413 1033 1033 4414 988 988 4415 988 988 4416 1033 1033 4417 987 987 4418 1033 1033 4419 1031 1031 4420 987 987 4421 1035 1035 4422 1079 1079 4423 970 970 4424 1079 1079 4425 985 985 4426 970 970 4427 1038 1038 4428 1034 1034 4429 1039 1039 4430 1034 1034 4431 1036 1036 4432 1039 1039 4433 1039 1039 4434 1036 1036 4435 1037 1037 4436 1036 1036 4437 1035 1035 4438 1037 1037 4439 1041 1041 4440 1038 1038 4441 1042 1042 4442 1038 1038 4443 1039 1039 4444 1042 1042 4445 1042 1042 4446 1039 1039 4447 1040 1040 4448 1039 1039 4449 1037 1037 4450 1040 1040 4451 1044 1044 4452 1041 1041 4453 1045 1045 4454 1041 1041 4455 1042 1042 4456 1045 1045 4457 1045 1045 4458 1042 1042 4459 1043 1043 4460 1042 1042 4461 1040 1040 4462 1043 1043 4463 1047 1047 4464 1044 1044 4465 1048 1048 4466 1044 1044 4467 1045 1045 4468 1048 1048 4469 1048 1048 4470 1045 1045 4471 1046 1046 4472 1045 1045 4473 1043 1043 4474 1046 1046 4475 1050 1050 4476 1047 1047 4477 1051 1051 4478 1047 1047 4479 1048 1048 4480 1051 1051 4481 1051 1051 4482 1048 1048 4483 1049 1049 4484 1048 1048 4485 1046 1046 4486 1049 1049 4487 1053 1053 4488 1050 1050 4489 1054 1054 4490 1050 1050 4491 1051 1051 4492 1054 1054 4493 1054 1054 4494 1051 1051 4495 1052 1052 4496 1051 1051 4497 1049 1049 4498 1052 1052 4499 1056 1056 4500 1053 1053 4501 1057 1057 4502 1053 1053 4503 1054 1054 4504 1057 1057 4505 1057 1057 4506 1054 1054 4507 1055 1055 4508 1054 1054 4509 1052 1052 4510 1055 1055 4511 1059 1059 4512 1056 1056 4513 1060 1060 4514 1056 1056 4515 1057 1057 4516 1060 1060 4517 1060 1060 4518 1057 1057 4519 1058 1058 4520 1057 1057 4521 1055 1055 4522 1058 1058 4523 1062 1062 4524 1059 1059 4525 1063 1063 4526 1059 1059 4527 1060 1060 4528 1063 1063 4529 1063 1063 4530 1060 1060 4531 1061 1061 4532 1060 1060 4533 1058 1058 4534 1061 1061 4535 1065 1065 4536 1062 1062 4537 1066 1066 4538 1062 1062 4539 1063 1063 4540 1066 1066 4541 1066 1066 4542 1063 1063 4543 1064 1064 4544 1063 1063 4545 1061 1061 4546 1064 1064 4547 1068 1068 4548 1065 1065 4549 1069 1069 4550 1065 1065 4551 1066 1066 4552 1069 1069 4553 1069 1069 4554 1066 1066 4555 1067 1067 4556 1066 1066 4557 1064 1064 4558 1067 1067 4559 1071 1071 4560 1068 1068 4561 1072 1072 4562 1068 1068 4563 1069 1069 4564 1072 1072 4565 1072 1072 4566 1069 1069 4567 1070 1070 4568 1069 1069 4569 1067 1067 4570 1070 1070 4571 1074 1074 4572 1071 1071 4573 1075 1075 4574 1071 1071 4575 1072 1072 4576 1075 1075 4577 1075 1075 4578 1072 1072 4579 1073 1073 4580 1072 1072 4581 1070 1070 4582 1073 1073 4583 1077 1077 4584 1074 1074 4585 1078 1078 4586 1074 1074 4587 1075 1075 4588 1078 1078 4589 1078 1078 4590 1075 1075 4591 1076 1076 4592 1075 1075 4593 1073 1073 4594 1076 1076 4595 1080 1080 4596 1077 1077 4597 1081 1081 4598 1077 1077 4599 1078 1078 4600 1081 1081 4601 1081 1081 4602 1078 1078 4603 1079 1079 4604 1078 1078 4605 1076 1076 4606 1079 1079 4607 1034 1034 4608 1080 1080 4609 1036 1036 4610 1080 1080 4611 1081 1081 4612 1036 1036 4613 1036 1036 4614 1081 1081 4615 1035 1035 4616 1081 1081 4617 1079 1079 4618 1035 1035 4619 1034 1034 4620 1038 1038 4621 987 987 4622 1038 1038 4623 989 989 4624 987 987 4625 986 986 4626 954 954 4627 1032 1032 4628 954 954 4629 969 969 4630 1032 1032 4631 1177 1177 4632 1174 1174 4633 1103 1103 4634 1174 1174 4635 1102 1102 4636 1103 1103 4637 1208 1208 4638 1159 1159 4639 1205 1205 4640 1159 1159 4641 1156 1156 4642 1205 1205 4643 1208 1208 4644 1162 1162 4645 1159 1159 4646 1162 1162 4647 1115 1115 4648 1159 1159 4649 1180 1180 4650 1177 1177 4651 1104 1104 4652 1177 1177 4653 1103 1103 4654 1104 1104 4655 1169 1169 4656 1172 1172 4657 1120 1120 4658 1172 1172 4659 1123 1123 4660 1120 1120 4661 1183 1183 4662 1180 1180 4663 1105 1105 4664 1180 1180 4665 1104 1104 4666 1105 1105 4667 1165 1165 4668 1163 1163 4669 1099 1099 4670 1163 1163 4671 1098 1098 4672 1099 1099 4673 1174 1174 4674 1171 1171 4675 1102 1102 4676 1171 1171 4677 1101 1101 4678 1102 1102 4679 1186 1186 4680 1183 1183 4681 1106 1106 4682 1183 1183 4683 1105 1105 4684 1106 1106 4685 1126 1126 4686 1123 1123 4687 1175 1175 4688 1123 1123 4689 1172 1172 4690 1175 1175 4691 1189 1189 4692 1186 1186 4693 1107 1107 4694 1186 1186 4695 1106 1106 4696 1107 1107 4697 1129 1129 4698 1126 1126 4699 1178 1178 4700 1126 1126 4701 1175 1175 4702 1178 1178 4703 1192 1192 4704 1189 1189 4705 1108 1108 4706 1189 1189 4707 1107 1107 4708 1108 1108 4709 1132 1132 4710 1129 1129 4711 1181 1181 4712 1129 1129 4713 1178 1178 4714 1181 1181 4715 1195 1195 4716 1192 1192 4717 1109 1109 4718 1192 1192 4719 1108 1108 4720 1109 1109 4721 1132 1132 4722 1181 1181 4723 1135 1135 4724 1181 1181 4725 1184 1184 4726 1135 1135 4727 1198 1198 4728 1195 1195 4729 1110 1110 4730 1195 1195 4731 1109 1109 4732 1110 1110 4733 1135 1135 4734 1184 1184 4735 1138 1138 4736 1184 1184 4737 1187 1187 4738 1138 1138 4739 1201 1201 4740 1198 1198 4741 1111 1111 4742 1198 1198 4743 1110 1110 4744 1111 1111 4745 1187 1187 4746 1190 1190 4747 1138 1138 4748 1190 1190 4749 1141 1141 4750 1138 1138 4751 1202 1202 4752 1205 1205 4753 1153 1153 4754 1205 1205 4755 1156 1156 4756 1153 1153 4757 1144 1144 4758 1141 1141 4759 1193 1193 4760 1141 1141 4761 1190 1190 4762 1193 1193 4763 1204 1204 4764 1201 1201 4765 1112 1112 4766 1201 1201 4767 1111 1111 4768 1112 1112 4769 1147 1147 4770 1144 1144 4771 1196 1196 4772 1144 1144 4773 1193 1193 4774 1196 1196 4775 1207 1207 4776 1204 1204 4777 1113 1113 4778 1204 1204 4779 1112 1112 4780 1113 1113 4781 1120 1120 4782 1117 1117 4783 1169 1169 4784 1117 1117 4785 1166 1166 4786 1169 1169 4787 1196 1196 4788 1199 1199 4789 1147 1147 4790 1199 1199 4791 1150 1150 4792 1147 1147 4793 1171 1171 4794 1168 1168 4795 1101 1101 4796 1168 1168 4797 1100 1100 4798 1101 1101 4799 1202 1202 4800 1153 1153 4801 1199 1199 4802 1153 1153 4803 1150 1150 4804 1199 1199 4805 1168 1168 4806 1165 1165 4807 1100 1100 4808 1165 1165 4809 1099 1099 4810 1100 1100 4811 1136 1136 4812 1089 1089 4813 1133 1133 4814 1089 1089 4815 1088 1088 4816 1133 1133 4817 1148 1148 4818 1093 1093 4819 1145 1145 4820 1093 1093 4821 1092 1092 4822 1145 1145 4823 1145 1145 4824 1092 1092 4825 1142 1142 4826 1092 1092 4827 1091 1091 4828 1142 1142 4829 1118 1118 4830 1083 1083 4831 1114 1114 4832 1083 1083 4833 1082 1082 4834 1114 1114 4835 1127 1127 4836 1086 1086 4837 1124 1124 4838 1086 1086 4839 1085 1085 4840 1124 1124 4841 1139 1139 4842 1090 1090 4843 1136 1136 4844 1090 1090 4845 1089 1089 4846 1136 1136 4847 1130 1130 4848 1087 1087 4849 1127 1127 4850 1087 1087 4851 1086 1086 4852 1127 1127 4853 1154 1154 4854 1095 1095 4855 1151 1151 4856 1095 1095 4857 1094 1094 4858 1151 1151 4859 1157 1157 4860 1096 1096 4861 1154 1154 4862 1096 1096 4863 1095 1095 4864 1154 1154 4865 1124 1124 4866 1085 1085 4867 1121 1121 4868 1085 1085 4869 1084 1084 4870 1121 1121 4871 1151 1151 4872 1094 1094 4873 1148 1148 4874 1094 1094 4875 1093 1093 4876 1148 1148 4877 1133 1133 4878 1088 1088 4879 1130 1130 4880 1088 1088 4881 1087 1087 4882 1130 1130 4883 1142 1142 4884 1091 1091 4885 1139 1139 4886 1091 1091 4887 1090 1090 4888 1139 1139 4889 1160 1160 4890 1097 1097 4891 1157 1157 4892 1097 1097 4893 1096 1096 4894 1157 1157 4895 1121 1121 4896 1084 1084 4897 1118 1118 4898 1084 1084 4899 1083 1083 4900 1118 1118 4901 1118 1118 4902 1114 1114 4903 1119 1119 4904 1114 1114 4905 1116 1116 4906 1119 1119 4907 1119 1119 4908 1116 1116 4909 1117 1117 4910 1116 1116 4911 1115 1115 4912 1117 1117 4913 1121 1121 4914 1118 1118 4915 1122 1122 4916 1118 1118 4917 1119 1119 4918 1122 1122 4919 1122 1122 4920 1119 1119 4921 1120 1120 4922 1119 1119 4923 1117 1117 4924 1120 1120 4925 1124 1124 4926 1121 1121 4927 1125 1125 4928 1121 1121 4929 1122 1122 4930 1125 1125 4931 1125 1125 4932 1122 1122 4933 1123 1123 4934 1122 1122 4935 1120 1120 4936 1123 1123 4937 1127 1127 4938 1124 1124 4939 1128 1128 4940 1124 1124 4941 1125 1125 4942 1128 1128 4943 1128 1128 4944 1125 1125 4945 1126 1126 4946 1125 1125 4947 1123 1123 4948 1126 1126 4949 1130 1130 4950 1127 1127 4951 1131 1131 4952 1127 1127 4953 1128 1128 4954 1131 1131 4955 1131 1131 4956 1128 1128 4957 1129 1129 4958 1128 1128 4959 1126 1126 4960 1129 1129 4961 1133 1133 4962 1130 1130 4963 1134 1134 4964 1130 1130 4965 1131 1131 4966 1134 1134 4967 1134 1134 4968 1131 1131 4969 1132 1132 4970 1131 1131 4971 1129 1129 4972 1132 1132 4973 1136 1136 4974 1133 1133 4975 1137 1137 4976 1133 1133 4977 1134 1134 4978 1137 1137 4979 1137 1137 4980 1134 1134 4981 1135 1135 4982 1134 1134 4983 1132 1132 4984 1135 1135 4985 1139 1139 4986 1136 1136 4987 1140 1140 4988 1136 1136 4989 1137 1137 4990 1140 1140 4991 1140 1140 4992 1137 1137 4993 1138 1138 4994 1137 1137 4995 1135 1135 4996 1138 1138 4997 1142 1142 4998 1139 1139 4999 1143 1143 5000 1139 1139 5001 1140 1140 5002 1143 1143 5003 1143 1143 5004 1140 1140 5005 1141 1141 5006 1140 1140 5007 1138 1138 5008 1141 1141 5009 1145 1145 5010 1142 1142 5011 1146 1146 5012 1142 1142 5013 1143 1143 5014 1146 1146 5015 1146 1146 5016 1143 1143 5017 1144 1144 5018 1143 1143 5019 1141 1141 5020 1144 1144 5021 1148 1148 5022 1145 1145 5023 1149 1149 5024 1145 1145 5025 1146 1146 5026 1149 1149 5027 1149 1149 5028 1146 1146 5029 1147 1147 5030 1146 1146 5031 1144 1144 5032 1147 1147 5033 1151 1151 5034 1148 1148 5035 1152 1152 5036 1148 1148 5037 1149 1149 5038 1152 1152 5039 1152 1152 5040 1149 1149 5041 1150 1150 5042 1149 1149 5043 1147 1147 5044 1150 1150 5045 1154 1154 5046 1151 1151 5047 1155 1155 5048 1151 1151 5049 1152 1152 5050 1155 1155 5051 1155 1155 5052 1152 1152 5053 1153 1153 5054 1152 1152 5055 1150 1150 5056 1153 1153 5057 1157 1157 5058 1154 1154 5059 1158 1158 5060 1154 1154 5061 1155 1155 5062 1158 1158 5063 1158 1158 5064 1155 1155 5065 1156 1156 5066 1155 1155 5067 1153 1153 5068 1156 1156 5069 1160 1160 5070 1157 1157 5071 1161 1161 5072 1157 1157 5073 1158 1158 5074 1161 1161 5075 1161 1161 5076 1158 1158 5077 1159 1159 5078 1158 1158 5079 1156 1156 5080 1159 1159 5081 1114 1114 5082 1160 1160 5083 1116 1116 5084 1160 1160 5085 1161 1161 5086 1116 1116 5087 1116 1116 5088 1161 1161 5089 1115 1115 5090 1161 1161 5091 1159 1159 5092 1115 1115 5093 1163 1163 5094 1207 1207 5095 1098 1098 5096 1207 1207 5097 1113 1113 5098 1098 1098 5099 1166 1166 5100 1162 1162 5101 1167 1167 5102 1162 1162 5103 1164 1164 5104 1167 1167 5105 1167 1167 5106 1164 1164 5107 1165 1165 5108 1164 1164 5109 1163 1163 5110 1165 1165 5111 1169 1169 5112 1166 1166 5113 1170 1170 5114 1166 1166 5115 1167 1167 5116 1170 1170 5117 1170 1170 5118 1167 1167 5119 1168 1168 5120 1167 1167 5121 1165 1165 5122 1168 1168 5123 1172 1172 5124 1169 1169 5125 1173 1173 5126 1169 1169 5127 1170 1170 5128 1173 1173 5129 1173 1173 5130 1170 1170 5131 1171 1171 5132 1170 1170 5133 1168 1168 5134 1171 1171 5135 1175 1175 5136 1172 1172 5137 1176 1176 5138 1172 1172 5139 1173 1173 5140 1176 1176 5141 1176 1176 5142 1173 1173 5143 1174 1174 5144 1173 1173 5145 1171 1171 5146 1174 1174 5147 1178 1178 5148 1175 1175 5149 1179 1179 5150 1175 1175 5151 1176 1176 5152 1179 1179 5153 1179 1179 5154 1176 1176 5155 1177 1177 5156 1176 1176 5157 1174 1174 5158 1177 1177 5159 1181 1181 5160 1178 1178 5161 1182 1182 5162 1178 1178 5163 1179 1179 5164 1182 1182 5165 1182 1182 5166 1179 1179 5167 1180 1180 5168 1179 1179 5169 1177 1177 5170 1180 1180 5171 1184 1184 5172 1181 1181 5173 1185 1185 5174 1181 1181 5175 1182 1182 5176 1185 1185 5177 1185 1185 5178 1182 1182 5179 1183 1183 5180 1182 1182 5181 1180 1180 5182 1183 1183 5183 1187 1187 5184 1184 1184 5185 1188 1188 5186 1184 1184 5187 1185 1185 5188 1188 1188 5189 1188 1188 5190 1185 1185 5191 1186 1186 5192 1185 1185 5193 1183 1183 5194 1186 1186 5195 1190 1190 5196 1187 1187 5197 1191 1191 5198 1187 1187 5199 1188 1188 5200 1191 1191 5201 1191 1191 5202 1188 1188 5203 1189 1189 5204 1188 1188 5205 1186 1186 5206 1189 1189 5207 1193 1193 5208 1190 1190 5209 1194 1194 5210 1190 1190 5211 1191 1191 5212 1194 1194 5213 1194 1194 5214 1191 1191 5215 1192 1192 5216 1191 1191 5217 1189 1189 5218 1192 1192 5219 1196 1196 5220 1193 1193 5221 1197 1197 5222 1193 1193 5223 1194 1194 5224 1197 1197 5225 1197 1197 5226 1194 1194 5227 1195 1195 5228 1194 1194 5229 1192 1192 5230 1195 1195 5231 1199 1199 5232 1196 1196 5233 1200 1200 5234 1196 1196 5235 1197 1197 5236 1200 1200 5237 1200 1200 5238 1197 1197 5239 1198 1198 5240 1197 1197 5241 1195 1195 5242 1198 1198 5243 1202 1202 5244 1199 1199 5245 1203 1203 5246 1199 1199 5247 1200 1200 5248 1203 1203 5249 1203 1203 5250 1200 1200 5251 1201 1201 5252 1200 1200 5253 1198 1198 5254 1201 1201 5255 1205 1205 5256 1202 1202 5257 1206 1206 5258 1202 1202 5259 1203 1203 5260 1206 1206 5261 1206 1206 5262 1203 1203 5263 1204 1204 5264 1203 1203 5265 1201 1201 5266 1204 1204 5267 1208 1208 5268 1205 1205 5269 1209 1209 5270 1205 1205 5271 1206 1206 5272 1209 1209 5273 1209 1209 5274 1206 1206 5275 1207 1207 5276 1206 1206 5277 1204 1204 5278 1207 1207 5279 1162 1162 5280 1208 1208 5281 1164 1164 5282 1208 1208 5283 1209 1209 5284 1164 1164 5285 1164 1164 5286 1209 1209 5287 1163 1163 5288 1209 1209 5289 1207 1207 5290 1163 1163 5291 1162 1162 5292 1166 1166 5293 1115 1115 5294 1166 1166 5295 1117 1117 5296 1115 1115 5297 1114 1114 5298 1082 1082 5299 1160 1160 5300 1082 1082 5301 1097 1097 5302 1160 1160 5303</p>
				</triangles>
			</mesh>
		</geometry>
		<geometry id="0001B401-17F3-4386-854E-FAE469007B56-mesh" name="0001B401-17F3-4386-854E-FAE469007B56">
			<mesh>
				<source id="0001B401-17F3-4386-854E-FAE469007B56-mesh-positions">
					<float_array id="0001B401-17F3-4386-854E-FAE469007B56-mesh-positions-array" count="5607">12 57.58 -2.4 11.082 57.58 -2.217 10.303 57.58 -1.697 9.783 57.58 -0.918 9.6 57.58 0 9.783 57.58 0.918 10.303 57.58 1.697 11.082 57.58 2.217 11.993 57.58 2.4 13.766 57.58 1.5 14.217 57.58 0.918 14.4 57.58 0 14.217 57.58 -0.918 13.697 57.58 -1.697 12.918 57.58 -2.217 12 59.2 0 11.9 57.58 2 12.034 57.58 1.5 13.4 57.58 1.134 12.9 57.58 1 12.4 57.58 1.134 15.96 0.02 -3.96 15.96 0.02 3.96 15.96 57.58 3.96 15.96 57.58 -3.96 14.4 0.02 2.4 14.4 0.02 -2.4 14.4 2.1 -2.4 14.4 56 3.96 14.4 3.18 3.96 14.4 3.18 0.6 14.4 56 0.6 14.4 2.1 2.4 12.4 57.58 2.866 12.9 57.58 3 13.4 57.58 2.866 13.807 57.58 2.4 13.9 57.58 2 12.9 56 1 13.4 56 1.134 13.766 56 1.5 13.9 56 2 13.807 56 2.4 13.4 56 2.866 12.9 56 3 12.4 56 2.866 11.993 56 2.4 11.9 56 2 12.034 56 1.5 12.4 56 1.134 12.4 3.18 1.134 12.034 3.18 1.5 11.9 3.18 2 11.993 3.18 2.4 12.4 3.18 2.866 12.9 3.18 3 13.4 3.18 2.866 13.807 3.18 2.4 13.9 3.18 2 13.766 3.18 1.5 13.4 3.18 1.134 12.9 3.18 1 12.9 2.1 1 13.4 2.1 1.134 13.766 2.1 1.5 13.9 2.1 2 13.807 2.1 2.4 13.4 2.1 2.866 12.9 2.1 3 12.4 2.1 2.866 11.993 2.1 2.4 11.9 2.1 2 12.034 2.1 1.5 12.4 2.1 1.134 11.993 0.02 2.4 12.4 0.02 2.866 12.9 0.02 3 13.4 0.02 2.866 13.807 0.02 2.4 13.697 58.95 -1.697 13.517 59.2 -1.517 13.644 59.126 -1.644 13.981 59.2 -0.821 14.217 58.95 -0.918 14.148 59.126 -0.89 13.981 59.2 0.821 14.217 58.95 0.918 14.148 59.126 0.89 11.179 59.2 1.982 11.082 58.95 2.217 11.11 59.126 2.148 9.6 58.95 0 9.855 59.2 0 9.675 59.126 0 10.018 59.2 -0.821 9.783 58.95 -0.918 9.852 59.126 -0.89 12.821 59.2 -1.982 12.918 58.95 -2.217 12.89 59.126 -2.148 14.144 59.2 0 14.4 58.95 0 14.325 59.126 0 13.764 58.95 1.499 13.4 58.95 1.134 12.034 58.95 1.5 11.978 58.95 2.4 10.303 58.95 1.697 10.483 59.2 1.517 10.356 59.126 1.644 10.018 59.2 0.821 9.783 58.95 0.918 9.852 59.126 0.89 10.303 58.95 -1.697 10.483 59.2 -1.517 10.356 59.126 -1.644 11.179 59.2 -1.982 11.082 58.95 -2.217 11.11 59.126 -2.148 12 58.95 -2.4 12 59.2 -2.145 12 59.126 -2.325 12.034 59.2 1.5 12.9 59.2 1 12.4 59.2 1.134 12.9 58.95 1 12.4 58.95 1.134 13.713 59.126 1.447 13.589 59.2 1.323 13.4 59.2 1.134 11.932 59.2 2.136 11.976 59.126 2.325 11.9 58.95 2 11.9 59.2 2 13.7 54.65 -3.96 13.05 55.3 -3.96 13.613 54.975 -3.96 13.375 55.213 -3.96 13.05 55.3 0.6 13.7 54.65 0.6 13.375 55.213 0.6 13.613 54.975 0.6 12.9 57.58 3.96 12.9 56 3.96 12 57.58 -3.96 12.3 55.3 -3.96 12.3 55.3 0.6 12.776 56 0.6 13.05 3.18 -3.96 13.7 3.83 -3.96 13.375 3.267 -3.96 13.613 3.505 -3.96 13.7 3.83 0.6 13.05 3.18 0.6 13.613 3.505 0.6 13.375 3.267 0.6 12.9 3.18 3.96 12.9 0.02 3.96 15.96 6 -3.96 15.96 6 3.96 14.4 6 3.96 14.4 6 0.6 13.7 6 -3.96 13.7 6 0.6 15.96 51.6 -3.96 15.96 51.6 3.96 14.4 51.6 0.6 13.7 51.6 0.6 14.4 51.6 3.96 13.7 51.6 -3.96 -12 57.58 -2.4 -11.082 57.58 -2.217 -10.303 57.58 -1.697 -9.783 57.58 -0.918 -9.6 57.58 0 -9.783 57.58 0.918 -10.303 57.58 1.697 -11.082 57.58 2.217 -11.993 57.58 2.4 -13.766 57.58 1.5 -14.217 57.58 0.918 -14.4 57.58 0 -14.217 57.58 -0.918 -13.697 57.58 -1.697 -12.918 57.58 -2.217 -12 59.2 0 -11.9 57.58 2 -12.034 57.58 1.5 -13.4 57.58 1.134 -12.9 57.58 1 -12.4 57.58 1.134 -15.96 0.02 -3.96 -15.96 0.02 3.96 -15.96 57.58 3.96 -15.96 57.58 -3.96 -14.4 0.02 2.4 -14.4 0.02 -2.4 -14.4 2.1 -2.4 -14.4 56 3.96 -14.4 3.18 3.96 -14.4 3.18 0.6 -14.4 56 0.6 -14.4 2.1 2.4 -12.4 57.58 2.866 -12.9 57.58 3 -13.4 57.58 2.866 -13.807 57.58 2.4 -13.9 57.58 2 -12.9 56 1 -13.4 56 1.134 -13.766 56 1.5 -13.9 56 2 -13.807 56 2.4 -13.4 56 2.866 -12.9 56 3 -12.4 56 2.866 -11.993 56 2.4 -11.9 56 2 -12.034 56 1.5 -12.4 56 1.134 -12.4 3.18 1.134 -12.034 3.18 1.5 -11.9 3.18 2 -11.993 3.18 2.4 -12.4 3.18 2.866 -12.9 3.18 3 -13.4 3.18 2.866 -13.807 3.18 2.4 -13.9 3.18 2 -13.766 3.18 1.5 -13.4 3.18 1.134 -12.9 3.18 1 -12.9 2.1 1 -13.4 2.1 1.134 -13.766 2.1 1.5 -13.9 2.1 2 -13.807 2.1 2.4 -13.4 2.1 2.866 -12.9 2.1 3 -12.4 2.1 2.866 -11.993 2.1 2.4 -11.9 2.1 2 -12.034 2.1 1.5 -12.4 2.1 1.134 -11.993 0.02 2.4 -12.4 0.02 2.866 -12.9 0.02 3 -13.4 0.02 2.866 -13.807 0.02 2.4 0 57.58 -3.96 0 57.58 3.96 0 56 3.96 0 55.3 -3.96 0 55.3 0.6 0 56 0.6 0 0.02 3.96 0 0.02 -3.96 0 0.02 -2.4 0 2.1 -2.4 0 3.18 3.96 0 3.18 -3.96 0 2.1 2.4 0 0.02 2.4 -13.697 58.95 -1.697 -13.517 59.2 -1.517 -13.644 59.126 -1.644 -13.981 59.2 -0.821 -14.217 58.95 -0.918 -14.148 59.126 -0.89 -13.981 59.2 0.821 -14.217 58.95 0.918 -14.148 59.126 0.89 -11.179 59.2 1.982 -11.082 58.95 2.217 -11.11 59.126 2.148 -9.6 58.95 0 -9.855 59.2 0 -9.675 59.126 0 -10.018 59.2 -0.821 -9.783 58.95 -0.918 -9.852 59.126 -0.89 -12.821 59.2 -1.982 -12.918 58.95 -2.217 -12.89 59.126 -2.148 -14.144 59.2 0 -14.4 58.95 0 -14.325 59.126 0 -13.764 58.95 1.499 -13.4 58.95 1.134 -12.034 58.95 1.5 -11.978 58.95 2.4 -10.303 58.95 1.697 -10.483 59.2 1.517 -10.356 59.126 1.644 -10.018 59.2 0.821 -9.783 58.95 0.918 -9.852 59.126 0.89 -10.303 58.95 -1.697 -10.483 59.2 -1.517 -10.356 59.126 -1.644 -11.179 59.2 -1.982 -11.082 58.95 -2.217 -11.11 59.126 -2.148 -12 58.95 -2.4 -12 59.2 -2.145 -12 59.126 -2.325 -12.034 59.2 1.5 -12.9 59.2 1 -12.4 59.2 1.134 -12.9 58.95 1 -12.4 58.95 1.134 -13.713 59.126 1.447 -13.589 59.2 1.323 -13.4 59.2 1.134 -11.932 59.2 2.136 -11.976 59.126 2.325 -11.9 58.95 2 -11.9 59.2 2 -13.7 54.65 -3.96 -13.05 55.3 -3.96 -13.613 54.975 -3.96 -13.375 55.213 -3.96 -13.05 55.3 0.6 -13.7 54.65 0.6 -13.375 55.213 0.6 -13.613 54.975 0.6 0 57.58 -2.4 0 57.58 -2.217 0 57.58 -1.697 0 57.58 -0.918 0 57.58 0 0 57.58 0.918 0 57.58 1.697 0 57.58 2.217 0 57.58 2.4 0 57.58 2.866 -12.9 57.58 3.96 -12.9 56 3.96 0 57.58 3 0 56 1 0 56 3 0 56 2.866 0 56 2.4 0 56 2 0 56 1.5 0 56 1.134 -12 57.58 -3.96 -12.3 55.3 -3.96 -12.3 55.3 0.6 -12.776 56 0.6 0 3.18 0.6 -13.05 3.18 -3.96 -13.7 3.83 -3.96 -13.375 3.267 -3.96 -13.613 3.505 -3.96 -13.7 3.83 0.6 -13.05 3.18 0.6 -13.613 3.505 0.6 -13.375 3.267 0.6 -12.9 3.18 3.96 -12.9 0.02 3.96 0 0.02 2.866 0 0.02 3 0 2.1 1 0 2.1 2 0 2.1 1.5 0 2.1 1.134 0 3.18 1.134 0 3.18 1.5 0 3.18 2 0 3.18 2.4 0 3.18 2.866 0 3.18 3 0 3.18 1 -15.96 6 -3.96 -15.96 6 3.96 -14.4 6 3.96 -14.4 6 0.6 -13.7 6 -3.96 -13.7 6 0.6 -15.96 51.6 -3.96 -15.96 51.6 3.96 -14.4 51.6 0.6 -13.7 51.6 0.6 -14.4 51.6 3.96 -13.7 51.6 -3.96 -12.844 59.32 -0.325 -12.794 59.2 -0.325 -12.794 59.2 -0.795 -12.844 59.32 -0.858 -12.067 59.2 -0.628 -12.017 59.32 -0.667 -12.067 59.2 -0.328 -11.917 59.2 -0.328 -11.966 59.32 -0.328 -11.917 59.2 -0.593 -11.966 59.32 -0.656 -11.189 59.2 -0.426 -11.14 59.32 -0.465 -11.14 59.32 0.079 -11.039 59.2 0.079 -11.089 59.32 0.079 -11.039 59.2 -0.485 -11.089 59.32 -0.485 -11.966 59.32 -0.708 -11.966 59.2 -0.759 -12.945 59.2 -0.889 -12.895 59.32 -0.889 -12.945 59.2 -0.325 -12.895 59.32 -0.325 -12.89 59.32 -0.31 -12.93 59.2 -0.281 -12.893 59.2 -0.253 -12.877 59.32 -0.301 -12.862 59.32 -0.301 -12.846 59.2 -0.253 -12.809 59.2 -0.281 -12.849 59.32 -0.31 -11.053 59.2 0.123 -11.094 59.32 0.094 -11.091 59.2 0.151 -11.106 59.32 0.103 -11.137 59.2 0.151 -11.122 59.32 0.103 -11.175 59.2 0.123 -11.135 59.32 0.094 -11.189 59.2 0.079 -11.043 59.2 -0.51 -11.09 59.32 -0.494 -11.055 59.2 -0.532 -11.094 59.32 -0.501 -11.074 59.2 -0.549 -11.101 59.32 -0.507 -11.097 59.2 -0.559 -11.108 59.32 -0.51 -12.017 59.2 -0.77 -12.017 59.32 -0.719 -11.931 59.2 -0.284 -11.971 59.32 -0.313 -11.969 59.2 -0.257 -11.984 59.32 -0.304 -12.015 59.2 -0.257 -12 59.32 -0.304 -12.053 59.2 -0.284 -12.012 59.32 -0.313 -12.017 59.32 -0.328 -12.937 59.2 -0.922 -12.892 59.32 -0.901 -12.916 59.2 -0.948 -12.885 59.32 -0.909 -12.886 59.2 -0.963 -12.875 59.32 -0.914 -12.852 59.2 -0.963 -12.864 59.32 -0.914 -11.322 59.32 1.178 -11.311 59.2 1.13 -12.515 59.2 0.853 -11.334 59.32 1.228 -11.345 59.2 1.276 -12.548 59.2 0.999 -11.435 59.2 1.666 -11.185 59.32 1.251 -11.151 59.2 1.215 -11.22 59.32 1.288 -11.253 59.2 1.325 -11.103 59.32 1.383 -11.055 59.2 1.369 -11.151 59.32 1.398 -11.199 59.2 1.412 -11.097 59.32 1.539 -11.049 59.2 1.55 -11.147 59.32 1.527 -11.195 59.2 1.516 -11.17 59.32 1.676 -11.134 59.2 1.71 -11.207 59.32 1.641 -11.244 59.2 1.607 -11.302 59.32 1.758 -11.288 59.2 1.806 -11.317 59.32 1.71 -11.332 59.2 1.662 -11.458 59.32 1.763 -11.469 59.2 1.812 -11.446 59.32 1.714 -12.877 59.2 1.006 -12.829 59.32 1.019 -12.781 59.32 1.032 -12.724 59.2 1.047 -12.849 59.2 0.955 -12.813 59.32 0.989 -12.776 59.32 1.023 -12.696 59.2 0.859 -12.681 59.32 0.906 -12.666 59.32 0.955 -12.652 59.2 1.002 -12.526 59.32 0.901 -12.537 59.32 0.95 -12.537 59.32 0.078 -12.548 59.2 0.127 -11.408 59.2 0.798 -11.413 59.32 0.847 -11.422 59.2 0.947 -11.417 59.32 0.898 -12.515 59.2 -0.02 -12.526 59.32 0.029 -12.663 59.319 0.614 -12.008 59.199 0.815 -11.917 59.2 0.742 -11.966 59.32 0.742 -11.917 59.2 0.537 -11.966 59.32 0.537 -12.067 59.2 0.537 -12.017 59.32 0.537 -12.067 59.2 0.648 -12.017 59.32 0.71 -12.652 59.319 0.565 -11.464 59.2 0.929 -11.432 59.32 0.891 -11.488 59.2 0.889 -11.44 59.32 0.878 -11.484 59.2 0.843 -11.438 59.32 0.862 -11.453 59.2 0.808 -11.428 59.32 0.851 -11.322 59.32 0.306 -11.311 59.2 0.257 -11.334 59.32 0.355 -11.345 59.2 0.404 -11.185 59.321 0.379 -11.151 59.201 0.343 -11.22 59.321 0.416 -11.253 59.201 0.452 -11.103 59.322 0.512 -11.055 59.202 0.496 -11.152 59.321 0.526 -11.199 59.201 0.54 -11.098 59.322 0.667 -11.049 59.202 0.677 -11.148 59.321 0.656 -11.195 59.201 0.644 -11.172 59.321 0.804 -11.134 59.201 0.837 -11.209 59.321 0.77 -11.244 59.201 0.735 -11.304 59.32 0.886 -11.288 59.2 0.933 -11.319 59.32 0.838 -11.332 59.2 0.79 -12.667 59.319 0.082 -12.652 59.199 0.13 -12.696 59.199 -0.013 -12.681 59.319 0.034 -12.777 59.318 0.15 -12.74 59.199 0.185 -12.849 59.198 0.083 -12.814 59.318 0.116 -12.838 59.318 0.264 -12.788 59.198 0.276 -12.935 59.197 0.242 -12.887 59.317 0.253 -12.834 59.318 0.394 -12.785 59.198 0.38 -12.928 59.197 0.424 -12.882 59.318 0.408 -12.766 59.318 0.504 -12.73 59.199 0.468 -12.832 59.198 0.577 -12.8 59.318 0.541 -12.639 59.199 0.516 -12.673 59.199 0.662 -12.052 59.2 0.492 -12.012 59.32 0.522 -12.014 59.2 0.465 -12 59.32 0.513 -11.967 59.201 0.465 -11.984 59.32 0.513 -11.929 59.201 0.492 -11.971 59.32 0.522 -11.924 59.2 0.774 -11.969 59.32 0.753 -11.945 59.2 0.8 -11.976 59.32 0.762 -11.975 59.2 0.815 -11.986 59.32 0.767 -11.997 59.32 0.767 -12.844 59.32 -1.19 -12.794 59.2 -1.19 -12.794 59.2 -1.66 -12.844 59.32 -1.723 -11.131 59.2 -1.278 -11.12 59.32 -1.326 -11.092 59.32 -1.338 -11.05 59.2 -1.312 -11.039 59.2 -1.357 -11.089 59.32 -1.353 -11.095 59.32 -1.367 -11.058 59.2 -1.4 -11.097 59.2 -1.424 -11.108 59.32 -1.375 -12.945 59.2 -1.755 -12.895 59.32 -1.755 -12.849 59.32 -1.175 -12.809 59.2 -1.146 -12.862 59.32 -1.166 -12.846 59.2 -1.119 -12.877 59.32 -1.166 -12.893 59.2 -1.119 -12.89 59.32 -1.175 -12.93 59.2 -1.146 -12.895 59.32 -1.19 -12.945 59.2 -1.19 -11.104 59.32 -1.327 -11.085 59.2 -1.282 -12.937 59.2 -1.787 -12.892 59.32 -1.766 -12.916 59.2 -1.814 -12.885 59.32 -1.775 -12.886 59.2 -1.828 -12.875 59.32 -1.779 -12.852 59.2 -1.828 -12.864 59.32 -1.779 11.156 59.32 -0.325 11.206 59.2 -0.325 11.206 59.2 -0.795 11.156 59.32 -0.858 11.933 59.2 -0.628 11.983 59.32 -0.667 11.933 59.2 -0.328 12.083 59.2 -0.328 12.034 59.32 -0.328 12.083 59.2 -0.593 12.034 59.32 -0.656 12.811 59.2 -0.426 12.86 59.32 -0.465 12.86 59.32 0.079 12.961 59.2 0.079 12.911 59.32 0.079 12.961 59.2 -0.485 12.911 59.32 -0.485 12.034 59.32 -0.708 12.034 59.2 -0.759 11.055 59.2 -0.889 11.105 59.32 -0.889 11.055 59.2 -0.325 11.105 59.32 -0.325 11.11 59.32 -0.31 11.07 59.2 -0.281 11.107 59.2 -0.253 11.123 59.32 -0.301 11.138 59.32 -0.301 11.154 59.2 -0.253 11.191 59.2 -0.281 11.151 59.32 -0.31 12.947 59.2 0.123 12.906 59.32 0.094 12.909 59.2 0.151 12.894 59.32 0.103 12.863 59.2 0.151 12.878 59.32 0.103 12.825 59.2 0.123 12.865 59.32 0.094 12.811 59.2 0.079 12.957 59.2 -0.51 12.91 59.32 -0.494 12.945 59.2 -0.532 12.906 59.32 -0.501 12.926 59.2 -0.549 12.899 59.32 -0.507 12.903 59.2 -0.559 12.892 59.32 -0.51 11.983 59.2 -0.77 11.983 59.32 -0.719 12.069 59.2 -0.284 12.029 59.32 -0.313 12.031 59.2 -0.257 12.016 59.32 -0.304 11.985 59.2 -0.257 12 59.32 -0.304 11.947 59.2 -0.284 11.988 59.32 -0.313 11.983 59.32 -0.328 11.063 59.2 -0.922 11.108 59.32 -0.901 11.084 59.2 -0.948 11.115 59.32 -0.909 11.114 59.2 -0.963 11.125 59.32 -0.914 11.148 59.2 -0.963 11.136 59.32 -0.914 11.485 59.2 0.853 11.327 59.2 1.535 11.339 59.32 1.486 11.35 59.32 1.437 11.452 59.2 0.999 11.361 59.2 1.389 11.168 59.2 1.45 11.201 59.32 1.413 11.236 59.32 1.376 11.27 59.2 1.34 11.072 59.2 1.296 11.119 59.32 1.281 11.168 59.32 1.267 11.215 59.2 1.252 11.065 59.2 1.115 11.114 59.32 1.126 11.163 59.32 1.137 11.212 59.2 1.149 11.151 59.2 0.955 11.187 59.32 0.989 11.224 59.32 1.023 11.26 59.2 1.057 11.304 59.2 0.859 11.319 59.32 0.906 11.334 59.32 0.955 11.348 59.2 1.002 11.474 59.32 0.901 11.463 59.32 0.95 11.463 59.32 0.078 11.452 59.2 0.127 12.592 59.2 0.798 12.587 59.32 0.847 12.578 59.2 0.947 12.583 59.32 0.898 11.485 59.2 -0.02 11.474 59.32 0.029 11.337 59.319 0.614 11.992 59.199 0.815 12.083 59.2 0.742 12.034 59.32 0.742 12.083 59.2 0.537 12.034 59.32 0.537 11.933 59.2 0.537 11.983 59.32 0.537 11.933 59.2 0.648 11.983 59.32 0.71 11.348 59.319 0.565 12.536 59.2 0.929 12.568 59.32 0.891 12.512 59.2 0.889 12.56 59.32 0.878 12.516 59.2 0.843 12.562 59.32 0.862 12.547 59.2 0.808 12.572 59.32 0.851 12.678 59.32 0.306 12.689 59.2 0.257 12.666 59.32 0.355 12.655 59.2 0.404 12.815 59.321 0.379 12.849 59.201 0.343 12.78 59.321 0.416 12.747 59.201 0.452 12.897 59.322 0.512 12.945 59.202 0.496 12.848 59.321 0.526 12.801 59.201 0.54 12.902 59.322 0.667 12.951 59.202 0.677 12.852 59.321 0.656 12.805 59.201 0.644 12.828 59.321 0.804 12.866 59.201 0.837 12.791 59.321 0.77 12.756 59.201 0.735 12.696 59.32 0.886 12.712 59.2 0.933 12.681 59.32 0.838 12.668 59.2 0.79 11.333 59.319 0.082 11.348 59.199 0.13 11.304 59.199 -0.013 11.319 59.319 0.034 11.223 59.318 0.15 11.26 59.199 0.185 11.151 59.198 0.083 11.186 59.318 0.116 11.162 59.318 0.264 11.212 59.198 0.276 11.065 59.197 0.242 11.113 59.317 0.253 11.166 59.318 0.394 11.215 59.198 0.38 11.072 59.197 0.424 11.118 59.318 0.408 11.234 59.318 0.504 11.27 59.199 0.468 11.168 59.198 0.577 11.2 59.318 0.541 11.361 59.199 0.516 11.327 59.199 0.662 11.948 59.2 0.492 11.988 59.32 0.522 11.986 59.2 0.465 12 59.32 0.513 12.033 59.201 0.465 12.016 59.32 0.513 12.071 59.201 0.492 12.029 59.32 0.522 12.076 59.2 0.774 12.031 59.32 0.753 12.055 59.2 0.8 12.024 59.32 0.762 12.025 59.2 0.815 12.014 59.32 0.767 12.003 59.32 0.767 11.156 59.32 -1.19 11.206 59.2 -1.19 11.206 59.2 -1.66 11.156 59.32 -1.723 12.869 59.2 -1.278 12.88 59.32 -1.326 12.908 59.32 -1.338 12.95 59.2 -1.312 12.961 59.2 -1.357 12.911 59.32 -1.353 12.905 59.32 -1.367 12.942 59.2 -1.4 12.903 59.2 -1.424 12.892 59.32 -1.375 11.055 59.2 -1.755 11.105 59.32 -1.755 11.151 59.32 -1.175 11.191 59.2 -1.146 11.138 59.32 -1.166 11.154 59.2 -1.119 11.123 59.32 -1.166 11.107 59.2 -1.119 11.11 59.32 -1.175 11.07 59.2 -1.146 11.105 59.32 -1.19 11.055 59.2 -1.19 12.896 59.32 -1.327 12.915 59.2 -1.282 11.063 59.2 -1.787 11.108 59.32 -1.766 11.084 59.2 -1.814 11.115 59.32 -1.775 11.114 59.2 -1.828 11.125 59.32 -1.779 11.148 59.2 -1.828 11.136 59.32 -1.779 12.542 59.2 1.096 12.44 59.32 1.123 12.374 59.32 1.16 12.332 59.2 1.202 12.023 59.2 1.541 12.01 59.32 1.589 11.997 59.32 1.638 11.984 59.2 1.686 -12.026 59.2 1.53 -12.011 59.32 1.584 -11.997 59.32 1.639 -11.982 59.2 1.694 12 57.58 -2.4 11.082 57.58 -2.217 10.303 57.58 -1.697 9.783 57.58 -0.918 9.6 57.58 0 9.783 57.58 0.918 10.303 57.58 1.697 11.082 57.58 2.217 11.993 57.58 2.4 11.993 57.58 2.4 13.766 57.58 1.5 13.766 57.58 1.5 14.217 57.58 0.918 14.4 57.58 0 14.217 57.58 -0.918 13.697 57.58 -1.697 12.918 57.58 -2.217 15.96 0.02 -3.96 15.96 0.02 -3.96 15.96 0.02 3.96 15.96 0.02 3.96 15.96 51.6 -3.96 15.96 57.58 -3.96 15.96 57.58 -3.96 12 57.58 -3.96 15.96 51.6 3.96 15.96 57.58 3.96 15.96 57.58 3.96 12.9 57.58 3.96 0 0.02 -2.4 14.4 0.02 -2.4 14.4 0.02 -2.4 14.4 0.02 2.4 14.4 0.02 2.4 14.4 2.1 -2.4 14.4 2.1 -2.4 14.4 6 3.96 14.4 3.18 3.96 14.4 3.18 3.96 12.9 3.18 3.96 14.4 51.6 0.6 14.4 56 0.6 14.4 56 0.6 14.4 2.1 2.4 14.4 2.1 2.4 12.776 56 0.6 14.4 56 3.96 14.4 56 3.96 14.4 3.18 0.6 14.4 3.18 0.6 12.4 57.58 2.866 12.9 57.58 3 13.4 57.58 2.866 13.807 57.58 2.4 13.9 57.58 2 12.9 56 1 13.4 56 1.134 13.766 56 1.5 13.9 56 2 13.807 56 2.4 13.4 56 2.866 12.9 56 3 12.4 56 2.866 11.993 56 2.4 11.9 56 2 12.034 56 1.5 12.4 56 1.134 12.4 3.18 1.134 12.9 3.18 1 12.034 3.18 1.5 11.9 3.18 2 11.993 3.18 2.4 12.4 3.18 2.866 12.9 3.18 3 13.4 3.18 2.866 13.807 3.18 2.4 13.9 3.18 2 13.766 3.18 1.5 13.4 3.18 1.134 12.9 2.1 1 13.4 2.1 1.134 13.766 2.1 1.5 13.9 2.1 2 13.807 2.1 2.4 13.807 2.1 2.4 11.993 2.1 2.4 11.993 2.1 2.4 11.9 2.1 2 12.034 2.1 1.5 12.4 2.1 1.134 11.993 0.02 2.4 11.993 0.02 2.4 0 0.02 2.4 12.4 0.02 2.866 12.9 0.02 3 13.4 0.02 2.866 13.807 0.02 2.4 13.807 0.02 2.4 12.9 0.02 3.96 12.9 56 3.96 0 56 3.96 0 0.02 3.96 0 0.02 -3.96 0 2.1 -2.4 0 2.1 2.4 12.034 59.2 1.5 11.9 59.2 2 13.764 58.95 1.499 11.978 58.95 2.4 12.4 59.2 1.134 12.9 59.2 1 13.713 59.126 1.447 13.589 59.2 1.323 13.4 59.2 1.134 11.932 59.2 2.136 11.976 59.126 2.325 13.7 54.65 -3.96 13.613 54.975 -3.96 13.375 55.213 -3.96 13.05 55.3 -3.96 13.05 55.3 0.6 13.375 55.213 0.6 13.613 54.975 0.6 13.7 54.65 0.6 12.3 55.3 -3.96 0 55.3 -3.96 12.3 55.3 0.6 0 55.3 0.6 0 57.58 3.96 0 57.58 -3.96 0 56 0.6 13.05 3.18 -3.96 13.375 3.267 -3.96 13.613 3.505 -3.96 13.7 3.83 -3.96 13.7 3.83 0.6 13.613 3.505 0.6 13.375 3.267 0.6 13.05 3.18 0.6 13.7 6 -3.96 13.7 51.6 0.6 0 3.18 -3.96 0 3.18 3.96 15.96 6 -3.96 15.96 6 3.96 14.4 51.6 3.96 14.4 6 0.6 13.7 51.6 -3.96 13.7 6 0.6 -12 57.58 -2.4 -11.082 57.58 -2.217 -10.303 57.58 -1.697 -9.783 57.58 -0.918 -9.6 57.58 0 -9.783 57.58 0.918 -10.303 57.58 1.697 -11.082 57.58 2.217 -11.993 57.58 2.4 -11.993 57.58 2.4 -13.766 57.58 1.5 -13.766 57.58 1.5 -14.217 57.58 0.918 -14.4 57.58 0 -14.217 57.58 -0.918 -13.697 57.58 -1.697 -12.918 57.58 -2.217 -15.96 0.02 -3.96 -15.96 0.02 -3.96 -15.96 0.02 3.96 -15.96 0.02 3.96 -15.96 51.6 -3.96 -15.96 57.58 -3.96 -15.96 57.58 -3.96 -12 57.58 -3.96 -15.96 51.6 3.96 -15.96 57.58 3.96 -15.96 57.58 3.96 -12.9 57.58 3.96 -14.4 0.02 -2.4 -14.4 0.02 -2.4 -14.4 0.02 2.4 -14.4 0.02 2.4 -14.4 2.1 -2.4 -14.4 2.1 -2.4 -14.4 6 3.96 -14.4 3.18 3.96 -14.4 3.18 3.96 -12.9 3.18 3.96 -14.4 51.6 0.6 -14.4 56 0.6 -14.4 56 0.6 -14.4 2.1 2.4 -14.4 2.1 2.4 -12.776 56 0.6 -14.4 56 3.96 -14.4 56 3.96 -14.4 3.18 0.6 -14.4 3.18 0.6 -12.4 57.58 2.866 -12.9 57.58 3 -13.4 57.58 2.866 -13.807 57.58 2.4 -13.9 57.58 2 -12.9 56 1 -13.4 56 1.134 -13.766 56 1.5 -13.9 56 2 -13.807 56 2.4 -13.4 56 2.866 -12.9 56 3 -12.4 56 2.866 -11.993 56 2.4 -11.9 56 2 -12.034 56 1.5 -12.4 56 1.134 -12.4 3.18 1.134 -12.9 3.18 1 -12.034 3.18 1.5 -11.9 3.18 2 -11.993 3.18 2.4 -12.4 3.18 2.866 -12.9 3.18 3 -13.4 3.18 2.866 -13.807 3.18 2.4 -13.9 3.18 2 -13.766 3.18 1.5 -13.4 3.18 1.134 -12.9 2.1 1 -13.4 2.1 1.134 -13.766 2.1 1.5 -13.9 2.1 2 -13.807 2.1 2.4 -13.807 2.1 2.4 -11.993 2.1 2.4 -11.993 2.1 2.4 -11.9 2.1 2 -12.034 2.1 1.5 -12.4 2.1 1.134 -11.993 0.02 2.4 -11.993 0.02 2.4 -12.4 0.02 2.866 -12.9 0.02 3 -13.4 0.02 2.866 -13.807 0.02 2.4 -13.807 0.02 2.4 -12.9 0.02 3.96 -12.9 56 3.96 -12.034 59.2 1.5 -11.9 59.2 2 -13.764 58.95 1.499 -11.978 58.95 2.4 -12.4 59.2 1.134 -12.9 59.2 1 -13.713 59.126 1.447 -13.589 59.2 1.323 -13.4 59.2 1.134 -11.932 59.2 2.136 -11.976 59.126 2.325 -13.7 54.65 -3.96 -13.613 54.975 -3.96 -13.375 55.213 -3.96 -13.05 55.3 -3.96 -13.05 55.3 0.6 -13.375 55.213 0.6 -13.613 54.975 0.6 -13.7 54.65 0.6 -12.3 55.3 -3.96 -12.3 55.3 0.6 -13.05 3.18 -3.96 -13.375 3.267 -3.96 -13.613 3.505 -3.96 -13.7 3.83 -3.96 -13.7 3.83 0.6 -13.613 3.505 0.6 -13.375 3.267 0.6 -13.05 3.18 0.6 -13.7 6 -3.96 -13.7 51.6 0.6 -15.96 6 -3.96 -15.96 6 3.96 -14.4 51.6 3.96 -14.4 6 0.6 -13.7 51.6 -3.96 -13.7 6 0.6 -12.794 59.2 -0.795 -12.067 59.2 -0.628 -11.917 59.2 -0.593 -11.189 59.2 -0.426 -12.829 59.32 1.019 -12.877 59.2 1.006 -12.781 59.32 1.032 -12.724 59.2 1.047 -12.067 59.2 0.648 -12.794 59.2 -1.66 11.206 59.2 -0.795 11.933 59.2 -0.628 12.083 59.2 -0.593 12.811 59.2 -0.426 12.44 59.32 1.123 12.374 59.32 1.16 11.933 59.2 0.648 11.206 59.2 -1.66 12.542 59.2 1.096 12.332 59.2 1.202 12.023 59.2 1.541 12.01 59.32 1.589 11.997 59.32 1.638 11.984 59.2 1.686 -12.026 59.2 1.53 -12.011 59.32 1.584 -11.997 59.32 1.639 -11.982 59.2 1.694 -3.082 59.15 -2.217 -3.179 59.4 -1.982 -3.11 59.327 -2.148 -2.483 59.4 -1.517 -2.303 59.15 -1.697 -2.356 59.327 -1.644 -1.783 59.15 -0.918 -2.018 59.4 -0.821 -1.852 59.327 -0.89 -1.855 59.4 0 -1.6 59.15 0 -1.675 59.327 0 -1.783 59.15 0.918 -2.018 59.4 0.821 -1.852 59.327 0.89 -2.303 59.15 1.697 -2.483 59.4 1.517 -2.356 59.327 1.644 -3.082 59.15 2.217 -3.179 59.4 1.982 -3.11 59.327 2.148 -4 59.15 2.4 -4 59.4 2.145 -4 59.327 2.325 -4.821 59.4 1.982 -4.918 59.15 2.217 -4.89 59.327 2.148 -5.697 59.15 1.697 -5.517 59.4 1.517 -5.644 59.327 1.644 -6.217 59.15 0.918 -5.982 59.4 0.821 -6.148 59.327 0.89 -6.4 59.15 0 -6.145 59.4 0 -6.325 59.327 0 -6.217 59.15 -0.918 -5.982 59.4 -0.821 -6.148 59.327 -0.89 -5.517 59.4 -1.517 -5.697 59.15 -1.697 -5.644 59.327 -1.644 -4.918 59.15 -2.217 -4.821 59.4 -1.982 -4.89 59.327 -2.148 -4 59.15 -2.4 -4 59.4 -2.145 -4 59.327 -2.325 -4 57.73 -2.4 -4 57.58 -2.553 -4 57.624 -2.445 -4.977 57.58 -2.359 -4.918 57.73 -2.217 -4.936 57.624 -2.259 -5.805 57.58 -1.805 -5.697 57.73 -1.697 -5.729 57.624 -1.729 -6.359 57.58 -0.977 -6.217 57.73 -0.918 -6.259 57.624 -0.936 -6.553 57.58 0 -6.4 57.73 0 -6.445 57.624 0 -6.359 57.58 0.977 -6.217 57.73 0.918 -6.259 57.624 0.936 -5.805 57.58 1.805 -5.697 57.73 1.697 -5.729 57.624 1.729 -4.977 57.58 2.359 -4.918 57.73 2.217 -4.936 57.624 2.259 -4 57.58 2.553 -4 57.73 2.4 -4 57.624 2.445 -3.023 57.58 2.359 -3.082 57.73 2.217 -3.064 57.624 2.259 -2.195 57.58 1.805 -2.303 57.73 1.697 -2.271 57.624 1.729 -1.641 57.58 0.977 -1.783 57.73 0.918 -1.741 57.624 0.936 -1.447 57.58 0 -1.6 57.73 0 -1.555 57.624 0 -1.641 57.58 -0.977 -1.783 57.73 -0.918 -1.741 57.624 -0.936 -2.195 57.58 -1.805 -2.303 57.73 -1.697 -2.271 57.624 -1.729 -3.023 57.58 -2.359 -3.082 57.73 -2.217 -3.064 57.624 -2.259 -4 57.58 -1.6 -4.612 57.58 -1.478 -5.131 57.58 -1.131 -5.478 57.58 -0.612 -5.6 57.58 0 -5.478 57.58 0.612 -5.131 57.58 1.131 -4.612 57.58 1.478 -4 57.58 1.6 -3.388 57.58 1.478 -2.869 57.58 1.131 -2.522 57.58 0.612 -2.4 57.58 0 -2.522 57.58 -0.612 -2.869 57.58 -1.131 -3.388 57.58 -1.478 -4 59.2 -1.6 -4 59.4 -1.804 -4 59.341 -1.66 -4.69 59.4 -1.667 -4.612 59.2 -1.478 -4.635 59.341 -1.533 -5.276 59.4 -1.276 -5.131 59.2 -1.131 -5.174 59.341 -1.174 -5.667 59.4 -0.69 -5.478 59.2 -0.612 -5.533 59.341 -0.635 -5.804 59.4 0 -5.6 59.2 0 -5.66 59.341 0 -5.667 59.4 0.69 -5.478 59.2 0.612 -5.533 59.341 0.635 -5.276 59.4 1.276 -5.131 59.2 1.131 -5.174 59.341 1.174 -4.69 59.4 1.667 -4.612 59.2 1.478 -4.635 59.341 1.533 -4 59.4 1.804 -4 59.2 1.6 -4 59.341 1.66 -3.31 59.4 1.667 -3.388 59.2 1.478 -3.365 59.341 1.533 -2.724 59.4 1.276 -2.869 59.2 1.131 -2.826 59.341 1.174 -2.333 59.4 0.69 -2.522 59.2 0.612 -2.467 59.341 0.635 -2.196 59.4 0 -2.4 59.2 0 -2.34 59.341 0 -2.333 59.4 -0.69 -2.522 59.2 -0.612 -2.467 59.341 -0.635 -2.724 59.4 -1.276 -2.869 59.2 -1.131 -2.826 59.341 -1.174 -3.31 59.4 -1.667 -3.388 59.2 -1.478 -3.365 59.341 -1.533 4.918 59.15 -2.217 4.821 59.4 -1.982 4.89 59.327 -2.148 5.517 59.4 -1.517 5.697 59.15 -1.697 5.644 59.327 -1.644 6.217 59.15 -0.918 5.982 59.4 -0.821 6.148 59.327 -0.89 6.145 59.4 0 6.4 59.15 0 6.325 59.327 0 6.217 59.15 0.918 5.982 59.4 0.821 6.148 59.327 0.89 5.697 59.15 1.697 5.517 59.4 1.517 5.644 59.327 1.644 4.918 59.15 2.217 4.821 59.4 1.982 4.89 59.327 2.148 4 59.15 2.4 4 59.4 2.145 4 59.327 2.325 3.179 59.4 1.982 3.082 59.15 2.217 3.11 59.327 2.148 2.303 59.15 1.697 2.483 59.4 1.517 2.356 59.327 1.644 1.783 59.15 0.918 2.018 59.4 0.821 1.852 59.327 0.89 1.6 59.15 0 1.855 59.4 0 1.675 59.327 0 1.783 59.15 -0.918 2.018 59.4 -0.821 1.852 59.327 -0.89 2.483 59.4 -1.517 2.303 59.15 -1.697 2.356 59.327 -1.644 3.082 59.15 -2.217 3.179 59.4 -1.982 3.11 59.327 -2.148 4 59.15 -2.4 4 59.4 -2.145 4 59.327 -2.325 4 57.73 -2.4 4 57.58 -2.553 4 57.624 -2.445 3.023 57.58 -2.359 3.082 57.73 -2.217 3.064 57.624 -2.259 2.195 57.58 -1.805 2.303 57.73 -1.697 2.271 57.624 -1.729 1.641 57.58 -0.977 1.783 57.73 -0.918 1.741 57.624 -0.936 1.447 57.58 0 1.6 57.73 0 1.555 57.624 0 1.641 57.58 0.977 1.783 57.73 0.918 1.741 57.624 0.936 2.195 57.58 1.805 2.303 57.73 1.697 2.271 57.624 1.729 3.023 57.58 2.359 3.082 57.73 2.217 3.064 57.624 2.259 4 57.58 2.553 4 57.73 2.4 4 57.624 2.445 4.977 57.58 2.359 4.918 57.73 2.217 4.936 57.624 2.259 5.805 57.58 1.805 5.697 57.73 1.697 5.729 57.624 1.729 6.359 57.58 0.977 6.217 57.73 0.918 6.259 57.624 0.936 6.553 57.58 0 6.4 57.73 0 6.445 57.624 0 6.359 57.58 -0.977 6.217 57.73 -0.918 6.259 57.624 -0.936 5.805 57.58 -1.805 5.697 57.73 -1.697 5.729 57.624 -1.729 4.977 57.58 -2.359 4.918 57.73 -2.217 4.936 57.624 -2.259 4 57.58 -1.6 3.388 57.58 -1.478 2.869 57.58 -1.131 2.522 57.58 -0.612 2.4 57.58 0 2.522 57.58 0.612 2.869 57.58 1.131 3.388 57.58 1.478 4 57.58 1.6 4.612 57.58 1.478 5.131 57.58 1.131 5.478 57.58 0.612 5.6 57.58 0 5.478 57.58 -0.612 5.131 57.58 -1.131 4.612 57.58 -1.478 4 59.2 -1.6 4 59.4 -1.804 4 59.341 -1.66 3.31 59.4 -1.667 3.388 59.2 -1.478 3.365 59.341 -1.533 2.724 59.4 -1.276 2.869 59.2 -1.131 2.826 59.341 -1.174 2.333 59.4 -0.69 2.522 59.2 -0.612 2.467 59.341 -0.635 2.196 59.4 0 2.4 59.2 0 2.34 59.341 0 2.333 59.4 0.69 2.522 59.2 0.612 2.467 59.341 0.635 2.724 59.4 1.276 2.869 59.2 1.131 2.826 59.341 1.174 3.31 59.4 1.667 3.388 59.2 1.478 3.365 59.341 1.533 4 59.4 1.804 4 59.2 1.6 4 59.341 1.66 4.69 59.4 1.667 4.612 59.2 1.478 4.635 59.341 1.533 5.276 59.4 1.276 5.131 59.2 1.131 5.174 59.341 1.174 5.667 59.4 0.69 5.478 59.2 0.612 5.533 59.341 0.635 5.804 59.4 0 5.6 59.2 0 5.66 59.341 0 5.667 59.4 -0.69 5.478 59.2 -0.612 5.533 59.341 -0.635 5.276 59.4 -1.276 5.131 59.2 -1.131 5.174 59.341 -1.174 4.69 59.4 -1.667 4.612 59.2 -1.478 4.635 59.341 -1.533 -8 2.1 -1.6 -8.612 2.1 -1.478 -9.131 2.1 -1.131 -9.478 2.1 -0.612 -9.6 2.1 0 -9.478 2.1 0.612 -9.131 2.1 1.131 -8.612 2.1 1.478 -8 2.1 1.6 -7.388 2.1 1.478 -6.869 2.1 1.131 -6.522 2.1 0.612 -6.4 2.1 0 -6.522 2.1 -0.612 -6.869 2.1 -1.131 -7.388 2.1 -1.478 -8 2.1 -0.8 -8.306 2.1 -0.739 -8.566 2.1 -0.566 -8.739 2.1 -0.306 -8.8 2.1 0 -8.739 2.1 0.306 -8.566 2.1 0.566 -8.306 2.1 0.739 -8 2.1 0.8 -7.694 2.1 0.739 -7.434 2.1 0.566 -7.261 2.1 0.306 -7.2 2.1 0 -7.261 2.1 -0.306 -7.434 2.1 -0.566 -7.694 2.1 -0.739 -8 0.17 -1.6 -8 0.02 -1.447 -8 0.064 -1.555 -8.554 0.02 -1.337 -8.612 0.17 -1.478 -8.595 0.064 -1.437 -9.023 0.02 -1.023 -9.131 0.17 -1.131 -9.1 0.064 -1.1 -9.337 0.02 -0.554 -9.478 0.17 -0.612 -9.437 0.064 -0.595 -9.447 0.02 0 -9.6 0.17 0 -9.555 0.064 0 -9.337 0.02 0.554 -9.478 0.17 0.612 -9.437 0.064 0.595 -9.023 0.02 1.023 -9.131 0.17 1.131 -9.1 0.064 1.1 -8.554 0.02 1.337 -8.612 0.17 1.478 -8.595 0.064 1.437 -8 0.02 1.447 -8 0.17 1.6 -8 0.064 1.555 -7.446 0.02 1.337 -7.388 0.17 1.478 -7.405 0.064 1.437 -6.977 0.02 1.023 -6.869 0.17 1.131 -6.9 0.064 1.1 -6.663 0.02 0.554 -6.522 0.17 0.612 -6.563 0.064 0.595 -6.553 0.02 0 -6.4 0.17 0 -6.445 0.064 0 -6.663 0.02 -0.554 -6.522 0.17 -0.612 -6.563 0.064 -0.595 -6.977 0.02 -1.023 -6.869 0.17 -1.131 -6.9 0.064 -1.1 -7.446 0.02 -1.337 -7.388 0.17 -1.478 -7.405 0.064 -1.437 -8 0.02 -0.953 -8 0.17 -0.8 -8 0.064 -0.845 -8.306 0.17 -0.739 -8.365 0.02 -0.88 -8.323 0.064 -0.78 -8.566 0.17 -0.566 -8.674 0.02 -0.674 -8.597 0.064 -0.597 -8.739 0.17 -0.306 -8.88 0.02 -0.365 -8.78 0.064 -0.323 -8.8 0.17 0 -8.953 0.02 0 -8.845 0.064 0 -8.739 0.17 0.306 -8.88 0.02 0.365 -8.78 0.064 0.323 -8.566 0.17 0.566 -8.674 0.02 0.674 -8.597 0.064 0.597 -8.306 0.17 0.739 -8.365 0.02 0.88 -8.323 0.064 0.78 -8 0.17 0.8 -8 0.02 0.953 -8 0.064 0.845 -7.694 0.17 0.739 -7.635 0.02 0.88 -7.677 0.064 0.78 -7.434 0.17 0.566 -7.326 0.02 0.674 -7.403 0.064 0.597 -7.261 0.17 0.306 -7.12 0.02 0.365 -7.22 0.064 0.323 -7.2 0.17 0 -7.047 0.02 0 -7.155 0.064 0 -7.261 0.17 -0.306 -7.12 0.02 -0.365 -7.22 0.064 -0.323 -7.434 0.17 -0.566 -7.326 0.02 -0.674 -7.403 0.064 -0.597 -7.694 0.17 -0.739 -7.635 0.02 -0.88 -7.677 0.064 -0.78 0 2.1 -1.6 -0.612 2.1 -1.478 -1.131 2.1 -1.131 -1.478 2.1 -0.612 -1.6 2.1 0 -1.478 2.1 0.612 -1.131 2.1 1.131 -0.612 2.1 1.478 0 2.1 1.6 0.612 2.1 1.478 1.131 2.1 1.131 1.478 2.1 0.612 1.6 2.1 0 1.478 2.1 -0.612 1.131 2.1 -1.131 0.612 2.1 -1.478 0 2.1 -0.8 -0.306 2.1 -0.739 -0.566 2.1 -0.566 -0.739 2.1 -0.306 -0.8 2.1 0 -0.739 2.1 0.306 -0.566 2.1 0.566 -0.306 2.1 0.739 0 2.1 0.8 0.306 2.1 0.739 0.566 2.1 0.566 0.739 2.1 0.306 0.8 2.1 0 0.739 2.1 -0.306 0.566 2.1 -0.566 0.306 2.1 -0.739 0 0.17 -1.6 0 0.02 -1.447 0 0.064 -1.555 -0.554 0.02 -1.337 -0.612 0.17 -1.478 -0.595 0.064 -1.437 -1.023 0.02 -1.023 -1.131 0.17 -1.131 -1.1 0.064 -1.1 -1.337 0.02 -0.554 -1.478 0.17 -0.612 -1.437 0.064 -0.595 -1.447 0.02 0 -1.6 0.17 0 -1.555 0.064 0 -1.337 0.02 0.554 -1.478 0.17 0.612 -1.437 0.064 0.595 -1.023 0.02 1.023 -1.131 0.17 1.131 -1.1 0.064 1.1 -0.554 0.02 1.337 -0.612 0.17 1.478 -0.595 0.064 1.437 0 0.02 1.447 0 0.17 1.6 0 0.064 1.555 0.554 0.02 1.337 0.612 0.17 1.478 0.595 0.064 1.437 1.023 0.02 1.023 1.131 0.17 1.131 1.1 0.064 1.1 1.337 0.02 0.554 1.478 0.17 0.612 1.437 0.064 0.595 1.447 0.02 0 1.6 0.17 0 1.555 0.064 0 1.337 0.02 -0.554 1.478 0.17 -0.612 1.437 0.064 -0.595 1.023 0.02 -1.023 1.131 0.17 -1.131 1.1 0.064 -1.1 0.554 0.02 -1.337 0.612 0.17 -1.478 0.595 0.064 -1.437 0 0.02 -0.953 0 0.17 -0.8 0 0.064 -0.845 -0.306 0.17 -0.739 -0.365 0.02 -0.88 -0.323 0.064 -0.78 -0.566 0.17 -0.566 -0.674 0.02 -0.674 -0.597 0.064 -0.597 -0.739 0.17 -0.306 -0.88 0.02 -0.365 -0.78 0.064 -0.323 -0.8 0.17 0 -0.953 0.02 0 -0.845 0.064 0 -0.739 0.17 0.306 -0.88 0.02 0.365 -0.78 0.064 0.323 -0.566 0.17 0.566 -0.674 0.02 0.674 -0.597 0.064 0.597 -0.306 0.17 0.739 -0.365 0.02 0.88 -0.323 0.064 0.78 0 0.17 0.8 0 0.02 0.953 0 0.064 0.845 0.306 0.17 0.739 0.365 0.02 0.88 0.323 0.064 0.78 0.566 0.17 0.566 0.674 0.02 0.674 0.597 0.064 0.597 0.739 0.17 0.306 0.88 0.02 0.365 0.78 0.064 0.323 0.8 0.17 0 0.953 0.02 0 0.845 0.064 0 0.739 0.17 -0.306 0.88 0.02 -0.365 0.78 0.064 -0.323 0.566 0.17 -0.566 0.674 0.02 -0.674 0.597 0.064 -0.597 0.306 0.17 -0.739 0.365 0.02 -0.88 0.323 0.064 -0.78 8 2.1 -1.6 7.388 2.1 -1.478 6.869 2.1 -1.131 6.522 2.1 -0.612 6.4 2.1 0 6.522 2.1 0.612 6.869 2.1 1.131 7.388 2.1 1.478 8 2.1 1.6 8.612 2.1 1.478 9.131 2.1 1.131 9.478 2.1 0.612 9.6 2.1 0 9.478 2.1 -0.612 9.131 2.1 -1.131 8.612 2.1 -1.478 8 2.1 -0.8 7.694 2.1 -0.739 7.434 2.1 -0.566 7.261 2.1 -0.306 7.2 2.1 0 7.261 2.1 0.306 7.434 2.1 0.566 7.694 2.1 0.739 8 2.1 0.8 8.306 2.1 0.739 8.566 2.1 0.566 8.739 2.1 0.306 8.8 2.1 0 8.739 2.1 -0.306 8.566 2.1 -0.566 8.306 2.1 -0.739 8 0.17 -1.6 8 0.02 -1.447 8 0.064 -1.555 7.446 0.02 -1.337 7.388 0.17 -1.478 7.405 0.064 -1.437 6.977 0.02 -1.023 6.869 0.17 -1.131 6.9 0.064 -1.1 6.663 0.02 -0.554 6.522 0.17 -0.612 6.563 0.064 -0.595 6.553 0.02 0 6.4 0.17 0 6.445 0.064 0 6.663 0.02 0.554 6.522 0.17 0.612 6.563 0.064 0.595 6.977 0.02 1.023 6.869 0.17 1.131 6.9 0.064 1.1 7.446 0.02 1.337 7.388 0.17 1.478 7.405 0.064 1.437 8 0.02 1.447 8 0.17 1.6 8 0.064 1.555 8.554 0.02 1.337 8.612 0.17 1.478 8.595 0.064 1.437 9.023 0.02 1.023 9.131 0.17 1.131 9.1 0.064 1.1 9.337 0.02 0.554 9.478 0.17 0.612 9.437 0.064 0.595 9.447 0.02 0 9.6 0.17 0 9.555 0.064 0 9.337 0.02 -0.554 9.478 0.17 -0.612 9.437 0.064 -0.595 9.023 0.02 -1.023 9.131 0.17 -1.131 9.1 0.064 -1.1 8.554 0.02 -1.337 8.612 0.17 -1.478 8.595 0.064 -1.437 8 0.02 -0.953 8 0.17 -0.8 8 0.064 -0.845 7.694 0.17 -0.739 7.635 0.02 -0.88 7.677 0.064 -0.78 7.434 0.17 -0.566 7.326 0.02 -0.674 7.403 0.064 -0.597 7.261 0.17 -0.306 7.12 0.02 -0.365 7.22 0.064 -0.323 7.2 0.17 0 7.047 0.02 0 7.155 0.064 0 7.261 0.17 0.306 7.12 0.02 0.365 7.22 0.064 0.323 7.434 0.17 0.566 7.326 0.02 0.674 7.403 0.064 0.597 7.694 0.17 0.739 7.635 0.02 0.88 7.677 0.064 0.78 8 0.17 0.8 8 0.02 0.953 8 0.064 0.845 8.306 0.17 0.739 8.365 0.02 0.88 8.323 0.064 0.78 8.566 0.17 0.566 8.674 0.02 0.674 8.597 0.064 0.597 8.739 0.17 0.306 8.88 0.02 0.365 8.78 0.064 0.323 8.8 0.17 0 8.953 0.02 0 8.845 0.064 0 8.739 0.17 -0.306 8.88 0.02 -0.365 8.78 0.064 -0.323 8.566 0.17 -0.566 8.674 0.02 -0.674 8.597 0.064 -0.597 8.306 0.17 -0.739 8.365 0.02 -0.88 8.323 0.064 -0.78</float_array>
					<technique_common>
						<accessor source="#0001B401-17F3-4386-854E-FAE469007B56-mesh-positions-array" count="1869" stride="3">
							<param name="X" type="float"/>
							<param name="Y" type="float"/>
							<param name="Z" type="float"/>
						</accessor>
					</technique_common>
				</source>
				<source id="0001B401-17F3-4386-854E-FAE469007B56-mesh-normals">
					<float_array id="0001B401-17F3-4386-854E-FAE469007B56-mesh-normals-array" count="5607">0 1 0 0 1 0 0 1 0 0 1 0 0 1 0 0 1 0 0 1 0 0 1 0 0 1 0 0 1 0 0 1 0 0 1 0 0 1 0 0.70711 0 -0.70711 0 1 0 -0.00004 1 -0.00008 0.9988 0.00135 0.04896 0.86603 0 0.5 -0.50007 -0.00003 0.86598 0 0 1 0.5 0 0.86603 1 0 0 1 0 0 0 0 1 0 1 0 0 0 -1 -1 0 0 0 0 1 -1 0 0 0 1 0 0 1 0 -1 0 0 0 0 -1 0 1 0 0 1 0 0 1 0 0 1 0 0 1 0 -0.00003 -1 0.00082 -0.00012 -1 0.00062 -0.00039 -1 0.00018 -0.00068 -1 0.00001 -0.00057 -1 -0.00007 -0.00011 -1 -0.00029 -0.00001 -1 -0.00037 0 -1 0 0 -1 0 0 -1 0 0 -1 0 0 -1 0 0 1 0 0 1 0 0 1 0 0 1 0 0 1 0 0 1 0 0 1 0 0 1 0 0 1 0 0 1 0 0 1 0 0 1 0 0 -1 0 0 -1 0 0 -1 0 0 -1 0 0 0 -1 -0.55186 0 -0.83394 0 0 -1 0.55186 0 -0.83394 0 -1 0 0 -1 0 0 -1 0 0 -1 0 0 -1 0 0 -1 0 0 -1 0 0 -1 0 0 -1 0 0.70631 0.04762 -0.7063 0.04272 0.99817 -0.04272 0.50052 0.70639 -0.5005 0.05583 0.99817 -0.02311 0.92283 0.04765 -0.38224 0.65377 0.70659 -0.27076 0.0514 0.99845 0.02148 0.91976 0.04798 0.38954 0.65213 0.70609 0.276 -0.02334 0.99825 0.05441 -0.38397 0.0468 0.92216 -0.27569 0.7035 0.65504 -0.99887 0.04756 0 -0.06041 0.99817 0 -0.70828 0.70593 0 -0.05584 0.99817 -0.02313 -0.92283 0.04757 -0.38225 -0.65434 0.70596 -0.27104 0.02314 0.99817 -0.05583 0.38225 0.04761 -0.92283 0.27095 0.70625 -0.65406 0.06044 0.99817 0.00002 0.99886 0.04772 0.00001 0.70737 0.70685 0.00004 -0.70739 0.00019 0.70682 -0.49724 -0.00001 0.86762 0.86603 0 0.5 0.97794 0.00091 -0.20889 -0.7063 0.04758 0.70631 -0.04273 0.99817 0.04274 -0.50089 0.70585 0.50088 -0.05583 0.99817 0.02312 -0.92283 0.04754 0.38226 -0.65439 0.70591 0.27105 -0.7063 0.0476 -0.70631 -0.04272 0.99817 -0.04272 -0.50075 0.70603 -0.50076 -0.02313 0.99817 -0.05583 -0.38225 0.04757 -0.92283 -0.27098 0.70608 -0.65423 0 0.04761 -0.99887 -0.00001 0.99817 -0.06044 0.00001 0.70618 -0.70804 -0.00053 1 -0.00024 0.00019 1 -0.00037 -0.00019 1 -0.0003 0 0 1 0.5 0 0.86603 -0.70742 0.00116 0.70679 -0.70711 0 0.7071 0.00021 1 -0.00025 0.97386 0 -0.22715 0.97744 -0.03674 -0.208 0.99839 0.00039 0.05679 -0.00061 1 -0.00003 -0.99967 -0.02581 0 -0.08074 -0.99674 0 -0.86603 -0.5 0 -0.5 -0.86602 0 -0.08074 -0.99674 0 -0.99967 -0.02581 0 -0.5 -0.86602 0 -0.86603 -0.5 0 0 0 1 0 0 1 0 1 0 0 0 -1 0 0 1 -0.00002 -1 0.00092 -0.00653 0.99998 0 0 0 -1 -0.5 0.86602 0 0 0 -1 -0.99939 0.03486 0 -0.00594 0.99998 0 -0.86603 0.5 0 -0.5 0.86602 0 0 1 0 0 -1 0 1 0 0 1 0 0 -1 0 0 0 0 1 -1 0 0 0 0 1 0 0 -1 0 0 1 -1 0 0 -1 0 0 0 0 1 -1 0 0 0 1 0 0 1 0 0 1 0 0 1 0 0 1 0 0 1 0 0 1 0 0 1 0 0 1 0 0 1 0 0 1 0 0 1 0 0 1 0 -0.70711 0 -0.70711 0 1 0 0.00004 1 -0.00008 -0.9988 0.00111 0.04896 -0.86603 0 0.5 0.50007 -0.00003 0.86598 0 0 1 -0.5 0 0.86603 -1 0 0 -1 0 0 0 0 1 0 1 0 0 0 -1 1 0 0 0 0 1 1 0 0 0 1 0 0 1 0 1 0 0 0 0 -1 0 1 0 0 1 0 0 1 0 0 1 0 0 1 0 0.00003 -1 0.00082 0.00012 -1 0.00062 0.00039 -1 0.00018 0.00068 -1 0.00001 0.00057 -1 -0.00007 0.00011 -1 -0.00029 0.00001 -1 -0.00037 0 -1 0 0 -1 0 0 -1 0 0 -1 0 0 -1 0 0 1 0 0 1 0 0 1 0 0 1 0 0 1 0 0 1 0 0 1 0 0 1 0 0 1 0 0 1 0 0 1 0 0 1 0 0 -1 0 0 -1 0 0 -1 0 0 -1 0 0 0 -1 0.55186 0 -0.83394 0 0 -1 -0.55186 0 -0.83394 0 -1 0 0 -1 0 0 -1 0 0 -1 0 0 -1 0 0 -1 0 0 -1 0 0 -1 0 0 -1 0 0 1 0 0 1 0 0 -1 -0.00042 0 0 -1 0 -1 0 0 0 1 0 0 1 0 0 -1 0 -1 0 0 0 1 0 1 0 0 1 0 0 -1 0 0 -1 0 -0.70631 0.04762 -0.7063 -0.04273 0.99817 -0.04271 -0.50053 0.70639 -0.50049 -0.05583 0.99817 -0.02311 -0.92283 0.04765 -0.38224 -0.65376 0.70659 -0.27077 -0.0514 0.99845 0.02148 -0.91976 0.04798 0.38953 -0.65213 0.70608 0.276 0.02331 0.99825 0.05442 0.38519 0.04681 0.92165 0.2757 0.7035 0.65504 0.99887 0.04756 -0.00001 0.06041 0.99817 0 0.70828 0.70593 -0.00001 0.05584 0.99817 -0.02313 0.92283 0.04757 -0.38225 0.65434 0.70596 -0.27104 -0.02312 0.99817 -0.05584 -0.38225 0.04761 -0.92283 -0.27094 0.70625 -0.65406 -0.06045 0.99817 0.00002 -0.99886 0.04772 0 -0.70737 0.70684 0.00003 0.70739 0.00019 0.70682 0.49727 -0.00001 0.86759 -0.86603 0 0.5 -0.97794 0.00091 -0.20889 0.70631 0.04758 0.7063 0.04273 0.99817 0.04274 0.50089 0.70585 0.50088 0.05582 0.99817 0.02313 0.92283 0.04754 0.38225 0.65438 0.70591 0.27105 0.7063 0.0476 -0.70631 0.04272 0.99817 -0.04272 0.50078 0.706 -0.50079 0.02312 0.99817 -0.05583 0.38225 0.04757 -0.92283 0.27099 0.70608 -0.65423 -0.00001 0.04761 -0.99887 0 0.99817 -0.06044 -0.00001 0.70618 -0.70804 0.00053 1 -0.00024 -0.00019 1 -0.00037 0.00019 1 -0.0003 0 0 1 -0.5 0 0.86603 0.70742 0.00116 0.70679 0.70711 0 0.7071 -0.0002 1 -0.00025 -0.97386 0 -0.22715 -0.97744 -0.03674 -0.208 -0.99839 0.00039 0.05679 0.00061 1 -0.00003 0.99967 -0.02581 0 0.08074 -0.99674 0 0.86603 -0.5 0 0.5 -0.86602 0 0.08074 -0.99674 0 0.99967 -0.02581 0 0.5 -0.86602 0 0.86603 -0.5 0 0 1 0 0 1 0 0 1 0 0 1 0 0 1 0 0 1 0 0 1 0 0 1 0 0 1 0 0 1 0 0 0 1 0 0 1 0 1 0 0 -1 0.0005 0 -1 -0.00021 0 -1 0 0 -1 0 0 -1 0 0 -1 0 0 -1 0 0 1 0 0 0 -1 0 0 1 0.00002 -1 0.00092 0 1 0 0.00653 0.99998 0 0 0 -1 0.5 0.86602 0 0 0 -1 0.99939 0.03486 0 0.00594 0.99998 0 0.86603 0.5 0 0.5 0.86602 0 0 1 0 0 -1 0 0 -1 0 0 -1 0 0 -1 0 0 -1 0 0 -1 0 0 -1 0 0 1 0 0 1 0 0 1 0 0 1 0 0 1 0 0 1 0 0 1 0 -1 0 0 -1 0 0 1 0 0 0 0 1 1 0 0 0 0 1 0 0 -1 0 0 1 1 0 0 1 0 0 0 0 1 1 0 0 0.75694 0.65334 0.01368 0.92333 0.38364 0.01671 -0.20723 0.38272 0.90032 0.22709 0.80572 0.54704 -0.92347 0.38368 0 -0.3684 0.73082 0.57461 -0.92317 0.38356 0.02544 0.92315 0.38349 0.0272 0.75593 0.65427 0.02227 -0.20723 0.38275 0.90031 0.09337 0.7805 0.61814 -0.92348 0.38365 -0.00001 -0.45091 0.74065 0.49812 -0.76233 0.64705 0.01322 0.92335 0.38367 0.01493 0.77329 0.63393 0.01249 0.92345 0.3837 -0.00445 0.77109 0.63672 -0.00372 0.17276 0.63755 -0.75079 0.20706 0.38364 -0.89997 -0.92345 0.38363 -0.00787 -0.77298 0.63439 -0.0066 -0.92337 0.38361 0.01494 -0.77491 0.63194 0.01253 -0.70923 0.48112 0.51529 -0.7471 0.38369 0.54279 -0.28536 0.38371 0.87826 -0.28155 0.41215 0.86652 0.28156 0.41214 0.86653 0.28537 0.3837 0.87826 0.74708 0.3837 0.54281 0.70922 0.48112 0.51529 0.74708 0.38372 0.5428 0.70922 0.48112 0.5153 0.28531 0.3837 0.87828 0.2815 0.41215 0.86654 -0.28539 0.3837 0.87825 -0.28158 0.41214 0.86652 -0.74709 0.38371 0.5428 -0.70923 0.48112 0.51528 -0.92336 0.3836 0.016 0.87182 0.38371 -0.30446 0.8331 0.47042 -0.29094 0.72273 0.38369 -0.57485 0.65602 0.54532 -0.52179 0.49277 0.3837 -0.781 0.47091 0.47037 -0.74632 0.20991 0.38361 -0.89932 0.17543 0.63581 -0.75164 0.2072 0.38332 -0.90008 0.17224 0.64103 -0.74794 0.7471 0.38364 0.54283 0.70926 0.48106 0.51529 0.28535 0.38363 0.8783 0.28158 0.41209 0.86654 -0.28537 0.38364 0.87828 -0.28152 0.41207 0.86657 -0.74706 0.38365 0.54287 -0.7092 0.48106 0.51538 -0.76713 0.64114 0.02114 -0.83179 0.38363 -0.40118 -0.79064 0.47907 -0.38128 -0.5749 0.38363 -0.72272 -0.51572 0.5601 -0.64832 -0.20381 0.38364 -0.90071 -0.19365 0.47901 -0.85618 0.20221 0.38341 -0.90117 0.16837 0.6392 -0.75039 0.19621 0.63773 -0.74485 0.23535 0.38264 -0.89342 0.1792 0.38258 -0.90637 -0.18815 0.64478 0.74085 -0.22744 0.38266 0.89546 -0.18716 0.38265 0.90474 0.16887 0.38244 -0.90842 0.54052 0.61054 -0.57886 0.63052 0.38273 -0.67525 -0.49977 0.68097 0.53527 -0.6305 0.38273 0.67527 0.75753 0.61054 -0.23105 0.88367 0.38273 -0.26953 -0.70044 0.68097 0.21367 -0.88367 0.38273 0.26954 0.77156 0.61054 0.17869 0.90004 0.38273 0.20842 -0.71345 0.68096 -0.16517 -0.90005 0.38273 -0.2084 0.57888 0.61054 0.54049 0.67526 0.38273 0.63051 -0.53525 0.68096 -0.49979 -0.67527 0.38273 -0.6305 0.23105 0.61053 0.75754 0.26953 0.38273 0.88367 -0.21368 0.68098 -0.70044 -0.26954 0.38274 -0.88366 -0.12576 0.64103 0.75715 -0.15145 0.38209 0.91163 0.14031 0.64056 -0.75498 -0.25882 0 0.96593 -0.25882 0 0.96593 -0.25882 0 0.96593 -0.25882 0 0.96593 -0.57341 0.37898 -0.72634 -0.50071 0.58903 -0.6343 0.38591 0.70984 0.58924 -0.26954 0.38274 -0.88366 -0.23106 0.61054 -0.75753 0.20345 0.6894 0.69522 0.2595 0.3827 0.88668 0.14944 0.63774 -0.75562 -0.15484 0.64477 0.74853 -0.15536 0.64482 0.74838 -0.1875 0.38275 0.90463 -0.12321 0.37502 -0.91879 -0.10292 0.63548 -0.76523 0.00154 0.38055 0.92476 0.00111 0.59077 0.80684 0.17906 0.38238 -0.90649 0.14907 0.6376 -0.75581 -0.21448 0.62785 0.7482 -0.20103 0.37775 0.90382 0.9233 0.38355 0.02023 0.78329 0.62142 0.01722 0.92282 0.38376 -0.03369 0.7879 0.61514 -0.0285 -0.92222 0.38318 -0.05179 -0.7375 0.67409 -0.04113 0.20637 0.38436 -0.89982 -0.00511 0.75351 -0.65741 0.19699 0.66173 -0.7234 -0.6089 0.38269 0.69483 -0.57817 0.47997 0.65982 -0.90102 0.3827 0.20423 -0.88905 0.41112 0.20142 -0.84898 0.3827 -0.36438 -0.83776 0.41109 -0.35939 -0.47269 0.3827 -0.79379 -0.4488 0.48001 -0.75377 0.19584 0.63785 -0.74484 0.23512 0.38337 -0.89317 -0.18865 0.64474 0.74076 -0.22775 0.38255 0.89542 0.53759 0.61311 -0.57888 0.629 0.38569 -0.67499 -0.50471 0.6787 0.53351 -0.63394 0.37978 0.67371 0.75441 0.61465 -0.23035 0.88192 0.38744 -0.26852 -0.70453 0.67726 0.21204 -0.88621 0.37802 0.26782 0.76797 0.61472 0.17983 0.89768 0.38754 0.20971 -0.71677 0.6772 -0.16623 -0.90175 0.37791 -0.20985 0.57461 0.61337 0.54185 0.6722 0.38598 0.63179 -0.53826 0.67846 -0.49997 -0.67629 0.37948 -0.63137 0.27965 0.60959 0.74175 0.32718 0.3827 0.864 -0.2635 0.67907 -0.68515 -0.33007 0.38122 -0.86356 0.20725 0.68368 0.69974 0.26499 0.38607 0.88359 -0.27123 0.37938 -0.88459 -0.23465 0.6077 -0.75871 0.52869 0.68593 0.49998 0.67091 0.38891 0.63137 -0.67753 0.37654 -0.6318 -0.58309 0.60527 -0.5419 0.70721 0.68717 0.16626 0.89634 0.39049 0.20997 -0.90303 0.37497 -0.20961 -0.77648 0.60394 -0.17983 0.69495 0.68709 -0.21204 0.88088 0.39037 -0.26768 -0.88725 0.37507 0.26852 -0.76297 0.60403 0.23028 0.49518 0.6857 -0.53348 0.62861 0.38861 -0.67367 -0.63438 0.37684 0.67495 -0.54613 0.60551 0.57887 0.24338 0.38455 -0.89044 -0.25441 0.37779 0.89025 -0.74759 0.38493 -0.54124 -0.71212 0.48153 -0.5109 -0.28723 0.38815 -0.87569 -0.28364 0.41622 -0.86389 0.28178 0.39213 -0.87569 0.27773 0.42012 -0.86392 0.75151 0.39397 -0.52917 0.71324 0.49076 -0.50045 0.83151 0.38297 0.40241 0.78983 0.47929 0.3827 0.57388 0.38119 0.72481 0.51356 0.55934 0.65069 0.20177 0.37859 0.90331 0.19094 0.47501 0.85902 -0.16883 0.63101 0.75718 0.75698 0.65329 0.01371 0.92333 0.38364 0.01672 -0.20724 0.38273 0.90032 0.04349 0.75006 0.65993 -0.20236 0.38272 0.90143 -0.16742 0.6448 0.74579 0.78108 0.41113 0.46998 0.7916 0.38273 0.47632 0.92039 0.38273 -0.08 0.90814 0.41116 -0.07893 0.66244 0.47998 -0.57514 0.6976 0.38272 -0.60571 0.212 0.38302 -0.89909 0.17664 0.63837 -0.74919 -0.92345 0.38364 -0.00789 -0.77292 0.63447 -0.00658 0.70923 0.48111 0.5153 0.74709 0.3837 0.5428 0.28159 0.41214 0.86652 0.28537 0.3837 0.87826 -0.28152 0.41216 0.86653 -0.28537 0.38371 0.87826 -0.70924 0.48111 0.51528 -0.7471 0.38369 0.5428 -0.77488 0.63199 0.01255 -0.92337 0.38363 0.01494 0.34229 0.48001 0.80773 0.36047 0.38272 0.85064 -0.83178 0.38364 -0.40121 -0.7906 0.47911 -0.38132 -0.57488 0.38364 -0.72273 -0.51573 0.5601 -0.64832 -0.20384 0.38363 -0.90071 -0.19378 0.47899 -0.85617 0.20482 0.38319 -0.90068 0.1705 0.63919 -0.74991 0.75698 0.65329 0.0137 0.92333 0.38364 0.0167 -0.20723 0.38272 0.90032 0.22708 0.80572 0.54704 -0.92346 0.3837 0 -0.36836 0.73084 0.57462 -0.92316 0.38357 0.02543 0.92314 0.3835 0.02721 0.75592 0.65429 0.02228 -0.20723 0.38275 0.90031 0.09332 0.78052 0.61813 -0.92348 0.38366 -0.00001 -0.45095 0.74065 0.49807 -0.76235 0.64703 0.0132 0.92335 0.38366 0.01494 0.7733 0.63391 0.0125 0.92345 0.3837 -0.00447 0.77113 0.63667 -0.00374 0.17274 0.63754 -0.7508 0.20712 0.38333 -0.90009 -0.92345 0.38364 -0.00786 -0.77297 0.63441 -0.00659 -0.92337 0.38363 0.01493 -0.77491 0.63195 0.01252 -0.70925 0.4811 0.51528 -0.7471 0.38369 0.54279 -0.28535 0.3837 0.87826 -0.28154 0.41216 0.86652 0.28154 0.41215 0.86653 0.28537 0.38371 0.87826 0.74709 0.38371 0.5428 0.70923 0.48111 0.51529 0.74708 0.3837 0.54281 0.70922 0.48113 0.5153 0.28532 0.3837 0.87827 0.28151 0.41214 0.86654 -0.28539 0.38369 0.87826 -0.28158 0.41213 0.86652 -0.74709 0.3837 0.5428 -0.70923 0.48111 0.51529 -0.92336 0.38361 0.016 0.87182 0.38371 -0.30445 0.83306 0.47047 -0.29097 0.72269 0.38371 -0.57488 0.65598 0.54538 -0.52178 0.49274 0.38371 -0.78101 0.47087 0.47039 -0.74634 0.20991 0.38361 -0.89933 0.17542 0.63582 -0.75164 0.2072 0.38332 -0.90008 0.17221 0.64103 -0.74795 0.7471 0.38364 0.54283 0.70924 0.48107 0.51531 0.28535 0.38364 0.87829 0.28151 0.41207 0.86658 -0.28534 0.38364 0.8783 -0.28157 0.4121 0.86654 -0.74705 0.38365 0.54288 -0.70919 0.48108 0.51537 -0.76713 0.64115 0.02113 -0.83178 0.38363 -0.40121 -0.79064 0.47907 -0.38129 -0.57489 0.38364 -0.72272 -0.51574 0.56008 -0.64832 -0.2038 0.38364 -0.90072 -0.19362 0.47902 -0.85618 0.20215 0.38341 -0.90118 0.16833 0.63919 -0.7504 0.17461 0.38254 -0.90729 -0.25403 0.38235 0.88842 -0.21224 0.6355 0.74236 0.19939 0.64666 -0.73625 -0.18101 0.38259 0.90601 0.24158 0.38251 -0.89181 -0.63051 0.38273 0.67526 -0.54053 0.61053 0.57886 0.49979 0.68098 -0.53524 0.63052 0.38273 -0.67525 -0.88367 0.38273 0.26953 -0.75754 0.61053 0.23105 0.70046 0.68097 -0.21363 0.88367 0.38272 -0.26953 -0.90005 0.38272 -0.20841 -0.77158 0.61052 -0.17868 0.71342 0.68097 0.16523 0.90005 0.38272 0.20842 -0.67525 0.38273 -0.63052 -0.57887 0.61053 -0.54052 0.53524 0.68097 0.4998 0.67526 0.38272 0.63052 -0.26953 0.38274 -0.88366 -0.23104 0.61054 -0.75754 0.21364 0.68097 0.70045 0.26952 0.38273 0.88368 0.14754 0.62484 -0.76668 -0.14827 0.65354 0.74223 -0.15535 0.64482 0.74838 -0.1875 0.38275 0.90462 -0.12321 0.37502 -0.91879 -0.10292 0.63548 -0.76523 0.00155 0.38055 0.92476 0.00112 0.5908 0.80682 0.17906 0.38238 -0.90649 0.14908 0.6376 -0.75581 -0.21444 0.62785 0.74821 -0.20103 0.37775 0.90382 0.92329 0.38357 0.02023 0.78327 0.62144 0.01722 0.9228 0.38379 -0.03369 0.78787 0.61518 -0.0285 -0.92222 0.38318 -0.05179 -0.73752 0.67407 -0.04112 0.20638 0.38436 -0.89982 -0.00512 0.75351 -0.65741 0.197 0.66173 -0.7234 -0.6089 0.3827 0.69483 -0.57819 0.47999 0.65978 -0.90101 0.3827 0.20424 -0.88905 0.41107 0.20153 -0.84898 0.38269 -0.36438 -0.83771 0.41107 -0.35954 -0.47267 0.38269 -0.79381 -0.44882 0.47999 -0.75377 0.19586 0.63785 -0.74484 0.23511 0.38337 -0.89317 -0.18861 0.64475 0.74076 -0.22776 0.38255 0.89542 0.53758 0.61311 -0.57888 0.62915 0.38568 -0.67485 -0.50473 0.67869 0.53351 -0.63388 0.37978 0.67377 0.75442 0.61465 -0.23035 0.88193 0.38743 -0.26851 -0.70449 0.6773 0.21204 -0.88621 0.37802 0.26782 0.76797 0.61472 0.17983 0.8977 0.38755 0.20961 -0.71677 0.6772 -0.16623 -0.90174 0.37791 -0.20989 0.57461 0.61337 0.54185 0.67227 0.38599 0.63172 -0.53826 0.67846 -0.49997 -0.6763 0.37948 -0.63136 0.27965 0.60959 0.74175 0.32717 0.3827 0.864 -0.26351 0.67907 -0.68515 -0.33012 0.38122 -0.86353 0.20727 0.68367 0.69974 0.26506 0.38607 0.88357 -0.27125 0.37939 -0.88459 -0.23464 0.60771 -0.75871 0.52874 0.6859 0.49997 0.67097 0.38891 0.63131 -0.67753 0.37654 -0.63179 -0.58312 0.60529 -0.54184 0.70721 0.68718 0.16624 0.89635 0.39048 0.20997 -0.90298 0.37497 -0.20982 -0.77649 0.60391 -0.17988 0.69495 0.68708 -0.21203 0.88086 0.39037 -0.26776 -0.88724 0.37507 0.26857 -0.76294 0.60403 0.23037 0.4952 0.6857 -0.53348 0.62857 0.38861 -0.6737 -0.63438 0.37684 0.67495 -0.54619 0.60552 0.57881 0.24342 0.38455 -0.89043 -0.25442 0.37779 0.89025 -0.74761 0.38493 -0.54121 -0.71212 0.48155 -0.51088 -0.28726 0.38815 -0.87568 -0.28354 0.41619 -0.86394 0.28177 0.39214 -0.87569 0.27783 0.42014 -0.86388 0.75153 0.39399 -0.52913 0.71322 0.4908 -0.50043 0.83149 0.383 0.40242 0.78981 0.4793 0.38271 0.57386 0.3812 0.72482 0.5136 0.55936 0.65064 0.20177 0.37859 0.90331 0.19114 0.47502 0.85897 -0.16882 0.63101 0.75719 0.75699 0.65329 0.0137 0.92333 0.38365 0.0167 -0.20723 0.38274 0.90032 0.04348 0.75006 0.65993 -0.20236 0.38273 0.90143 -0.16743 0.6448 0.74579 0.7811 0.41111 0.46997 0.79161 0.38273 0.4763 0.92039 0.38274 -0.07998 0.90815 0.41114 -0.07892 0.66243 0.48003 -0.57511 0.69759 0.38273 -0.60571 0.21198 0.38302 -0.89909 0.17664 0.63841 -0.74916 -0.92345 0.38364 -0.00786 -0.77293 0.63446 -0.0066 0.70923 0.48112 0.51528 0.7471 0.38371 0.54278 0.28149 0.41216 0.86654 0.28534 0.38371 0.87827 -0.28161 0.41214 0.86651 -0.28538 0.3837 0.87825 -0.70925 0.4811 0.51528 -0.7471 0.3837 0.54279 -0.77491 0.63195 0.01251 -0.92337 0.38363 0.01492 0.34231 0.48002 0.80772 0.36049 0.38272 0.85063 -0.83178 0.38364 -0.40121 -0.79062 0.47908 -0.38133 -0.57488 0.38364 -0.72273 -0.51573 0.56008 -0.64833 -0.20382 0.38363 -0.90071 -0.19376 0.47899 -0.85617 0.20482 0.38318 -0.90068 0.1705 0.63919 -0.74991 0.45319 0.16626 0.87577 0.45319 0.16626 0.87577 0.45319 0.16626 0.87577 0.45319 0.16626 0.87577 0.96592 0 0.25883 0.96592 0 0.25883 0.96592 0 0.25883 0.96592 0 0.25883 0.20724 0.38274 -0.90031 -0.96592 0 0.25883 -0.96592 0 0.25883 -0.20724 0.38274 0.90031 0 0 -1 -0.38268 0 -0.92388 -0.70711 0 -0.70711 -0.92388 0 -0.38268 -1 0 0 -0.92388 0 0.38268 -0.70711 0 0.70711 -0.38545 -0.00054 0.92273 -0.19802 -0.00107 0.9802 0.90374 0.0014 -0.42808 0.78904 0.00087 0.61434 -0.82294 -0.00004 0.56813 0.92084 0.00045 0.38994 1 0 0 0.92388 0 -0.38268 0 1 0 0.38268 0 -0.92388 0 -1 0 0 0 -1 0 -1 0 0 0 1 1 0 0 1 0 0 0 0 -1 0 0 -1 1 0 0 1 0 0 0 1 0 0 1 0 0 0 1 0 0 1 0 -1 0 0 -1 0 -1 0 0 -1 0 0 0 -1 0 0 0 1 0 0 1 -1 0 0 0 0 1 0 0 1 0 0 1 -0.00033 -1 0.00035 -1 0 0 0 -1 0 0 0 1 0 0 1 -0.00067 -1 -0.00005 -1 0 0 0 0 1 0.55185 0 -0.83395 0 0 -1 -0.55184 0 -0.83395 -0.86602 0 -0.50001 -0.99898 0 0.04517 0 0 1 -0.5 0 0.86603 -0.86603 0 0.5 -0.99898 0 0.04517 -0.86602 0 -0.50001 -0.55184 0 -0.83395 0 0 -1 0.55184 0 -0.83395 0.86602 0 -0.50001 0.99898 0 0.04517 0.86603 0 0.5 0.5 0 0.86603 0.5 0 0.86603 0 0 1 0.86603 0 0.5 0.99898 0 0.04517 0.86602 0 -0.50001 0.55184 0 -0.83395 0 0 -1 -0.55184 0 -0.83395 -0.86602 0 -0.50001 -0.99898 0 0.04517 -0.86603 0 0.5 -0.5 0 0.86603 0 0 1 -0.5 0 0.86603 -0.86603 0 0.5 -0.99898 0 0.04517 -0.80858 0 -0.58839 0 -1 0 0.80858 0 -0.58839 0 0 -1 0.99898 0 0.04517 0.86603 0 0.5 0.5 0 0.86603 0 0 -1 0.75343 0 -0.65752 0 0 -1 0.55184 0 -0.83395 0 0 -1 -0.55184 0 -0.83395 -0.75343 0 -0.65752 0 0 -1 0 0 1 -0.00001 -1 -0.0004 0 0 1 0 -1 0 0 -1 0 0 -1 0 0 0 -1 0.86602 0 0.5 0.97903 -0.00056 0.20373 0.78771 0.04658 0.61428 -0.19801 0.04524 0.97916 0.5 0 0.86603 0.00007 0 1 0.56907 0.69173 0.44461 0.1869 0.97146 0.14604 -0.35852 0.00001 0.93352 -0.05951 0.95476 0.29138 -0.14382 0.69446 0.70502 0 0 -1 0 0 -1 0 0 -1 0 0 -1 0 0 1 0 0 1 0 0 1 0 0 1 0 -1 0 0 -1 0 0 -1 0 0 0 1 0 0 1 0 0 -1 0 -1 0.001 0 0 -1 0 0 -1 -0.86603 0.5 0 -0.99939 0.03486 0 0 0 1 0 0 1 0 0 1 0 0 1 0 0 -1 0 0 1 0 0 -1 0 0 1 0 0 -1 0 0 1 -1 0 0 -1 0 0 0 0 -1 -1 0 0 0 0 -1 0.38268 0 -0.92388 0.70711 0 -0.70711 0.92388 0 -0.38268 1 0 0 0.92388 0 0.38268 0.70711 0 0.70711 0.38545 -0.00055 0.92273 0.19802 -0.00107 0.9802 -0.90374 0.0014 -0.42808 -0.78904 0.00087 0.61434 0.82294 -0.00004 0.56813 -0.92084 0.00039 0.38994 -1 0 0 -0.92388 0 -0.38268 0 1 0 -0.38268 0 -0.92388 0 -1 0 0 0 -1 0 -1 0 0 0 1 -1 0 0 -1 0 0 0 0 -1 0 0 -1 -1 0 0 -1 0 0 0 1 0 0 1 0 0 0 1 0 -1 0 0 -1 0 1 0 0 1 0 0 0 -1 0 0 0 1 0 0 1 1 0 0 0 0 1 0 0 1 0 0 1 0.0006 -1 0.00014 1 0 0 0 -1 0 0 0 1 0 0 1 0.00067 -1 -0.00005 1 0 0 0 0 1 -0.55185 0 -0.83395 0 0 -1 0.55184 0 -0.83395 0.86602 0 -0.50001 0.99898 0 0.04517 0 0 1 0.5 0 0.86603 0.86603 0 0.5 0.99898 0 0.04517 0.86602 0 -0.50001 0.55184 0 -0.83395 0 0 -1 -0.55184 0 -0.83395 -0.86602 0 -0.50001 -0.99898 0 0.04517 -0.86603 0 0.5 -0.5 0 0.86603 -0.5 0 0.86603 0 0 1 -0.86603 0 0.5 -0.99898 0 0.04517 -0.86602 0 -0.50001 -0.55184 0 -0.83395 0 0 -1 0.55184 0 -0.83395 0.86602 -0.00002 -0.50001 0.99898 0 0.04517 0.86603 0 0.5 0.5 0 0.86603 0 0 1 0.5 0 0.86603 0.86603 0 0.5 0.99898 0 0.04517 0.80858 0 -0.58839 0 -1 0 -0.80858 0 -0.58839 0 0 -1 -0.99898 0 0.04517 -0.86603 0 0.5 -0.5 0 0.86603 0 0 -1 -0.75343 0 -0.65752 -0.55184 0 -0.83395 0 0 -1 0.55184 0 -0.83395 0.75343 0 -0.65752 0 0 -1 0 0 1 0.00001 -1 -0.0004 -0.86602 0 0.5 -0.97903 -0.00009 0.20373 -0.78807 0.04663 0.61382 0.19712 0.04525 0.97933 -0.5 0 0.86603 -0.00007 0 1 -0.56907 0.69173 0.44461 -0.1869 0.97146 0.14604 0.35852 0 0.93352 0.05951 0.95476 0.29138 0.14382 0.69446 0.70502 0 0 -1 0 0 -1 0 0 -1 0 0 -1 0 0 1 0 0 1 0 0 1 0 0 1 0 -1 0 0 -1 0 0 0 -1 0 0 -1 0.86603 0.5 0 0.99939 0.03486 0 0 0 1 0 0 1 0 0 1 0 0 1 0 0 -1 0 0 1 0 0 -1 0 0 1 1 0 0 1 0 0 0 0 -1 1 0 0 0.92346 0.3837 0 -0.20723 0.38272 0.90032 0.92349 0.38363 0 -0.20723 0.38275 0.90031 -0.75883 0.51074 -0.40413 -0.81947 0.37152 -0.43641 0.35079 0.91763 0.18681 0.5077 0.37609 0.77511 -0.92346 0.38369 0 0.92346 0.3837 0 0.92346 0.3837 0 -0.20723 0.38272 0.90032 0.92348 0.38365 0 -0.20723 0.38275 0.90031 0.17468 0.62736 -0.75888 -0.17042 0.65019 0.74041 -0.92345 0.38371 0 0.92346 0.38369 0 0.20723 0.38276 -0.9003 -0.20724 0.38275 0.90031 0.20723 0.38273 -0.90032 0.17219 0.64086 -0.7481 -0.17202 0.64184 0.7473 -0.20723 0.38274 0.90032 -0.96592 0 0.25883 0.17372 0.63265 -0.7547 -0.17034 0.65061 0.74006 -0.96592 0 0.25883 0.38291 0 -0.92379 0 1 0 0.27695 0.68888 -0.66988 0 1 0 0.70711 0 -0.70711 0.51273 0.68864 -0.51273 0.92379 0 -0.38291 0 1 0 0.66988 0.68888 -0.27695 0 1 0 1 0 0 0.72487 0.68888 0 0.92379 0 0.38291 0 1 0 0.66988 0.68888 0.27695 0.70711 0 0.70711 0 1 0 0.51273 0.68864 0.51273 0.38291 0 0.92379 0 1 0 0.27695 0.68888 0.66988 0 0 1 0 1 0 0 0.68888 0.72487 0 1 0 -0.38291 0 0.92379 -0.27695 0.68888 0.66988 -0.70711 0 0.70711 0 1 0 -0.51273 0.68864 0.51273 -0.92379 0 0.38291 0 1 0 -0.66988 0.68888 0.27695 -1 0 0 0 1 0 -0.72487 0.68888 0 -0.92379 0 -0.38291 0 1 0 -0.66988 0.68888 -0.27695 0 1 0 -0.70711 0 -0.70711 -0.51273 0.68864 -0.51273 -0.38291 0 -0.92379 0 1 0 -0.27695 0.68888 -0.66988 0 0 -1 0 1 0 0 0.68888 -0.72487 0 0 -1 0 1 0 0 0.73695 -0.67595 0 1 0 -0.38291 0 -0.92379 -0.25889 0.73668 -0.62473 0 1 0 -0.70711 0 -0.70711 -0.47797 0.73695 -0.47797 0 1 0 -0.92379 0 -0.38291 -0.62473 0.73668 -0.25889 0 1 0 -1 0 0 -0.67595 0.73695 0 0 1 0 -0.92379 0 0.38291 -0.62473 0.73668 0.25889 0 1 0 -0.70711 0 0.70711 -0.47797 0.73695 0.47797 0 1 0 -0.38291 0 0.92379 -0.25889 0.73668 0.62473 0 1 0 0 0 1 0 0.73695 0.67595 0 1 0 0.38291 0 0.92379 0.25889 0.73668 0.62473 0 1 0 0.70711 0 0.70711 0.47797 0.73695 0.47797 0 1 0 0.92379 0 0.38291 0.62473 0.73668 0.25889 0 1 0 1 0 0 0.67595 0.73695 0 0 1 0 0.92379 0 -0.38291 0.62473 0.73668 -0.25889 0 1 0 0.70711 0 -0.70711 0.47797 0.73695 -0.47797 0 1 0 0.38291 0 -0.92379 0.25889 0.73668 -0.62473 0 0 1 0.38291 0 0.92379 0.70711 0 0.70711 0.92379 0 0.38291 1 0 0 0.92379 0 -0.38291 0.70711 0 -0.70711 0.38291 0 -0.92379 0 0 -1 -0.38291 0 -0.92379 -0.70711 0 -0.70711 -0.92379 0 -0.38291 -1 0 0 -0.92379 0 0.38291 -0.70711 0 0.70711 -0.38291 0 0.92379 0 0 1 0 1 0 0 0.73695 0.67595 0 1 0 0.38291 0 0.92379 0.25889 0.73668 0.62473 0 1 0 0.70711 0 0.70711 0.47797 0.73695 0.47797 0 1 0 0.92379 0 0.38291 0.62473 0.73668 0.25889 0 1 0 1 0 0 0.67595 0.73695 0 0 1 0 0.92379 0 -0.38291 0.62473 0.73668 -0.25889 0 1 0 0.70711 0 -0.70711 0.47797 0.73695 -0.47797 0 1 0 0.38291 0 -0.92379 0.25889 0.73668 -0.62473 0 1 0 0 0 -1 0 0.73695 -0.67595 0 1 0 -0.38291 0 -0.92379 -0.25889 0.73668 -0.62473 0 1 0 -0.70711 0 -0.70711 -0.47797 0.73695 -0.47797 0 1 0 -0.92379 0 -0.38291 -0.62473 0.73668 -0.25889 0 1 0 -1 0 0 -0.67595 0.73695 0 0 1 0 -0.92379 0 0.38291 -0.62473 0.73668 0.25889 0 1 0 -0.70711 0 0.70711 -0.47797 0.73695 0.47797 0 1 0 -0.38291 0 0.92379 -0.25889 0.73668 0.62473 0.38291 0 -0.92379 0 1 0 0.27695 0.68888 -0.66988 0 1 0 0.70711 0 -0.70711 0.51273 0.68864 -0.51273 0.92379 0 -0.38291 0 1 0 0.66988 0.68888 -0.27695 0 1 0 1 0 0 0.72487 0.68888 0 0.92379 0 0.38291 0 1 0 0.66988 0.68888 0.27695 0.70711 0 0.70711 0 1 0 0.51273 0.68864 0.51273 0.38291 0 0.92379 0 1 0 0.27695 0.68888 0.66988 0 0 1 0 1 0 0 0.68888 0.72487 0 1 0 -0.38291 0 0.92379 -0.27695 0.68888 0.66988 -0.70711 0 0.70711 0 1 0 -0.51273 0.68864 0.51273 -0.92379 0 0.38291 0 1 0 -0.66988 0.68888 0.27695 -1 0 0 0 1 0 -0.72487 0.68888 0 -0.92379 0 -0.38291 0 1 0 -0.66988 0.68888 -0.27695 0 1 0 -0.70711 0 -0.70711 -0.51273 0.68864 -0.51273 -0.38291 0 -0.92379 0 1 0 -0.27695 0.68888 -0.66988 0 0 -1 0 1 0 0 0.68888 -0.72487 0 0 -1 0 1 0 0 0.73695 -0.67595 0 1 0 -0.38291 0 -0.92379 -0.25889 0.73668 -0.62473 0 1 0 -0.70711 0 -0.70711 -0.47797 0.73695 -0.47797 0 1 0 -0.92379 0 -0.38291 -0.62473 0.73668 -0.25889 0 1 0 -1 0 0 -0.67595 0.73695 0 0 1 0 -0.92379 0 0.38291 -0.62473 0.73668 0.25889 0 1 0 -0.70711 0 0.70711 -0.47797 0.73695 0.47797 0 1 0 -0.38291 0 0.92379 -0.25889 0.73668 0.62473 0 1 0 0 0 1 0 0.73695 0.67595 0 1 0 0.38291 0 0.92379 0.25889 0.73668 0.62473 0 1 0 0.70711 0 0.70711 0.47797 0.73695 0.47797 0 1 0 0.92379 0 0.38291 0.62473 0.73668 0.25889 0 1 0 1 0 0 0.67595 0.73695 0 0 1 0 0.92379 0 -0.38291 0.62473 0.73668 -0.25889 0 1 0 0.70711 0 -0.70711 0.47797 0.73695 -0.47797 0 1 0 0.38291 0 -0.92379 0.25889 0.73668 -0.62473 0 0 1 0.38291 0 0.92379 0.70711 0 0.70711 0.92379 0 0.38291 1 0 0 0.92379 0 -0.38291 0.70711 0 -0.70711 0.38291 0 -0.92379 0 0 -1 -0.38291 0 -0.92379 -0.70711 0 -0.70711 -0.92379 0 -0.38291 -1 0 0 -0.92379 0 0.38291 -0.70711 0 0.70711 -0.38291 0 0.92379 0 0 1 0 1 0 0 0.73695 0.67595 0 1 0 0.38291 0 0.92379 0.25889 0.73668 0.62473 0 1 0 0.70711 0 0.70711 0.47797 0.73695 0.47797 0 1 0 0.92379 0 0.38291 0.62473 0.73668 0.25889 0 1 0 1 0 0 0.67595 0.73695 0 0 1 0 0.92379 0 -0.38291 0.62473 0.73668 -0.25889 0 1 0 0.70711 0 -0.70711 0.47797 0.73695 -0.47797 0 1 0 0.38291 0 -0.92379 0.25889 0.73668 -0.62473 0 1 0 0 0 -1 0 0.73695 -0.67595 0 1 0 -0.38291 0 -0.92379 -0.25889 0.73668 -0.62473 0 1 0 -0.70711 0 -0.70711 -0.47797 0.73695 -0.47797 0 1 0 -0.92379 0 -0.38291 -0.62473 0.73668 -0.25889 0 1 0 -1 0 0 -0.67595 0.73695 0 0 1 0 -0.92379 0 0.38291 -0.62473 0.73668 0.25889 0 1 0 -0.70711 0 0.70711 -0.47797 0.73695 0.47797 0 1 0 -0.38291 0 0.92379 -0.25889 0.73668 0.62473 0 0 -1 -0.38291 0 -0.92379 -0.70711 0 -0.70711 -0.92379 0 -0.38291 -1 0 0 -0.92379 0 0.38291 -0.70711 0 0.70711 -0.38291 0 0.92379 0 0 1 0.38291 0 0.92379 0.70711 0 0.70711 0.92379 0 0.38291 1 0 0 0.92379 0 -0.38291 0.70711 0 -0.70711 0.38291 0 -0.92379 0 0 1 0.38291 0 0.92379 0.70711 0 0.70711 0.92379 0 0.38291 1 0 0 0.92379 0 -0.38291 0.70711 0 -0.70711 0.38291 0 -0.92379 0 0 -1 -0.38291 0 -0.92379 -0.70711 0 -0.70711 -0.92379 0 -0.38291 -1 0 0 -0.92379 0 0.38291 -0.70711 0 0.70711 -0.38291 0 0.92379 0 0 -1 0 -1 0 0 -0.68888 -0.72487 0 -1 0 0 0 -1 -0.27695 -0.68888 -0.66988 0 -1 0 -0.70711 0 -0.70711 -0.51273 -0.68864 -0.51273 0 -1 0 -0.92379 0 -0.38291 -0.66988 -0.68888 -0.27695 0 -1 0 -1 0 0 -0.72487 -0.68888 0 0 -1 0 -0.92379 0 0.38291 -0.66988 -0.68888 0.27695 0 -1 0 -0.70711 0 0.70711 -0.51273 -0.68864 0.51273 0 -1 0 -0.38291 0 0.92379 -0.27695 -0.68888 0.66988 0 -1 0 0 0 1 0 -0.68888 0.72487 0 -1 0 0.38291 0 0.92379 0.27695 -0.68888 0.66988 0 -1 0 0.70711 0 0.70711 0.51273 -0.68864 0.51273 0 -1 0 0.92379 0 0.38291 0.66988 -0.68888 0.27695 0 -1 0 1 0 0 0.72487 -0.68888 0 0 -1 0 0.92379 0 -0.38291 0.66988 -0.68888 -0.27695 0 -1 0 0.70711 0 -0.70711 0.51273 -0.68864 -0.51273 0 -1 0 0.38291 0 -0.92379 0.27695 -0.68888 -0.66988 0 -1 0 0 0 1 0 -0.73695 0.67595 0.38291 0 0.92379 0 -1 0 0.25889 -0.73668 0.62473 0.70711 0 0.70711 0 -1 0 0.47797 -0.73695 0.47797 0.92379 0 0.38291 0 -1 0 0.62473 -0.73668 0.25889 1 0 0 0 -1 0 0.67595 -0.73695 0 0.92379 0 -0.38291 0 -1 0 0.62473 -0.73668 -0.25889 0.70711 0 -0.70711 0 -1 0 0.47797 -0.73695 -0.47797 0.38291 0 -0.92379 0 -1 0 0.25889 -0.73668 -0.62473 0 0 -1 0 -1 0 0 -0.73695 -0.67595 -0.38291 0 -0.92379 0 -1 0 -0.25889 -0.73668 -0.62473 -0.70711 0 -0.70711 0 -1 0 -0.47797 -0.73695 -0.47797 -0.92379 0 -0.38291 0 -1 0 -0.62473 -0.73668 -0.25889 -1 0 0 0 -1 0 -0.67595 -0.73695 0 -0.92379 0 0.38291 0 -1 0 -0.62473 -0.73668 0.25889 -0.70711 0 0.70711 0 -1 0 -0.47797 -0.73695 0.47797 -0.38291 0 0.92379 0 -1 0 -0.25889 -0.73668 0.62473 0 0 -1 -0.38291 0 -0.92379 -0.70711 0 -0.70711 -0.92379 0 -0.38291 -1 0 0 -0.92379 0 0.38291 -0.70711 0 0.70711 -0.38291 0 0.92379 0 0 1 0.38291 0 0.92379 0.70711 0 0.70711 0.92379 0 0.38291 1 0 0 0.92379 0 -0.38291 0.70711 0 -0.70711 0.38291 0 -0.92379 0 0 1 0.38291 0 0.92379 0.70711 0 0.70711 0.92379 0 0.38291 1 0 0 0.92379 0 -0.38291 0.70711 0 -0.70711 0.38291 0 -0.92379 0 0 -1 -0.38291 0 -0.92379 -0.70711 0 -0.70711 -0.92379 0 -0.38291 -1 0 0 -0.92379 0 0.38291 -0.70711 0 0.70711 -0.38291 0 0.92379 0 0 -1 0 -1 0 0 -0.68888 -0.72487 0 -1 0 0 0 -1 -0.27695 -0.68888 -0.66988 0 -1 0 -0.70711 0 -0.70711 -0.51273 -0.68864 -0.51273 0 -1 0 -0.92379 0 -0.38291 -0.66988 -0.68888 -0.27695 0 -1 0 -1 0 0 -0.72487 -0.68888 0 0 -1 0 -0.92379 0 0.38291 -0.66988 -0.68888 0.27695 0 -1 0 -0.70711 0 0.70711 -0.51273 -0.68864 0.51273 0 -1 0 -0.38291 0 0.92379 -0.27695 -0.68888 0.66988 0 -1 0 0 0 1 0 -0.68888 0.72487 0 -1 0 0.38291 0 0.92379 0.27695 -0.68888 0.66988 0 -1 0 0.70711 0 0.70711 0.51273 -0.68864 0.51273 0 -1 0 0.92379 0 0.38291 0.66988 -0.68888 0.27695 0 -1 0 1 0 0 0.72487 -0.68888 0 0 -1 0 0.92379 0 -0.38291 0.66988 -0.68888 -0.27695 0 -1 0 0.70711 0 -0.70711 0.51273 -0.68864 -0.51273 0 -1 0 0.38291 0 -0.92379 0.27695 -0.68888 -0.66988 0 -1 0 0 0 1 0 -0.73695 0.67595 0.38291 0 0.92379 0 -1 0 0.25889 -0.73668 0.62473 0.70711 0 0.70711 0 -1 0 0.47797 -0.73695 0.47797 0.92379 0 0.38291 0 -1 0 0.62473 -0.73668 0.25889 1 0 0 0 -1 0 0.67595 -0.73695 0 0.92379 0 -0.38291 0 -1 0 0.62473 -0.73668 -0.25889 0.70711 0 -0.70711 0 -1 0 0.47797 -0.73695 -0.47797 0.38291 0 -0.92379 0 -1 0 0.25889 -0.73668 -0.62473 0 0 -1 0 -1 0 0 -0.73695 -0.67595 -0.38291 0 -0.92379 0 -1 0 -0.25889 -0.73668 -0.62473 -0.70711 0 -0.70711 0 -1 0 -0.47797 -0.73695 -0.47797 -0.92379 0 -0.38291 0 -1 0 -0.62473 -0.73668 -0.25889 -1 0 0 0 -1 0 -0.67595 -0.73695 0 -0.92379 0 0.38291 0 -1 0 -0.62473 -0.73668 0.25889 -0.70711 0 0.70711 0 -1 0 -0.47797 -0.73695 0.47797 -0.38291 0 0.92379 0 -1 0 -0.25889 -0.73668 0.62473 0 0 -1 -0.38291 0 -0.92379 -0.70711 0 -0.70711 -0.92379 0 -0.38291 -1 0 0 -0.92379 0 0.38291 -0.70711 0 0.70711 -0.38291 0 0.92379 0 0 1 0.38291 0 0.92379 0.70711 0 0.70711 0.92379 0 0.38291 1 0 0 0.92379 0 -0.38291 0.70711 0 -0.70711 0.38291 0 -0.92379 0 0 1 0.38291 0 0.92379 0.70711 0 0.70711 0.92379 0 0.38291 1 0 0 0.92379 0 -0.38291 0.70711 0 -0.70711 0.38291 0 -0.92379 0 0 -1 -0.38291 0 -0.92379 -0.70711 0 -0.70711 -0.92379 0 -0.38291 -1 0 0 -0.92379 0 0.38291 -0.70711 0 0.70711 -0.38291 0 0.92379 0 0 -1 0 -1 0 0 -0.68888 -0.72487 0 -1 0 0 0 -1 -0.27695 -0.68888 -0.66988 0 -1 0 -0.70711 0 -0.70711 -0.51273 -0.68864 -0.51273 0 -1 0 -0.92379 0 -0.38291 -0.66988 -0.68888 -0.27695 0 -1 0 -1 0 0 -0.72487 -0.68888 0 0 -1 0 -0.92379 0 0.38291 -0.66988 -0.68888 0.27695 0 -1 0 -0.70711 0 0.70711 -0.51273 -0.68864 0.51273 0 -1 0 -0.38291 0 0.92379 -0.27695 -0.68888 0.66988 0 -1 0 0 0 1 0 -0.68888 0.72487 0 -1 0 0.38291 0 0.92379 0.27695 -0.68888 0.66988 0 -1 0 0.70711 0 0.70711 0.51273 -0.68864 0.51273 0 -1 0 0.92379 0 0.38291 0.66988 -0.68888 0.27695 0 -1 0 1 0 0 0.72487 -0.68888 0 0 -1 0 0.92379 0 -0.38291 0.66988 -0.68888 -0.27695 0 -1 0 0.70711 0 -0.70711 0.51273 -0.68864 -0.51273 0 -1 0 0.38291 0 -0.92379 0.27695 -0.68888 -0.66988 0 -1 0 0 0 1 0 -0.73695 0.67595 0.38291 0 0.92379 0 -1 0 0.25889 -0.73668 0.62473 0.70711 0 0.70711 0 -1 0 0.47797 -0.73695 0.47797 0.92379 0 0.38291 0 -1 0 0.62473 -0.73668 0.25889 1 0 0 0 -1 0 0.67595 -0.73695 0 0.92379 0 -0.38291 0 -1 0 0.62473 -0.73668 -0.25889 0.70711 0 -0.70711 0 -1 0 0.47797 -0.73695 -0.47797 0.38291 0 -0.92379 0 -1 0 0.25889 -0.73668 -0.62473 0 0 -1 0 -1 0 0 -0.73695 -0.67595 -0.38291 0 -0.92379 0 -1 0 -0.25889 -0.73668 -0.62473 -0.70711 0 -0.70711 0 -1 0 -0.47797 -0.73695 -0.47797 -0.92379 0 -0.38291 0 -1 0 -0.62473 -0.73668 -0.25889 -1 0 0 0 -1 0 -0.67595 -0.73695 0 -0.92379 0 0.38291 0 -1 0 -0.62473 -0.73668 0.25889 -0.70711 0 0.70711 0 -1 0 -0.47797 -0.73695 0.47797 -0.38291 0 0.92379 0 -1 0 -0.25889 -0.73668 0.62473</float_array>
					<technique_common>
						<accessor source="#0001B401-17F3-4386-854E-FAE469007B56-mesh-normals-array" count="1869" stride="3">
							<param name="X" type="float"/>
							<param name="Y" type="float"/>
							<param name="Z" type="float"/>
						</accessor>
					</technique_common>
				</source>
				<source id="0001B401-17F3-4386-854E-FAE469007B56-mesh-map-0">
					<float_array id="0001B401-17F3-4386-854E-FAE469007B56-mesh-map-0-array" count="16326">0.28706 0.26988 0.29306 0.26987 0.28706 0.28227 0.29306 0.26987 0.29306 0.28227 0.28706 0.28227 0.92555 0.74488 0.92679 0.78352 0.90537 0.74369 0.92679 0.78352 0.8954 0.78023 0.90537 0.74369 0.91334 0.69085 0.89162 0.72967 0.87959 0.71897 0.91334 0.69085 0.92453 0.73637 0.90707 0.73578 0.91334 0.69085 0.94252 0.73097 0.92453 0.73637 0.29306 0.31946 0.28708 0.32584 0.28708 0.31946 0.32586 0.29466 0.32586 0.30706 0.29306 0.29467 0.32586 0.30706 0.29306 0.30706 0.29306 0.29467 0.91334 0.69085 0.92584 0.64719 0.94284 0.65277 0.91334 0.69085 0.87005 0.68956 0.87342 0.67442 0.86658 0.6716 0.83375 0.65729 0.87631 0.6564 0.83375 0.65729 0.85056 0.63213 0.87631 0.6564 0.91334 0.69085 0.89417 0.65191 0.90929 0.647 0.91334 0.69085 0.87342 0.67442 0.88179 0.66139 0.91334 0.69085 0.87215 0.70503 0.87005 0.68956 0.86501 0.70735 0.82998 0.71775 0.86262 0.68927 0.82998 0.71775 0.8265 0.68703 0.86262 0.68927 0.86262 0.68927 0.8265 0.68703 0.86658 0.6716 0.8265 0.68703 0.83375 0.65729 0.86658 0.6716 0.91334 0.69085 0.87959 0.71897 0.87215 0.70503 0.89063 0.64533 0.8745 0.61438 0.90802 0.63944 0.8745 0.61438 0.90236 0.6056 0.90802 0.63944 0.91334 0.69085 0.88179 0.66139 0.89417 0.65191 0.90802 0.63944 0.90236 0.6056 0.92701 0.63922 0.90236 0.6056 0.93076 0.60567 0.92701 0.63922 0.94657 0.64486 0.95715 0.61266 0.96569 0.65671 0.95715 0.61266 0.98051 0.62246 0.96569 0.65671 0.92701 0.63922 0.93076 0.60567 0.94657 0.64486 0.93076 0.60567 0.95715 0.61266 0.94657 0.64486 0.96244 0.7279 0.98051 0.7692 0.94628 0.73927 0.98051 0.7692 0.95766 0.77799 0.94628 0.73927 0.88751 0.7363 0.86665 0.76728 0.8736 0.72368 0.86665 0.76728 0.84391 0.74564 0.8736 0.72368 0.91334 0.69085 0.90707 0.73578 0.89162 0.72967 0.82998 0.71775 0.86501 0.70735 0.84391 0.74564 0.86501 0.70735 0.8736 0.72368 0.84391 0.74564 0.87631 0.6564 0.85056 0.63213 0.89063 0.64533 0.85056 0.63213 0.8745 0.61438 0.89063 0.64533 0.94628 0.73927 0.95766 0.77799 0.92555 0.74488 0.95766 0.77799 0.92679 0.78352 0.92555 0.74488 0.9248 0.20607 0.7816 0.20607 0.9248 0.01642 0.7816 0.20607 0.7816 0.01642 0.9248 0.01642 0.38233 0.57434 0.41946 0.61147 0.26809 0.57434 0.41946 0.61147 0.23096 0.61147 0.26809 0.57434 0.40301 0.77038 0.40301 0.80822 0.0941 0.77038 0.40301 0.80822 0.0941 0.80822 0.0941 0.77038 0.44132 0.61378 0.44132 0.57642 0.58452 0.61378 0.44132 0.57642 0.50885 0.57642 0.58452 0.61378 0.73746 0.23159 0.84281 0.23159 0.73746 0.24835 0.84281 0.23159 0.81048 0.24835 0.73746 0.24835 0.60639 0.64129 0.60639 0.34675 0.71559 0.64129 0.60639 0.34675 0.71559 0.34675 0.71559 0.64129 0.42358 0.75934 0.71094 0.75934 0.42358 0.81394 0.71094 0.75934 0.71812 0.81394 0.42358 0.81394 0.84281 0.57642 0.82605 0.57642 0.84281 0.27047 0.82605 0.57642 0.82605 0.28188 0.84281 0.27047 0.44323 0.44115 0.49304 0.44115 0.44323 0.55609 0.49304 0.44115 0.49304 0.55609 0.44323 0.55609 0.67327 0.18992 0.59281 0.18992 0.67327 0.12239 0.59281 0.18992 0.59281 0.12239 0.67327 0.12239 0.32586 0.31946 0.32586 0.30706 0.36369 0.31946 0.32586 0.30706 0.36369 0.30706 0.36369 0.31946 0.32586 0.31946 0.36369 0.31946 0.32586 0.33185 0.36369 0.31946 0.36369 0.33185 0.32586 0.33185 0.32586 0.33185 0.36369 0.33185 0.32586 0.34425 0.36369 0.33185 0.36369 0.34425 0.32586 0.34425 0.32586 0.34425 0.36369 0.34425 0.32586 0.35408 0.36369 0.34425 0.36369 0.35408 0.32586 0.35408 0.32586 0.36889 0.32586 0.35408 0.36369 0.36889 0.32586 0.35408 0.36369 0.35408 0.36369 0.36889 0.32586 0.38129 0.32586 0.36889 0.36369 0.38129 0.32586 0.36889 0.36369 0.36889 0.36369 0.38129 0.32586 0.23283 0.36369 0.23283 0.32586 0.24522 0.36369 0.23283 0.36369 0.24523 0.32586 0.24522 0.32586 0.24522 0.36369 0.24523 0.32586 0.26004 0.36369 0.24523 0.36369 0.26004 0.32586 0.26004 0.32586 0.26004 0.36369 0.26004 0.32586 0.26987 0.36369 0.26004 0.36369 0.26987 0.32586 0.26987 0.32586 0.28227 0.32586 0.26987 0.36369 0.28227 0.32586 0.26987 0.36369 0.26987 0.36369 0.28227 0.32586 0.28227 0.36369 0.28227 0.32586 0.29466 0.36369 0.28227 0.36369 0.29466 0.32586 0.29466 0.32586 0.30706 0.32586 0.29466 0.36369 0.30706 0.32586 0.29466 0.36369 0.29466 0.36369 0.30706 0.42255 0.02829 0.42248 0.019 0.7222 0.02659 0.42248 0.019 0.7192 0.01701 0.7222 0.02659 0.74393 0.03908 0.73469 0.02992 0.75973 0.01642 0.74735 0.05163 0.74393 0.03908 0.75973 0.01642 0.75973 0.10052 0.73481 0.07332 0.74505 0.06171 0.72228 0.07662 0.72227 0.09988 0.42281 0.07817 0.72227 0.09988 0.42285 0.10045 0.42281 0.07817 0.71812 0.81394 0.71094 0.75934 0.73608 0.81394 0.71094 0.75934 0.80577 0.75934 0.73608 0.81394 0.75973 0.01642 0.75973 0.10052 0.74735 0.05163 0.75973 0.10052 0.74505 0.06171 0.74735 0.05163 0.42248 0.19806 0.42248 0.1722 0.43488 0.19806 0.42248 0.1722 0.43488 0.1722 0.43488 0.19806 0.44727 0.19806 0.43488 0.19806 0.44727 0.1722 0.43488 0.19806 0.43488 0.1722 0.44727 0.1722 0.44727 0.19806 0.44727 0.1722 0.45967 0.19806 0.44727 0.1722 0.45967 0.1722 0.45967 0.19806 0.46951 0.19806 0.45967 0.19806 0.46951 0.1722 0.45967 0.19806 0.45967 0.1722 0.46951 0.1722 0.46951 0.19806 0.46951 0.1722 0.48432 0.19806 0.46951 0.1722 0.48432 0.1722 0.48432 0.19806 0.49671 0.19806 0.48432 0.19806 0.49671 0.1722 0.48432 0.19806 0.48432 0.1722 0.49671 0.1722 0.49671 0.19806 0.49671 0.1722 0.50911 0.19806 0.49671 0.1722 0.50911 0.1722 0.50911 0.19806 0.50911 0.19806 0.50911 0.1722 0.52392 0.19806 0.50911 0.1722 0.52392 0.1722 0.52392 0.19806 0.53376 0.19806 0.52392 0.19806 0.53376 0.1722 0.52392 0.19806 0.52392 0.1722 0.53376 0.1722 0.54615 0.19806 0.53376 0.19806 0.54615 0.1722 0.53376 0.19806 0.53376 0.1722 0.54615 0.1722 0.54615 0.19806 0.54615 0.1722 0.55855 0.19806 0.54615 0.1722 0.55855 0.1722 0.55855 0.19806 0.57094 0.19806 0.55855 0.19806 0.57094 0.1722 0.55855 0.19806 0.55855 0.1722 0.57094 0.1722 0.32879 0.71546 0.02227 0.71546 0.36444 0.63467 0.02227 0.71546 0.02227 0.63467 0.36444 0.63467 0.36444 0.74872 0.35034 0.74872 0.35256 0.73922 0.36444 0.63467 0.36444 0.74872 0.34937 0.72734 0.36444 0.74872 0.35256 0.73922 0.34937 0.72734 0.36444 0.63467 0.34937 0.72734 0.34067 0.71864 0.36444 0.63467 0.34067 0.71864 0.32879 0.71546 0.98616 0.23159 0.98616 0.51879 0.93636 0.23159 0.98616 0.51879 0.93636 0.51879 0.93636 0.23159 0.50911 0.1722 0.50911 0.12239 0.52392 0.1722 0.50911 0.12239 0.52392 0.12239 0.52392 0.1722 0.49671 0.1722 0.49671 0.12239 0.50911 0.1722 0.49671 0.12239 0.50911 0.12239 0.50911 0.1722 0.49671 0.1722 0.48432 0.1722 0.49671 0.12239 0.48432 0.1722 0.48432 0.12239 0.49671 0.12239 0.46951 0.1722 0.46951 0.12239 0.48432 0.1722 0.46951 0.12239 0.48432 0.12239 0.48432 0.1722 0.47397 0.28736 0.45976 0.28736 0.47397 0.23755 0.45976 0.28736 0.45976 0.23755 0.47397 0.23755 0.23096 0.23162 0.25381 0.23162 0.23096 0.53864 0.25381 0.23162 0.25381 0.53864 0.23096 0.53864 0.23096 0.61147 0.257 0.55054 0.26809 0.57434 0.257 0.55054 0.26809 0.56022 0.26809 0.57434 0.25381 0.23162 0.25883 0.23159 0.25381 0.53864 0.25883 0.23159 0.25896 0.51942 0.25381 0.53864 0.305 0.74118 0.30722 0.75068 0.02223 0.74118 0.30722 0.75068 0.02223 0.75068 0.02223 0.74118 0.30819 0.7293 0.305 0.74118 0.02223 0.7293 0.305 0.74118 0.02223 0.74118 0.02223 0.7293 0.31688 0.7206 0.30819 0.7293 0.02223 0.7206 0.30819 0.7293 0.02223 0.7293 0.02223 0.7206 0.60639 0.23159 0.71559 0.23159 0.60639 0.30462 0.71559 0.23159 0.71559 0.30462 0.60639 0.30462 0.58452 0.5405 0.50885 0.5405 0.58452 0.23159 0.50885 0.5405 0.50885 0.23159 0.58452 0.23159 0.91449 0.57642 0.86468 0.57642 0.91449 0.23159 0.86468 0.57642 0.86468 0.23159 0.91449 0.23159 0.41946 0.61147 0.38233 0.57434 0.41946 0.23162 0.38233 0.57434 0.38233 0.23162 0.41946 0.23162 0.70833 0.03081 0.69965 0.03966 0.42256 0.03328 0.69965 0.03966 0.4226 0.04172 0.42256 0.03328 0.70819 0.07255 0.72228 0.07662 0.42277 0.07318 0.72228 0.07662 0.42281 0.07817 0.42277 0.07318 0.69965 0.03966 0.69648 0.05173 0.4226 0.04172 0.69648 0.05173 0.42266 0.05323 0.4226 0.04172 0.7222 0.02659 0.70833 0.03081 0.42255 0.02829 0.70833 0.03081 0.42256 0.03328 0.42255 0.02829 0.05479 0.28429 0.0434 0.29452 0.01639 0.23159 0.04794 0.61223 0.04447 0.32072 0.05894 0.61216 0.04447 0.32072 0.05573 0.32989 0.05894 0.61216 0.69869 0.06137 0.70819 0.07255 0.42271 0.06244 0.70819 0.07255 0.42277 0.07318 0.42271 0.06244 0.20864 0.32766 0.17134 0.32768 0.20909 0.23225 0.17134 0.32768 0.16694 0.30556 0.20909 0.23225 0.69648 0.05173 0.69869 0.06137 0.42266 0.05323 0.69869 0.06137 0.42271 0.06244 0.42266 0.05323 0.71559 0.34675 0.60639 0.34675 0.71559 0.32879 0.60639 0.34675 0.60639 0.32879 0.71559 0.32879 0.04025 0.30693 0.04284 0.61226 0.01693 0.30713 0.04284 0.61226 0.02012 0.6125 0.01693 0.30713 0.75973 0.10052 0.72227 0.09988 0.73481 0.07332 0.72227 0.09988 0.72228 0.07662 0.73481 0.07332 0.16694 0.30556 0.15442 0.28678 0.20909 0.23225 0.15442 0.28678 0.13567 0.27423 0.20909 0.23225 0.13567 0.27423 0.11352 0.26982 0.20909 0.23225 0.09125 0.27428 0.01639 0.23159 0.11352 0.26982 0.01639 0.23159 0.20909 0.23225 0.11352 0.26982 0.05479 0.28429 0.01639 0.23159 0.06469 0.282 0.91334 0.69085 0.90929 0.647 0.92584 0.64719 0.20909 0.61174 0.17216 0.6118 0.20864 0.32766 0.17216 0.6118 0.17134 0.32768 0.20864 0.32766 0.06048 0.35183 0.06348 0.61212 0.05573 0.32989 0.06348 0.61212 0.05894 0.61216 0.05573 0.32989 0.1545 0.36893 0.16688 0.35017 0.15534 0.61185 0.16688 0.35017 0.1676 0.61182 0.15534 0.61185 0.80577 0.90254 0.75165 0.90254 0.80577 0.75934 0.75165 0.90254 0.75165 0.82951 0.80577 0.75934 0.11389 0.38619 0.13589 0.38158 0.11548 0.61194 0.13589 0.38158 0.13704 0.61189 0.11548 0.61194 0.0731 0.37004 0.09184 0.38213 0.07569 0.61205 0.09184 0.38213 0.09394 0.61199 0.07569 0.61205 0.16688 0.35017 0.17134 0.32768 0.1676 0.61182 0.17134 0.32768 0.17216 0.6118 0.1676 0.61182 0.13589 0.38158 0.1545 0.36893 0.13704 0.61189 0.1545 0.36893 0.15534 0.61185 0.13704 0.61189 0.09184 0.38213 0.11389 0.38619 0.09394 0.61199 0.11389 0.38619 0.11548 0.61194 0.09394 0.61199 0.06048 0.35183 0.0731 0.37004 0.06348 0.61212 0.0731 0.37004 0.07569 0.61205 0.06348 0.61212 0.32879 0.71546 0.31688 0.7206 0.02227 0.71546 0.31688 0.7206 0.02223 0.7206 0.02227 0.71546 0.9444 0.73507 0.95865 0.72371 0.94628 0.73927 0.95865 0.72371 0.96244 0.7279 0.94628 0.73927 0.95865 0.72371 0.9444 0.73507 0.95455 0.72019 0.9444 0.73507 0.94252 0.73097 0.95455 0.72019 0.89162 0.72967 0.90707 0.73578 0.88958 0.73294 0.90707 0.73578 0.90623 0.73969 0.88958 0.73294 0.88958 0.73294 0.90623 0.73969 0.88751 0.7363 0.90623 0.73969 0.90537 0.74369 0.88751 0.7363 0.89417 0.65191 0.88179 0.66139 0.89245 0.64864 0.88179 0.66139 0.8791 0.65891 0.89245 0.64864 0.89245 0.64864 0.8791 0.65891 0.89063 0.64533 0.8791 0.65891 0.87631 0.6564 0.89063 0.64533 0.8736 0.72368 0.86501 0.70735 0.87662 0.72128 0.86501 0.70735 0.86862 0.70616 0.87662 0.72128 0.87662 0.72128 0.86862 0.70616 0.87959 0.71897 0.86862 0.70616 0.87215 0.70503 0.87959 0.71897 0.92584 0.64719 0.90929 0.647 0.92647 0.64325 0.90929 0.647 0.9087 0.64325 0.92647 0.64325 0.92647 0.64325 0.9087 0.64325 0.92701 0.63922 0.9087 0.64325 0.90802 0.63944 0.92701 0.63922 0.87342 0.67442 0.87005 0.68956 0.87005 0.67301 0.87005 0.68956 0.86639 0.6894 0.87005 0.67301 0.87005 0.67301 0.86639 0.6894 0.86658 0.6716 0.86639 0.6894 0.86262 0.68927 0.86658 0.6716 0.87005 0.68956 0.87215 0.70503 0.86639 0.6894 0.87215 0.70503 0.86862 0.70616 0.86639 0.6894 0.86639 0.6894 0.86862 0.70616 0.86262 0.68927 0.86862 0.70616 0.86501 0.70735 0.86262 0.68927 0.90707 0.73578 0.92453 0.73637 0.90623 0.73969 0.92453 0.73637 0.92504 0.74058 0.90623 0.73969 0.90623 0.73969 0.92504 0.74058 0.90537 0.74369 0.92504 0.74058 0.92555 0.74488 0.90537 0.74369 0.87959 0.71897 0.89162 0.72967 0.87662 0.72128 0.89162 0.72967 0.88958 0.73294 0.87662 0.72128 0.87662 0.72128 0.88958 0.73294 0.8736 0.72368 0.88958 0.73294 0.88751 0.7363 0.8736 0.72368 0.92453 0.73637 0.94252 0.73097 0.92504 0.74058 0.94252 0.73097 0.9444 0.73507 0.92504 0.74058 0.92504 0.74058 0.9444 0.73507 0.92555 0.74488 0.9444 0.73507 0.94628 0.73927 0.92555 0.74488 0.32586 0.30706 0.32586 0.31946 0.29306 0.30706 0.32586 0.31946 0.29306 0.31946 0.29306 0.30706 0.32586 0.28227 0.32586 0.29466 0.29306 0.28227 0.32586 0.29466 0.29306 0.29467 0.29306 0.28227 0.96253 0.6607 0.94474 0.64888 0.96569 0.65671 0.94474 0.64888 0.94657 0.64486 0.96569 0.65671 0.94474 0.64888 0.96253 0.6607 0.94284 0.65277 0.96253 0.6607 0.95781 0.66366 0.94284 0.65277 0.94284 0.65277 0.92584 0.64719 0.94474 0.64888 0.92584 0.64719 0.92647 0.64325 0.94474 0.64888 0.94474 0.64888 0.92647 0.64325 0.94657 0.64486 0.92647 0.64325 0.92701 0.63922 0.94657 0.64486 0.90929 0.647 0.89417 0.65191 0.9087 0.64325 0.89417 0.65191 0.89245 0.64864 0.9087 0.64325 0.9087 0.64325 0.89245 0.64864 0.90802 0.63944 0.89245 0.64864 0.89063 0.64533 0.90802 0.63944 0.88179 0.66139 0.87342 0.67442 0.8791 0.65891 0.87342 0.67442 0.87005 0.67301 0.8791 0.65891 0.8791 0.65891 0.87005 0.67301 0.87631 0.6564 0.87005 0.67301 0.86658 0.6716 0.87631 0.6564 0.90537 0.74369 0.8954 0.78023 0.88751 0.7363 0.8954 0.78023 0.86665 0.76728 0.88751 0.7363 0.29306 0.29467 0.29306 0.30706 0.28706 0.29467 0.29306 0.30706 0.28706 0.30706 0.28706 0.29467 0.29306 0.30706 0.29306 0.31946 0.28706 0.30706 0.29306 0.31946 0.28708 0.31946 0.28706 0.30706 0.29306 0.28227 0.29306 0.29467 0.28706 0.28227 0.29306 0.29467 0.28706 0.29467 0.28706 0.28227 0.29306 0.26987 0.32586 0.26987 0.29306 0.28227 0.32586 0.26987 0.32586 0.28227 0.29306 0.28227 0.28708 0.32584 0.29306 0.31946 0.28883 0.33005 0.29306 0.3318 0.28883 0.33005 0.29306 0.31946 0.29306 0.26987 0.28882 0.26188 0.29306 0.26011 0.28882 0.26188 0.29306 0.26987 0.28707 0.26654 0.28706 0.26988 0.28707 0.26654 0.29306 0.26987 0.32586 0.26004 0.32586 0.26987 0.29306 0.26011 0.32586 0.26987 0.29306 0.26987 0.29306 0.26011 0.29306 0.3318 0.29306 0.31946 0.32586 0.33185 0.29306 0.31946 0.32586 0.31946 0.32586 0.33185 0.95455 0.72019 0.94252 0.73097 0.94849 0.71558 0.95781 0.66366 0.95465 0.66534 0.94284 0.65277 0.94591 0.67634 0.91334 0.69085 0.95465 0.66534 0.91334 0.69085 0.94284 0.65277 0.95465 0.66534 0.94133 0.68913 0.91334 0.69085 0.94591 0.67634 0.94133 0.68913 0.94276 0.7032 0.91334 0.69085 0.91334 0.69085 0.94276 0.7032 0.94252 0.73097 0.94276 0.7032 0.94849 0.71558 0.94252 0.73097 0.01639 0.23159 0.09125 0.27428 0.06469 0.282 0.09125 0.27428 0.07712 0.28529 0.06469 0.282 0.75165 0.82951 0.74956 0.82173 0.80577 0.75934 0.74956 0.82173 0.74387 0.81603 0.80577 0.75934 0.74387 0.81603 0.73608 0.81394 0.80577 0.75934 0.82605 0.26392 0.82396 0.25613 0.84281 0.23159 0.82396 0.25613 0.81827 0.25044 0.84281 0.23159 0.81827 0.25044 0.81048 0.24835 0.84281 0.23159 0.60639 0.30462 0.71559 0.30462 0.60639 0.31267 0.71559 0.30462 0.71559 0.31267 0.60639 0.31267 0.60639 0.31267 0.71559 0.31267 0.60639 0.32073 0.71559 0.31267 0.71559 0.32073 0.60639 0.32073 0.60639 0.32073 0.71559 0.32073 0.60639 0.32879 0.71559 0.32073 0.71559 0.32879 0.60639 0.32879 0.09164 0.12442 0.09175 0.01649 0.40051 0.12473 0.09175 0.01649 0.40062 0.01681 0.40051 0.12473 0.04025 0.30693 0.01693 0.30713 0.0434 0.29452 0.01693 0.30713 0.01639 0.23159 0.0434 0.29452 0.0941 0.77038 0.0941 0.80822 0.02082 0.77038 0.0941 0.80822 0.05818 0.80822 0.02082 0.77038 0.04284 0.61226 0.04025 0.30693 0.04794 0.61223 0.04025 0.30693 0.04447 0.32072 0.04794 0.61223 0.84281 0.27047 0.82605 0.28188 0.84281 0.23159 0.82605 0.28188 0.82605 0.26392 0.84281 0.23159 0.7222 0.02659 0.7192 0.01701 0.73469 0.02992 0.7192 0.01701 0.75973 0.01642 0.73469 0.02992 0.73505 0.66233 0.74284 0.66025 0.80474 0.738 0.7107 0.13796 0.70862 0.13017 0.72747 0.12239 0.70862 0.13017 0.70292 0.12448 0.72747 0.12239 0.70292 0.12448 0.69514 0.12239 0.72747 0.12239 0.80802 0.28027 0.80791 0.38819 0.80006 0.28026 0.80791 0.38819 0.79995 0.38818 0.80006 0.28026 0.80006 0.28026 0.79995 0.38818 0.79209 0.28025 0.79995 0.38818 0.79198 0.38817 0.79209 0.28025 0.79209 0.28025 0.79198 0.38817 0.78413 0.28024 0.79198 0.38817 0.78402 0.38817 0.78413 0.28024 0.80474 0.738 0.42255 0.738 0.73505 0.66233 0.42255 0.738 0.42255 0.66233 0.73505 0.66233 0.80474 0.738 0.74853 0.65455 0.75062 0.64677 0.74853 0.65455 0.80474 0.738 0.74284 0.66025 0.08281 0.13779 0.05722 0.12432 0.09546 0.13423 0.05722 0.12432 0.09164 0.12442 0.09546 0.13423 0.08281 0.13779 0.0735 0.14719 0.05722 0.12432 0.0735 0.14719 0.07014 0.15999 0.05722 0.12432 0.05722 0.12432 0.07014 0.15999 0.05794 0.20972 0.07014 0.15999 0.07257 0.17017 0.05794 0.20972 0.07257 0.17017 0.08306 0.18188 0.05794 0.20972 0.58452 0.61378 0.50885 0.57642 0.58452 0.5405 0.50885 0.57642 0.50885 0.5405 0.58452 0.5405 0.05794 0.20972 0.08306 0.18188 0.09601 0.20879 0.08306 0.18188 0.0958 0.18514 0.09601 0.20879 0.23096 0.61147 0.23096 0.53864 0.257 0.55054 0.23096 0.53864 0.25381 0.53864 0.257 0.55054 0.25883 0.23159 0.26965 0.23159 0.25896 0.51942 0.26965 0.23159 0.26977 0.50997 0.25896 0.51942 0.11967 0.16948 0.12184 0.15966 0.40052 0.16894 0.12184 0.15966 0.40052 0.15957 0.40052 0.16894 0.11853 0.14739 0.10962 0.13844 0.40051 0.14785 0.10962 0.13844 0.40051 0.13927 0.40051 0.14785 0.11009 0.18092 0.11967 0.16948 0.40052 0.17987 0.11967 0.16948 0.40052 0.16894 0.40052 0.17987 0.12184 0.15966 0.11853 0.14739 0.40052 0.15957 0.11853 0.14739 0.40051 0.14785 0.40052 0.15957 0.10962 0.13844 0.09546 0.13423 0.40051 0.13927 0.09546 0.13423 0.40049 0.13419 0.40051 0.13927 0.0958 0.18514 0.11009 0.18092 0.40051 0.18494 0.11009 0.18092 0.40052 0.17987 0.40051 0.18494 0.09601 0.20879 0.0958 0.18514 0.40062 0.20762 0.0958 0.18514 0.40051 0.18494 0.40062 0.20762 0.40051 0.12473 0.40049 0.13419 0.09164 0.12442 0.40049 0.13419 0.09546 0.13423 0.09164 0.12442 0.80474 0.738 0.75062 0.64677 0.80474 0.5948 0.75062 0.64677 0.75062 0.5948 0.80474 0.5948 0.78413 0.28024 0.78402 0.38817 0.73277 0.28019 0.78402 0.38817 0.73266 0.38811 0.73277 0.28019 0.33568 0.95162 0.25522 0.95162 0.33568 0.83816 0.25522 0.95162 0.25522 0.83816 0.33568 0.83816 0.72747 0.12239 0.72747 0.18992 0.7107 0.13796 0.72747 0.18992 0.7107 0.18992 0.7107 0.13796 0.23388 0.95137 0.19652 0.95137 0.23388 0.8379 0.19652 0.95137 0.19652 0.8379 0.23388 0.8379 0.82506 0.80135 0.96826 0.80135 0.82506 0.991 0.96826 0.80135 0.96826 0.991 0.82506 0.991 0.02082 0.77038 0.05818 0.80822 0.02082 0.91358 0.05818 0.80822 0.05818 0.91358 0.02082 0.91358 0.80951 0.5184 0.72905 0.5184 0.80951 0.41305 0.72905 0.5184 0.72905 0.41305 0.80951 0.41305 0.17549 0.95118 0.12137 0.95118 0.17549 0.83772 0.12137 0.95118 0.12137 0.83772 0.17549 0.83772 0.68256 0.95118 0.57336 0.95118 0.68256 0.83772 0.57336 0.95118 0.57336 0.83772 0.68256 0.83772 0.09915 0.83774 0.09915 0.95149 0.08128 0.83777 0.09915 0.95149 0.08128 0.95152 0.08128 0.83777 0.5515 0.83772 0.5515 0.95118 0.36184 0.83772 0.5515 0.95118 0.36184 0.95118 0.36184 0.83772 0.28706 0.26988 0.28706 0.28227 0.29306 0.26987 0.28706 0.28227 0.29306 0.28227 0.29306 0.26987 0.92555 0.74488 0.90537 0.74369 0.92679 0.78352 0.90537 0.74369 0.8954 0.78023 0.92679 0.78352 0.91334 0.69085 0.87959 0.71897 0.89162 0.72967 0.91334 0.69085 0.90707 0.73578 0.92453 0.73637 0.91334 0.69085 0.92453 0.73637 0.94252 0.73097 0.29306 0.31946 0.28708 0.31946 0.28708 0.32584 0.32586 0.29466 0.29306 0.29467 0.32586 0.30706 0.29306 0.29467 0.29306 0.30706 0.32586 0.30706 0.91334 0.69085 0.94284 0.65277 0.92584 0.64719 0.91334 0.69085 0.87342 0.67442 0.87005 0.68956 0.86658 0.6716 0.87631 0.6564 0.83375 0.65729 0.87631 0.6564 0.85056 0.63213 0.83375 0.65729 0.91334 0.69085 0.90929 0.647 0.89417 0.65191 0.91334 0.69085 0.88179 0.66139 0.87342 0.67442 0.91334 0.69085 0.87005 0.68956 0.87215 0.70503 0.86501 0.70735 0.86262 0.68927 0.82998 0.71775 0.86262 0.68927 0.8265 0.68703 0.82998 0.71775 0.86262 0.68927 0.86658 0.6716 0.8265 0.68703 0.86658 0.6716 0.83375 0.65729 0.8265 0.68703 0.91334 0.69085 0.87215 0.70503 0.87959 0.71897 0.89063 0.64533 0.90802 0.63944 0.8745 0.61438 0.90802 0.63944 0.90236 0.6056 0.8745 0.61438 0.91334 0.69085 0.89417 0.65191 0.88179 0.66139 0.90802 0.63944 0.92701 0.63922 0.90236 0.6056 0.92701 0.63922 0.93076 0.60567 0.90236 0.6056 0.94657 0.64486 0.96569 0.65671 0.95715 0.61266 0.96569 0.65671 0.98051 0.62246 0.95715 0.61266 0.92701 0.63922 0.94657 0.64486 0.93076 0.60567 0.94657 0.64486 0.95715 0.61266 0.93076 0.60567 0.96244 0.7279 0.94628 0.73927 0.98051 0.7692 0.94628 0.73927 0.95766 0.77799 0.98051 0.7692 0.88751 0.7363 0.8736 0.72368 0.86665 0.76728 0.8736 0.72368 0.84391 0.74564 0.86665 0.76728 0.91334 0.69085 0.89162 0.72967 0.90707 0.73578 0.82998 0.71775 0.84391 0.74564 0.86501 0.70735 0.84391 0.74564 0.8736 0.72368 0.86501 0.70735 0.87631 0.6564 0.89063 0.64533 0.85056 0.63213 0.89063 0.64533 0.8745 0.61438 0.85056 0.63213 0.94628 0.73927 0.92555 0.74488 0.95766 0.77799 0.92555 0.74488 0.92679 0.78352 0.95766 0.77799 0.9248 0.20607 0.9248 0.01642 0.7816 0.20607 0.9248 0.01642 0.7816 0.01642 0.7816 0.20607 0.38233 0.57434 0.26809 0.57434 0.41946 0.61147 0.26809 0.57434 0.23096 0.61147 0.41946 0.61147 0.40301 0.77038 0.0941 0.77038 0.40301 0.80822 0.0941 0.77038 0.0941 0.80822 0.40301 0.80822 0.44132 0.61378 0.58452 0.61378 0.44132 0.57642 0.58452 0.61378 0.50885 0.57642 0.44132 0.57642 0.73746 0.23159 0.73746 0.24835 0.84281 0.23159 0.73746 0.24835 0.81048 0.24835 0.84281 0.23159 0.60639 0.64129 0.71559 0.64129 0.60639 0.34675 0.71559 0.64129 0.71559 0.34675 0.60639 0.34675 0.42358 0.75934 0.42358 0.81394 0.71094 0.75934 0.42358 0.81394 0.71812 0.81394 0.71094 0.75934 0.84281 0.57642 0.84281 0.27047 0.82605 0.57642 0.84281 0.27047 0.82605 0.28188 0.82605 0.57642 0.44323 0.44115 0.44323 0.55609 0.49304 0.44115 0.44323 0.55609 0.49304 0.55609 0.49304 0.44115 0.67327 0.18992 0.67327 0.12239 0.59281 0.18992 0.67327 0.12239 0.59281 0.12239 0.59281 0.18992 0.32586 0.31946 0.36369 0.31946 0.32586 0.30706 0.36369 0.31946 0.36369 0.30706 0.32586 0.30706 0.32586 0.31946 0.32586 0.33185 0.36369 0.31946 0.32586 0.33185 0.36369 0.33185 0.36369 0.31946 0.32586 0.33185 0.32586 0.34425 0.36369 0.33185 0.32586 0.34425 0.36369 0.34425 0.36369 0.33185 0.32586 0.34425 0.32586 0.35408 0.36369 0.34425 0.32586 0.35408 0.36369 0.35408 0.36369 0.34425 0.32586 0.36889 0.36369 0.36889 0.32586 0.35408 0.36369 0.36889 0.36369 0.35408 0.32586 0.35408 0.32586 0.38129 0.36369 0.38129 0.32586 0.36889 0.36369 0.38129 0.36369 0.36889 0.32586 0.36889 0.32586 0.23283 0.32586 0.24522 0.36369 0.23283 0.32586 0.24522 0.36369 0.24523 0.36369 0.23283 0.32586 0.24522 0.32586 0.26004 0.36369 0.24523 0.32586 0.26004 0.36369 0.26004 0.36369 0.24523 0.32586 0.26004 0.32586 0.26987 0.36369 0.26004 0.32586 0.26987 0.36369 0.26987 0.36369 0.26004 0.32586 0.28227 0.36369 0.28227 0.32586 0.26987 0.36369 0.28227 0.36369 0.26987 0.32586 0.26987 0.32586 0.28227 0.32586 0.29466 0.36369 0.28227 0.32586 0.29466 0.36369 0.29466 0.36369 0.28227 0.32586 0.30706 0.36369 0.30706 0.32586 0.29466 0.36369 0.30706 0.36369 0.29466 0.32586 0.29466 0.42255 0.02829 0.7222 0.02659 0.42248 0.019 0.7222 0.02659 0.7192 0.01701 0.42248 0.019 0.74393 0.03908 0.75973 0.01642 0.73469 0.02992 0.74735 0.05163 0.75973 0.01642 0.74393 0.03908 0.75973 0.10052 0.74505 0.06171 0.73481 0.07332 0.72228 0.07662 0.42281 0.07817 0.72227 0.09988 0.42281 0.07817 0.42285 0.10045 0.72227 0.09988 0.71812 0.81394 0.73608 0.81394 0.71094 0.75934 0.73608 0.81394 0.80577 0.75934 0.71094 0.75934 0.75973 0.01642 0.74735 0.05163 0.75973 0.10052 0.74735 0.05163 0.74505 0.06171 0.75973 0.10052 0.42248 0.19806 0.43488 0.19806 0.42248 0.1722 0.43488 0.19806 0.43488 0.1722 0.42248 0.1722 0.44727 0.19806 0.44727 0.1722 0.43488 0.19806 0.44727 0.1722 0.43488 0.1722 0.43488 0.19806 0.44727 0.19806 0.45967 0.19806 0.44727 0.1722 0.45967 0.19806 0.45967 0.1722 0.44727 0.1722 0.46951 0.19806 0.46951 0.1722 0.45967 0.19806 0.46951 0.1722 0.45967 0.1722 0.45967 0.19806 0.46951 0.19806 0.48432 0.19806 0.46951 0.1722 0.48432 0.19806 0.48432 0.1722 0.46951 0.1722 0.49671 0.19806 0.49671 0.1722 0.48432 0.19806 0.49671 0.1722 0.48432 0.1722 0.48432 0.19806 0.49671 0.19806 0.50911 0.19806 0.49671 0.1722 0.50911 0.19806 0.50911 0.1722 0.49671 0.1722 0.50911 0.19806 0.52392 0.19806 0.50911 0.1722 0.52392 0.19806 0.52392 0.1722 0.50911 0.1722 0.53376 0.19806 0.53376 0.1722 0.52392 0.19806 0.53376 0.1722 0.52392 0.1722 0.52392 0.19806 0.54615 0.19806 0.54615 0.1722 0.53376 0.19806 0.54615 0.1722 0.53376 0.1722 0.53376 0.19806 0.54615 0.19806 0.55855 0.19806 0.54615 0.1722 0.55855 0.19806 0.55855 0.1722 0.54615 0.1722 0.57094 0.19806 0.57094 0.1722 0.55855 0.19806 0.57094 0.1722 0.55855 0.1722 0.55855 0.19806 0.32879 0.71546 0.36444 0.63467 0.02227 0.71546 0.36444 0.63467 0.02227 0.63467 0.02227 0.71546 0.36444 0.74872 0.35256 0.73922 0.35034 0.74872 0.36444 0.63467 0.34937 0.72734 0.36444 0.74872 0.34937 0.72734 0.35256 0.73922 0.36444 0.74872 0.36444 0.63467 0.34067 0.71864 0.34937 0.72734 0.36444 0.63467 0.32879 0.71546 0.34067 0.71864 0.98616 0.23159 0.93636 0.23159 0.98616 0.51879 0.93636 0.23159 0.93636 0.51879 0.98616 0.51879 0.50911 0.1722 0.52392 0.1722 0.50911 0.12239 0.52392 0.1722 0.52392 0.12239 0.50911 0.12239 0.49671 0.1722 0.50911 0.1722 0.49671 0.12239 0.50911 0.1722 0.50911 0.12239 0.49671 0.12239 0.49671 0.1722 0.49671 0.12239 0.48432 0.1722 0.49671 0.12239 0.48432 0.12239 0.48432 0.1722 0.46951 0.1722 0.48432 0.1722 0.46951 0.12239 0.48432 0.1722 0.48432 0.12239 0.46951 0.12239 0.47397 0.28736 0.47397 0.23755 0.45976 0.28736 0.47397 0.23755 0.45976 0.23755 0.45976 0.28736 0.23096 0.23162 0.23096 0.53864 0.25381 0.23162 0.23096 0.53864 0.25381 0.53864 0.25381 0.23162 0.23096 0.61147 0.26809 0.57434 0.257 0.55054 0.26809 0.57434 0.26809 0.56022 0.257 0.55054 0.25381 0.23162 0.25381 0.53864 0.25883 0.23159 0.25381 0.53864 0.25896 0.51942 0.25883 0.23159 0.305 0.74118 0.02223 0.74118 0.30722 0.75068 0.02223 0.74118 0.02223 0.75068 0.30722 0.75068 0.30819 0.7293 0.02223 0.7293 0.305 0.74118 0.02223 0.7293 0.02223 0.74118 0.305 0.74118 0.31688 0.7206 0.02223 0.7206 0.30819 0.7293 0.02223 0.7206 0.02223 0.7293 0.30819 0.7293 0.60639 0.23159 0.60639 0.30462 0.71559 0.23159 0.60639 0.30462 0.71559 0.30462 0.71559 0.23159 0.58452 0.5405 0.58452 0.23159 0.50885 0.5405 0.58452 0.23159 0.50885 0.23159 0.50885 0.5405 0.91449 0.57642 0.91449 0.23159 0.86468 0.57642 0.91449 0.23159 0.86468 0.23159 0.86468 0.57642 0.41946 0.61147 0.41946 0.23162 0.38233 0.57434 0.41946 0.23162 0.38233 0.23162 0.38233 0.57434 0.70833 0.03081 0.42256 0.03328 0.69965 0.03966 0.42256 0.03328 0.4226 0.04172 0.69965 0.03966 0.70819 0.07255 0.42277 0.07318 0.72228 0.07662 0.42277 0.07318 0.42281 0.07817 0.72228 0.07662 0.69965 0.03966 0.4226 0.04172 0.69648 0.05173 0.4226 0.04172 0.42266 0.05323 0.69648 0.05173 0.7222 0.02659 0.42255 0.02829 0.70833 0.03081 0.42255 0.02829 0.42256 0.03328 0.70833 0.03081 0.05479 0.28429 0.01639 0.23159 0.0434 0.29452 0.04794 0.61223 0.05894 0.61216 0.04447 0.32072 0.05894 0.61216 0.05573 0.32989 0.04447 0.32072 0.69869 0.06137 0.42271 0.06244 0.70819 0.07255 0.42271 0.06244 0.42277 0.07318 0.70819 0.07255 0.20864 0.32766 0.20909 0.23225 0.17134 0.32768 0.20909 0.23225 0.16694 0.30556 0.17134 0.32768 0.69648 0.05173 0.42266 0.05323 0.69869 0.06137 0.42266 0.05323 0.42271 0.06244 0.69869 0.06137 0.71559 0.34675 0.71559 0.32879 0.60639 0.34675 0.71559 0.32879 0.60639 0.32879 0.60639 0.34675 0.04025 0.30693 0.01693 0.30713 0.04284 0.61226 0.01693 0.30713 0.02012 0.6125 0.04284 0.61226 0.75973 0.10052 0.73481 0.07332 0.72227 0.09988 0.73481 0.07332 0.72228 0.07662 0.72227 0.09988 0.16694 0.30556 0.20909 0.23225 0.15442 0.28678 0.15442 0.28678 0.20909 0.23225 0.13567 0.27423 0.13567 0.27423 0.20909 0.23225 0.11352 0.26982 0.09125 0.27428 0.11352 0.26982 0.01639 0.23159 0.01639 0.23159 0.11352 0.26982 0.20909 0.23225 0.05479 0.28429 0.06469 0.282 0.01639 0.23159 0.91334 0.69085 0.92584 0.64719 0.90929 0.647 0.20909 0.61174 0.20864 0.32766 0.17216 0.6118 0.20864 0.32766 0.17134 0.32768 0.17216 0.6118 0.06048 0.35183 0.05573 0.32989 0.06348 0.61212 0.05573 0.32989 0.05894 0.61216 0.06348 0.61212 0.1545 0.36893 0.15534 0.61185 0.16688 0.35017 0.15534 0.61185 0.1676 0.61182 0.16688 0.35017 0.80577 0.90254 0.80577 0.75934 0.75165 0.90254 0.80577 0.75934 0.75165 0.82951 0.75165 0.90254 0.11389 0.38619 0.11548 0.61194 0.13589 0.38158 0.11548 0.61194 0.13704 0.61189 0.13589 0.38158 0.0731 0.37004 0.07569 0.61205 0.09184 0.38213 0.07569 0.61205 0.09394 0.61199 0.09184 0.38213 0.16688 0.35017 0.1676 0.61182 0.17134 0.32768 0.1676 0.61182 0.17216 0.6118 0.17134 0.32768 0.13589 0.38158 0.13704 0.61189 0.1545 0.36893 0.13704 0.61189 0.15534 0.61185 0.1545 0.36893 0.09184 0.38213 0.09394 0.61199 0.11389 0.38619 0.09394 0.61199 0.11548 0.61194 0.11389 0.38619 0.06048 0.35183 0.06348 0.61212 0.0731 0.37004 0.06348 0.61212 0.07569 0.61205 0.0731 0.37004 0.32879 0.71546 0.02227 0.71546 0.31688 0.7206 0.02227 0.71546 0.02223 0.7206 0.31688 0.7206 0.9444 0.73507 0.94628 0.73927 0.95865 0.72371 0.94628 0.73927 0.96244 0.7279 0.95865 0.72371 0.95865 0.72371 0.95455 0.72019 0.9444 0.73507 0.95455 0.72019 0.94252 0.73097 0.9444 0.73507 0.89162 0.72967 0.88958 0.73294 0.90707 0.73578 0.88958 0.73294 0.90623 0.73969 0.90707 0.73578 0.88958 0.73294 0.88751 0.7363 0.90623 0.73969 0.88751 0.7363 0.90537 0.74369 0.90623 0.73969 0.89417 0.65191 0.89245 0.64864 0.88179 0.66139 0.89245 0.64864 0.8791 0.65891 0.88179 0.66139 0.89245 0.64864 0.89063 0.64533 0.8791 0.65891 0.89063 0.64533 0.87631 0.6564 0.8791 0.65891 0.8736 0.72368 0.87662 0.72128 0.86501 0.70735 0.87662 0.72128 0.86862 0.70616 0.86501 0.70735 0.87662 0.72128 0.87959 0.71897 0.86862 0.70616 0.87959 0.71897 0.87215 0.70503 0.86862 0.70616 0.92584 0.64719 0.92647 0.64325 0.90929 0.647 0.92647 0.64325 0.9087 0.64325 0.90929 0.647 0.92647 0.64325 0.92701 0.63922 0.9087 0.64325 0.92701 0.63922 0.90802 0.63944 0.9087 0.64325 0.87342 0.67442 0.87005 0.67301 0.87005 0.68956 0.87005 0.67301 0.86639 0.6894 0.87005 0.68956 0.87005 0.67301 0.86658 0.6716 0.86639 0.6894 0.86658 0.6716 0.86262 0.68927 0.86639 0.6894 0.87005 0.68956 0.86639 0.6894 0.87215 0.70503 0.86639 0.6894 0.86862 0.70616 0.87215 0.70503 0.86639 0.6894 0.86262 0.68927 0.86862 0.70616 0.86262 0.68927 0.86501 0.70735 0.86862 0.70616 0.90707 0.73578 0.90623 0.73969 0.92453 0.73637 0.90623 0.73969 0.92504 0.74058 0.92453 0.73637 0.90623 0.73969 0.90537 0.74369 0.92504 0.74058 0.90537 0.74369 0.92555 0.74488 0.92504 0.74058 0.87959 0.71897 0.87662 0.72128 0.89162 0.72967 0.87662 0.72128 0.88958 0.73294 0.89162 0.72967 0.87662 0.72128 0.8736 0.72368 0.88958 0.73294 0.8736 0.72368 0.88751 0.7363 0.88958 0.73294 0.92453 0.73637 0.92504 0.74058 0.94252 0.73097 0.92504 0.74058 0.9444 0.73507 0.94252 0.73097 0.92504 0.74058 0.92555 0.74488 0.9444 0.73507 0.92555 0.74488 0.94628 0.73927 0.9444 0.73507 0.32586 0.30706 0.29306 0.30706 0.32586 0.31946 0.29306 0.30706 0.29306 0.31946 0.32586 0.31946 0.32586 0.28227 0.29306 0.28227 0.32586 0.29466 0.29306 0.28227 0.29306 0.29467 0.32586 0.29466 0.96253 0.6607 0.96569 0.65671 0.94474 0.64888 0.96569 0.65671 0.94657 0.64486 0.94474 0.64888 0.94474 0.64888 0.94284 0.65277 0.96253 0.6607 0.94284 0.65277 0.95781 0.66366 0.96253 0.6607 0.94284 0.65277 0.94474 0.64888 0.92584 0.64719 0.94474 0.64888 0.92647 0.64325 0.92584 0.64719 0.94474 0.64888 0.94657 0.64486 0.92647 0.64325 0.94657 0.64486 0.92701 0.63922 0.92647 0.64325 0.90929 0.647 0.9087 0.64325 0.89417 0.65191 0.9087 0.64325 0.89245 0.64864 0.89417 0.65191 0.9087 0.64325 0.90802 0.63944 0.89245 0.64864 0.90802 0.63944 0.89063 0.64533 0.89245 0.64864 0.88179 0.66139 0.8791 0.65891 0.87342 0.67442 0.8791 0.65891 0.87005 0.67301 0.87342 0.67442 0.8791 0.65891 0.87631 0.6564 0.87005 0.67301 0.87631 0.6564 0.86658 0.6716 0.87005 0.67301 0.90537 0.74369 0.88751 0.7363 0.8954 0.78023 0.88751 0.7363 0.86665 0.76728 0.8954 0.78023 0.29306 0.29467 0.28706 0.29467 0.29306 0.30706 0.28706 0.29467 0.28706 0.30706 0.29306 0.30706 0.29306 0.30706 0.28706 0.30706 0.29306 0.31946 0.28706 0.30706 0.28708 0.31946 0.29306 0.31946 0.29306 0.28227 0.28706 0.28227 0.29306 0.29467 0.28706 0.28227 0.28706 0.29467 0.29306 0.29467 0.29306 0.26987 0.29306 0.28227 0.32586 0.26987 0.29306 0.28227 0.32586 0.28227 0.32586 0.26987 0.28708 0.32584 0.28883 0.33005 0.29306 0.31946 0.29306 0.3318 0.29306 0.31946 0.28883 0.33005 0.29306 0.26987 0.29306 0.26011 0.28882 0.26188 0.28882 0.26188 0.28707 0.26654 0.29306 0.26987 0.28706 0.26988 0.29306 0.26987 0.28707 0.26654 0.32586 0.26004 0.29306 0.26011 0.32586 0.26987 0.29306 0.26011 0.29306 0.26987 0.32586 0.26987 0.29306 0.3318 0.32586 0.33185 0.29306 0.31946 0.32586 0.33185 0.32586 0.31946 0.29306 0.31946 0.95455 0.72019 0.94849 0.71558 0.94252 0.73097 0.95781 0.66366 0.94284 0.65277 0.95465 0.66534 0.94591 0.67634 0.95465 0.66534 0.91334 0.69085 0.95465 0.66534 0.94284 0.65277 0.91334 0.69085 0.94133 0.68913 0.94591 0.67634 0.91334 0.69085 0.94133 0.68913 0.91334 0.69085 0.94276 0.7032 0.91334 0.69085 0.94252 0.73097 0.94276 0.7032 0.94252 0.73097 0.94849 0.71558 0.94276 0.7032 0.01639 0.23159 0.06469 0.282 0.09125 0.27428 0.06469 0.282 0.07712 0.28529 0.09125 0.27428 0.75165 0.82951 0.80577 0.75934 0.74956 0.82173 0.74956 0.82173 0.80577 0.75934 0.74387 0.81603 0.74387 0.81603 0.80577 0.75934 0.73608 0.81394 0.82605 0.26392 0.84281 0.23159 0.82396 0.25613 0.82396 0.25613 0.84281 0.23159 0.81827 0.25044 0.81827 0.25044 0.84281 0.23159 0.81048 0.24835 0.60639 0.30462 0.60639 0.31267 0.71559 0.30462 0.60639 0.31267 0.71559 0.31267 0.71559 0.30462 0.60639 0.31267 0.60639 0.32073 0.71559 0.31267 0.60639 0.32073 0.71559 0.32073 0.71559 0.31267 0.60639 0.32073 0.60639 0.32879 0.71559 0.32073 0.60639 0.32879 0.71559 0.32879 0.71559 0.32073 0.09164 0.12442 0.40051 0.12473 0.09175 0.01649 0.40051 0.12473 0.40062 0.01681 0.09175 0.01649 0.04025 0.30693 0.0434 0.29452 0.01693 0.30713 0.0434 0.29452 0.01639 0.23159 0.01693 0.30713 0.0941 0.77038 0.02082 0.77038 0.0941 0.80822 0.02082 0.77038 0.05818 0.80822 0.0941 0.80822 0.04284 0.61226 0.04794 0.61223 0.04025 0.30693 0.04794 0.61223 0.04447 0.32072 0.04025 0.30693 0.84281 0.27047 0.84281 0.23159 0.82605 0.28188 0.84281 0.23159 0.82605 0.26392 0.82605 0.28188 0.7222 0.02659 0.73469 0.02992 0.7192 0.01701 0.73469 0.02992 0.75973 0.01642 0.7192 0.01701 0.73505 0.66233 0.80474 0.738 0.74284 0.66025 0.7107 0.13796 0.72747 0.12239 0.70862 0.13017 0.70862 0.13017 0.72747 0.12239 0.70292 0.12448 0.70292 0.12448 0.72747 0.12239 0.69514 0.12239 0.80802 0.28027 0.80006 0.28026 0.80791 0.38819 0.80006 0.28026 0.79995 0.38818 0.80791 0.38819 0.80006 0.28026 0.79209 0.28025 0.79995 0.38818 0.79209 0.28025 0.79198 0.38817 0.79995 0.38818 0.79209 0.28025 0.78413 0.28024 0.79198 0.38817 0.78413 0.28024 0.78402 0.38817 0.79198 0.38817 0.80474 0.738 0.73505 0.66233 0.42255 0.738 0.73505 0.66233 0.42255 0.66233 0.42255 0.738 0.80474 0.738 0.75062 0.64677 0.74853 0.65455 0.74853 0.65455 0.74284 0.66025 0.80474 0.738 0.08281 0.13779 0.09546 0.13423 0.05722 0.12432 0.09546 0.13423 0.09164 0.12442 0.05722 0.12432 0.08281 0.13779 0.05722 0.12432 0.0735 0.14719 0.0735 0.14719 0.05722 0.12432 0.07014 0.15999 0.05722 0.12432 0.05794 0.20972 0.07014 0.15999 0.07014 0.15999 0.05794 0.20972 0.07257 0.17017 0.07257 0.17017 0.05794 0.20972 0.08306 0.18188 0.58452 0.61378 0.58452 0.5405 0.50885 0.57642 0.58452 0.5405 0.50885 0.5405 0.50885 0.57642 0.05794 0.20972 0.09601 0.20879 0.08306 0.18188 0.09601 0.20879 0.0958 0.18514 0.08306 0.18188 0.23096 0.61147 0.257 0.55054 0.23096 0.53864 0.257 0.55054 0.25381 0.53864 0.23096 0.53864 0.25883 0.23159 0.25896 0.51942 0.26965 0.23159 0.25896 0.51942 0.26977 0.50997 0.26965 0.23159 0.11967 0.16948 0.40052 0.16894 0.12184 0.15966 0.40052 0.16894 0.40052 0.15957 0.12184 0.15966 0.11853 0.14739 0.40051 0.14785 0.10962 0.13844 0.40051 0.14785 0.40051 0.13927 0.10962 0.13844 0.11009 0.18092 0.40052 0.17987 0.11967 0.16948 0.40052 0.17987 0.40052 0.16894 0.11967 0.16948 0.12184 0.15966 0.40052 0.15957 0.11853 0.14739 0.40052 0.15957 0.40051 0.14785 0.11853 0.14739 0.10962 0.13844 0.40051 0.13927 0.09546 0.13423 0.40051 0.13927 0.40049 0.13419 0.09546 0.13423 0.0958 0.18514 0.40051 0.18494 0.11009 0.18092 0.40051 0.18494 0.40052 0.17987 0.11009 0.18092 0.09601 0.20879 0.40062 0.20762 0.0958 0.18514 0.40062 0.20762 0.40051 0.18494 0.0958 0.18514 0.40051 0.12473 0.09164 0.12442 0.40049 0.13419 0.09164 0.12442 0.09546 0.13423 0.40049 0.13419 0.80474 0.738 0.80474 0.5948 0.75062 0.64677 0.80474 0.5948 0.75062 0.5948 0.75062 0.64677 0.78413 0.28024 0.73277 0.28019 0.78402 0.38817 0.73277 0.28019 0.73266 0.38811 0.78402 0.38817 0.33568 0.95162 0.33568 0.83816 0.25522 0.95162 0.33568 0.83816 0.25522 0.83816 0.25522 0.95162 0.72747 0.12239 0.7107 0.13796 0.72747 0.18992 0.7107 0.13796 0.7107 0.18992 0.72747 0.18992 0.23388 0.95137 0.23388 0.8379 0.19652 0.95137 0.23388 0.8379 0.19652 0.8379 0.19652 0.95137 0.82506 0.80135 0.82506 0.991 0.96826 0.80135 0.82506 0.991 0.96826 0.991 0.96826 0.80135 0.02082 0.77038 0.02082 0.91358 0.05818 0.80822 0.02082 0.91358 0.05818 0.91358 0.05818 0.80822 0.80951 0.5184 0.80951 0.41305 0.72905 0.5184 0.80951 0.41305 0.72905 0.41305 0.72905 0.5184 0.17549 0.95118 0.17549 0.83772 0.12137 0.95118 0.17549 0.83772 0.12137 0.83772 0.12137 0.95118 0.68256 0.95118 0.68256 0.83772 0.57336 0.95118 0.68256 0.83772 0.57336 0.83772 0.57336 0.95118 0.09915 0.83774 0.08128 0.83777 0.09915 0.95149 0.08128 0.83777 0.08128 0.95152 0.09915 0.95149 0.5515 0.83772 0.36184 0.83772 0.5515 0.95118 0.36184 0.83772 0.36184 0.95118 0.5515 0.95118 0.02929 0.01917 0.02861 0.0189 0.03187 0.01752 0.02861 0.0189 0.03097 0.01713 0.03187 0.01752 0.03187 0.01752 0.03097 0.01713 0.03071 0.01171 0.03097 0.01713 0.02995 0.01244 0.03071 0.01171 0.03071 0.01171 0.02995 0.01244 0.02867 0.0113 0.02995 0.01244 0.02818 0.01175 0.02867 0.0113 0.02871 0.01105 0.02841 0.01047 0.03071 0.01133 0.02841 0.01047 0.03003 0.0104 0.03071 0.01133 0.03071 0.01133 0.03003 0.0104 0.03179 0.00519 0.03003 0.0104 0.03082 0.00543 0.03179 0.00519 0.03179 0.00519 0.03082 0.00543 0.0297 0.00243 0.03082 0.00543 0.02881 0.00241 0.0297 0.00243 0.02995 0.00224 0.03025 0.00141 0.03213 0.005 0.03025 0.00141 0.03285 0.00456 0.03213 0.005 0.03218 0.0052 0.03302 0.00523 0.03105 0.01142 0.03302 0.00523 0.03196 0.01149 0.03105 0.01142 0.03216 0.01776 0.03266 0.01835 0.02944 0.0194 0.03266 0.01835 0.02939 0.02017 0.02944 0.0194 0.02905 0.02007 0.02936 0.01941 0.02939 0.02017 0.02936 0.01941 0.02944 0.0194 0.02939 0.02017 0.02877 0.01985 0.02929 0.01938 0.02905 0.02007 0.02929 0.01938 0.02936 0.01941 0.02905 0.02007 0.02861 0.0189 0.02929 0.01917 0.02855 0.01921 0.02929 0.01917 0.02925 0.01925 0.02855 0.01921 0.02925 0.01932 0.02925 0.01925 0.02929 0.01938 0.02925 0.01925 0.02936 0.01941 0.02929 0.01938 0.02859 0.01954 0.02925 0.01932 0.02877 0.01985 0.02925 0.01932 0.02929 0.01938 0.02877 0.01985 0.03187 0.01752 0.03216 0.01776 0.02929 0.01917 0.03216 0.01776 0.02944 0.0194 0.02929 0.01917 0.02855 0.01921 0.02925 0.01925 0.02859 0.01954 0.02925 0.01925 0.02925 0.01932 0.02859 0.01954 0.02936 0.01941 0.02925 0.01925 0.02944 0.0194 0.02925 0.01925 0.02929 0.01917 0.02944 0.0194 0.03025 0.00141 0.02995 0.00224 0.02987 0.00136 0.02995 0.00224 0.02986 0.0022 0.02987 0.00136 0.02987 0.00136 0.02986 0.0022 0.02948 0.00144 0.02986 0.0022 0.02977 0.0022 0.02948 0.00144 0.02948 0.00144 0.02977 0.0022 0.02913 0.00167 0.02977 0.0022 0.0297 0.00225 0.02913 0.00167 0.02913 0.00167 0.0297 0.00225 0.0289 0.00201 0.0297 0.00225 0.02968 0.00233 0.0289 0.00201 0.0289 0.00201 0.02968 0.00233 0.02881 0.00241 0.02968 0.00233 0.0297 0.00243 0.02881 0.00241 0.02995 0.00224 0.0297 0.00243 0.02986 0.0022 0.0297 0.00243 0.02968 0.00233 0.02986 0.0022 0.02986 0.0022 0.02968 0.00233 0.02977 0.0022 0.02968 0.00233 0.0297 0.00225 0.02977 0.0022 0.03213 0.005 0.03285 0.00456 0.03216 0.00504 0.03285 0.00456 0.03293 0.00472 0.03216 0.00504 0.03216 0.00504 0.03293 0.00472 0.03217 0.00509 0.03293 0.00472 0.03298 0.00488 0.03217 0.00509 0.03217 0.00509 0.03298 0.00488 0.03218 0.00514 0.03298 0.00488 0.03301 0.00506 0.03218 0.00514 0.03218 0.00514 0.03301 0.00506 0.03218 0.0052 0.03301 0.00506 0.03302 0.00523 0.03218 0.0052 0.03179 0.00519 0.03213 0.005 0.03217 0.00509 0.03213 0.005 0.03216 0.00504 0.03217 0.00509 0.03179 0.00519 0.03217 0.00509 0.03218 0.0052 0.03217 0.00509 0.03218 0.00514 0.03218 0.0052 0.02867 0.0113 0.02871 0.01105 0.03071 0.01171 0.02871 0.01105 0.03071 0.01133 0.03071 0.01171 0.03071 0.01133 0.03105 0.01142 0.03071 0.01171 0.03105 0.01142 0.03106 0.01176 0.03071 0.01171 0.03105 0.01142 0.03196 0.01149 0.03106 0.01176 0.03196 0.01149 0.03197 0.01183 0.03106 0.01176 0.03106 0.01176 0.03197 0.01183 0.03225 0.01755 0.03197 0.01183 0.03302 0.01757 0.03225 0.01755 0.03179 0.00519 0.03218 0.0052 0.03071 0.01133 0.03218 0.0052 0.03105 0.01142 0.03071 0.01133 0.0297 0.00243 0.02995 0.00224 0.03179 0.00519 0.02995 0.00224 0.03213 0.005 0.03179 0.00519 0.02841 0.01047 0.02871 0.01105 0.02818 0.01064 0.02871 0.01105 0.02864 0.01108 0.02818 0.01064 0.02818 0.01064 0.02864 0.01108 0.02802 0.01089 0.02864 0.01108 0.02859 0.01113 0.02802 0.01089 0.02802 0.01089 0.02859 0.01113 0.02796 0.01119 0.02859 0.01113 0.02858 0.01119 0.02796 0.01119 0.02796 0.01119 0.02858 0.01119 0.02802 0.0115 0.02858 0.01119 0.02861 0.01125 0.02802 0.0115 0.02802 0.0115 0.02861 0.01125 0.02818 0.01175 0.02861 0.01125 0.02867 0.0113 0.02818 0.01175 0.02871 0.01105 0.02867 0.0113 0.02864 0.01108 0.02867 0.0113 0.02861 0.01125 0.02864 0.01108 0.02864 0.01108 0.02861 0.01125 0.02859 0.01113 0.02861 0.01125 0.02858 0.01119 0.02859 0.01113 0.03071 0.01171 0.03106 0.01176 0.03187 0.01752 0.03106 0.01176 0.03225 0.01755 0.03187 0.01752 0.03266 0.01835 0.03216 0.01776 0.0328 0.01819 0.03216 0.01776 0.03221 0.01772 0.0328 0.01819 0.0328 0.01819 0.03221 0.01772 0.03291 0.018 0.03221 0.01772 0.03224 0.01767 0.03291 0.018 0.03291 0.018 0.03224 0.01767 0.03299 0.01779 0.03224 0.01767 0.03226 0.01761 0.03299 0.01779 0.03299 0.01779 0.03226 0.01761 0.03302 0.01757 0.03226 0.01761 0.03225 0.01755 0.03302 0.01757 0.03187 0.01752 0.03224 0.01767 0.03216 0.01776 0.03224 0.01767 0.03221 0.01772 0.03216 0.01776 0.03187 0.01752 0.03225 0.01755 0.03224 0.01767 0.03225 0.01755 0.03226 0.01761 0.03224 0.01767 0.02231 0.01173 0.02142 0.01142 0.02563 0.00351 0.02142 0.01142 0.02478 0.0031 0.02563 0.00351 0.02265 0.01189 0.02231 0.01173 0.02597 0.00362 0.02231 0.01173 0.02563 0.00351 0.02597 0.00362 0.0235 0.01223 0.02265 0.01189 0.02687 0.00398 0.02265 0.01189 0.02597 0.00362 0.02687 0.00398 0.02265 0.01189 0.0235 0.01223 0.02241 0.0128 0.0235 0.01223 0.02331 0.01292 0.02241 0.0128 0.02231 0.01173 0.02265 0.01189 0.02206 0.01277 0.02265 0.01189 0.02241 0.0128 0.02206 0.01277 0.02142 0.01142 0.02231 0.01173 0.02115 0.01273 0.02231 0.01173 0.02206 0.01277 0.02115 0.01273 0.02241 0.0128 0.02331 0.01292 0.02245 0.01373 0.02331 0.01292 0.02331 0.01359 0.02245 0.01373 0.02206 0.01277 0.02241 0.0128 0.02212 0.0138 0.02241 0.0128 0.02245 0.01373 0.02212 0.0138 0.02115 0.01273 0.02206 0.01277 0.02128 0.014 0.02206 0.01277 0.02212 0.0138 0.02128 0.014 0.02245 0.01373 0.02331 0.01359 0.02273 0.01456 0.02331 0.01359 0.02349 0.01421 0.02273 0.01456 0.02212 0.0138 0.02245 0.01373 0.02245 0.01472 0.02245 0.01373 0.02273 0.01456 0.02245 0.01472 0.02128 0.014 0.02212 0.0138 0.02173 0.01513 0.02212 0.0138 0.02245 0.01472 0.02173 0.01513 0.02273 0.01456 0.02349 0.01421 0.02321 0.01526 0.02349 0.01421 0.02381 0.01473 0.02321 0.01526 0.02245 0.01472 0.02273 0.01456 0.023 0.01547 0.02273 0.01456 0.02321 0.01526 0.023 0.01547 0.02173 0.01513 0.02245 0.01472 0.02245 0.01604 0.02245 0.01472 0.023 0.01547 0.02245 0.01604 0.02321 0.01526 0.02381 0.01473 0.02383 0.01577 0.02381 0.01473 0.02425 0.01512 0.02383 0.01577 0.023 0.01547 0.02321 0.01526 0.02369 0.01602 0.02321 0.01526 0.02383 0.01577 0.02369 0.01602 0.02245 0.01604 0.023 0.01547 0.02334 0.01667 0.023 0.01547 0.02369 0.01602 0.02334 0.01667 0.02383 0.01577 0.02425 0.01512 0.02452 0.01608 0.02425 0.01512 0.02478 0.01537 0.02452 0.01608 0.02369 0.01602 0.02383 0.01577 0.02447 0.01634 0.02383 0.01577 0.02452 0.01608 0.02447 0.01634 0.02334 0.01667 0.02369 0.01602 0.02431 0.01701 0.02369 0.01602 0.02447 0.01634 0.02431 0.01701 0.02699 0.01757 0.0268 0.01686 0.02763 0.0165 0.0268 0.01686 0.02688 0.01666 0.02763 0.0165 0.02763 0.0165 0.02688 0.01666 0.02478 0.01537 0.02688 0.01666 0.02452 0.01608 0.02478 0.01537 0.02447 0.01634 0.02452 0.01608 0.0268 0.01686 0.02452 0.01608 0.02688 0.01666 0.0268 0.01686 0.02431 0.01701 0.02447 0.01634 0.02699 0.01757 0.02447 0.01634 0.0268 0.01686 0.02699 0.01757 0.02699 0.00228 0.02763 0.00274 0.02695 0.00232 0.02692 0.0021 0.02699 0.00228 0.02679 0.00211 0.02699 0.00228 0.02695 0.00232 0.02679 0.00211 0.02724 0.00148 0.02692 0.0021 0.02679 0.00136 0.02692 0.0021 0.02679 0.00211 0.02679 0.00136 0.02695 0.00232 0.02763 0.00274 0.02641 0.00283 0.02763 0.00274 0.02725 0.00329 0.02641 0.00283 0.02679 0.00211 0.02695 0.00232 0.02616 0.00263 0.02695 0.00232 0.02641 0.00283 0.02616 0.00263 0.02679 0.00136 0.02679 0.00211 0.02555 0.00199 0.02679 0.00211 0.02616 0.00263 0.02555 0.00199 0.02641 0.00283 0.02725 0.00329 0.02597 0.00362 0.02725 0.00329 0.02687 0.00398 0.02597 0.00362 0.02616 0.00263 0.02641 0.00283 0.02563 0.00351 0.02641 0.00283 0.02597 0.00362 0.02563 0.00351 0.02555 0.00199 0.02616 0.00263 0.02478 0.0031 0.02616 0.00263 0.02563 0.00351 0.02478 0.0031 0.0029 0.0089 0.00364 0.00855 0.00659 0.01587 0.00364 0.00855 0.0073 0.01547 0.00659 0.01587 0.00628 0.016 0.00558 0.01641 0.00263 0.00907 0.00558 0.01641 0.00186 0.00945 0.00263 0.00907 0.00465 0.004 0.00431 0.0031 0.00926 0.00217 0.00431 0.0031 0.00921 0.00136 0.00926 0.00217 0.0095 0.00225 0.01005 0.00167 0.01021 0.00313 0.01005 0.00167 0.01093 0.00298 0.01021 0.00313 0.01003 0.00332 0.00993 0.00401 0.00928 0.00259 0.00993 0.00401 0.00915 0.00373 0.00928 0.00259 0.00928 0.00259 0.00915 0.00373 0.00475 0.00434 0.00915 0.00373 0.00511 0.00521 0.00475 0.00434 0.00263 0.00907 0.0029 0.0089 0.00628 0.016 0.0029 0.0089 0.00659 0.01587 0.00628 0.016 0.01088 0.01753 0.01039 0.01731 0.01093 0.01728 0.01039 0.01731 0.01042 0.01726 0.01093 0.01728 0.01093 0.01728 0.01042 0.01726 0.01088 0.01703 0.01042 0.01726 0.01042 0.0172 0.01088 0.01703 0.01088 0.01703 0.01042 0.0172 0.01073 0.01681 0.01042 0.0172 0.01039 0.01716 0.01073 0.01681 0.01073 0.01681 0.01039 0.01716 0.01052 0.01667 0.01039 0.01716 0.01034 0.01715 0.01052 0.01667 0.01052 0.01667 0.01034 0.01715 0.01029 0.01662 0.01034 0.01715 0.01028 0.01715 0.01029 0.01662 0.01039 0.01731 0.01028 0.01715 0.01042 0.01726 0.01028 0.01715 0.01034 0.01715 0.01042 0.01726 0.01042 0.01726 0.01034 0.01715 0.01042 0.0172 0.01034 0.01715 0.01039 0.01716 0.01042 0.0172 0.0073 0.01547 0.00767 0.01598 0.00659 0.01587 0.00767 0.01598 0.00708 0.01655 0.00659 0.01587 0.00659 0.01587 0.00708 0.01655 0.00628 0.016 0.00708 0.01655 0.00685 0.01677 0.00628 0.016 0.00628 0.016 0.00685 0.01677 0.00558 0.01641 0.00685 0.01677 0.00628 0.01733 0.00558 0.01641 0.00767 0.01598 0.00814 0.01637 0.00708 0.01655 0.00814 0.01637 0.00774 0.01706 0.00708 0.01655 0.00708 0.01655 0.00774 0.01706 0.00685 0.01677 0.00774 0.01706 0.00759 0.01733 0.00685 0.01677 0.00685 0.01677 0.00759 0.01733 0.00628 0.01733 0.00759 0.01733 0.0072 0.01801 0.00628 0.01733 0.00814 0.01637 0.00869 0.01661 0.00774 0.01706 0.00869 0.01661 0.00849 0.01736 0.00774 0.01706 0.00774 0.01706 0.00849 0.01736 0.00759 0.01733 0.00849 0.01736 0.00842 0.01764 0.00759 0.01733 0.00759 0.01733 0.00842 0.01764 0.0072 0.01801 0.00842 0.01764 0.00824 0.01839 0.0072 0.01801 0.00869 0.01661 0.00928 0.0167 0.00849 0.01736 0.00928 0.0167 0.00925 0.01744 0.00849 0.01736 0.00849 0.01736 0.00925 0.01744 0.00842 0.01764 0.00925 0.01744 0.00927 0.01771 0.00842 0.01764 0.00842 0.01764 0.00927 0.01771 0.00824 0.01839 0.00927 0.01771 0.00933 0.01844 0.00824 0.01839 0.00928 0.0167 0.00987 0.01666 0.00925 0.01744 0.00987 0.01666 0.00991 0.01732 0.00925 0.01744 0.00925 0.01744 0.00991 0.01732 0.00927 0.01771 0.00991 0.01732 0.01001 0.01754 0.00927 0.01771 0.00927 0.01771 0.01001 0.01754 0.00933 0.01844 0.01001 0.01754 0.01035 0.01811 0.00933 0.01844 0.01035 0.01811 0.01001 0.01754 0.01088 0.01753 0.01001 0.01754 0.01039 0.01731 0.01088 0.01753 0.01001 0.01754 0.00991 0.01732 0.01039 0.01731 0.00991 0.01732 0.01028 0.01715 0.01039 0.01731 0.00991 0.01732 0.00987 0.01666 0.01028 0.01715 0.00987 0.01666 0.01029 0.01662 0.01028 0.01715 0.0029 0.0089 0.00263 0.00907 0.00261 0.00809 0.00263 0.00907 0.00229 0.00816 0.00261 0.00809 0.00263 0.00907 0.00186 0.00945 0.00229 0.00816 0.00186 0.00945 0.00145 0.00831 0.00229 0.00816 0.00364 0.00855 0.0029 0.0089 0.00345 0.00794 0.0029 0.0089 0.00261 0.00809 0.00345 0.00794 0.00261 0.00809 0.00229 0.00816 0.00256 0.00719 0.00229 0.00816 0.00223 0.00717 0.00256 0.00719 0.00229 0.00816 0.00145 0.00831 0.00223 0.00717 0.00145 0.00831 0.00136 0.00708 0.00223 0.00717 0.00345 0.00794 0.00261 0.00809 0.00343 0.00728 0.00261 0.00809 0.00256 0.00719 0.00343 0.00728 0.00256 0.00719 0.00223 0.00717 0.00277 0.0063 0.00223 0.00717 0.00245 0.00618 0.00277 0.0063 0.00223 0.00717 0.00136 0.00708 0.00245 0.00618 0.00136 0.00708 0.00162 0.00585 0.00245 0.00618 0.00343 0.00728 0.00256 0.00719 0.0036 0.00664 0.00256 0.00719 0.00277 0.0063 0.0036 0.00664 0.00277 0.0063 0.00245 0.00618 0.00323 0.00548 0.00245 0.00618 0.00294 0.00527 0.00323 0.00548 0.00245 0.00618 0.00162 0.00585 0.00294 0.00527 0.00162 0.00585 0.00223 0.00471 0.00294 0.00527 0.0036 0.00664 0.00277 0.0063 0.00395 0.00604 0.00277 0.0063 0.00323 0.00548 0.00395 0.00604 0.00323 0.00548 0.00294 0.00527 0.00391 0.0048 0.00294 0.00527 0.00369 0.00451 0.00391 0.0048 0.00294 0.00527 0.00223 0.00471 0.00369 0.00451 0.00223 0.00471 0.00315 0.00376 0.00369 0.00451 0.00395 0.00604 0.00323 0.00548 0.00447 0.00556 0.00323 0.00548 0.00391 0.0048 0.00447 0.00556 0.00391 0.0048 0.00369 0.00451 0.00475 0.00434 0.00369 0.00451 0.00465 0.004 0.00475 0.00434 0.00369 0.00451 0.00315 0.00376 0.00465 0.004 0.00315 0.00376 0.00431 0.0031 0.00465 0.004 0.00447 0.00556 0.00391 0.0048 0.00511 0.00521 0.00391 0.0048 0.00475 0.00434 0.00511 0.00521 0.00993 0.00401 0.01003 0.00332 0.01024 0.00401 0.01003 0.00332 0.01011 0.00334 0.01024 0.00401 0.01024 0.00401 0.01011 0.00334 0.01055 0.00388 0.01011 0.00334 0.01018 0.00333 0.01055 0.00388 0.01055 0.00388 0.01018 0.00333 0.01079 0.00363 0.01018 0.00333 0.01022 0.00328 0.01079 0.00363 0.01079 0.00363 0.01022 0.00328 0.01092 0.0033 0.01022 0.00328 0.01023 0.00321 0.01092 0.0033 0.01092 0.0033 0.01023 0.00321 0.01093 0.00298 0.01023 0.00321 0.01021 0.00313 0.01093 0.00298 0.01003 0.00332 0.01021 0.00313 0.01011 0.00334 0.01021 0.00313 0.01023 0.00321 0.01011 0.00334 0.01011 0.00334 0.01023 0.00321 0.01018 0.00333 0.01023 0.00321 0.01022 0.00328 0.01018 0.00333 0.01005 0.00167 0.0095 0.00225 0.00987 0.00153 0.0095 0.00225 0.00945 0.0022 0.00987 0.00153 0.00987 0.00153 0.00945 0.0022 0.00966 0.00143 0.00945 0.0022 0.00939 0.00218 0.00966 0.00143 0.00966 0.00143 0.00939 0.00218 0.00943 0.00137 0.00939 0.00218 0.00933 0.00216 0.00943 0.00137 0.00943 0.00137 0.00933 0.00216 0.00921 0.00136 0.00933 0.00216 0.00926 0.00217 0.00921 0.00136 0.00933 0.00216 0.00939 0.00218 0.00926 0.00217 0.00939 0.00218 0.00928 0.00259 0.00926 0.00217 0.00928 0.00259 0.00939 0.00218 0.0095 0.00225 0.00939 0.00218 0.00945 0.0022 0.0095 0.00225 0.0095 0.00225 0.01021 0.00313 0.00928 0.00259 0.01021 0.00313 0.01003 0.00332 0.00928 0.00259 0.00475 0.00434 0.00465 0.004 0.00928 0.00259 0.00465 0.004 0.00926 0.00217 0.00928 0.00259 0.00471 0.034 0.00504 0.03319 0.00513 0.03407 0.00504 0.03319 0.00513 0.03322 0.00513 0.03407 0.00437 0.03381 0.00497 0.03311 0.00471 0.034 0.00497 0.03311 0.00504 0.03319 0.00471 0.034 0.00591 0.03373 0.00526 0.03313 0.00614 0.0334 0.00526 0.03313 0.00529 0.03302 0.00614 0.0334 0.00534 0.01985 0.00609 0.02012 0.00259 0.02174 0.00609 0.02012 0.00362 0.02213 0.00259 0.02174 0.00259 0.02174 0.00362 0.02213 0.00529 0.03302 0.00362 0.02213 0.00614 0.0334 0.00529 0.03302 0.00513 0.03407 0.00513 0.03322 0.00555 0.03398 0.00513 0.03322 0.00521 0.0332 0.00555 0.03398 0.00497 0.03311 0.00437 0.03381 0.00219 0.02171 0.00437 0.03381 0.00136 0.02173 0.00219 0.02171 0.00228 0.02149 0.00172 0.02088 0.00516 0.01961 0.00172 0.02088 0.00519 0.01877 0.00516 0.01961 0.00497 0.03311 0.00529 0.03302 0.00504 0.03319 0.00529 0.03302 0.00526 0.03313 0.00504 0.03319 0.00555 0.03398 0.00521 0.0332 0.00591 0.03373 0.00521 0.0332 0.00526 0.03313 0.00591 0.03373 0.00529 0.03302 0.00497 0.03311 0.00259 0.02174 0.00497 0.03311 0.00219 0.02171 0.00259 0.02174 0.00609 0.02012 0.00534 0.01985 0.00614 0.01977 0.00534 0.01985 0.00538 0.01976 0.00614 0.01977 0.00614 0.01977 0.00538 0.01976 0.00608 0.01942 0.00538 0.01976 0.00537 0.01968 0.00608 0.01942 0.00608 0.01942 0.00537 0.01968 0.00588 0.01909 0.00537 0.01968 0.00533 0.01962 0.00588 0.01909 0.00588 0.01909 0.00533 0.01962 0.00556 0.01887 0.00533 0.01962 0.00525 0.0196 0.00556 0.01887 0.00556 0.01887 0.00525 0.0196 0.00519 0.01877 0.00525 0.0196 0.00516 0.01961 0.00519 0.01877 0.00534 0.01985 0.00516 0.01961 0.00538 0.01976 0.00516 0.01961 0.00525 0.0196 0.00538 0.01976 0.00538 0.01976 0.00525 0.0196 0.00537 0.01968 0.00525 0.0196 0.00533 0.01962 0.00537 0.01968 0.00521 0.0332 0.00513 0.03322 0.00526 0.03313 0.00513 0.03322 0.00504 0.03319 0.00526 0.03313 0.00172 0.02088 0.00228 0.02149 0.00157 0.02105 0.00228 0.02149 0.00223 0.02153 0.00157 0.02105 0.00157 0.02105 0.00223 0.02153 0.00146 0.02126 0.00223 0.02153 0.0022 0.02158 0.00146 0.02126 0.00146 0.02126 0.0022 0.02158 0.00139 0.02149 0.0022 0.02158 0.00218 0.02164 0.00139 0.02149 0.00139 0.02149 0.00218 0.02164 0.00136 0.02173 0.00218 0.02164 0.00219 0.02171 0.00136 0.02173 0.00259 0.02174 0.00219 0.02171 0.0022 0.02158 0.00219 0.02171 0.00218 0.02164 0.0022 0.02158 0.00259 0.02174 0.0022 0.02158 0.00228 0.02149 0.0022 0.02158 0.00223 0.02153 0.00228 0.02149 0.00259 0.02174 0.00228 0.02149 0.00534 0.01985 0.00228 0.02149 0.00516 0.01961 0.00534 0.01985 0.02249 0.03572 0.02179 0.03545 0.02506 0.03405 0.02179 0.03545 0.02416 0.03367 0.02506 0.03405 0.02506 0.03405 0.02416 0.03367 0.02391 0.02825 0.02416 0.03367 0.02314 0.02898 0.02391 0.02825 0.02391 0.02825 0.02314 0.02898 0.02187 0.02784 0.02314 0.02898 0.02137 0.02829 0.02187 0.02784 0.0219 0.02759 0.0216 0.02701 0.02391 0.02787 0.0216 0.02701 0.02322 0.02695 0.02391 0.02787 0.02391 0.02787 0.02322 0.02695 0.02498 0.02174 0.02322 0.02695 0.02401 0.02198 0.02498 0.02174 0.02498 0.02174 0.02401 0.02198 0.02288 0.01898 0.02401 0.02198 0.02199 0.01898 0.02288 0.01898 0.02312 0.0188 0.02343 0.01795 0.02531 0.02155 0.02343 0.01795 0.02604 0.02111 0.02531 0.02155 0.02536 0.02175 0.02621 0.02178 0.02424 0.02796 0.02621 0.02178 0.02515 0.02803 0.02424 0.02796 0.02535 0.0343 0.02585 0.03488 0.02264 0.03595 0.02585 0.03488 0.0226 0.0367 0.02264 0.03595 0.02228 0.03662 0.02256 0.03595 0.0226 0.0367 0.02256 0.03595 0.02264 0.03595 0.0226 0.0367 0.02199 0.03641 0.02249 0.03593 0.02228 0.03662 0.02249 0.03593 0.02256 0.03595 0.02228 0.03662 0.02179 0.03545 0.02249 0.03572 0.02173 0.03579 0.02249 0.03572 0.02244 0.0358 0.02173 0.03579 0.02244 0.03587 0.02244 0.0358 0.02249 0.03593 0.02244 0.0358 0.02256 0.03595 0.02249 0.03593 0.0218 0.03612 0.02244 0.03587 0.02199 0.03641 0.02244 0.03587 0.02249 0.03593 0.02199 0.03641 0.02506 0.03405 0.02535 0.0343 0.02249 0.03572 0.02535 0.0343 0.02264 0.03595 0.02249 0.03572 0.02173 0.03579 0.02244 0.0358 0.0218 0.03612 0.02244 0.0358 0.02244 0.03587 0.0218 0.03612 0.02256 0.03595 0.02244 0.0358 0.02264 0.03595 0.02244 0.0358 0.02249 0.03572 0.02264 0.03595 0.02343 0.01795 0.02312 0.0188 0.02302 0.0179 0.02312 0.0188 0.02304 0.01876 0.02302 0.0179 0.02302 0.0179 0.02304 0.01876 0.02262 0.018 0.02304 0.01876 0.02295 0.01876 0.02262 0.018 0.02262 0.018 0.02295 0.01876 0.02229 0.01824 0.02295 0.01876 0.02288 0.01881 0.02229 0.01824 0.02229 0.01824 0.02288 0.01881 0.02207 0.01858 0.02288 0.01881 0.02286 0.01889 0.02207 0.01858 0.02207 0.01858 0.02286 0.01889 0.02199 0.01898 0.02286 0.01889 0.02288 0.01898 0.02199 0.01898 0.02312 0.0188 0.02288 0.01898 0.02304 0.01876 0.02288 0.01898 0.02286 0.01889 0.02304 0.01876 0.02304 0.01876 0.02286 0.01889 0.02295 0.01876 0.02286 0.01889 0.02288 0.01881 0.02295 0.01876 0.02531 0.02155 0.02604 0.02111 0.02534 0.02159 0.02604 0.02111 0.02612 0.02126 0.02534 0.02159 0.02534 0.02159 0.02612 0.02126 0.02536 0.02164 0.02612 0.02126 0.02617 0.02143 0.02536 0.02164 0.02536 0.02164 0.02617 0.02143 0.02537 0.02169 0.02617 0.02143 0.0262 0.0216 0.02537 0.02169 0.02537 0.02169 0.0262 0.0216 0.02536 0.02175 0.0262 0.0216 0.02621 0.02178 0.02536 0.02175 0.02498 0.02174 0.02531 0.02155 0.02536 0.02164 0.02531 0.02155 0.02534 0.02159 0.02536 0.02164 0.02498 0.02174 0.02536 0.02164 0.02536 0.02175 0.02536 0.02164 0.02537 0.02169 0.02536 0.02175 0.02187 0.02784 0.0219 0.02759 0.02391 0.02825 0.0219 0.02759 0.02391 0.02787 0.02391 0.02825 0.02391 0.02787 0.02424 0.02796 0.02391 0.02825 0.02424 0.02796 0.02425 0.02831 0.02391 0.02825 0.02424 0.02796 0.02515 0.02803 0.02425 0.02831 0.02515 0.02803 0.02516 0.02837 0.02425 0.02831 0.02425 0.02831 0.02516 0.02837 0.02544 0.03409 0.02516 0.02837 0.02621 0.03411 0.02544 0.03409 0.02498 0.02174 0.02536 0.02175 0.02391 0.02787 0.02536 0.02175 0.02424 0.02796 0.02391 0.02787 0.02288 0.01898 0.02312 0.0188 0.02498 0.02174 0.02312 0.0188 0.02531 0.02155 0.02498 0.02174 0.0216 0.02701 0.0219 0.02759 0.02137 0.02718 0.0219 0.02759 0.02182 0.02762 0.02137 0.02718 0.02137 0.02718 0.02182 0.02762 0.02121 0.02744 0.02182 0.02762 0.02178 0.02767 0.02121 0.02744 0.02121 0.02744 0.02178 0.02767 0.02115 0.02774 0.02178 0.02767 0.02177 0.02773 0.02115 0.02774 0.02115 0.02774 0.02177 0.02773 0.02122 0.02805 0.02177 0.02773 0.02181 0.02779 0.02122 0.02805 0.02122 0.02805 0.02181 0.02779 0.02137 0.02829 0.02181 0.02779 0.02187 0.02784 0.02137 0.02829 0.0219 0.02759 0.02187 0.02784 0.02182 0.02762 0.02187 0.02784 0.02181 0.02779 0.02182 0.02762 0.02182 0.02762 0.02181 0.02779 0.02178 0.02767 0.02181 0.02779 0.02177 0.02773 0.02178 0.02767 0.02391 0.02825 0.02425 0.02831 0.02506 0.03405 0.02425 0.02831 0.02544 0.03409 0.02506 0.03405 0.02585 0.03488 0.02535 0.0343 0.02599 0.03473 0.02535 0.0343 0.0254 0.03426 0.02599 0.03473 0.02599 0.03473 0.0254 0.03426 0.02611 0.03454 0.0254 0.03426 0.02543 0.03421 0.02611 0.03454 0.02611 0.03454 0.02543 0.03421 0.02618 0.03433 0.02543 0.03421 0.02545 0.03416 0.02618 0.03433 0.02618 0.03433 0.02545 0.03416 0.02621 0.03411 0.02545 0.03416 0.02544 0.03409 0.02621 0.03411 0.02506 0.03405 0.02543 0.03421 0.02535 0.0343 0.02543 0.03421 0.0254 0.03426 0.02535 0.0343 0.02506 0.03405 0.02544 0.03409 0.02543 0.03421 0.02544 0.03409 0.02545 0.03416 0.02543 0.03421 0.01364 0.02222 0.01674 0.01987 0.01385 0.02253 0.01674 0.01987 0.01688 0.02012 0.01385 0.02253 0.01304 0.02151 0.01681 0.01876 0.01364 0.02222 0.01681 0.01876 0.01674 0.01987 0.01364 0.02222 0.01681 0.01876 0.01795 0.02005 0.01674 0.01987 0.01795 0.02005 0.01688 0.02012 0.01674 0.01987 0.01735 0.03289 0.01258 0.02845 0.01709 0.03176 0.01258 0.02845 0.01321 0.02782 0.01709 0.03176 0.01711 0.03138 0.01709 0.03176 0.01342 0.02758 0.01709 0.03176 0.01321 0.02782 0.01342 0.02758 0.01711 0.03138 0.01795 0.03107 0.01709 0.03176 0.01795 0.03107 0.01735 0.03289 0.01709 0.03176 0.01795 0.02005 0.01449 0.02326 0.01688 0.02012 0.01449 0.02326 0.01385 0.02253 0.01688 0.02012 0.01711 0.03138 0.01342 0.02758 0.01795 0.03107 0.01342 0.02758 0.01406 0.02701 0.01795 0.03107 0.01385 0.02253 0.01449 0.02326 0.01318 0.02323 0.01449 0.02326 0.01397 0.0238 0.01318 0.02323 0.01364 0.02222 0.01385 0.02253 0.01288 0.02302 0.01385 0.02253 0.01318 0.02323 0.01288 0.02302 0.01304 0.02151 0.01364 0.02222 0.01211 0.02249 0.01364 0.02222 0.01288 0.02302 0.01211 0.02249 0.01318 0.02323 0.01397 0.0238 0.01273 0.0241 0.01397 0.0238 0.01361 0.02443 0.01273 0.0241 0.01288 0.02302 0.01318 0.02323 0.01238 0.02399 0.01318 0.02323 0.01273 0.0241 0.01238 0.02399 0.01211 0.02249 0.01288 0.02302 0.0115 0.0237 0.01288 0.02302 0.01238 0.02399 0.0115 0.0237 0.01273 0.0241 0.01361 0.02443 0.01252 0.02504 0.01361 0.02443 0.01344 0.02512 0.01252 0.02504 0.01238 0.02399 0.01273 0.0241 0.01217 0.02503 0.01273 0.0241 0.01252 0.02504 0.01217 0.02503 0.0115 0.0237 0.01238 0.02399 0.01126 0.02499 0.01238 0.02399 0.01217 0.02503 0.01126 0.02499 0.01252 0.02504 0.01344 0.02512 0.01259 0.02599 0.01344 0.02512 0.01347 0.02581 0.01259 0.02599 0.01217 0.02503 0.01252 0.02504 0.01225 0.02607 0.01252 0.02504 0.01259 0.02599 0.01225 0.02607 0.01126 0.02499 0.01217 0.02503 0.01138 0.02628 0.01217 0.02503 0.01225 0.02607 0.01138 0.02628 0.01259 0.02599 0.01347 0.02581 0.01289 0.02686 0.01347 0.02581 0.01369 0.02646 0.01289 0.02686 0.01225 0.02607 0.01259 0.02599 0.0126 0.02702 0.01259 0.02599 0.01289 0.02686 0.0126 0.02702 0.01138 0.02628 0.01225 0.02607 0.01184 0.02746 0.01225 0.02607 0.0126 0.02702 0.01184 0.02746 0.01289 0.02686 0.01369 0.02646 0.01342 0.02758 0.01369 0.02646 0.01406 0.02701 0.01342 0.02758 0.0126 0.02702 0.01289 0.02686 0.01321 0.02782 0.01289 0.02686 0.01342 0.02758 0.01321 0.02782 0.01184 0.02746 0.0126 0.02702 0.01258 0.02845 0.0126 0.02702 0.01321 0.02782 0.01258 0.02845 0.01279 0.0089 0.01353 0.00855 0.01648 0.01586 0.01353 0.00855 0.01719 0.01546 0.01648 0.01586 0.01618 0.016 0.01547 0.01641 0.01253 0.00907 0.01547 0.01641 0.01176 0.00944 0.01253 0.00907 0.01455 0.004 0.0142 0.0031 0.01916 0.00217 0.0142 0.0031 0.0191 0.00136 0.01916 0.00217 0.01939 0.00225 0.01994 0.00167 0.02011 0.00313 0.01994 0.00167 0.02082 0.00296 0.02011 0.00313 0.01993 0.00331 0.01983 0.00403 0.01917 0.00259 0.01983 0.00403 0.01904 0.00373 0.01917 0.00259 0.01917 0.00259 0.01904 0.00373 0.01465 0.00434 0.01904 0.00373 0.01501 0.00522 0.01465 0.00434 0.01253 0.00907 0.01279 0.0089 0.01618 0.016 0.01279 0.0089 0.01648 0.01586 0.01618 0.016 0.02078 0.01753 0.02028 0.0173 0.02082 0.01728 0.02028 0.0173 0.02031 0.01725 0.02082 0.01728 0.02082 0.01728 0.02031 0.01725 0.02078 0.01702 0.02031 0.01725 0.02031 0.0172 0.02078 0.01702 0.02078 0.01702 0.02031 0.0172 0.02064 0.01681 0.02031 0.0172 0.02029 0.01716 0.02064 0.01681 0.02064 0.01681 0.02029 0.01716 0.02042 0.01666 0.02029 0.01716 0.02024 0.01714 0.02042 0.01666 0.02042 0.01666 0.02024 0.01714 0.02019 0.01661 0.02024 0.01714 0.02018 0.01715 0.02019 0.01661 0.02028 0.0173 0.02018 0.01715 0.02031 0.01725 0.02018 0.01715 0.02024 0.01714 0.02031 0.01725 0.02031 0.01725 0.02024 0.01714 0.02031 0.0172 0.02024 0.01714 0.02029 0.01716 0.02031 0.0172 0.01719 0.01546 0.01756 0.01598 0.01648 0.01586 0.01756 0.01598 0.01697 0.01654 0.01648 0.01586 0.01648 0.01586 0.01697 0.01654 0.01618 0.016 0.01697 0.01654 0.01675 0.01677 0.01618 0.016 0.01618 0.016 0.01675 0.01677 0.01547 0.01641 0.01675 0.01677 0.01617 0.01732 0.01547 0.01641 0.01756 0.01598 0.01804 0.01637 0.01697 0.01654 0.01804 0.01637 0.01763 0.01705 0.01697 0.01654 0.01697 0.01654 0.01763 0.01705 0.01675 0.01677 0.01763 0.01705 0.01749 0.01732 0.01675 0.01677 0.01675 0.01677 0.01749 0.01732 0.01617 0.01732 0.01749 0.01732 0.01709 0.018 0.01617 0.01732 0.01804 0.01637 0.01859 0.01661 0.01763 0.01705 0.01859 0.01661 0.01838 0.01735 0.01763 0.01705 0.01763 0.01705 0.01838 0.01735 0.01749 0.01732 0.01838 0.01735 0.01832 0.01764 0.01749 0.01732 0.01749 0.01732 0.01832 0.01764 0.01709 0.018 0.01832 0.01764 0.01814 0.01838 0.01709 0.018 0.01859 0.01661 0.01917 0.01669 0.01838 0.01735 0.01917 0.01669 0.01914 0.01743 0.01838 0.01735 0.01838 0.01735 0.01914 0.01743 0.01832 0.01764 0.01914 0.01743 0.01916 0.01771 0.01832 0.01764 0.01832 0.01764 0.01916 0.01771 0.01814 0.01838 0.01916 0.01771 0.01922 0.01843 0.01814 0.01838 0.01917 0.01669 0.01976 0.01665 0.01914 0.01743 0.01976 0.01665 0.01981 0.01731 0.01914 0.01743 0.01914 0.01743 0.01981 0.01731 0.01916 0.01771 0.01981 0.01731 0.0199 0.01754 0.01916 0.01771 0.01916 0.01771 0.0199 0.01754 0.01922 0.01843 0.0199 0.01754 0.02024 0.01811 0.01922 0.01843 0.02024 0.01811 0.0199 0.01754 0.02078 0.01753 0.0199 0.01754 0.02028 0.0173 0.02078 0.01753 0.0199 0.01754 0.01981 0.01731 0.02028 0.0173 0.01981 0.01731 0.02018 0.01715 0.02028 0.0173 0.01981 0.01731 0.01976 0.01665 0.02018 0.01715 0.01976 0.01665 0.02019 0.01661 0.02018 0.01715 0.01279 0.0089 0.01253 0.00907 0.0125 0.00809 0.01253 0.00907 0.01219 0.00816 0.0125 0.00809 0.01253 0.00907 0.01176 0.00944 0.01219 0.00816 0.01176 0.00944 0.01135 0.00831 0.01219 0.00816 0.01353 0.00855 0.01279 0.0089 0.01334 0.00794 0.01279 0.0089 0.0125 0.00809 0.01334 0.00794 0.0125 0.00809 0.01219 0.00816 0.01246 0.00719 0.01219 0.00816 0.01212 0.00717 0.01246 0.00719 0.01219 0.00816 0.01135 0.00831 0.01212 0.00717 0.01135 0.00831 0.01126 0.00708 0.01212 0.00717 0.01334 0.00794 0.0125 0.00809 0.01332 0.00728 0.0125 0.00809 0.01246 0.00719 0.01332 0.00728 0.01246 0.00719 0.01212 0.00717 0.01266 0.0063 0.01212 0.00717 0.01234 0.00618 0.01266 0.0063 0.01212 0.00717 0.01126 0.00708 0.01234 0.00618 0.01126 0.00708 0.01152 0.00585 0.01234 0.00618 0.01332 0.00728 0.01246 0.00719 0.0135 0.00664 0.01246 0.00719 0.01266 0.0063 0.0135 0.00664 0.01266 0.0063 0.01234 0.00618 0.01312 0.00548 0.01234 0.00618 0.01284 0.00527 0.01312 0.00548 0.01234 0.00618 0.01152 0.00585 0.01284 0.00527 0.01152 0.00585 0.01212 0.00471 0.01284 0.00527 0.0135 0.00664 0.01266 0.0063 0.01385 0.00605 0.01266 0.0063 0.01312 0.00548 0.01385 0.00605 0.01312 0.00548 0.01284 0.00527 0.01381 0.0048 0.01284 0.00527 0.01359 0.00451 0.01381 0.0048 0.01284 0.00527 0.01212 0.00471 0.01359 0.00451 0.01212 0.00471 0.01304 0.00376 0.01359 0.00451 0.01385 0.00605 0.01312 0.00548 0.01436 0.00556 0.01312 0.00548 0.01381 0.0048 0.01436 0.00556 0.01381 0.0048 0.01359 0.00451 0.01465 0.00434 0.01359 0.00451 0.01455 0.004 0.01465 0.00434 0.01359 0.00451 0.01304 0.00376 0.01455 0.004 0.01304 0.00376 0.0142 0.0031 0.01455 0.004 0.01436 0.00556 0.01381 0.0048 0.01501 0.00522 0.01381 0.0048 0.01465 0.00434 0.01501 0.00522 0.01983 0.00403 0.01993 0.00331 0.02017 0.00401 0.01993 0.00331 0.02001 0.00334 0.02017 0.00401 0.02017 0.00401 0.02001 0.00334 0.02047 0.00386 0.02001 0.00334 0.02008 0.00332 0.02047 0.00386 0.02047 0.00386 0.02008 0.00332 0.0207 0.00361 0.02008 0.00332 0.02012 0.00327 0.0207 0.00361 0.0207 0.00361 0.02012 0.00327 0.02082 0.00329 0.02012 0.00327 0.02013 0.0032 0.02082 0.00329 0.02082 0.00329 0.02013 0.0032 0.02082 0.00296 0.02013 0.0032 0.02011 0.00313 0.02082 0.00296 0.01993 0.00331 0.02011 0.00313 0.02001 0.00334 0.02011 0.00313 0.02013 0.0032 0.02001 0.00334 0.02001 0.00334 0.02013 0.0032 0.02008 0.00332 0.02013 0.0032 0.02012 0.00327 0.02008 0.00332 0.01994 0.00167 0.01939 0.00225 0.01976 0.00153 0.01939 0.00225 0.01935 0.0022 0.01976 0.00153 0.01976 0.00153 0.01935 0.0022 0.01955 0.00143 0.01935 0.0022 0.01929 0.00218 0.01955 0.00143 0.01955 0.00143 0.01929 0.00218 0.01932 0.00137 0.01929 0.00218 0.01923 0.00216 0.01932 0.00137 0.01932 0.00137 0.01923 0.00216 0.0191 0.00136 0.01923 0.00216 0.01916 0.00217 0.0191 0.00136 0.01923 0.00216 0.01929 0.00218 0.01916 0.00217 0.01929 0.00218 0.01917 0.00259 0.01916 0.00217 0.01917 0.00259 0.01929 0.00218 0.01939 0.00225 0.01929 0.00218 0.01935 0.0022 0.01939 0.00225 0.01939 0.00225 0.02011 0.00313 0.01917 0.00259 0.02011 0.00313 0.01993 0.00331 0.01917 0.00259 0.01465 0.00434 0.01455 0.004 0.01917 0.00259 0.01455 0.004 0.01916 0.00217 0.01917 0.00259 0.03135 0.03575 0.03164 0.0349 0.03177 0.0358 0.03164 0.0349 0.03172 0.03494 0.03177 0.0358 0.03096 0.03555 0.03157 0.03483 0.03135 0.03575 0.03157 0.03483 0.03164 0.0349 0.03135 0.03575 0.03252 0.03544 0.03187 0.03486 0.03274 0.03511 0.03187 0.03486 0.0319 0.03475 0.03274 0.03511 0.03192 0.02157 0.03269 0.02184 0.02918 0.02349 0.03269 0.02184 0.03021 0.02387 0.02918 0.02349 0.02918 0.02349 0.03021 0.02387 0.0319 0.03475 0.03021 0.02387 0.03274 0.03511 0.0319 0.03475 0.03177 0.0358 0.03172 0.03494 0.03218 0.03568 0.03172 0.03494 0.03181 0.03492 0.03218 0.03568 0.03157 0.03483 0.03096 0.03555 0.02879 0.02346 0.03096 0.03555 0.02796 0.02347 0.02879 0.02346 0.02888 0.02323 0.02831 0.02263 0.03175 0.02134 0.02831 0.02263 0.03176 0.0205 0.03175 0.02134 0.03157 0.03483 0.0319 0.03475 0.03164 0.0349 0.0319 0.03475 0.03187 0.03486 0.03164 0.0349 0.03218 0.03568 0.03181 0.03492 0.03252 0.03544 0.03181 0.03492 0.03187 0.03486 0.03252 0.03544 0.0319 0.03475 0.03157 0.03483 0.02918 0.02349 0.03157 0.03483 0.02879 0.02346 0.02918 0.02349 0.03269 0.02184 0.03192 0.02157 0.03274 0.02148 0.03192 0.02157 0.03196 0.02149 0.03274 0.02148 0.03274 0.02148 0.03196 0.02149 0.03266 0.02112 0.03196 0.02149 0.03196 0.02141 0.03266 0.02112 0.03266 0.02112 0.03196 0.02141 0.03245 0.0208 0.03196 0.02141 0.03191 0.02135 0.03245 0.0208 0.03245 0.0208 0.03191 0.02135 0.03213 0.02059 0.03191 0.02135 0.03183 0.02133 0.03213 0.02059 0.03213 0.02059 0.03183 0.02133 0.03176 0.0205 0.03183 0.02133 0.03175 0.02134 0.03176 0.0205 0.03192 0.02157 0.03175 0.02134 0.03196 0.02149 0.03175 0.02134 0.03183 0.02133 0.03196 0.02149 0.03196 0.02149 0.03183 0.02133 0.03196 0.02141 0.03183 0.02133 0.03191 0.02135 0.03196 0.02141 0.03181 0.03492 0.03172 0.03494 0.03187 0.03486 0.03172 0.03494 0.03164 0.0349 0.03187 0.03486 0.02831 0.02263 0.02888 0.02323 0.02817 0.02281 0.02888 0.02323 0.02882 0.02327 0.02817 0.02281 0.02817 0.02281 0.02882 0.02327 0.02805 0.02302 0.02882 0.02327 0.02879 0.02333 0.02805 0.02302 0.02805 0.02302 0.02879 0.02333 0.02799 0.02325 0.02879 0.02333 0.02878 0.02339 0.02799 0.02325 0.02799 0.02325 0.02878 0.02339 0.02796 0.02347 0.02878 0.02339 0.02879 0.02346 0.02796 0.02347 0.02918 0.02349 0.02879 0.02346 0.02879 0.02333 0.02879 0.02346 0.02878 0.02339 0.02879 0.02333 0.02918 0.02349 0.02879 0.02333 0.02888 0.02323 0.02879 0.02333 0.02882 0.02327 0.02888 0.02323 0.02918 0.02349 0.02888 0.02323 0.03192 0.02157 0.02888 0.02323 0.03175 0.02134 0.03192 0.02157 0.02724 0.00148 0.02763 0.00274 0.02692 0.0021 0.02763 0.00274 0.02699 0.00228 0.02692 0.0021 0.000369 0.000776 0.000444 0.000855 0.000173 0.000908 0.000444 0.000855 0.000312 0.001049 0.000173 0.000908 0.000834 0.000787 0.000816 0.000774 0.000879 0.000689 0.000816 0.000774 0.000857 0.000683 0.000879 0.000689 0.000816 0.000774 0.000798 0.000762 0.000857 0.000683 0.000798 0.000762 0.000836 0.000678 0.000857 0.000683 0.000883 0.000579 0.00086 0.000582 0.000843 0.000476 0.00086 0.000582 0.000824 0.000488 0.000843 0.000476 0.00086 0.000582 0.000838 0.000586 0.000824 0.000488 0.000838 0.000586 0.000805 0.0005 0.000824 0.000488 0.000454 0.000391 0.000466 0.00041 0.000376 0.000467 0.000466 0.00041 0.000394 0.00048 0.000376 0.000467 0.000466 0.00041 0.000478 0.000428 0.000394 0.00048 0.000478 0.000428 0.000412 0.000492 0.000394 0.00048 0.000843 0.000476 0.000824 0.000488 0.000767 0.000396 0.000824 0.000488 0.000753 0.000415 0.000767 0.000396 0.000824 0.000488 0.000805 0.0005 0.000753 0.000415 0.000805 0.0005 0.000741 0.000433 0.000753 0.000415 0.000767 0.000396 0.000753 0.000415 0.000666 0.000353 0.000753 0.000415 0.000661 0.000375 0.000666 0.000353 0.000753 0.000415 0.000741 0.000433 0.000661 0.000375 0.000741 0.000433 0.000656 0.000396 0.000661 0.000375 0.000376 0.000467 0.000394 0.00048 0.000333 0.000566 0.000394 0.00048 0.000355 0.000571 0.000333 0.000566 0.000394 0.00048 0.000412 0.000492 0.000355 0.000571 0.000412 0.000492 0.000376 0.000576 0.000355 0.000571 0.000333 0.000566 0.000355 0.000571 0.00033 0.000675 0.000355 0.000571 0.000353 0.000671 0.00033 0.000675 0.000355 0.000571 0.000376 0.000576 0.000353 0.000671 0.000376 0.000576 0.000374 0.000667 0.000353 0.000671 0.000444 0.000855 0.000457 0.000836 0.000543 0.0009 0.000457 0.000836 0.000548 0.000878 0.000543 0.0009 0.000457 0.000836 0.00047 0.000819 0.000548 0.000878 0.00047 0.000819 0.000553 0.000856 0.000548 0.000878 0.000666 0.000353 0.000661 0.000375 0.000556 0.000351 0.000661 0.000375 0.00056 0.000373 0.000556 0.000351 0.000661 0.000375 0.000656 0.000396 0.00056 0.000373 0.000656 0.000396 0.000564 0.000395 0.00056 0.000373 0.000556 0.000351 0.00056 0.000373 0.000454 0.000391 0.00056 0.000373 0.000466 0.00041 0.000454 0.000391 0.00056 0.000373 0.000564 0.000395 0.000466 0.00041 0.000564 0.000395 0.000478 0.000428 0.000466 0.00041 0.00033 0.000675 0.000353 0.000671 0.000369 0.000776 0.000353 0.000671 0.000389 0.000764 0.000369 0.000776 0.000353 0.000671 0.000374 0.000667 0.000389 0.000764 0.000374 0.000667 0.000407 0.000752 0.000389 0.000764 0.000369 0.000776 0.000389 0.000764 0.000444 0.000855 0.000389 0.000764 0.000457 0.000836 0.000444 0.000855 0.000389 0.000764 0.000407 0.000752 0.000457 0.000836 0.000407 0.000752 0.00047 0.000819 0.000457 0.000836 0.000543 0.0009 0.000548 0.000878 0.000653 0.000904 0.000548 0.000878 0.00065 0.000881 0.000653 0.000904 0.000548 0.000878 0.000553 0.000856 0.00065 0.000881 0.000553 0.000856 0.000646 0.00086 0.00065 0.000881 0.000879 0.000689 0.000857 0.000683 0.000883 0.000579 0.000857 0.000683 0.00086 0.000582 0.000883 0.000579 0.000857 0.000683 0.000836 0.000678 0.00086 0.000582 0.000836 0.000678 0.000838 0.000586 0.00086 0.000582 0.000653 0.000904 0.00065 0.000881 0.000756 0.000863 0.00065 0.000881 0.000744 0.000844 0.000756 0.000863 0.00065 0.000881 0.000646 0.00086 0.000744 0.000844 0.000646 0.00086 0.000732 0.000826 0.000744 0.000844 0.000756 0.000863 0.000744 0.000844 0.000834 0.000787 0.000744 0.000844 0.000816 0.000774 0.000834 0.000787 0.000744 0.000844 0.000732 0.000826 0.000816 0.000774 0.000732 0.000826 0.000798 0.000762 0.000816 0.000774 0.000493 0.001127 0.000691 0.001133 0.000488 0.001151 0.000691 0.001133 0.000695 0.001157 0.000488 0.001151 0.000488 0.001151 0.000695 0.001157 0.000482 0.001176 0.000695 0.001157 0.000698 0.001182 0.000482 0.001176 0.000312 0.001049 0.000493 0.001127 0.000298 0.001069 0.000493 0.001127 0.000488 0.001151 0.000298 0.001069 0.000298 0.001069 0.000488 0.001151 0.000284 0.00109 0.000488 0.001151 0.000482 0.001176 0.000284 0.00109 0.000173 0.000908 0.000312 0.001049 0.000152 0.000921 0.000312 0.001049 0.000298 0.001069 0.000152 0.000921 0.000152 0.000921 0.000298 0.001069 0.000131 0.000935 0.000298 0.001069 0.000284 0.00109 0.000131 0.000935 0.000097 0.000723 0.000173 0.000908 0.000073 0.000728 0.000173 0.000908 0.000152 0.000921 0.000073 0.000728 0.000073 0.000728 0.000152 0.000921 0.000048 0.000732 0.000152 0.000921 0.000131 0.000935 0.000048 0.000732 0.000097 0.000522 0.000097 0.000723 0.000073 0.000517 0.000097 0.000723 0.000073 0.000728 0.000073 0.000517 0.000073 0.000517 0.000073 0.000728 0.000048 0.000512 0.000073 0.000728 0.000048 0.000732 0.000048 0.000512 0.000174 0.000335 0.000097 0.000522 0.000153 0.000321 0.000097 0.000522 0.000073 0.000517 0.000153 0.000321 0.000153 0.000321 0.000073 0.000517 0.000132 0.000307 0.000073 0.000517 0.000048 0.000512 0.000132 0.000307 0.000317 0.000191 0.000174 0.000335 0.000303 0.000171 0.000174 0.000335 0.000153 0.000321 0.000303 0.000171 0.000303 0.000171 0.000153 0.000321 0.000289 0.000149 0.000153 0.000321 0.000132 0.000307 0.000289 0.000149 0.000505 0.000113 0.000317 0.000191 0.0005 0.000088 0.000317 0.000191 0.000303 0.000171 0.0005 0.000088 0.0005 0.000088 0.000303 0.000171 0.000495 0.000063 0.000303 0.000171 0.000289 0.000149 0.000495 0.000063 0.00071 0.000112 0.000505 0.000113 0.000715 0.000087 0.000505 0.000113 0.0005 0.000088 0.000715 0.000087 0.000715 0.000087 0.0005 0.000088 0.00072 0.000061 0.0005 0.000088 0.000495 0.000063 0.00072 0.000061 0.000901 0.00019 0.00071 0.000112 0.000915 0.000168 0.00071 0.000112 0.000715 0.000087 0.000915 0.000168 0.000915 0.000168 0.000715 0.000087 0.00093 0.000147 0.000715 0.000087 0.00072 0.000061 0.00093 0.000147 0.001048 0.000336 0.000901 0.00019 0.00107 0.000322 0.000901 0.00019 0.000915 0.000168 0.00107 0.000322 0.00107 0.000322 0.000915 0.000168 0.001092 0.000307 0.000915 0.000168 0.00093 0.000147 0.001092 0.000307 0.001129 0.00053 0.001048 0.000336 0.001154 0.000525 0.001048 0.000336 0.00107 0.000322 0.001154 0.000525 0.001154 0.000525 0.00107 0.000322 0.00118 0.00052 0.00107 0.000322 0.001092 0.000307 0.00118 0.00052 0.001127 0.000741 0.001129 0.00053 0.001153 0.000747 0.001129 0.00053 0.001154 0.000525 0.001153 0.000747 0.001153 0.000747 0.001154 0.000525 0.001179 0.000752 0.001154 0.000525 0.00118 0.00052 0.001179 0.000752 0.001042 0.000935 0.001127 0.000741 0.001063 0.00095 0.001127 0.000741 0.001153 0.000747 0.001063 0.00095 0.001063 0.00095 0.001153 0.000747 0.001084 0.000966 0.001153 0.000747 0.001179 0.000752 0.001084 0.000966 0.000884 0.00107 0.001042 0.000935 0.000896 0.001092 0.001042 0.000935 0.001063 0.00095 0.000896 0.001092 0.000896 0.001092 0.001063 0.00095 0.000909 0.001115 0.001063 0.00095 0.001084 0.000966 0.000909 0.001115 0.000691 0.001133 0.000884 0.00107 0.000695 0.001157 0.000884 0.00107 0.000896 0.001092 0.000695 0.001157 0.000695 0.001157 0.000896 0.001092 0.000698 0.001182 0.000896 0.001092 0.000909 0.001115 0.000698 0.001182 0.000767 0.000396 0.000666 0.000353 0.000901 0.00019 0.000666 0.000353 0.00071 0.000112 0.000901 0.00019 0.000444 0.000855 0.000543 0.0009 0.000312 0.001049 0.000543 0.0009 0.000493 0.001127 0.000312 0.001049 0.000666 0.000353 0.000556 0.000351 0.00071 0.000112 0.000556 0.000351 0.000505 0.000113 0.00071 0.000112 0.000691 0.001133 0.000653 0.000904 0.000884 0.00107 0.000653 0.000904 0.000756 0.000863 0.000884 0.00107 0.000543 0.0009 0.000653 0.000904 0.000493 0.001127 0.000653 0.000904 0.000691 0.001133 0.000493 0.001127 0.000556 0.000351 0.000454 0.000391 0.000505 0.000113 0.000454 0.000391 0.000317 0.000191 0.000505 0.000113 0.000884 0.00107 0.000756 0.000863 0.001042 0.000935 0.000756 0.000863 0.000834 0.000787 0.001042 0.000935 0.000454 0.000391 0.000376 0.000467 0.000317 0.000191 0.000376 0.000467 0.000174 0.000335 0.000317 0.000191 0.000834 0.000787 0.000879 0.000689 0.001042 0.000935 0.000879 0.000689 0.001127 0.000741 0.001042 0.000935 0.000376 0.000467 0.000333 0.000566 0.000174 0.000335 0.000333 0.000566 0.000097 0.000522 0.000174 0.000335 0.000879 0.000689 0.000883 0.000579 0.001127 0.000741 0.000883 0.000579 0.001129 0.00053 0.001127 0.000741 0.000333 0.000566 0.00033 0.000675 0.000097 0.000522 0.00033 0.000675 0.000097 0.000723 0.000097 0.000522 0.000883 0.000579 0.000843 0.000476 0.001129 0.00053 0.000843 0.000476 0.001048 0.000336 0.001129 0.00053 0.00033 0.000675 0.000369 0.000776 0.000097 0.000723 0.000369 0.000776 0.000173 0.000908 0.000097 0.000723 0.000843 0.000476 0.000767 0.000396 0.001048 0.000336 0.000767 0.000396 0.000901 0.00019 0.001048 0.000336 0.000516 0.000488 0.000576 0.000464 0.000577 0.00058 0.000576 0.000464 0.000597 0.000575 0.000577 0.00058 0.000374 0.000667 0.000376 0.000576 0.000411 0.000661 0.000376 0.000576 0.000412 0.000584 0.000411 0.000661 0.000769 0.000598 0.000767 0.000663 0.000659 0.00062 0.000767 0.000663 0.000657 0.00064 0.000659 0.00062 0.000466 0.000715 0.000443 0.000655 0.000558 0.000653 0.000443 0.000655 0.000551 0.000633 0.000558 0.000653 0.000767 0.000663 0.000741 0.000721 0.000657 0.00064 0.000741 0.000721 0.000648 0.000659 0.000657 0.00064 0.000648 0.000433 0.000656 0.000396 0.000719 0.000464 0.000656 0.000396 0.000741 0.000433 0.000719 0.000464 0.000412 0.000492 0.000478 0.000428 0.000443 0.000513 0.000478 0.000428 0.000498 0.00046 0.000443 0.000513 0.000634 0.000789 0.000569 0.000788 0.000613 0.000679 0.000569 0.000788 0.000592 0.000678 0.000613 0.000679 0.000656 0.000396 0.000648 0.000433 0.000564 0.000395 0.000648 0.000433 0.00057 0.000432 0.000564 0.000395 0.00064 0.000822 0.000712 0.000794 0.000646 0.00086 0.000712 0.000794 0.000732 0.000826 0.000646 0.00086 0.000741 0.000721 0.000694 0.000766 0.000648 0.000659 0.000694 0.000766 0.000633 0.000672 0.000648 0.000659 0.0007 0.000491 0.000745 0.000538 0.000638 0.000586 0.000745 0.000538 0.000652 0.000601 0.000638 0.000586 0.000798 0.000762 0.000732 0.000826 0.000768 0.00074 0.000732 0.000826 0.000712 0.000794 0.000768 0.00074 0.000491 0.000788 0.00047 0.000819 0.000438 0.000732 0.00047 0.000819 0.000407 0.000752 0.000438 0.000732 0.000491 0.000788 0.000562 0.00082 0.00047 0.000819 0.000562 0.00082 0.000553 0.000856 0.00047 0.000819 0.000444 0.000591 0.00047 0.000532 0.000553 0.000612 0.00047 0.000532 0.000562 0.000594 0.000553 0.000612 0.000576 0.000464 0.000641 0.000465 0.000597 0.000575 0.000641 0.000465 0.000618 0.000577 0.000597 0.000575 0.000411 0.000661 0.000438 0.000732 0.000374 0.000667 0.000438 0.000732 0.000407 0.000752 0.000374 0.000667 0.000745 0.000538 0.000769 0.000598 0.000652 0.000601 0.000769 0.000598 0.000659 0.00062 0.000652 0.000601 0.00051 0.000761 0.000466 0.000715 0.000573 0.000669 0.000466 0.000715 0.000558 0.000653 0.000573 0.000669 0.000799 0.00067 0.000801 0.000592 0.000836 0.000678 0.000801 0.000592 0.000838 0.000586 0.000836 0.000678 0.000641 0.000465 0.0007 0.000491 0.000618 0.000577 0.0007 0.000491 0.000638 0.000586 0.000618 0.000577 0.00047 0.000532 0.000516 0.000488 0.000562 0.000594 0.000516 0.000488 0.000577 0.00058 0.000562 0.000594 0.00057 0.000432 0.000498 0.00046 0.000564 0.000395 0.000498 0.00046 0.000478 0.000428 0.000564 0.000395 0.000376 0.000576 0.000412 0.000492 0.000412 0.000584 0.000412 0.000492 0.000443 0.000513 0.000412 0.000584 0.000694 0.000766 0.000634 0.000789 0.000633 0.000672 0.000634 0.000789 0.000613 0.000679 0.000633 0.000672 0.000836 0.000678 0.000798 0.000762 0.000799 0.00067 0.000798 0.000762 0.000768 0.00074 0.000799 0.00067 0.000569 0.000788 0.00051 0.000761 0.000592 0.000678 0.00051 0.000761 0.000573 0.000669 0.000592 0.000678 0.000805 0.0005 0.000838 0.000586 0.000773 0.00052 0.000838 0.000586 0.000801 0.000592 0.000773 0.00052 0.000443 0.000655 0.000444 0.000591 0.000551 0.000633 0.000444 0.000591 0.000553 0.000612 0.000551 0.000633 0.000719 0.000464 0.000741 0.000433 0.000773 0.00052 0.000741 0.000433 0.000805 0.0005 0.000773 0.00052 0.000569 0.000788 0.000634 0.000789 0.000566 0.000803 0.000634 0.000789 0.000637 0.000805 0.000566 0.000803 0.000566 0.000803 0.000637 0.000805 0.000562 0.00082 0.000637 0.000805 0.00064 0.000822 0.000562 0.00082 0.00051 0.000761 0.000569 0.000788 0.000501 0.000775 0.000569 0.000788 0.000566 0.000803 0.000501 0.000775 0.000501 0.000775 0.000566 0.000803 0.000491 0.000788 0.000566 0.000803 0.000562 0.00082 0.000491 0.000788 0.000466 0.000715 0.00051 0.000761 0.000453 0.000723 0.00051 0.000761 0.000501 0.000775 0.000453 0.000723 0.000453 0.000723 0.000501 0.000775 0.000438 0.000732 0.000501 0.000775 0.000491 0.000788 0.000438 0.000732 0.000443 0.000655 0.000466 0.000715 0.000427 0.000658 0.000466 0.000715 0.000453 0.000723 0.000427 0.000658 0.000427 0.000658 0.000453 0.000723 0.000411 0.000661 0.000453 0.000723 0.000438 0.000732 0.000411 0.000661 0.000444 0.000591 0.000443 0.000655 0.000428 0.000588 0.000443 0.000655 0.000427 0.000658 0.000428 0.000588 0.000428 0.000588 0.000427 0.000658 0.000412 0.000584 0.000427 0.000658 0.000411 0.000661 0.000412 0.000584 0.00047 0.000532 0.000444 0.000591 0.000457 0.000523 0.000444 0.000591 0.000428 0.000588 0.000457 0.000523 0.000457 0.000523 0.000428 0.000588 0.000443 0.000513 0.000428 0.000588 0.000412 0.000584 0.000443 0.000513 0.000516 0.000488 0.00047 0.000532 0.000507 0.000474 0.00047 0.000532 0.000457 0.000523 0.000507 0.000474 0.000507 0.000474 0.000457 0.000523 0.000498 0.00046 0.000457 0.000523 0.000443 0.000513 0.000498 0.00046 0.000576 0.000464 0.000516 0.000488 0.000573 0.000448 0.000516 0.000488 0.000507 0.000474 0.000573 0.000448 0.000573 0.000448 0.000507 0.000474 0.00057 0.000432 0.000507 0.000474 0.000498 0.00046 0.00057 0.000432 0.000641 0.000465 0.000576 0.000464 0.000644 0.00045 0.000576 0.000464 0.000573 0.000448 0.000644 0.00045 0.000644 0.00045 0.000573 0.000448 0.000648 0.000433 0.000573 0.000448 0.00057 0.000432 0.000648 0.000433 0.0007 0.000491 0.000641 0.000465 0.000709 0.000478 0.000641 0.000465 0.000644 0.00045 0.000709 0.000478 0.000709 0.000478 0.000644 0.00045 0.000719 0.000464 0.000644 0.00045 0.000648 0.000433 0.000719 0.000464 0.000745 0.000538 0.0007 0.000491 0.000759 0.000529 0.0007 0.000491 0.000709 0.000478 0.000759 0.000529 0.000759 0.000529 0.000709 0.000478 0.000773 0.00052 0.000709 0.000478 0.000719 0.000464 0.000773 0.00052 0.000769 0.000598 0.000745 0.000538 0.000785 0.000595 0.000745 0.000538 0.000759 0.000529 0.000785 0.000595 0.000785 0.000595 0.000759 0.000529 0.000801 0.000592 0.000759 0.000529 0.000773 0.00052 0.000801 0.000592 0.000767 0.000663 0.000769 0.000598 0.000783 0.000666 0.000769 0.000598 0.000785 0.000595 0.000783 0.000666 0.000783 0.000666 0.000785 0.000595 0.000799 0.00067 0.000785 0.000595 0.000801 0.000592 0.000799 0.00067 0.000741 0.000721 0.000767 0.000663 0.000754 0.000731 0.000767 0.000663 0.000783 0.000666 0.000754 0.000731 0.000754 0.000731 0.000783 0.000666 0.000768 0.00074 0.000783 0.000666 0.000799 0.00067 0.000768 0.00074 0.000694 0.000766 0.000741 0.000721 0.000703 0.00078 0.000741 0.000721 0.000754 0.000731 0.000703 0.00078 0.000703 0.00078 0.000754 0.000731 0.000712 0.000794 0.000754 0.000731 0.000768 0.00074 0.000712 0.000794 0.000634 0.000789 0.000694 0.000766 0.000637 0.000805 0.000694 0.000766 0.000703 0.00078 0.000637 0.000805 0.000637 0.000805 0.000703 0.00078 0.00064 0.000822 0.000703 0.00078 0.000712 0.000794 0.00064 0.000822 0.000562 0.00082 0.00064 0.000822 0.000553 0.000856 0.00064 0.000822 0.000646 0.00086 0.000553 0.000856 0.000369 0.000776 0.000444 0.000855 0.000173 0.000908 0.000444 0.000855 0.000312 0.001049 0.000173 0.000908 0.000834 0.000787 0.000816 0.000774 0.000879 0.000689 0.000816 0.000774 0.000857 0.000683 0.000879 0.000689 0.000816 0.000774 0.000798 0.000762 0.000857 0.000683 0.000798 0.000762 0.000836 0.000678 0.000857 0.000683 0.000883 0.000579 0.00086 0.000582 0.000843 0.000476 0.00086 0.000582 0.000824 0.000488 0.000843 0.000476 0.00086 0.000582 0.000838 0.000586 0.000824 0.000488 0.000838 0.000586 0.000805 0.0005 0.000824 0.000488 0.000454 0.000391 0.000466 0.00041 0.000376 0.000467 0.000466 0.00041 0.000394 0.00048 0.000376 0.000467 0.000466 0.00041 0.000478 0.000428 0.000394 0.00048 0.000478 0.000428 0.000412 0.000492 0.000394 0.00048 0.000843 0.000476 0.000824 0.000488 0.000767 0.000396 0.000824 0.000488 0.000753 0.000415 0.000767 0.000396 0.000824 0.000488 0.000805 0.0005 0.000753 0.000415 0.000805 0.0005 0.000741 0.000433 0.000753 0.000415 0.000767 0.000396 0.000753 0.000415 0.000666 0.000353 0.000753 0.000415 0.000661 0.000375 0.000666 0.000353 0.000753 0.000415 0.000741 0.000433 0.000661 0.000375 0.000741 0.000433 0.000656 0.000396 0.000661 0.000375 0.000376 0.000467 0.000394 0.00048 0.000333 0.000566 0.000394 0.00048 0.000355 0.000571 0.000333 0.000566 0.000394 0.00048 0.000412 0.000492 0.000355 0.000571 0.000412 0.000492 0.000376 0.000576 0.000355 0.000571 0.000333 0.000566 0.000355 0.000571 0.00033 0.000675 0.000355 0.000571 0.000353 0.000671 0.00033 0.000675 0.000355 0.000571 0.000376 0.000576 0.000353 0.000671 0.000376 0.000576 0.000374 0.000667 0.000353 0.000671 0.000444 0.000855 0.000457 0.000836 0.000543 0.0009 0.000457 0.000836 0.000548 0.000878 0.000543 0.0009 0.000457 0.000836 0.00047 0.000819 0.000548 0.000878 0.00047 0.000819 0.000553 0.000856 0.000548 0.000878 0.000666 0.000353 0.000661 0.000375 0.000556 0.000351 0.000661 0.000375 0.00056 0.000373 0.000556 0.000351 0.000661 0.000375 0.000656 0.000396 0.00056 0.000373 0.000656 0.000396 0.000564 0.000395 0.00056 0.000373 0.000556 0.000351 0.00056 0.000373 0.000454 0.000391 0.00056 0.000373 0.000466 0.00041 0.000454 0.000391 0.00056 0.000373 0.000564 0.000395 0.000466 0.00041 0.000564 0.000395 0.000478 0.000428 0.000466 0.00041 0.00033 0.000675 0.000353 0.000671 0.000369 0.000776 0.000353 0.000671 0.000389 0.000764 0.000369 0.000776 0.000353 0.000671 0.000374 0.000667 0.000389 0.000764 0.000374 0.000667 0.000407 0.000752 0.000389 0.000764 0.000369 0.000776 0.000389 0.000764 0.000444 0.000855 0.000389 0.000764 0.000457 0.000836 0.000444 0.000855 0.000389 0.000764 0.000407 0.000752 0.000457 0.000836 0.000407 0.000752 0.00047 0.000819 0.000457 0.000836 0.000543 0.0009 0.000548 0.000878 0.000653 0.000904 0.000548 0.000878 0.00065 0.000881 0.000653 0.000904 0.000548 0.000878 0.000553 0.000856 0.00065 0.000881 0.000553 0.000856 0.000646 0.00086 0.00065 0.000881 0.000879 0.000689 0.000857 0.000683 0.000883 0.000579 0.000857 0.000683 0.00086 0.000582 0.000883 0.000579 0.000857 0.000683 0.000836 0.000678 0.00086 0.000582 0.000836 0.000678 0.000838 0.000586 0.00086 0.000582 0.000653 0.000904 0.00065 0.000881 0.000756 0.000863 0.00065 0.000881 0.000744 0.000844 0.000756 0.000863 0.00065 0.000881 0.000646 0.00086 0.000744 0.000844 0.000646 0.00086 0.000732 0.000826 0.000744 0.000844 0.000756 0.000863 0.000744 0.000844 0.000834 0.000787 0.000744 0.000844 0.000816 0.000774 0.000834 0.000787 0.000744 0.000844 0.000732 0.000826 0.000816 0.000774 0.000732 0.000826 0.000798 0.000762 0.000816 0.000774 0.000493 0.001127 0.000691 0.001133 0.000488 0.001151 0.000691 0.001133 0.000695 0.001157 0.000488 0.001151 0.000488 0.001151 0.000695 0.001157 0.000482 0.001176 0.000695 0.001157 0.000698 0.001182 0.000482 0.001176 0.000312 0.001049 0.000493 0.001127 0.000298 0.001069 0.000493 0.001127 0.000488 0.001151 0.000298 0.001069 0.000298 0.001069 0.000488 0.001151 0.000284 0.00109 0.000488 0.001151 0.000482 0.001176 0.000284 0.00109 0.000173 0.000908 0.000312 0.001049 0.000152 0.000921 0.000312 0.001049 0.000298 0.001069 0.000152 0.000921 0.000152 0.000921 0.000298 0.001069 0.000131 0.000935 0.000298 0.001069 0.000284 0.00109 0.000131 0.000935 0.000097 0.000723 0.000173 0.000908 0.000073 0.000728 0.000173 0.000908 0.000152 0.000921 0.000073 0.000728 0.000073 0.000728 0.000152 0.000921 0.000048 0.000732 0.000152 0.000921 0.000131 0.000935 0.000048 0.000732 0.000097 0.000522 0.000097 0.000723 0.000073 0.000517 0.000097 0.000723 0.000073 0.000728 0.000073 0.000517 0.000073 0.000517 0.000073 0.000728 0.000048 0.000512 0.000073 0.000728 0.000048 0.000732 0.000048 0.000512 0.000174 0.000335 0.000097 0.000522 0.000153 0.000321 0.000097 0.000522 0.000073 0.000517 0.000153 0.000321 0.000153 0.000321 0.000073 0.000517 0.000132 0.000307 0.000073 0.000517 0.000048 0.000512 0.000132 0.000307 0.000317 0.000191 0.000174 0.000335 0.000303 0.000171 0.000174 0.000335 0.000153 0.000321 0.000303 0.000171 0.000303 0.000171 0.000153 0.000321 0.000289 0.000149 0.000153 0.000321 0.000132 0.000307 0.000289 0.000149 0.000505 0.000113 0.000317 0.000191 0.0005 0.000088 0.000317 0.000191 0.000303 0.000171 0.0005 0.000088 0.0005 0.000088 0.000303 0.000171 0.000495 0.000063 0.000303 0.000171 0.000289 0.000149 0.000495 0.000063 0.00071 0.000112 0.000505 0.000113 0.000715 0.000087 0.000505 0.000113 0.0005 0.000088 0.000715 0.000087 0.000715 0.000087 0.0005 0.000088 0.00072 0.000061 0.0005 0.000088 0.000495 0.000063 0.00072 0.000061 0.000901 0.00019 0.00071 0.000112 0.000915 0.000168 0.00071 0.000112 0.000715 0.000087 0.000915 0.000168 0.000915 0.000168 0.000715 0.000087 0.00093 0.000147 0.000715 0.000087 0.00072 0.000061 0.00093 0.000147 0.001048 0.000336 0.000901 0.00019 0.00107 0.000322 0.000901 0.00019 0.000915 0.000168 0.00107 0.000322 0.00107 0.000322 0.000915 0.000168 0.001092 0.000307 0.000915 0.000168 0.00093 0.000147 0.001092 0.000307 0.001129 0.00053 0.001048 0.000336 0.001154 0.000525 0.001048 0.000336 0.00107 0.000322 0.001154 0.000525 0.001154 0.000525 0.00107 0.000322 0.00118 0.00052 0.00107 0.000322 0.001092 0.000307 0.00118 0.00052 0.001127 0.000741 0.001129 0.00053 0.001153 0.000747 0.001129 0.00053 0.001154 0.000525 0.001153 0.000747 0.001153 0.000747 0.001154 0.000525 0.001179 0.000752 0.001154 0.000525 0.00118 0.00052 0.001179 0.000752 0.001042 0.000935 0.001127 0.000741 0.001063 0.00095 0.001127 0.000741 0.001153 0.000747 0.001063 0.00095 0.001063 0.00095 0.001153 0.000747 0.001084 0.000966 0.001153 0.000747 0.001179 0.000752 0.001084 0.000966 0.000884 0.00107 0.001042 0.000935 0.000896 0.001092 0.001042 0.000935 0.001063 0.00095 0.000896 0.001092 0.000896 0.001092 0.001063 0.00095 0.000909 0.001115 0.001063 0.00095 0.001084 0.000966 0.000909 0.001115 0.000691 0.001133 0.000884 0.00107 0.000695 0.001157 0.000884 0.00107 0.000896 0.001092 0.000695 0.001157 0.000695 0.001157 0.000896 0.001092 0.000698 0.001182 0.000896 0.001092 0.000909 0.001115 0.000698 0.001182 0.000767 0.000396 0.000666 0.000353 0.000901 0.00019 0.000666 0.000353 0.00071 0.000112 0.000901 0.00019 0.000444 0.000855 0.000543 0.0009 0.000312 0.001049 0.000543 0.0009 0.000493 0.001127 0.000312 0.001049 0.000666 0.000353 0.000556 0.000351 0.00071 0.000112 0.000556 0.000351 0.000505 0.000113 0.00071 0.000112 0.000691 0.001133 0.000653 0.000904 0.000884 0.00107 0.000653 0.000904 0.000756 0.000863 0.000884 0.00107 0.000543 0.0009 0.000653 0.000904 0.000493 0.001127 0.000653 0.000904 0.000691 0.001133 0.000493 0.001127 0.000556 0.000351 0.000454 0.000391 0.000505 0.000113 0.000454 0.000391 0.000317 0.000191 0.000505 0.000113 0.000884 0.00107 0.000756 0.000863 0.001042 0.000935 0.000756 0.000863 0.000834 0.000787 0.001042 0.000935 0.000454 0.000391 0.000376 0.000467 0.000317 0.000191 0.000376 0.000467 0.000174 0.000335 0.000317 0.000191 0.000834 0.000787 0.000879 0.000689 0.001042 0.000935 0.000879 0.000689 0.001127 0.000741 0.001042 0.000935 0.000376 0.000467 0.000333 0.000566 0.000174 0.000335 0.000333 0.000566 0.000097 0.000522 0.000174 0.000335 0.000879 0.000689 0.000883 0.000579 0.001127 0.000741 0.000883 0.000579 0.001129 0.00053 0.001127 0.000741 0.000333 0.000566 0.00033 0.000675 0.000097 0.000522 0.00033 0.000675 0.000097 0.000723 0.000097 0.000522 0.000883 0.000579 0.000843 0.000476 0.001129 0.00053 0.000843 0.000476 0.001048 0.000336 0.001129 0.00053 0.00033 0.000675 0.000369 0.000776 0.000097 0.000723 0.000369 0.000776 0.000173 0.000908 0.000097 0.000723 0.000843 0.000476 0.000767 0.000396 0.001048 0.000336 0.000767 0.000396 0.000901 0.00019 0.001048 0.000336 0.000516 0.000488 0.000576 0.000464 0.000577 0.00058 0.000576 0.000464 0.000597 0.000575 0.000577 0.00058 0.000374 0.000667 0.000376 0.000576 0.000411 0.000661 0.000376 0.000576 0.000412 0.000584 0.000411 0.000661 0.000769 0.000598 0.000767 0.000663 0.000659 0.00062 0.000767 0.000663 0.000657 0.00064 0.000659 0.00062 0.000466 0.000715 0.000443 0.000655 0.000558 0.000653 0.000443 0.000655 0.000551 0.000633 0.000558 0.000653 0.000767 0.000663 0.000741 0.000721 0.000657 0.00064 0.000741 0.000721 0.000648 0.000659 0.000657 0.00064 0.000648 0.000433 0.000656 0.000396 0.000719 0.000464 0.000656 0.000396 0.000741 0.000433 0.000719 0.000464 0.000412 0.000492 0.000478 0.000428 0.000443 0.000513 0.000478 0.000428 0.000498 0.00046 0.000443 0.000513 0.000634 0.000789 0.000569 0.000788 0.000613 0.000679 0.000569 0.000788 0.000592 0.000678 0.000613 0.000679 0.000656 0.000396 0.000648 0.000433 0.000564 0.000395 0.000648 0.000433 0.00057 0.000432 0.000564 0.000395 0.00064 0.000822 0.000712 0.000794 0.000646 0.00086 0.000712 0.000794 0.000732 0.000826 0.000646 0.00086 0.000741 0.000721 0.000694 0.000766 0.000648 0.000659 0.000694 0.000766 0.000633 0.000672 0.000648 0.000659 0.0007 0.000491 0.000745 0.000538 0.000638 0.000586 0.000745 0.000538 0.000652 0.000601 0.000638 0.000586 0.000798 0.000762 0.000732 0.000826 0.000768 0.00074 0.000732 0.000826 0.000712 0.000794 0.000768 0.00074 0.000491 0.000788 0.00047 0.000819 0.000438 0.000732 0.00047 0.000819 0.000407 0.000752 0.000438 0.000732 0.000491 0.000788 0.000562 0.00082 0.00047 0.000819 0.000562 0.00082 0.000553 0.000856 0.00047 0.000819 0.000444 0.000591 0.00047 0.000532 0.000553 0.000612 0.00047 0.000532 0.000562 0.000594 0.000553 0.000612 0.000576 0.000464 0.000641 0.000465 0.000597 0.000575 0.000641 0.000465 0.000618 0.000577 0.000597 0.000575 0.000411 0.000661 0.000438 0.000732 0.000374 0.000667 0.000438 0.000732 0.000407 0.000752 0.000374 0.000667 0.000745 0.000538 0.000769 0.000598 0.000652 0.000601 0.000769 0.000598 0.000659 0.00062 0.000652 0.000601 0.00051 0.000761 0.000466 0.000715 0.000573 0.000669 0.000466 0.000715 0.000558 0.000653 0.000573 0.000669 0.000799 0.00067 0.000801 0.000592 0.000836 0.000678 0.000801 0.000592 0.000838 0.000586 0.000836 0.000678 0.000641 0.000465 0.0007 0.000491 0.000618 0.000577 0.0007 0.000491 0.000638 0.000586 0.000618 0.000577 0.00047 0.000532 0.000516 0.000488 0.000562 0.000594 0.000516 0.000488 0.000577 0.00058 0.000562 0.000594 0.00057 0.000432 0.000498 0.00046 0.000564 0.000395 0.000498 0.00046 0.000478 0.000428 0.000564 0.000395 0.000376 0.000576 0.000412 0.000492 0.000412 0.000584 0.000412 0.000492 0.000443 0.000513 0.000412 0.000584 0.000694 0.000766 0.000634 0.000789 0.000633 0.000672 0.000634 0.000789 0.000613 0.000679 0.000633 0.000672 0.000836 0.000678 0.000798 0.000762 0.000799 0.00067 0.000798 0.000762 0.000768 0.00074 0.000799 0.00067 0.000569 0.000788 0.00051 0.000761 0.000592 0.000678 0.00051 0.000761 0.000573 0.000669 0.000592 0.000678 0.000805 0.0005 0.000838 0.000586 0.000773 0.00052 0.000838 0.000586 0.000801 0.000592 0.000773 0.00052 0.000443 0.000655 0.000444 0.000591 0.000551 0.000633 0.000444 0.000591 0.000553 0.000612 0.000551 0.000633 0.000719 0.000464 0.000741 0.000433 0.000773 0.00052 0.000741 0.000433 0.000805 0.0005 0.000773 0.00052 0.000569 0.000788 0.000634 0.000789 0.000566 0.000803 0.000634 0.000789 0.000637 0.000805 0.000566 0.000803 0.000566 0.000803 0.000637 0.000805 0.000562 0.00082 0.000637 0.000805 0.00064 0.000822 0.000562 0.00082 0.00051 0.000761 0.000569 0.000788 0.000501 0.000775 0.000569 0.000788 0.000566 0.000803 0.000501 0.000775 0.000501 0.000775 0.000566 0.000803 0.000491 0.000788 0.000566 0.000803 0.000562 0.00082 0.000491 0.000788 0.000466 0.000715 0.00051 0.000761 0.000453 0.000723 0.00051 0.000761 0.000501 0.000775 0.000453 0.000723 0.000453 0.000723 0.000501 0.000775 0.000438 0.000732 0.000501 0.000775 0.000491 0.000788 0.000438 0.000732 0.000443 0.000655 0.000466 0.000715 0.000427 0.000658 0.000466 0.000715 0.000453 0.000723 0.000427 0.000658 0.000427 0.000658 0.000453 0.000723 0.000411 0.000661 0.000453 0.000723 0.000438 0.000732 0.000411 0.000661 0.000444 0.000591 0.000443 0.000655 0.000428 0.000588 0.000443 0.000655 0.000427 0.000658 0.000428 0.000588 0.000428 0.000588 0.000427 0.000658 0.000412 0.000584 0.000427 0.000658 0.000411 0.000661 0.000412 0.000584 0.00047 0.000532 0.000444 0.000591 0.000457 0.000523 0.000444 0.000591 0.000428 0.000588 0.000457 0.000523 0.000457 0.000523 0.000428 0.000588 0.000443 0.000513 0.000428 0.000588 0.000412 0.000584 0.000443 0.000513 0.000516 0.000488 0.00047 0.000532 0.000507 0.000474 0.00047 0.000532 0.000457 0.000523 0.000507 0.000474 0.000507 0.000474 0.000457 0.000523 0.000498 0.00046 0.000457 0.000523 0.000443 0.000513 0.000498 0.00046 0.000576 0.000464 0.000516 0.000488 0.000573 0.000448 0.000516 0.000488 0.000507 0.000474 0.000573 0.000448 0.000573 0.000448 0.000507 0.000474 0.00057 0.000432 0.000507 0.000474 0.000498 0.00046 0.00057 0.000432 0.000641 0.000465 0.000576 0.000464 0.000644 0.00045 0.000576 0.000464 0.000573 0.000448 0.000644 0.00045 0.000644 0.00045 0.000573 0.000448 0.000648 0.000433 0.000573 0.000448 0.00057 0.000432 0.000648 0.000433 0.0007 0.000491 0.000641 0.000465 0.000709 0.000478 0.000641 0.000465 0.000644 0.00045 0.000709 0.000478 0.000709 0.000478 0.000644 0.00045 0.000719 0.000464 0.000644 0.00045 0.000648 0.000433 0.000719 0.000464 0.000745 0.000538 0.0007 0.000491 0.000759 0.000529 0.0007 0.000491 0.000709 0.000478 0.000759 0.000529 0.000759 0.000529 0.000709 0.000478 0.000773 0.00052 0.000709 0.000478 0.000719 0.000464 0.000773 0.00052 0.000769 0.000598 0.000745 0.000538 0.000785 0.000595 0.000745 0.000538 0.000759 0.000529 0.000785 0.000595 0.000785 0.000595 0.000759 0.000529 0.000801 0.000592 0.000759 0.000529 0.000773 0.00052 0.000801 0.000592 0.000767 0.000663 0.000769 0.000598 0.000783 0.000666 0.000769 0.000598 0.000785 0.000595 0.000783 0.000666 0.000783 0.000666 0.000785 0.000595 0.000799 0.00067 0.000785 0.000595 0.000801 0.000592 0.000799 0.00067 0.000741 0.000721 0.000767 0.000663 0.000754 0.000731 0.000767 0.000663 0.000783 0.000666 0.000754 0.000731 0.000754 0.000731 0.000783 0.000666 0.000768 0.00074 0.000783 0.000666 0.000799 0.00067 0.000768 0.00074 0.000694 0.000766 0.000741 0.000721 0.000703 0.00078 0.000741 0.000721 0.000754 0.000731 0.000703 0.00078 0.000703 0.00078 0.000754 0.000731 0.000712 0.000794 0.000754 0.000731 0.000768 0.00074 0.000712 0.000794 0.000634 0.000789 0.000694 0.000766 0.000637 0.000805 0.000694 0.000766 0.000703 0.00078 0.000637 0.000805 0.000637 0.000805 0.000703 0.00078 0.00064 0.000822 0.000703 0.00078 0.000712 0.000794 0.00064 0.000822 0.000562 0.00082 0.00064 0.000822 0.000553 0.000856 0.00064 0.000822 0.000646 0.00086 0.000553 0.000856 0.00076 0.000354 0.000722 0.000344 0.000768 0.000101 0.000722 0.000344 0.000729 0.0001 0.000768 0.000101 0.000413 0.000359 0.000417 0.000303 0.00046 0.000365 0.000417 0.000303 0.00047 0.000309 0.00046 0.000365 0.000413 0.000359 0.000364 0.000359 0.000417 0.000303 0.000364 0.000359 0.000364 0.000301 0.000417 0.000303 0.000803 0.000361 0.00076 0.000354 0.000807 0.000102 0.00076 0.000354 0.000768 0.000101 0.000807 0.000102 0.000266 0.000371 0.00022 0.000385 0.000255 0.000313 0.00022 0.000385 0.000199 0.000329 0.000255 0.000313 0.000847 0.000365 0.000803 0.000361 0.000846 0.000102 0.000803 0.000361 0.000807 0.000102 0.000846 0.000102 0.000318 0.000396 0.000365 0.000392 0.000335 0.000657 0.000365 0.000392 0.000374 0.000655 0.000335 0.000657 0.000192 0.000429 0.00023 0.000414 0.00022 0.000668 0.00023 0.000414 0.000258 0.000664 0.00022 0.000668 0.000893 0.000366 0.000847 0.000365 0.000885 0.000101 0.000847 0.000365 0.000846 0.000102 0.000885 0.000101 0.000141 0.000356 0.000199 0.000329 0.000177 0.000405 0.000199 0.000329 0.00022 0.000385 0.000177 0.000405 0.00094 0.000362 0.000893 0.000366 0.000924 0.0001 0.000893 0.000366 0.000885 0.000101 0.000924 0.0001 0.000734 0.000435 0.000681 0.000412 0.000752 0.000383 0.000681 0.000412 0.000711 0.000368 0.000752 0.000383 0.000985 0.000355 0.00094 0.000362 0.000963 0.000097 0.00094 0.000362 0.000924 0.0001 0.000963 0.000097 0.000788 0.000447 0.000734 0.000435 0.000798 0.000391 0.000734 0.000435 0.000752 0.000383 0.000798 0.000391 0.001028 0.000343 0.000985 0.000355 0.001001 0.000093 0.000985 0.000355 0.000963 0.000097 0.001001 0.000093 0.000788 0.000447 0.000798 0.000391 0.000842 0.000454 0.000798 0.000391 0.000845 0.000397 0.000842 0.000454 0.001067 0.000329 0.001028 0.000343 0.001039 0.000089 0.001028 0.000343 0.001001 0.000093 0.001039 0.000089 0.000842 0.000454 0.000845 0.000397 0.000895 0.000455 0.000845 0.000397 0.000894 0.000399 0.000895 0.000455 0.000498 0.000402 0.000536 0.000413 0.00049 0.000655 0.000536 0.000413 0.000529 0.000656 0.00049 0.000655 0.000894 0.000399 0.000943 0.000394 0.000895 0.000455 0.000943 0.000394 0.000948 0.000452 0.000895 0.000455 0.000506 0.000374 0.00046 0.000365 0.000523 0.000322 0.00046 0.000365 0.00047 0.000309 0.000523 0.000322 0.001003 0.000444 0.000948 0.000452 0.000992 0.000386 0.000948 0.000452 0.000943 0.000394 0.000992 0.000386 0.000455 0.000395 0.000498 0.000402 0.000451 0.000654 0.000498 0.000402 0.00049 0.000655 0.000451 0.000654 0.001059 0.000428 0.001003 0.000444 0.001038 0.000373 0.001003 0.000444 0.000992 0.000386 0.001038 0.000373 0.000411 0.000391 0.000455 0.000395 0.000413 0.000654 0.000455 0.000395 0.000451 0.000654 0.000413 0.000654 0.000255 0.000313 0.00031 0.000305 0.000266 0.000371 0.00031 0.000305 0.000315 0.000363 0.000266 0.000371 0.001038 0.000373 0.001081 0.000353 0.001059 0.000428 0.001081 0.000353 0.001117 0.000402 0.001059 0.000428 0.00023 0.000414 0.000273 0.000403 0.000258 0.000664 0.000273 0.000403 0.000297 0.00066 0.000258 0.000664 0.000506 0.000374 0.000523 0.000322 0.000546 0.00039 0.000523 0.000322 0.000578 0.000345 0.000546 0.00039 0.000273 0.000403 0.000318 0.000396 0.000297 0.00066 0.000318 0.000396 0.000335 0.000657 0.000297 0.00066 0.00084 0.000475 0.000825 0.000663 0.000784 0.000469 0.000825 0.000663 0.000758 0.000655 0.000784 0.000469 0.001067 0.000451 0.001102 0.000654 0.001008 0.000466 0.001102 0.000654 0.001031 0.000663 0.001008 0.000466 0.001008 0.000466 0.001031 0.000663 0.00095 0.000474 0.001031 0.000663 0.000961 0.000667 0.00095 0.000474 0.000308 0.000283 0.000297 0.000089 0.000364 0.00028 0.000297 0.000089 0.000366 0.000089 0.000364 0.00028 0.000127 0.000332 0.000085 0.000115 0.000191 0.000306 0.000085 0.000115 0.000156 0.000103 0.000191 0.000306 0.000895 0.000477 0.000892 0.000667 0.00084 0.000475 0.000892 0.000667 0.000825 0.000663 0.00084 0.000475 0.000728 0.000456 0.000693 0.000643 0.000669 0.000434 0.000693 0.000643 0.000629 0.00063 0.000669 0.000434 0.00053 0.0003 0.000565 0.000113 0.00059 0.000323 0.000565 0.000113 0.000629 0.000126 0.00059 0.000323 0.000474 0.000288 0.0005 0.000102 0.00053 0.0003 0.0005 0.000102 0.000565 0.000113 0.00053 0.0003 0.000191 0.000306 0.000156 0.000103 0.00025 0.000291 0.000156 0.000103 0.000227 0.000094 0.00025 0.000291 0.001131 0.000426 0.001173 0.000642 0.001067 0.000451 0.001173 0.000642 0.001102 0.000654 0.001067 0.000451 0.000784 0.000469 0.000758 0.000655 0.000728 0.000456 0.000758 0.000655 0.000693 0.000643 0.000728 0.000456 0.00095 0.000474 0.000961 0.000667 0.000895 0.000477 0.000961 0.000667 0.000892 0.000667 0.000895 0.000477 0.000419 0.000282 0.000433 0.000094 0.000474 0.000288 0.000433 0.000094 0.0005 0.000102 0.000474 0.000288 0.00025 0.000291 0.000227 0.000094 0.000308 0.000283 0.000227 0.000094 0.000297 0.000089 0.000308 0.000283 0.000308 0.000283 0.000364 0.00028 0.000309 0.000294 0.000364 0.00028 0.000364 0.000291 0.000309 0.000294 0.000309 0.000294 0.000364 0.000291 0.00031 0.000305 0.000364 0.000291 0.000364 0.000301 0.00031 0.000305 0.00025 0.000291 0.000308 0.000283 0.000253 0.000302 0.000308 0.000283 0.000309 0.000294 0.000253 0.000302 0.000253 0.000302 0.000309 0.000294 0.000255 0.000313 0.000309 0.000294 0.00031 0.000305 0.000255 0.000313 0.000191 0.000306 0.00025 0.000291 0.000195 0.000317 0.00025 0.000291 0.000253 0.000302 0.000195 0.000317 0.000195 0.000317 0.000253 0.000302 0.000199 0.000329 0.000253 0.000302 0.000255 0.000313 0.000199 0.000329 0.000127 0.000332 0.000191 0.000306 0.000133 0.000344 0.000191 0.000306 0.000195 0.000317 0.000133 0.000344 0.000133 0.000344 0.000195 0.000317 0.000141 0.000356 0.000195 0.000317 0.000199 0.000329 0.000141 0.000356 0.000728 0.000456 0.000669 0.000434 0.000731 0.000445 0.000669 0.000434 0.000674 0.000423 0.000731 0.000445 0.000731 0.000445 0.000674 0.000423 0.000734 0.000435 0.000674 0.000423 0.000681 0.000412 0.000734 0.000435 0.000784 0.000469 0.000728 0.000456 0.000786 0.000458 0.000728 0.000456 0.000731 0.000445 0.000786 0.000458 0.000786 0.000458 0.000731 0.000445 0.000788 0.000447 0.000731 0.000445 0.000734 0.000435 0.000788 0.000447 0.00084 0.000475 0.000784 0.000469 0.000841 0.000465 0.000784 0.000469 0.000786 0.000458 0.000841 0.000465 0.000841 0.000465 0.000786 0.000458 0.000842 0.000454 0.000786 0.000458 0.000788 0.000447 0.000842 0.000454 0.000895 0.000477 0.00084 0.000475 0.000895 0.000466 0.00084 0.000475 0.000841 0.000465 0.000895 0.000466 0.000895 0.000466 0.000841 0.000465 0.000895 0.000455 0.000841 0.000465 0.000842 0.000454 0.000895 0.000455 0.00095 0.000474 0.000895 0.000477 0.000949 0.000463 0.000895 0.000477 0.000895 0.000466 0.000949 0.000463 0.000949 0.000463 0.000895 0.000466 0.000948 0.000452 0.000895 0.000466 0.000895 0.000455 0.000948 0.000452 0.001008 0.000466 0.00095 0.000474 0.001005 0.000455 0.00095 0.000474 0.000949 0.000463 0.001005 0.000455 0.001005 0.000455 0.000949 0.000463 0.001003 0.000444 0.000949 0.000463 0.000948 0.000452 0.001003 0.000444 0.001067 0.000451 0.001008 0.000466 0.001063 0.00044 0.001008 0.000466 0.001005 0.000455 0.001063 0.00044 0.001063 0.00044 0.001005 0.000455 0.001059 0.000428 0.001005 0.000455 0.001003 0.000444 0.001059 0.000428 0.001131 0.000426 0.001067 0.000451 0.001125 0.000413 0.001067 0.000451 0.001063 0.00044 0.001125 0.000413 0.001125 0.000413 0.001063 0.00044 0.001117 0.000402 0.001063 0.00044 0.001059 0.000428 0.001117 0.000402 0.00053 0.0003 0.00059 0.000323 0.000527 0.000311 0.00059 0.000323 0.000584 0.000334 0.000527 0.000311 0.000527 0.000311 0.000584 0.000334 0.000523 0.000322 0.000584 0.000334 0.000578 0.000345 0.000523 0.000322 0.000474 0.000288 0.00053 0.0003 0.000472 0.000298 0.00053 0.0003 0.000527 0.000311 0.000472 0.000298 0.000472 0.000298 0.000527 0.000311 0.00047 0.000309 0.000527 0.000311 0.000523 0.000322 0.00047 0.000309 0.000419 0.000282 0.000474 0.000288 0.000418 0.000292 0.000474 0.000288 0.000472 0.000298 0.000418 0.000292 0.000418 0.000292 0.000472 0.000298 0.000417 0.000303 0.000472 0.000298 0.00047 0.000309 0.000417 0.000303 0.000364 0.00028 0.000419 0.000282 0.000364 0.000291 0.000419 0.000282 0.000418 0.000292 0.000364 0.000291 0.000364 0.000291 0.000418 0.000292 0.000364 0.000301 0.000418 0.000292 0.000417 0.000303 0.000364 0.000301 0.000365 0.000392 0.000411 0.000391 0.000374 0.000655 0.000411 0.000391 0.000413 0.000654 0.000374 0.000655 0.000315 0.000363 0.000364 0.000359 0.000317 0.000379 0.000364 0.000359 0.000364 0.000375 0.000317 0.000379 0.000317 0.000379 0.000364 0.000375 0.000318 0.000396 0.000364 0.000375 0.000365 0.000392 0.000318 0.000396 0.000266 0.000371 0.000315 0.000363 0.00027 0.000387 0.000315 0.000363 0.000317 0.000379 0.00027 0.000387 0.00027 0.000387 0.000317 0.000379 0.000273 0.000403 0.000317 0.000379 0.000318 0.000396 0.000273 0.000403 0.00022 0.000385 0.000266 0.000371 0.000225 0.000399 0.000266 0.000371 0.00027 0.000387 0.000225 0.000399 0.000225 0.000399 0.00027 0.000387 0.00023 0.000414 0.00027 0.000387 0.000273 0.000403 0.00023 0.000414 0.000177 0.000405 0.00022 0.000385 0.000185 0.000417 0.00022 0.000385 0.000225 0.000399 0.000185 0.000417 0.000185 0.000417 0.000225 0.000399 0.000192 0.000429 0.000225 0.000399 0.00023 0.000414 0.000192 0.000429 0.000752 0.000383 0.000711 0.000368 0.000756 0.000369 0.000711 0.000368 0.000717 0.000356 0.000756 0.000369 0.000756 0.000369 0.000717 0.000356 0.00076 0.000354 0.000717 0.000356 0.000722 0.000344 0.00076 0.000354 0.000798 0.000391 0.000752 0.000383 0.0008 0.000376 0.000752 0.000383 0.000756 0.000369 0.0008 0.000376 0.0008 0.000376 0.000756 0.000369 0.000803 0.000361 0.000756 0.000369 0.00076 0.000354 0.000803 0.000361 0.000845 0.000397 0.000798 0.000391 0.000846 0.000381 0.000798 0.000391 0.0008 0.000376 0.000846 0.000381 0.000846 0.000381 0.0008 0.000376 0.000847 0.000365 0.0008 0.000376 0.000803 0.000361 0.000847 0.000365 0.000894 0.000399 0.000845 0.000397 0.000894 0.000382 0.000845 0.000397 0.000846 0.000381 0.000894 0.000382 0.000894 0.000382 0.000846 0.000381 0.000893 0.000366 0.000846 0.000381 0.000847 0.000365 0.000893 0.000366 0.000943 0.000394 0.000894 0.000399 0.000941 0.000378 0.000894 0.000399 0.000894 0.000382 0.000941 0.000378 0.000941 0.000378 0.000894 0.000382 0.00094 0.000362 0.000894 0.000382 0.000893 0.000366 0.00094 0.000362 0.000992 0.000386 0.000943 0.000394 0.000988 0.000371 0.000943 0.000394 0.000941 0.000378 0.000988 0.000371 0.000988 0.000371 0.000941 0.000378 0.000985 0.000355 0.000941 0.000378 0.00094 0.000362 0.000985 0.000355 0.001038 0.000373 0.000992 0.000386 0.001033 0.000358 0.000992 0.000386 0.000988 0.000371 0.001033 0.000358 0.001033 0.000358 0.000988 0.000371 0.001028 0.000343 0.000988 0.000371 0.000985 0.000355 0.001028 0.000343 0.001081 0.000353 0.001038 0.000373 0.001073 0.000341 0.001038 0.000373 0.001033 0.000358 0.001073 0.000341 0.001073 0.000341 0.001033 0.000358 0.001067 0.000329 0.001033 0.000358 0.001028 0.000343 0.001067 0.000329 0.000506 0.000374 0.000546 0.00039 0.000502 0.000388 0.000546 0.00039 0.00054 0.000401 0.000502 0.000388 0.000502 0.000388 0.00054 0.000401 0.000498 0.000402 0.00054 0.000401 0.000536 0.000413 0.000498 0.000402 0.00046 0.000365 0.000506 0.000374 0.000458 0.00038 0.000506 0.000374 0.000502 0.000388 0.000458 0.00038 0.000458 0.00038 0.000502 0.000388 0.000455 0.000395 0.000502 0.000388 0.000498 0.000402 0.000455 0.000395 0.000413 0.000359 0.00046 0.000365 0.000412 0.000375 0.00046 0.000365 0.000458 0.00038 0.000412 0.000375 0.000412 0.000375 0.000458 0.00038 0.000411 0.000391 0.000458 0.00038 0.000455 0.000395 0.000411 0.000391 0.000364 0.000359 0.000413 0.000359 0.000364 0.000375 0.000413 0.000359 0.000412 0.000375 0.000364 0.000375 0.000364 0.000375 0.000412 0.000375 0.000365 0.000392 0.000412 0.000375 0.000411 0.000391 0.000365 0.000392 0.000364 0.000359 0.000315 0.000363 0.000364 0.000301 0.000315 0.000363 0.00031 0.000305 0.000364 0.000301 0.000364 0.00028 0.000366 0.000089 0.000419 0.000282 0.000366 0.000089 0.000433 0.000094 0.000419 0.000282 0.00076 0.000354 0.000722 0.000344 0.000768 0.000101 0.000722 0.000344 0.000729 0.0001 0.000768 0.000101 0.000413 0.000359 0.000417 0.000303 0.00046 0.000365 0.000417 0.000303 0.00047 0.000309 0.00046 0.000365 0.000413 0.000359 0.000364 0.000359 0.000417 0.000303 0.000364 0.000359 0.000364 0.000301 0.000417 0.000303 0.000803 0.000361 0.00076 0.000354 0.000807 0.000102 0.00076 0.000354 0.000768 0.000101 0.000807 0.000102 0.000266 0.000371 0.00022 0.000385 0.000255 0.000313 0.00022 0.000385 0.000199 0.000329 0.000255 0.000313 0.000847 0.000365 0.000803 0.000361 0.000846 0.000102 0.000803 0.000361 0.000807 0.000102 0.000846 0.000102 0.000318 0.000396 0.000365 0.000392 0.000335 0.000657 0.000365 0.000392 0.000374 0.000655 0.000335 0.000657 0.000192 0.000429 0.00023 0.000414 0.00022 0.000668 0.00023 0.000414 0.000258 0.000664 0.00022 0.000668 0.000893 0.000366 0.000847 0.000365 0.000885 0.000101 0.000847 0.000365 0.000846 0.000102 0.000885 0.000101 0.000141 0.000356 0.000199 0.000329 0.000177 0.000405 0.000199 0.000329 0.00022 0.000385 0.000177 0.000405 0.00094 0.000362 0.000893 0.000366 0.000924 0.0001 0.000893 0.000366 0.000885 0.000101 0.000924 0.0001 0.000734 0.000435 0.000681 0.000412 0.000752 0.000383 0.000681 0.000412 0.000711 0.000368 0.000752 0.000383 0.000985 0.000355 0.00094 0.000362 0.000963 0.000097 0.00094 0.000362 0.000924 0.0001 0.000963 0.000097 0.000788 0.000447 0.000734 0.000435 0.000798 0.000391 0.000734 0.000435 0.000752 0.000383 0.000798 0.000391 0.001028 0.000343 0.000985 0.000355 0.001001 0.000093 0.000985 0.000355 0.000963 0.000097 0.001001 0.000093 0.000788 0.000447 0.000798 0.000391 0.000842 0.000454 0.000798 0.000391 0.000845 0.000397 0.000842 0.000454 0.001067 0.000329 0.001028 0.000343 0.001039 0.000089 0.001028 0.000343 0.001001 0.000093 0.001039 0.000089 0.000842 0.000454 0.000845 0.000397 0.000895 0.000455 0.000845 0.000397 0.000894 0.000399 0.000895 0.000455 0.000498 0.000402 0.000536 0.000413 0.00049 0.000655 0.000536 0.000413 0.000529 0.000656 0.00049 0.000655 0.000894 0.000399 0.000943 0.000394 0.000895 0.000455 0.000943 0.000394 0.000948 0.000452 0.000895 0.000455 0.000506 0.000374 0.00046 0.000365 0.000523 0.000322 0.00046 0.000365 0.00047 0.000309 0.000523 0.000322 0.001003 0.000444 0.000948 0.000452 0.000992 0.000386 0.000948 0.000452 0.000943 0.000394 0.000992 0.000386 0.000455 0.000395 0.000498 0.000402 0.000451 0.000654 0.000498 0.000402 0.00049 0.000655 0.000451 0.000654 0.001059 0.000428 0.001003 0.000444 0.001038 0.000373 0.001003 0.000444 0.000992 0.000386 0.001038 0.000373 0.000411 0.000391 0.000455 0.000395 0.000413 0.000654 0.000455 0.000395 0.000451 0.000654 0.000413 0.000654 0.000255 0.000313 0.00031 0.000305 0.000266 0.000371 0.00031 0.000305 0.000315 0.000363 0.000266 0.000371 0.001038 0.000373 0.001081 0.000353 0.001059 0.000428 0.001081 0.000353 0.001117 0.000402 0.001059 0.000428 0.00023 0.000414 0.000273 0.000403 0.000258 0.000664 0.000273 0.000403 0.000297 0.00066 0.000258 0.000664 0.000506 0.000374 0.000523 0.000322 0.000546 0.00039 0.000523 0.000322 0.000578 0.000345 0.000546 0.00039 0.000273 0.000403 0.000318 0.000396 0.000297 0.00066 0.000318 0.000396 0.000335 0.000657 0.000297 0.00066 0.00084 0.000475 0.000825 0.000663 0.000784 0.000469 0.000825 0.000663 0.000758 0.000655 0.000784 0.000469 0.001067 0.000451 0.001102 0.000654 0.001008 0.000466 0.001102 0.000654 0.001031 0.000663 0.001008 0.000466 0.001008 0.000466 0.001031 0.000663 0.00095 0.000474 0.001031 0.000663 0.000961 0.000667 0.00095 0.000474 0.000308 0.000283 0.000297 0.000089 0.000364 0.00028 0.000297 0.000089 0.000366 0.000089 0.000364 0.00028 0.000127 0.000332 0.000085 0.000115 0.000191 0.000306 0.000085 0.000115 0.000156 0.000103 0.000191 0.000306 0.000895 0.000477 0.000892 0.000667 0.00084 0.000475 0.000892 0.000667 0.000825 0.000663 0.00084 0.000475 0.000728 0.000456 0.000693 0.000643 0.000669 0.000434 0.000693 0.000643 0.000629 0.00063 0.000669 0.000434 0.00053 0.0003 0.000565 0.000113 0.00059 0.000323 0.000565 0.000113 0.000629 0.000126 0.00059 0.000323 0.000474 0.000288 0.0005 0.000102 0.00053 0.0003 0.0005 0.000102 0.000565 0.000113 0.00053 0.0003 0.000191 0.000306 0.000156 0.000103 0.00025 0.000291 0.000156 0.000103 0.000227 0.000094 0.00025 0.000291 0.001131 0.000426 0.001173 0.000642 0.001067 0.000451 0.001173 0.000642 0.001102 0.000654 0.001067 0.000451 0.000784 0.000469 0.000758 0.000655 0.000728 0.000456 0.000758 0.000655 0.000693 0.000643 0.000728 0.000456 0.00095 0.000474 0.000961 0.000667 0.000895 0.000477 0.000961 0.000667 0.000892 0.000667 0.000895 0.000477 0.000419 0.000282 0.000433 0.000094 0.000474 0.000288 0.000433 0.000094 0.0005 0.000102 0.000474 0.000288 0.00025 0.000291 0.000227 0.000094 0.000308 0.000283 0.000227 0.000094 0.000297 0.000089 0.000308 0.000283 0.000308 0.000283 0.000364 0.00028 0.000309 0.000294 0.000364 0.00028 0.000364 0.000291 0.000309 0.000294 0.000309 0.000294 0.000364 0.000291 0.00031 0.000305 0.000364 0.000291 0.000364 0.000301 0.00031 0.000305 0.00025 0.000291 0.000308 0.000283 0.000253 0.000302 0.000308 0.000283 0.000309 0.000294 0.000253 0.000302 0.000253 0.000302 0.000309 0.000294 0.000255 0.000313 0.000309 0.000294 0.00031 0.000305 0.000255 0.000313 0.000191 0.000306 0.00025 0.000291 0.000195 0.000317 0.00025 0.000291 0.000253 0.000302 0.000195 0.000317 0.000195 0.000317 0.000253 0.000302 0.000199 0.000329 0.000253 0.000302 0.000255 0.000313 0.000199 0.000329 0.000127 0.000332 0.000191 0.000306 0.000133 0.000344 0.000191 0.000306 0.000195 0.000317 0.000133 0.000344 0.000133 0.000344 0.000195 0.000317 0.000141 0.000356 0.000195 0.000317 0.000199 0.000329 0.000141 0.000356 0.000728 0.000456 0.000669 0.000434 0.000731 0.000445 0.000669 0.000434 0.000674 0.000423 0.000731 0.000445 0.000731 0.000445 0.000674 0.000423 0.000734 0.000435 0.000674 0.000423 0.000681 0.000412 0.000734 0.000435 0.000784 0.000469 0.000728 0.000456 0.000786 0.000458 0.000728 0.000456 0.000731 0.000445 0.000786 0.000458 0.000786 0.000458 0.000731 0.000445 0.000788 0.000447 0.000731 0.000445 0.000734 0.000435 0.000788 0.000447 0.00084 0.000475 0.000784 0.000469 0.000841 0.000465 0.000784 0.000469 0.000786 0.000458 0.000841 0.000465 0.000841 0.000465 0.000786 0.000458 0.000842 0.000454 0.000786 0.000458 0.000788 0.000447 0.000842 0.000454 0.000895 0.000477 0.00084 0.000475 0.000895 0.000466 0.00084 0.000475 0.000841 0.000465 0.000895 0.000466 0.000895 0.000466 0.000841 0.000465 0.000895 0.000455 0.000841 0.000465 0.000842 0.000454 0.000895 0.000455 0.00095 0.000474 0.000895 0.000477 0.000949 0.000463 0.000895 0.000477 0.000895 0.000466 0.000949 0.000463 0.000949 0.000463 0.000895 0.000466 0.000948 0.000452 0.000895 0.000466 0.000895 0.000455 0.000948 0.000452 0.001008 0.000466 0.00095 0.000474 0.001005 0.000455 0.00095 0.000474 0.000949 0.000463 0.001005 0.000455 0.001005 0.000455 0.000949 0.000463 0.001003 0.000444 0.000949 0.000463 0.000948 0.000452 0.001003 0.000444 0.001067 0.000451 0.001008 0.000466 0.001063 0.00044 0.001008 0.000466 0.001005 0.000455 0.001063 0.00044 0.001063 0.00044 0.001005 0.000455 0.001059 0.000428 0.001005 0.000455 0.001003 0.000444 0.001059 0.000428 0.001131 0.000426 0.001067 0.000451 0.001125 0.000413 0.001067 0.000451 0.001063 0.00044 0.001125 0.000413 0.001125 0.000413 0.001063 0.00044 0.001117 0.000402 0.001063 0.00044 0.001059 0.000428 0.001117 0.000402 0.00053 0.0003 0.00059 0.000323 0.000527 0.000311 0.00059 0.000323 0.000584 0.000334 0.000527 0.000311 0.000527 0.000311 0.000584 0.000334 0.000523 0.000322 0.000584 0.000334 0.000578 0.000345 0.000523 0.000322 0.000474 0.000288 0.00053 0.0003 0.000472 0.000298 0.00053 0.0003 0.000527 0.000311 0.000472 0.000298 0.000472 0.000298 0.000527 0.000311 0.00047 0.000309 0.000527 0.000311 0.000523 0.000322 0.00047 0.000309 0.000419 0.000282 0.000474 0.000288 0.000418 0.000292 0.000474 0.000288 0.000472 0.000298 0.000418 0.000292 0.000418 0.000292 0.000472 0.000298 0.000417 0.000303 0.000472 0.000298 0.00047 0.000309 0.000417 0.000303 0.000364 0.00028 0.000419 0.000282 0.000364 0.000291 0.000419 0.000282 0.000418 0.000292 0.000364 0.000291 0.000364 0.000291 0.000418 0.000292 0.000364 0.000301 0.000418 0.000292 0.000417 0.000303 0.000364 0.000301 0.000365 0.000392 0.000411 0.000391 0.000374 0.000655 0.000411 0.000391 0.000413 0.000654 0.000374 0.000655 0.000315 0.000363 0.000364 0.000359 0.000317 0.000379 0.000364 0.000359 0.000364 0.000375 0.000317 0.000379 0.000317 0.000379 0.000364 0.000375 0.000318 0.000396 0.000364 0.000375 0.000365 0.000392 0.000318 0.000396 0.000266 0.000371 0.000315 0.000363 0.00027 0.000387 0.000315 0.000363 0.000317 0.000379 0.00027 0.000387 0.00027 0.000387 0.000317 0.000379 0.000273 0.000403 0.000317 0.000379 0.000318 0.000396 0.000273 0.000403 0.00022 0.000385 0.000266 0.000371 0.000225 0.000399 0.000266 0.000371 0.00027 0.000387 0.000225 0.000399 0.000225 0.000399 0.00027 0.000387 0.00023 0.000414 0.00027 0.000387 0.000273 0.000403 0.00023 0.000414 0.000177 0.000405 0.00022 0.000385 0.000185 0.000417 0.00022 0.000385 0.000225 0.000399 0.000185 0.000417 0.000185 0.000417 0.000225 0.000399 0.000192 0.000429 0.000225 0.000399 0.00023 0.000414 0.000192 0.000429 0.000752 0.000383 0.000711 0.000368 0.000756 0.000369 0.000711 0.000368 0.000717 0.000356 0.000756 0.000369 0.000756 0.000369 0.000717 0.000356 0.00076 0.000354 0.000717 0.000356 0.000722 0.000344 0.00076 0.000354 0.000798 0.000391 0.000752 0.000383 0.0008 0.000376 0.000752 0.000383 0.000756 0.000369 0.0008 0.000376 0.0008 0.000376 0.000756 0.000369 0.000803 0.000361 0.000756 0.000369 0.00076 0.000354 0.000803 0.000361 0.000845 0.000397 0.000798 0.000391 0.000846 0.000381 0.000798 0.000391 0.0008 0.000376 0.000846 0.000381 0.000846 0.000381 0.0008 0.000376 0.000847 0.000365 0.0008 0.000376 0.000803 0.000361 0.000847 0.000365 0.000894 0.000399 0.000845 0.000397 0.000894 0.000382 0.000845 0.000397 0.000846 0.000381 0.000894 0.000382 0.000894 0.000382 0.000846 0.000381 0.000893 0.000366 0.000846 0.000381 0.000847 0.000365 0.000893 0.000366 0.000943 0.000394 0.000894 0.000399 0.000941 0.000378 0.000894 0.000399 0.000894 0.000382 0.000941 0.000378 0.000941 0.000378 0.000894 0.000382 0.00094 0.000362 0.000894 0.000382 0.000893 0.000366 0.00094 0.000362 0.000992 0.000386 0.000943 0.000394 0.000988 0.000371 0.000943 0.000394 0.000941 0.000378 0.000988 0.000371 0.000988 0.000371 0.000941 0.000378 0.000985 0.000355 0.000941 0.000378 0.00094 0.000362 0.000985 0.000355 0.001038 0.000373 0.000992 0.000386 0.001033 0.000358 0.000992 0.000386 0.000988 0.000371 0.001033 0.000358 0.001033 0.000358 0.000988 0.000371 0.001028 0.000343 0.000988 0.000371 0.000985 0.000355 0.001028 0.000343 0.001081 0.000353 0.001038 0.000373 0.001073 0.000341 0.001038 0.000373 0.001033 0.000358 0.001073 0.000341 0.001073 0.000341 0.001033 0.000358 0.001067 0.000329 0.001033 0.000358 0.001028 0.000343 0.001067 0.000329 0.000506 0.000374 0.000546 0.00039 0.000502 0.000388 0.000546 0.00039 0.00054 0.000401 0.000502 0.000388 0.000502 0.000388 0.00054 0.000401 0.000498 0.000402 0.00054 0.000401 0.000536 0.000413 0.000498 0.000402 0.00046 0.000365 0.000506 0.000374 0.000458 0.00038 0.000506 0.000374 0.000502 0.000388 0.000458 0.00038 0.000458 0.00038 0.000502 0.000388 0.000455 0.000395 0.000502 0.000388 0.000498 0.000402 0.000455 0.000395 0.000413 0.000359 0.00046 0.000365 0.000412 0.000375 0.00046 0.000365 0.000458 0.00038 0.000412 0.000375 0.000412 0.000375 0.000458 0.00038 0.000411 0.000391 0.000458 0.00038 0.000455 0.000395 0.000411 0.000391 0.000364 0.000359 0.000413 0.000359 0.000364 0.000375 0.000413 0.000359 0.000412 0.000375 0.000364 0.000375 0.000364 0.000375 0.000412 0.000375 0.000365 0.000392 0.000412 0.000375 0.000411 0.000391 0.000365 0.000392 0.000364 0.000359 0.000315 0.000363 0.000364 0.000301 0.000315 0.000363 0.00031 0.000305 0.000364 0.000301 0.000364 0.00028 0.000366 0.000089 0.000419 0.000282 0.000366 0.000089 0.000433 0.000094 0.000419 0.000282 0.00076 0.000354 0.000722 0.000344 0.000768 0.000101 0.000722 0.000344 0.000729 0.0001 0.000768 0.000101 0.000413 0.000359 0.000417 0.000303 0.00046 0.000365 0.000417 0.000303 0.00047 0.000309 0.00046 0.000365 0.000413 0.000359 0.000364 0.000359 0.000417 0.000303 0.000364 0.000359 0.000364 0.000301 0.000417 0.000303 0.000803 0.000361 0.00076 0.000354 0.000807 0.000102 0.00076 0.000354 0.000768 0.000101 0.000807 0.000102 0.000266 0.000371 0.00022 0.000385 0.000255 0.000313 0.00022 0.000385 0.000199 0.000329 0.000255 0.000313 0.000847 0.000365 0.000803 0.000361 0.000846 0.000102 0.000803 0.000361 0.000807 0.000102 0.000846 0.000102 0.000318 0.000396 0.000365 0.000392 0.000335 0.000657 0.000365 0.000392 0.000374 0.000655 0.000335 0.000657 0.000192 0.000429 0.00023 0.000414 0.00022 0.000668 0.00023 0.000414 0.000258 0.000664 0.00022 0.000668 0.000893 0.000366 0.000847 0.000365 0.000885 0.000101 0.000847 0.000365 0.000846 0.000102 0.000885 0.000101 0.000141 0.000356 0.000199 0.000329 0.000177 0.000405 0.000199 0.000329 0.00022 0.000385 0.000177 0.000405 0.00094 0.000362 0.000893 0.000366 0.000924 0.0001 0.000893 0.000366 0.000885 0.000101 0.000924 0.0001 0.000734 0.000435 0.000681 0.000412 0.000752 0.000383 0.000681 0.000412 0.000711 0.000368 0.000752 0.000383 0.000985 0.000355 0.00094 0.000362 0.000963 0.000097 0.00094 0.000362 0.000924 0.0001 0.000963 0.000097 0.000788 0.000447 0.000734 0.000435 0.000798 0.000391 0.000734 0.000435 0.000752 0.000383 0.000798 0.000391 0.001028 0.000343 0.000985 0.000355 0.001001 0.000093 0.000985 0.000355 0.000963 0.000097 0.001001 0.000093 0.000788 0.000447 0.000798 0.000391 0.000842 0.000454 0.000798 0.000391 0.000845 0.000397 0.000842 0.000454 0.001067 0.000329 0.001028 0.000343 0.001039 0.000089 0.001028 0.000343 0.001001 0.000093 0.001039 0.000089 0.000842 0.000454 0.000845 0.000397 0.000895 0.000455 0.000845 0.000397 0.000894 0.000399 0.000895 0.000455 0.000498 0.000402 0.000536 0.000413 0.00049 0.000655 0.000536 0.000413 0.000529 0.000656 0.00049 0.000655 0.000894 0.000399 0.000943 0.000394 0.000895 0.000455 0.000943 0.000394 0.000948 0.000452 0.000895 0.000455 0.000506 0.000374 0.00046 0.000365 0.000523 0.000322 0.00046 0.000365 0.00047 0.000309 0.000523 0.000322 0.001003 0.000444 0.000948 0.000452 0.000992 0.000386 0.000948 0.000452 0.000943 0.000394 0.000992 0.000386 0.000455 0.000395 0.000498 0.000402 0.000451 0.000654 0.000498 0.000402 0.00049 0.000655 0.000451 0.000654 0.001059 0.000428 0.001003 0.000444 0.001038 0.000373 0.001003 0.000444 0.000992 0.000386 0.001038 0.000373 0.000411 0.000391 0.000455 0.000395 0.000413 0.000654 0.000455 0.000395 0.000451 0.000654 0.000413 0.000654 0.000255 0.000313 0.00031 0.000305 0.000266 0.000371 0.00031 0.000305 0.000315 0.000363 0.000266 0.000371 0.001038 0.000373 0.001081 0.000353 0.001059 0.000428 0.001081 0.000353 0.001117 0.000402 0.001059 0.000428 0.00023 0.000414 0.000273 0.000403 0.000258 0.000664 0.000273 0.000403 0.000297 0.00066 0.000258 0.000664 0.000506 0.000374 0.000523 0.000322 0.000546 0.00039 0.000523 0.000322 0.000578 0.000345 0.000546 0.00039 0.000273 0.000403 0.000318 0.000396 0.000297 0.00066 0.000318 0.000396 0.000335 0.000657 0.000297 0.00066 0.00084 0.000475 0.000825 0.000663 0.000784 0.000469 0.000825 0.000663 0.000758 0.000655 0.000784 0.000469 0.001067 0.000451 0.001102 0.000654 0.001008 0.000466 0.001102 0.000654 0.001031 0.000663 0.001008 0.000466 0.001008 0.000466 0.001031 0.000663 0.00095 0.000474 0.001031 0.000663 0.000961 0.000667 0.00095 0.000474 0.000308 0.000283 0.000297 0.000089 0.000364 0.00028 0.000297 0.000089 0.000366 0.000089 0.000364 0.00028 0.000127 0.000332 0.000085 0.000115 0.000191 0.000306 0.000085 0.000115 0.000156 0.000103 0.000191 0.000306 0.000895 0.000477 0.000892 0.000667 0.00084 0.000475 0.000892 0.000667 0.000825 0.000663 0.00084 0.000475 0.000728 0.000456 0.000693 0.000643 0.000669 0.000434 0.000693 0.000643 0.000629 0.00063 0.000669 0.000434 0.00053 0.0003 0.000565 0.000113 0.00059 0.000323 0.000565 0.000113 0.000629 0.000126 0.00059 0.000323 0.000474 0.000288 0.0005 0.000102 0.00053 0.0003 0.0005 0.000102 0.000565 0.000113 0.00053 0.0003 0.000191 0.000306 0.000156 0.000103 0.00025 0.000291 0.000156 0.000103 0.000227 0.000094 0.00025 0.000291 0.001131 0.000426 0.001173 0.000642 0.001067 0.000451 0.001173 0.000642 0.001102 0.000654 0.001067 0.000451 0.000784 0.000469 0.000758 0.000655 0.000728 0.000456 0.000758 0.000655 0.000693 0.000643 0.000728 0.000456 0.00095 0.000474 0.000961 0.000667 0.000895 0.000477 0.000961 0.000667 0.000892 0.000667 0.000895 0.000477 0.000419 0.000282 0.000433 0.000094 0.000474 0.000288 0.000433 0.000094 0.0005 0.000102 0.000474 0.000288 0.00025 0.000291 0.000227 0.000094 0.000308 0.000283 0.000227 0.000094 0.000297 0.000089 0.000308 0.000283 0.000308 0.000283 0.000364 0.00028 0.000309 0.000294 0.000364 0.00028 0.000364 0.000291 0.000309 0.000294 0.000309 0.000294 0.000364 0.000291 0.00031 0.000305 0.000364 0.000291 0.000364 0.000301 0.00031 0.000305 0.00025 0.000291 0.000308 0.000283 0.000253 0.000302 0.000308 0.000283 0.000309 0.000294 0.000253 0.000302 0.000253 0.000302 0.000309 0.000294 0.000255 0.000313 0.000309 0.000294 0.00031 0.000305 0.000255 0.000313 0.000191 0.000306 0.00025 0.000291 0.000195 0.000317 0.00025 0.000291 0.000253 0.000302 0.000195 0.000317 0.000195 0.000317 0.000253 0.000302 0.000199 0.000329 0.000253 0.000302 0.000255 0.000313 0.000199 0.000329 0.000127 0.000332 0.000191 0.000306 0.000133 0.000344 0.000191 0.000306 0.000195 0.000317 0.000133 0.000344 0.000133 0.000344 0.000195 0.000317 0.000141 0.000356 0.000195 0.000317 0.000199 0.000329 0.000141 0.000356 0.000728 0.000456 0.000669 0.000434 0.000731 0.000445 0.000669 0.000434 0.000674 0.000423 0.000731 0.000445 0.000731 0.000445 0.000674 0.000423 0.000734 0.000435 0.000674 0.000423 0.000681 0.000412 0.000734 0.000435 0.000784 0.000469 0.000728 0.000456 0.000786 0.000458 0.000728 0.000456 0.000731 0.000445 0.000786 0.000458 0.000786 0.000458 0.000731 0.000445 0.000788 0.000447 0.000731 0.000445 0.000734 0.000435 0.000788 0.000447 0.00084 0.000475 0.000784 0.000469 0.000841 0.000465 0.000784 0.000469 0.000786 0.000458 0.000841 0.000465 0.000841 0.000465 0.000786 0.000458 0.000842 0.000454 0.000786 0.000458 0.000788 0.000447 0.000842 0.000454 0.000895 0.000477 0.00084 0.000475 0.000895 0.000466 0.00084 0.000475 0.000841 0.000465 0.000895 0.000466 0.000895 0.000466 0.000841 0.000465 0.000895 0.000455 0.000841 0.000465 0.000842 0.000454 0.000895 0.000455 0.00095 0.000474 0.000895 0.000477 0.000949 0.000463 0.000895 0.000477 0.000895 0.000466 0.000949 0.000463 0.000949 0.000463 0.000895 0.000466 0.000948 0.000452 0.000895 0.000466 0.000895 0.000455 0.000948 0.000452 0.001008 0.000466 0.00095 0.000474 0.001005 0.000455 0.00095 0.000474 0.000949 0.000463 0.001005 0.000455 0.001005 0.000455 0.000949 0.000463 0.001003 0.000444 0.000949 0.000463 0.000948 0.000452 0.001003 0.000444 0.001067 0.000451 0.001008 0.000466 0.001063 0.00044 0.001008 0.000466 0.001005 0.000455 0.001063 0.00044 0.001063 0.00044 0.001005 0.000455 0.001059 0.000428 0.001005 0.000455 0.001003 0.000444 0.001059 0.000428 0.001131 0.000426 0.001067 0.000451 0.001125 0.000413 0.001067 0.000451 0.001063 0.00044 0.001125 0.000413 0.001125 0.000413 0.001063 0.00044 0.001117 0.000402 0.001063 0.00044 0.001059 0.000428 0.001117 0.000402 0.00053 0.0003 0.00059 0.000323 0.000527 0.000311 0.00059 0.000323 0.000584 0.000334 0.000527 0.000311 0.000527 0.000311 0.000584 0.000334 0.000523 0.000322 0.000584 0.000334 0.000578 0.000345 0.000523 0.000322 0.000474 0.000288 0.00053 0.0003 0.000472 0.000298 0.00053 0.0003 0.000527 0.000311 0.000472 0.000298 0.000472 0.000298 0.000527 0.000311 0.00047 0.000309 0.000527 0.000311 0.000523 0.000322 0.00047 0.000309 0.000419 0.000282 0.000474 0.000288 0.000418 0.000292 0.000474 0.000288 0.000472 0.000298 0.000418 0.000292 0.000418 0.000292 0.000472 0.000298 0.000417 0.000303 0.000472 0.000298 0.00047 0.000309 0.000417 0.000303 0.000364 0.00028 0.000419 0.000282 0.000364 0.000291 0.000419 0.000282 0.000418 0.000292 0.000364 0.000291 0.000364 0.000291 0.000418 0.000292 0.000364 0.000301 0.000418 0.000292 0.000417 0.000303 0.000364 0.000301 0.000365 0.000392 0.000411 0.000391 0.000374 0.000655 0.000411 0.000391 0.000413 0.000654 0.000374 0.000655 0.000315 0.000363 0.000364 0.000359 0.000317 0.000379 0.000364 0.000359 0.000364 0.000375 0.000317 0.000379 0.000317 0.000379 0.000364 0.000375 0.000318 0.000396 0.000364 0.000375 0.000365 0.000392 0.000318 0.000396 0.000266 0.000371 0.000315 0.000363 0.00027 0.000387 0.000315 0.000363 0.000317 0.000379 0.00027 0.000387 0.00027 0.000387 0.000317 0.000379 0.000273 0.000403 0.000317 0.000379 0.000318 0.000396 0.000273 0.000403 0.00022 0.000385 0.000266 0.000371 0.000225 0.000399 0.000266 0.000371 0.00027 0.000387 0.000225 0.000399 0.000225 0.000399 0.00027 0.000387 0.00023 0.000414 0.00027 0.000387 0.000273 0.000403 0.00023 0.000414 0.000177 0.000405 0.00022 0.000385 0.000185 0.000417 0.00022 0.000385 0.000225 0.000399 0.000185 0.000417 0.000185 0.000417 0.000225 0.000399 0.000192 0.000429 0.000225 0.000399 0.00023 0.000414 0.000192 0.000429 0.000752 0.000383 0.000711 0.000368 0.000756 0.000369 0.000711 0.000368 0.000717 0.000356 0.000756 0.000369 0.000756 0.000369 0.000717 0.000356 0.00076 0.000354 0.000717 0.000356 0.000722 0.000344 0.00076 0.000354 0.000798 0.000391 0.000752 0.000383 0.0008 0.000376 0.000752 0.000383 0.000756 0.000369 0.0008 0.000376 0.0008 0.000376 0.000756 0.000369 0.000803 0.000361 0.000756 0.000369 0.00076 0.000354 0.000803 0.000361 0.000845 0.000397 0.000798 0.000391 0.000846 0.000381 0.000798 0.000391 0.0008 0.000376 0.000846 0.000381 0.000846 0.000381 0.0008 0.000376 0.000847 0.000365 0.0008 0.000376 0.000803 0.000361 0.000847 0.000365 0.000894 0.000399 0.000845 0.000397 0.000894 0.000382 0.000845 0.000397 0.000846 0.000381 0.000894 0.000382 0.000894 0.000382 0.000846 0.000381 0.000893 0.000366 0.000846 0.000381 0.000847 0.000365 0.000893 0.000366 0.000943 0.000394 0.000894 0.000399 0.000941 0.000378 0.000894 0.000399 0.000894 0.000382 0.000941 0.000378 0.000941 0.000378 0.000894 0.000382 0.00094 0.000362 0.000894 0.000382 0.000893 0.000366 0.00094 0.000362 0.000992 0.000386 0.000943 0.000394 0.000988 0.000371 0.000943 0.000394 0.000941 0.000378 0.000988 0.000371 0.000988 0.000371 0.000941 0.000378 0.000985 0.000355 0.000941 0.000378 0.00094 0.000362 0.000985 0.000355 0.001038 0.000373 0.000992 0.000386 0.001033 0.000358 0.000992 0.000386 0.000988 0.000371 0.001033 0.000358 0.001033 0.000358 0.000988 0.000371 0.001028 0.000343 0.000988 0.000371 0.000985 0.000355 0.001028 0.000343 0.001081 0.000353 0.001038 0.000373 0.001073 0.000341 0.001038 0.000373 0.001033 0.000358 0.001073 0.000341 0.001073 0.000341 0.001033 0.000358 0.001067 0.000329 0.001033 0.000358 0.001028 0.000343 0.001067 0.000329 0.000506 0.000374 0.000546 0.00039 0.000502 0.000388 0.000546 0.00039 0.00054 0.000401 0.000502 0.000388 0.000502 0.000388 0.00054 0.000401 0.000498 0.000402 0.00054 0.000401 0.000536 0.000413 0.000498 0.000402 0.00046 0.000365 0.000506 0.000374 0.000458 0.00038 0.000506 0.000374 0.000502 0.000388 0.000458 0.00038 0.000458 0.00038 0.000502 0.000388 0.000455 0.000395 0.000502 0.000388 0.000498 0.000402 0.000455 0.000395 0.000413 0.000359 0.00046 0.000365 0.000412 0.000375 0.00046 0.000365 0.000458 0.00038 0.000412 0.000375 0.000412 0.000375 0.000458 0.00038 0.000411 0.000391 0.000458 0.00038 0.000455 0.000395 0.000411 0.000391 0.000364 0.000359 0.000413 0.000359 0.000364 0.000375 0.000413 0.000359 0.000412 0.000375 0.000364 0.000375 0.000364 0.000375 0.000412 0.000375 0.000365 0.000392 0.000412 0.000375 0.000411 0.000391 0.000365 0.000392 0.000364 0.000359 0.000315 0.000363 0.000364 0.000301 0.000315 0.000363 0.00031 0.000305 0.000364 0.000301 0.000364 0.00028 0.000366 0.000089 0.000419 0.000282 0.000366 0.000089 0.000433 0.000094 0.000419 0.000282</float_array>
					<technique_common>
						<accessor source="#0001B401-17F3-4386-854E-FAE469007B56-mesh-map-0-array" count="8163" stride="2">
							<param name="S" type="float"/>
							<param name="T" type="float"/>
						</accessor>
					</technique_common>
				</source>
				<vertices id="0001B401-17F3-4386-854E-FAE469007B56-mesh-vertices">
					<input semantic="POSITION" source="#0001B401-17F3-4386-854E-FAE469007B56-mesh-positions"/>
				</vertices>
				<triangles material="MB|1-material" count="2721">
					<input semantic="VERTEX" source="#0001B401-17F3-4386-854E-FAE469007B56-mesh-vertices" offset="0"/>
					<input semantic="NORMAL" source="#0001B401-17F3-4386-854E-FAE469007B56-mesh-normals" offset="1"/>
					<input semantic="TEXCOORD" source="#0001B401-17F3-4386-854E-FAE469007B56-mesh-map-0" offset="2" set="0"/>
					<p>959 959 0 132 132 1 958 958 2 132 132 3 105 105 4 958 958 5 101 101 6 866 866 7 83 83 8 866 866 9 867 867 10 83 83 11 15 15 12 80 80 13 97 97 14 15 15 15 100 100 16 82 82 17 15 15 18 85 85 19 100 100 20 104 104 21 128 128 22 966 966 23 20 20 24 19 19 25 126 126 26 19 19 27 125 125 28 126 126 29 15 15 30 108 108 31 88 88 32 15 15 33 116 116 34 114 114 35 113 113 36 855 855 37 95 95 38 855 855 39 856 856 40 95 95 41 15 15 42 92 92 43 110 110 44 15 15 45 114 114 46 94 94 47 15 15 48 120 120 49 116 116 50 119 119 51 853 853 52 117 117 53 853 853 54 854 854 55 117 117 56 117 117 57 854 854 58 113 113 59 854 854 60 855 855 61 113 113 62 15 15 63 97 97 64 120 120 65 91 91 66 857 857 67 111 111 68 857 857 69 858 858 70 111 111 71 15 15 72 94 94 73 92 92 74 111 111 75 858 858 76 107 107 77 858 858 78 859 859 79 107 107 80 89 89 81 860 860 82 961 961 83 860 860 84 861 861 85 961 961 86 107 107 87 859 859 88 89 89 89 859 859 90 860 860 91 89 89 92 960 960 93 863 863 94 86 86 95 863 863 96 865 865 97 86 86 98 79 79 99 13 13 100 98 98 101 13 13 102 869 869 103 98 98 104 15 15 105 82 82 106 80 80 107 853 853 108 119 119 109 869 869 110 119 119 111 98 98 112 869 869 113 95 95 114 856 856 115 91 91 116 856 856 117 857 857 118 91 91 119 86 86 120 865 865 121 101 101 122 865 865 123 866 866 124 101 101 125 874 874 126 875 875 127 878 878 128 875 875 129 879 879 130 878 878 131 884 884 132 870 870 133 885 885 134 870 870 135 872 872 136 885 885 137 981 981 138 953 953 139 142 142 140 953 953 141 143 143 142 142 142 143 997 997 144 889 889 145 873 873 146 889 889 147 890 890 148 873 873 149 893 893 150 894 894 151 993 993 152 894 894 153 976 976 154 993 993 155 978 978 156 977 977 157 253 253 158 977 977 159 979 979 160 253 253 161 982 982 162 877 877 163 252 252 164 877 877 165 145 145 166 252 252 167 254 254 168 980 980 169 898 898 170 980 980 171 146 146 172 898 898 173 886 886 174 896 896 175 26 26 176 896 896 177 887 887 178 26 26 179 160 160 180 999 999 181 891 891 182 999 999 183 901 901 184 891 891 185 18 18 186 19 19 187 909 909 188 19 19 189 908 908 190 909 909 191 18 18 192 909 909 193 864 864 194 909 909 195 910 910 196 864 864 197 864 864 198 910 910 199 907 907 200 910 910 201 911 911 202 907 907 203 907 907 204 911 911 205 906 906 206 911 911 207 912 912 208 906 906 209 905 905 210 906 906 211 913 913 212 906 906 213 912 912 214 913 913 215 904 904 216 905 905 217 914 914 218 905 905 219 913 913 220 914 914 221 904 904 222 914 914 223 903 903 224 914 914 225 915 915 226 903 903 227 903 903 228 915 915 229 862 862 230 915 915 231 916 916 232 862 862 233 862 862 234 916 916 235 16 16 236 916 916 237 917 917 238 16 16 239 17 17 240 16 16 241 918 918 242 16 16 243 917 917 244 918 918 245 17 17 246 918 918 247 20 20 248 918 918 249 919 919 250 20 20 251 19 19 252 20 20 253 908 908 254 20 20 255 919 919 256 908 908 257 339 339 258 983 983 259 38 38 260 983 983 261 147 147 262 38 38 263 40 40 264 39 39 265 895 895 266 41 41 267 40 40 268 895 895 269 900 900 270 43 43 271 42 42 272 44 44 273 952 952 274 340 340 275 952 952 276 251 251 277 340 340 278 145 145 279 877 877 280 972 972 281 877 877 282 876 876 283 972 972 284 895 895 285 900 900 286 41 41 287 900 900 288 42 42 289 41 41 290 921 921 291 932 932 292 931 931 293 932 932 294 933 933 295 931 931 296 930 930 297 931 931 298 934 934 299 931 931 300 933 933 301 934 934 302 930 930 303 934 934 304 929 929 305 934 934 306 935 935 307 929 929 308 928 928 309 929 929 310 936 936 311 929 929 312 935 935 313 936 936 314 928 928 315 936 936 316 927 927 317 936 936 318 67 67 319 927 927 320 926 926 321 927 927 322 68 68 323 927 927 324 67 67 325 68 68 326 926 926 327 68 68 328 925 925 329 68 68 330 69 69 331 925 925 332 925 925 333 69 69 334 924 924 335 69 69 336 938 938 337 924 924 338 923 923 339 924 924 340 940 940 341 924 924 342 938 938 343 940 940 344 922 922 345 923 923 346 941 941 347 923 923 348 940 940 349 941 941 350 922 922 351 941 941 352 920 920 353 941 941 354 942 942 355 920 920 356 921 921 357 920 920 358 932 932 359 920 920 360 942 942 361 932 932 362 62 62 363 363 363 364 888 888 365 363 363 366 956 956 367 888 888 368 897 897 369 937 937 370 65 65 371 888 888 372 897 897 373 64 64 374 897 897 375 65 65 376 64 64 377 888 888 378 64 64 379 63 63 380 888 888 381 63 63 382 62 62 383 957 957 384 939 939 385 945 945 386 939 939 387 943 943 388 945 945 389 69 69 390 946 946 391 938 938 392 946 946 393 944 944 394 938 938 395 68 68 396 947 947 397 69 69 398 947 947 399 946 946 400 69 69 401 68 68 402 67 67 403 947 947 404 67 67 405 948 948 406 947 947 407 936 936 408 949 949 409 67 67 410 949 949 411 948 948 412 67 67 413 25 25 414 950 950 415 32 32 416 950 950 417 66 66 418 32 32 419 954 954 420 362 362 421 157 157 422 362 362 423 76 76 424 157 157 425 872 872 426 77 77 427 885 885 428 77 77 429 78 78 430 885 885 431 362 362 432 361 361 433 76 76 434 361 361 435 75 75 436 76 76 437 71 71 438 70 70 439 364 364 440 70 70 441 261 261 442 364 364 443 72 72 444 71 71 445 365 365 446 71 71 447 364 364 448 365 365 449 73 73 450 72 72 451 366 366 452 72 72 453 365 365 454 366 366 455 169 169 456 167 167 457 134 134 458 167 167 459 139 139 460 134 134 461 951 951 462 892 892 463 255 255 464 892 892 465 995 995 466 255 255 467 883 883 468 27 27 469 882 882 470 27 27 471 258 258 472 882 882 473 870 870 474 884 884 475 955 955 476 884 884 477 257 257 478 955 955 479 49 49 480 48 48 481 345 345 482 48 48 483 344 344 484 345 345 485 45 45 486 44 44 487 341 341 488 44 44 489 340 340 490 341 341 491 48 48 492 47 47 493 344 344 494 47 47 495 343 343 496 344 344 497 38 38 498 49 49 499 339 339 500 49 49 501 345 345 502 339 339 503 36 36 504 35 35 505 880 880 506 335 335 507 33 33 508 334 334 509 33 33 510 8 8 511 334 334 512 46 46 513 45 45 514 342 342 515 45 45 516 341 341 517 342 342 518 144 144 519 0 0 520 24 24 521 0 0 522 14 14 523 24 24 524 47 47 525 46 46 526 343 343 527 46 46 528 342 342 529 343 343 530 979 979 531 977 977 532 138 138 533 977 977 534 135 135 535 138 138 536 34 34 537 338 338 538 881 881 539 338 338 540 250 250 541 881 881 542 900 900 543 952 952 544 43 43 545 952 952 546 44 44 547 43 43 548 14 14 549 868 868 550 24 24 551 868 868 552 12 12 553 24 24 554 12 12 555 11 11 556 24 24 557 10 10 558 880 880 559 11 11 560 880 880 561 24 24 562 11 11 563 36 36 564 880 880 565 37 37 566 15 15 567 110 110 568 108 108 569 249 249 570 326 326 571 144 144 572 326 326 573 0 0 574 144 144 575 7 7 576 333 333 577 8 8 578 333 333 579 334 334 580 8 8 581 2 2 582 1 1 583 328 328 584 1 1 585 327 327 586 328 328 587 164 164 588 1000 1000 589 876 876 590 1000 1000 591 969 969 592 876 876 593 4 4 594 3 3 595 330 330 596 3 3 597 329 329 598 330 330 599 6 6 600 5 5 601 332 332 602 5 5 603 331 331 604 332 332 605 1 1 606 0 0 607 327 327 608 0 0 609 326 326 610 327 327 611 3 3 612 2 2 613 329 329 614 2 2 615 328 328 616 329 329 617 5 5 618 4 4 619 331 331 620 4 4 621 330 330 622 331 331 623 7 7 624 6 6 625 333 333 626 6 6 627 332 332 628 333 333 629 62 62 630 73 73 631 363 363 632 73 73 633 366 366 634 363 363 635 87 87 636 964 964 637 86 86 638 964 964 639 960 960 640 86 86 641 964 964 642 87 87 643 965 965 644 87 87 645 85 85 646 965 965 647 80 80 648 82 82 649 81 81 650 82 82 651 84 84 652 81 81 653 81 81 654 84 84 655 79 79 656 84 84 657 83 83 658 79 79 659 92 92 660 94 94 661 93 93 662 94 94 663 96 96 664 93 93 665 93 93 666 96 96 667 91 91 668 96 96 669 95 95 670 91 91 671 98 98 672 119 119 673 99 99 674 119 119 675 121 121 676 99 99 677 99 99 678 121 121 679 97 97 680 121 121 681 120 120 682 97 97 683 108 108 684 110 110 685 109 109 686 110 110 687 112 112 688 109 109 689 109 109 690 112 112 691 107 107 692 112 112 693 111 111 694 107 107 695 114 114 696 116 116 697 115 115 698 116 116 699 118 118 700 115 115 701 115 115 702 118 118 703 113 113 704 118 118 705 117 117 706 113 113 707 116 116 708 120 120 709 118 118 710 120 120 711 121 121 712 118 118 713 118 118 714 121 121 715 117 117 716 121 121 717 119 119 718 117 117 719 82 82 720 100 100 721 84 84 722 100 100 723 102 102 724 84 84 725 84 84 726 102 102 727 83 83 728 102 102 729 101 101 730 83 83 731 97 97 732 80 80 733 99 99 734 80 80 735 81 81 736 99 99 737 99 99 738 81 81 739 98 98 740 81 81 741 79 79 742 98 98 743 100 100 744 85 85 745 102 102 746 85 85 747 87 87 748 102 102 749 102 102 750 87 87 751 101 101 752 87 87 753 86 86 754 101 101 755 19 19 756 18 18 757 125 125 758 18 18 759 104 104 760 125 125 761 17 17 762 20 20 763 105 105 764 20 20 765 126 126 766 105 105 767 968 968 768 90 90 769 961 961 770 90 90 771 89 89 772 961 961 773 90 90 774 968 968 775 88 88 776 968 968 777 967 967 778 88 88 779 88 88 780 108 108 781 90 90 782 108 108 783 109 109 784 90 90 785 90 90 786 109 109 787 89 89 788 109 109 789 107 107 790 89 89 791 110 110 792 92 92 793 112 112 794 92 92 795 93 93 796 112 112 797 112 112 798 93 93 799 111 111 800 93 93 801 91 91 802 111 111 803 94 94 804 114 114 805 96 96 806 114 114 807 115 115 808 96 96 809 96 96 810 115 115 811 95 95 812 115 115 813 113 113 814 95 95 815 83 83 816 867 867 817 79 79 818 867 867 819 13 13 820 79 79 821 126 126 822 125 125 823 962 962 824 125 125 825 963 963 826 962 962 827 125 125 828 104 104 829 963 963 830 104 104 831 966 966 832 963 963 833 105 105 834 126 126 835 958 958 836 126 126 837 962 962 838 958 958 839 132 132 840 16 16 841 105 105 842 16 16 843 17 17 844 105 105 845 128 128 846 104 104 847 127 127 848 103 103 849 127 127 850 104 104 851 132 132 852 131 131 853 106 106 854 131 131 855 132 132 856 130 130 857 959 959 858 130 130 859 132 132 860 862 862 861 16 16 862 106 106 863 16 16 864 132 132 865 106 106 866 103 103 867 104 104 868 864 864 869 104 104 870 18 18 871 864 864 872 965 965 873 85 85 874 129 129 875 967 967 876 133 133 877 88 88 878 122 122 879 15 15 880 133 133 881 15 15 882 88 88 883 133 133 884 124 124 885 15 15 886 122 122 887 124 124 888 123 123 889 15 15 890 15 15 891 123 123 892 85 85 893 123 123 894 129 129 895 85 85 896 880 880 897 10 10 898 37 37 899 10 10 900 9 9 901 37 37 902 969 969 903 970 970 904 876 876 905 970 970 906 971 971 907 876 876 908 971 971 909 972 972 910 876 876 911 973 973 912 974 974 913 894 894 914 974 974 915 975 975 916 894 894 917 975 975 918 976 976 919 894 894 920 134 134 921 139 139 922 136 136 923 139 139 924 141 141 925 136 136 926 136 136 927 141 141 928 137 137 929 141 141 930 140 140 931 137 137 932 137 137 933 140 140 934 135 135 935 140 140 936 138 138 937 135 135 938 153 153 939 148 148 940 350 350 941 148 148 942 260 260 943 350 350 944 34 34 945 881 881 946 35 35 947 881 881 948 880 880 949 35 35 950 142 142 951 143 143 952 23 23 953 143 143 954 899 899 955 23 23 956 338 338 957 34 34 958 335 335 959 34 34 960 33 33 961 335 335 962 898 898 963 146 146 964 894 894 965 146 146 966 973 973 967 894 894 968 38 38 969 147 147 970 39 39 971 147 147 972 895 895 973 39 39 974 984 984 975 985 985 976 871 871 977 988 988 978 989 989 979 902 902 980 989 989 981 990 990 982 902 902 983 990 990 984 991 991 985 902 902 986 148 148 987 153 153 988 150 150 989 153 153 990 155 155 991 150 150 992 150 150 993 155 155 994 986 986 995 155 155 996 154 154 997 986 986 998 986 986 999 154 154 1000 987 987 1001 154 154 1002 152 152 1003 987 987 1004 871 871 1005 256 256 1006 984 984 1007 256 256 1008 994 994 1009 984 984 1010 871 871 1011 151 151 1012 149 149 1013 151 151 1014 871 871 1015 985 985 1016 60 60 1017 30 30 1018 61 61 1019 30 30 1020 153 153 1021 61 61 1022 60 60 1023 59 59 1024 30 30 1025 59 59 1026 58 58 1027 30 30 1028 30 30 1029 58 58 1030 29 29 1031 58 58 1032 57 57 1033 29 29 1034 57 57 1035 56 56 1036 29 29 1037 873 873 1038 890 890 1039 951 951 1040 890 890 1041 892 892 1042 951 951 1043 29 29 1044 56 56 1045 156 156 1046 56 56 1047 55 55 1048 156 156 1049 872 872 1050 157 157 1051 77 77 1052 157 157 1053 76 76 1054 77 77 1055 361 361 1056 262 262 1057 75 75 1058 262 262 1059 74 74 1060 75 75 1061 53 53 1062 52 52 1063 370 370 1064 52 52 1065 369 369 1066 370 370 1067 51 51 1068 50 50 1069 368 368 1070 50 50 1071 367 367 1072 368 368 1073 54 54 1074 53 53 1075 371 371 1076 53 53 1077 370 370 1078 371 371 1079 52 52 1080 51 51 1081 369 369 1082 51 51 1083 368 368 1084 369 369 1085 50 50 1086 61 61 1087 367 367 1088 61 61 1089 373 373 1090 367 367 1091 55 55 1092 54 54 1093 372 372 1094 54 54 1095 371 371 1096 372 372 1097 156 156 1098 55 55 1099 259 259 1100 55 55 1101 372 372 1102 259 259 1103 350 350 1104 373 373 1105 153 153 1106 373 373 1107 61 61 1108 153 153 1109 871 871 1110 149 149 1111 996 996 1112 149 149 1113 992 992 1114 996 996 1115 987 987 1116 152 152 1117 162 162 1118 152 152 1119 1001 1001 1120 162 162 1121 998 998 1122 166 166 1123 160 160 1124 166 166 1125 999 999 1126 160 160 1127 902 902 1128 161 161 1129 988 988 1130 161 161 1131 163 163 1132 988 988 1133 165 165 1134 168 168 1135 997 997 1136 168 168 1137 889 889 1138 997 997 1139 21 21 1140 158 158 1141 22 22 1142 158 158 1143 159 159 1144 22 22 1145 23 23 1146 899 899 1147 165 165 1148 899 899 1149 168 168 1150 165 165 1151 28 28 1152 31 31 1153 998 998 1154 31 31 1155 166 166 1156 998 998 1157 996 996 1158 992 992 1159 164 164 1160 992 992 1161 1000 1000 1162 164 164 1163 162 162 1164 1001 1001 1165 169 169 1166 1001 1001 1167 167 167 1168 169 169 1169 161 161 1170 893 893 1171 163 163 1172 893 893 1173 993 993 1174 163 163 1175 158 158 1176 874 874 1177 159 159 1178 874 874 1179 878 878 1180 159 159 1181 1101 1101 1182 1100 1100 1183 316 316 1184 1100 1100 1185 289 289 1186 316 316 1187 285 285 1188 267 267 1189 1015 1015 1190 267 267 1191 1016 1016 1192 1015 1015 1193 185 185 1194 281 281 1195 264 264 1196 185 185 1197 266 266 1198 284 284 1199 185 185 1200 284 284 1201 269 269 1202 288 288 1203 1108 1108 1204 312 312 1205 190 190 1206 310 310 1207 189 189 1208 310 310 1209 309 309 1210 189 189 1211 185 185 1212 272 272 1213 292 292 1214 185 185 1215 298 298 1216 300 300 1217 297 297 1218 279 279 1219 1004 1004 1220 279 279 1221 1005 1005 1222 1004 1004 1223 185 185 1224 294 294 1225 276 276 1226 185 185 1227 278 278 1228 298 298 1229 185 185 1230 300 300 1231 304 304 1232 303 303 1233 301 301 1234 1002 1002 1235 301 301 1236 1003 1003 1237 1002 1002 1238 301 301 1239 297 297 1240 1003 1003 1241 297 297 1242 1004 1004 1243 1003 1003 1244 185 185 1245 304 304 1246 281 281 1247 275 275 1248 295 295 1249 1006 1006 1250 295 295 1251 1007 1007 1252 1006 1006 1253 185 185 1254 276 276 1255 278 278 1256 295 295 1257 291 291 1258 1007 1007 1259 291 291 1260 1008 1008 1261 1007 1007 1262 273 273 1263 1103 1103 1264 1009 1009 1265 1103 1103 1266 1010 1010 1267 1009 1009 1268 291 291 1269 273 273 1270 1008 1008 1271 273 273 1272 1009 1009 1273 1008 1008 1274 1102 1102 1275 270 270 1276 1012 1012 1277 270 270 1278 1014 1014 1279 1012 1012 1280 263 263 1281 282 282 1282 183 183 1283 282 282 1284 1018 1018 1285 183 183 1286 185 185 1287 264 264 1288 266 266 1289 1002 1002 1290 1018 1018 1291 303 303 1292 1018 1018 1293 282 282 1294 303 303 1295 279 279 1296 275 275 1297 1005 1005 1298 275 275 1299 1006 1006 1300 1005 1005 1301 270 270 1302 285 285 1303 1014 1014 1304 285 285 1305 1015 1015 1306 1014 1014 1307 1023 1023 1308 1027 1027 1309 1024 1024 1310 1027 1027 1311 1028 1028 1312 1024 1024 1313 1032 1032 1314 1033 1033 1315 1019 1019 1316 1033 1033 1317 1021 1021 1318 1019 1019 1319 981 981 1320 336 336 1321 953 953 1322 336 336 1323 337 337 1324 953 953 1325 1132 1132 1326 1022 1022 1327 1037 1037 1328 1022 1022 1329 1038 1038 1330 1037 1037 1331 1041 1041 1332 1130 1130 1333 1042 1042 1334 1130 1130 1335 1118 1118 1336 1042 1042 1337 978 978 1338 253 253 1339 1119 1119 1340 253 253 1341 1120 1120 1342 1119 1119 1343 982 982 1344 252 252 1345 1026 1026 1346 252 252 1347 347 347 1348 1026 1026 1349 254 254 1350 1046 1046 1351 980 980 1352 1046 1046 1353 348 348 1354 980 980 1355 1034 1034 1356 196 196 1357 1044 1044 1358 196 196 1359 1035 1035 1360 1044 1044 1361 376 376 1362 1039 1039 1363 1134 1134 1364 1039 1039 1365 1049 1049 1366 1134 1134 1367 188 188 1368 1057 1057 1369 189 189 1370 1057 1057 1371 1056 1056 1372 189 189 1373 188 188 1374 1013 1013 1375 1057 1057 1376 1013 1013 1377 1058 1058 1378 1057 1057 1379 1013 1013 1380 1055 1055 1381 1058 1058 1382 1055 1055 1383 1059 1059 1384 1058 1058 1385 1055 1055 1386 1054 1054 1387 1059 1059 1388 1054 1054 1389 1060 1060 1390 1059 1059 1391 1053 1053 1392 1061 1061 1393 1054 1054 1394 1061 1061 1395 1060 1060 1396 1054 1054 1397 1052 1052 1398 1062 1062 1399 1053 1053 1400 1062 1062 1401 1061 1061 1402 1053 1053 1403 1052 1052 1404 1051 1051 1405 1062 1062 1406 1051 1051 1407 1063 1063 1408 1062 1062 1409 1051 1051 1410 1011 1011 1411 1063 1063 1412 1011 1011 1413 1064 1064 1414 1063 1063 1415 1011 1011 1416 186 186 1417 1064 1064 1418 186 186 1419 1065 1065 1420 1064 1064 1421 187 187 1422 1066 1066 1423 186 186 1424 1066 1066 1425 1065 1065 1426 186 186 1427 187 187 1428 190 190 1429 1066 1066 1430 190 190 1431 1067 1067 1432 1066 1066 1433 189 189 1434 1056 1056 1435 190 190 1436 1056 1056 1437 1067 1067 1438 190 190 1439 339 339 1440 208 208 1441 983 983 1442 208 208 1443 349 349 1444 983 983 1445 210 210 1446 1043 1043 1447 209 209 1448 211 211 1449 1043 1043 1450 210 210 1451 1048 1048 1452 212 212 1453 213 213 1454 214 214 1455 340 340 1456 1099 1099 1457 340 340 1458 251 251 1459 1099 1099 1460 347 347 1461 1114 1114 1462 1026 1026 1463 1114 1114 1464 1025 1025 1465 1026 1026 1466 1043 1043 1467 211 211 1468 1048 1048 1469 211 211 1470 212 212 1471 1048 1048 1472 1069 1069 1473 1079 1079 1474 1080 1080 1475 1079 1079 1476 1081 1081 1477 1080 1080 1478 1078 1078 1479 1082 1082 1480 1079 1079 1481 1082 1082 1482 1081 1081 1483 1079 1079 1484 1078 1078 1485 1077 1077 1486 1082 1082 1487 1077 1077 1488 1083 1083 1489 1082 1082 1490 1076 1076 1491 1084 1084 1492 1077 1077 1493 1084 1084 1494 1083 1083 1495 1077 1077 1496 1076 1076 1497 1075 1075 1498 1084 1084 1499 1075 1075 1500 237 237 1501 1084 1084 1502 1074 1074 1503 238 238 1504 1075 1075 1505 238 238 1506 237 237 1507 1075 1075 1508 1074 1074 1509 1073 1073 1510 238 238 1511 1073 1073 1512 239 239 1513 238 238 1514 1073 1073 1515 1072 1072 1516 239 239 1517 1072 1072 1518 1086 1086 1519 239 239 1520 1071 1071 1521 1088 1088 1522 1072 1072 1523 1088 1088 1524 1086 1086 1525 1072 1072 1526 1070 1070 1527 1089 1089 1528 1071 1071 1529 1089 1089 1530 1088 1088 1531 1071 1071 1532 1070 1070 1533 1068 1068 1534 1089 1089 1535 1068 1068 1536 1090 1090 1537 1089 1089 1538 1069 1069 1539 1080 1080 1540 1068 1068 1541 1080 1080 1542 1090 1090 1543 1068 1068 1544 232 232 1545 1036 1036 1546 363 363 1547 1036 1036 1548 956 956 1549 363 363 1550 1045 1045 1551 235 235 1552 1085 1085 1553 1036 1036 1554 234 234 1555 1045 1045 1556 234 234 1557 235 235 1558 1045 1045 1559 1036 1036 1560 233 233 1561 234 234 1562 1036 1036 1563 232 232 1564 233 233 1565 957 957 1566 945 945 1567 1087 1087 1568 945 945 1569 1091 1091 1570 1087 1087 1571 239 239 1572 1086 1086 1573 1093 1093 1574 1086 1086 1575 1092 1092 1576 1093 1093 1577 238 238 1578 239 239 1579 1094 1094 1580 239 239 1581 1093 1093 1582 1094 1094 1583 238 238 1584 1094 1094 1585 237 237 1586 1094 1094 1587 1095 1095 1588 237 237 1589 1084 1084 1590 237 237 1591 1096 1096 1592 237 237 1593 1095 1095 1594 1096 1096 1595 195 195 1596 202 202 1597 1097 1097 1598 202 202 1599 236 236 1600 1097 1097 1601 954 954 1602 360 360 1603 362 362 1604 360 360 1605 246 246 1606 362 362 1607 1021 1021 1608 1033 1033 1609 247 247 1610 1033 1033 1611 248 248 1612 247 247 1613 362 362 1614 246 246 1615 361 361 1616 246 246 1617 245 245 1618 361 361 1619 241 241 1620 364 364 1621 240 240 1622 364 364 1623 261 261 1624 240 240 1625 242 242 1626 365 365 1627 241 241 1628 365 365 1629 364 364 1630 241 241 1631 243 243 1632 366 366 1633 242 242 1634 366 366 1635 365 365 1636 242 242 1637 385 385 1638 318 318 1639 383 383 1640 318 318 1641 323 323 1642 383 383 1643 1098 1098 1644 255 255 1645 1040 1040 1646 255 255 1647 995 995 1648 1040 1040 1649 1031 1031 1650 882 882 1651 197 197 1652 882 882 1653 258 258 1654 197 197 1655 1019 1019 1656 955 955 1657 1032 1032 1658 955 955 1659 257 257 1660 1032 1032 1661 219 219 1662 345 345 1663 218 218 1664 345 345 1665 344 344 1666 218 218 1667 215 215 1668 341 341 1669 214 214 1670 341 341 1671 340 340 1672 214 214 1673 218 218 1674 344 344 1675 217 217 1676 344 344 1677 343 343 1678 217 217 1679 208 208 1680 339 339 1681 219 219 1682 339 339 1683 345 345 1684 219 219 1685 206 206 1686 1029 1029 1687 205 205 1688 335 335 1689 334 334 1690 203 203 1691 334 334 1692 178 178 1693 203 203 1694 216 216 1695 342 342 1696 215 215 1697 342 342 1698 341 341 1699 215 215 1700 346 346 1701 194 194 1702 170 170 1703 194 194 1704 184 184 1705 170 170 1706 217 217 1707 343 343 1708 216 216 1709 343 343 1710 342 342 1711 216 216 1712 1120 1120 1713 322 322 1714 1119 1119 1715 322 322 1716 319 319 1717 1119 1119 1718 204 204 1719 1030 1030 1720 338 338 1721 1030 1030 1722 250 250 1723 338 338 1724 1048 1048 1725 213 213 1726 1099 1099 1727 213 213 1728 214 214 1729 1099 1099 1730 184 184 1731 194 194 1732 1017 1017 1733 1017 1017 1734 194 194 1735 182 182 1736 182 182 1737 194 194 1738 181 181 1739 180 180 1740 181 181 1741 1029 1029 1742 1029 1029 1743 181 181 1744 194 194 1745 206 206 1746 207 207 1747 1029 1029 1748 185 185 1749 292 292 1750 294 294 1751 249 249 1752 346 346 1753 326 326 1754 346 346 1755 170 170 1756 326 326 1757 177 177 1758 178 178 1759 333 333 1760 178 178 1761 334 334 1762 333 333 1763 172 172 1764 328 328 1765 171 171 1766 328 328 1767 327 327 1768 171 171 1769 380 380 1770 1025 1025 1771 1135 1135 1772 1025 1025 1773 1111 1111 1774 1135 1135 1775 174 174 1776 330 330 1777 173 173 1778 330 330 1779 329 329 1780 173 173 1781 176 176 1782 332 332 1783 175 175 1784 332 332 1785 331 331 1786 175 175 1787 171 171 1788 327 327 1789 170 170 1790 327 327 1791 326 326 1792 170 170 1793 173 173 1794 329 329 1795 172 172 1796 329 329 1797 328 328 1798 172 172 1799 175 175 1800 331 331 1801 174 174 1802 331 331 1803 330 330 1804 174 174 1805 177 177 1806 333 333 1807 176 176 1808 333 333 1809 332 332 1810 176 176 1811 232 232 1812 363 363 1813 243 243 1814 363 363 1815 366 366 1816 243 243 1817 271 271 1818 270 270 1819 1106 1106 1820 270 270 1821 1102 1102 1822 1106 1106 1823 1106 1106 1824 1107 1107 1825 271 271 1826 1107 1107 1827 269 269 1828 271 271 1829 264 264 1830 265 265 1831 266 266 1832 265 265 1833 268 268 1834 266 266 1835 265 265 1836 263 263 1837 268 268 1838 263 263 1839 267 267 1840 268 268 1841 276 276 1842 277 277 1843 278 278 1844 277 277 1845 280 280 1846 278 278 1847 277 277 1848 275 275 1849 280 280 1850 275 275 1851 279 279 1852 280 280 1853 282 282 1854 283 283 1855 303 303 1856 283 283 1857 305 305 1858 303 303 1859 283 283 1860 281 281 1861 305 305 1862 281 281 1863 304 304 1864 305 305 1865 292 292 1866 293 293 1867 294 294 1868 293 293 1869 296 296 1870 294 294 1871 293 293 1872 291 291 1873 296 296 1874 291 291 1875 295 295 1876 296 296 1877 298 298 1878 299 299 1879 300 300 1880 299 299 1881 302 302 1882 300 300 1883 299 299 1884 297 297 1885 302 302 1886 297 297 1887 301 301 1888 302 302 1889 300 300 1890 302 302 1891 304 304 1892 302 302 1893 305 305 1894 304 304 1895 302 302 1896 301 301 1897 305 305 1898 301 301 1899 303 303 1900 305 305 1901 266 266 1902 268 268 1903 284 284 1904 268 268 1905 286 286 1906 284 284 1907 268 268 1908 267 267 1909 286 286 1910 267 267 1911 285 285 1912 286 286 1913 281 281 1914 283 283 1915 264 264 1916 283 283 1917 265 265 1918 264 264 1919 283 283 1920 282 282 1921 265 265 1922 282 282 1923 263 263 1924 265 265 1925 284 284 1926 286 286 1927 269 269 1928 286 286 1929 271 271 1930 269 269 1931 286 286 1932 285 285 1933 271 271 1934 285 285 1935 270 270 1936 271 271 1937 189 189 1938 309 309 1939 188 188 1940 309 309 1941 288 288 1942 188 188 1943 187 187 1944 289 289 1945 190 190 1946 289 289 1947 310 310 1948 190 190 1949 1110 1110 1950 1103 1103 1951 274 274 1952 1103 1103 1953 273 273 1954 274 274 1955 274 274 1956 272 272 1957 1110 1110 1958 272 272 1959 1109 1109 1960 1110 1110 1961 272 272 1962 274 274 1963 292 292 1964 274 274 1965 293 293 1966 292 292 1967 274 274 1968 273 273 1969 293 293 1970 273 273 1971 291 291 1972 293 293 1973 294 294 1974 296 296 1975 276 276 1976 296 296 1977 277 277 1978 276 276 1979 296 296 1980 295 295 1981 277 277 1982 295 295 1983 275 275 1984 277 277 1985 278 278 1986 280 280 1987 298 298 1988 280 280 1989 299 299 1990 298 298 1991 280 280 1992 279 279 1993 299 299 1994 279 279 1995 297 297 1996 299 299 1997 267 267 1998 263 263 1999 1016 1016 2000 263 263 2001 183 183 2002 1016 1016 2003 310 310 2004 1104 1104 2005 309 309 2006 1104 1104 2007 1105 1105 2008 309 309 2009 309 309 2010 1105 1105 2011 288 288 2012 1105 1105 2013 1108 1108 2014 288 288 2015 289 289 2016 1100 1100 2017 310 310 2018 1100 1100 2019 1104 1104 2020 310 310 2021 316 316 2022 289 289 2023 186 186 2024 289 289 2025 187 187 2026 186 186 2027 312 312 2028 311 311 2029 288 288 2030 287 287 2031 288 288 2032 311 311 2033 316 316 2034 290 290 2035 315 315 2036 315 315 2037 314 314 2038 316 316 2039 1101 1101 2040 316 316 2041 314 314 2042 1011 1011 2043 290 290 2044 186 186 2045 290 290 2046 316 316 2047 186 186 2048 287 287 2049 1013 1013 2050 288 288 2051 1013 1013 2052 188 188 2053 288 288 2054 1107 1107 2055 313 313 2056 269 269 2057 1109 1109 2058 272 272 2059 317 317 2060 306 306 2061 317 317 2062 185 185 2063 317 317 2064 272 272 2065 185 185 2066 308 308 2067 306 306 2068 185 185 2069 308 308 2070 185 185 2071 307 307 2072 185 185 2073 269 269 2074 307 307 2075 269 269 2076 313 313 2077 307 307 2078 1029 1029 2079 207 207 2080 180 180 2081 207 207 2082 179 179 2083 180 180 2084 1111 1111 2085 1025 1025 2086 1112 1112 2087 1112 1112 2088 1025 1025 2089 1113 1113 2090 1113 1113 2091 1025 1025 2092 1114 1114 2093 1115 1115 2094 1042 1042 2095 1116 1116 2096 1116 1116 2097 1042 1042 2098 1117 1117 2099 1117 1117 2100 1042 1042 2101 1118 1118 2102 318 318 2103 320 320 2104 323 323 2105 320 320 2106 325 325 2107 323 323 2108 320 320 2109 321 321 2110 325 325 2111 321 321 2112 324 324 2113 325 325 2114 321 321 2115 319 319 2116 324 324 2117 319 319 2118 322 322 2119 324 324 2120 356 356 2121 350 350 2122 351 351 2123 350 350 2124 260 260 2125 351 351 2126 204 204 2127 205 205 2128 1030 1030 2129 205 205 2130 1029 1029 2131 1030 1030 2132 336 336 2133 193 193 2134 337 337 2135 193 193 2136 1047 1047 2137 337 337 2138 338 338 2139 335 335 2140 204 204 2141 335 335 2142 203 203 2143 204 204 2144 1046 1046 2145 1042 1042 2146 348 348 2147 1042 1042 2148 1115 1115 2149 348 348 2150 208 208 2151 209 209 2152 349 349 2153 209 209 2154 1043 1043 2155 349 349 2156 1121 1121 2157 1020 1020 2158 1122 1122 2159 1125 1125 2160 1050 1050 2161 1126 1126 2162 1126 1126 2163 1050 1050 2164 1127 1127 2165 1127 1127 2166 1050 1050 2167 1128 1128 2168 351 351 2169 353 353 2170 356 356 2171 353 353 2172 358 358 2173 356 356 2174 353 353 2175 1123 1123 2176 358 358 2177 1123 1123 2178 357 357 2179 358 358 2180 1123 1123 2181 1124 1124 2182 357 357 2183 1124 1124 2184 355 355 2185 357 357 2186 1020 1020 2187 1121 1121 2188 256 256 2189 1121 1121 2190 994 994 2191 256 256 2192 1020 1020 2193 352 352 2194 354 354 2195 354 354 2196 1122 1122 2197 1020 1020 2198 230 230 2199 231 231 2200 200 200 2201 231 231 2202 356 356 2203 200 200 2204 230 230 2205 200 200 2206 229 229 2207 229 229 2208 200 200 2209 228 228 2210 200 200 2211 199 199 2212 228 228 2213 228 228 2214 199 199 2215 227 227 2216 227 227 2217 199 199 2218 226 226 2219 1022 1022 2220 1098 1098 2221 1038 1038 2222 1098 1098 2223 1040 1040 2224 1038 1038 2225 199 199 2226 359 359 2227 226 226 2228 359 359 2229 225 225 2230 226 226 2231 1021 1021 2232 247 247 2233 360 360 2234 247 247 2235 246 246 2236 360 360 2237 361 361 2238 245 245 2239 262 262 2240 245 245 2241 244 244 2242 262 262 2243 223 223 2244 370 370 2245 222 222 2246 370 370 2247 369 369 2248 222 222 2249 221 221 2250 368 368 2251 220 220 2252 368 368 2253 367 367 2254 220 220 2255 224 224 2256 371 371 2257 223 223 2258 371 371 2259 370 370 2260 223 223 2261 222 222 2262 369 369 2263 221 221 2264 369 369 2265 368 368 2266 221 221 2267 220 220 2268 367 367 2269 231 231 2270 367 367 2271 373 373 2272 231 231 2273 225 225 2274 372 372 2275 224 224 2276 372 372 2277 371 371 2278 224 224 2279 359 359 2280 259 259 2281 225 225 2282 259 259 2283 372 372 2284 225 225 2285 350 350 2286 356 356 2287 373 373 2288 356 356 2289 231 231 2290 373 373 2291 1020 1020 2292 1131 1131 2293 352 352 2294 1131 1131 2295 1129 1129 2296 352 352 2297 1124 1124 2298 378 378 2299 355 355 2300 378 378 2301 1136 1136 2302 355 355 2303 1133 1133 2304 376 376 2305 382 382 2306 376 376 2307 1134 1134 2308 382 382 2309 1050 1050 2310 1125 1125 2311 377 377 2312 1125 1125 2313 379 379 2314 377 377 2315 381 381 2316 1132 1132 2317 384 384 2318 1132 1132 2319 1037 1037 2320 384 384 2321 191 191 2322 192 192 2323 374 374 2324 192 192 2325 375 375 2326 374 374 2327 193 193 2328 381 381 2329 1047 1047 2330 381 381 2331 384 384 2332 1047 1047 2333 198 198 2334 1133 1133 2335 201 201 2336 1133 1133 2337 382 382 2338 201 201 2339 1131 1131 2340 380 380 2341 1129 1129 2342 380 380 2343 1135 1135 2344 1129 1129 2345 378 378 2346 385 385 2347 1136 1136 2348 385 385 2349 383 383 2350 1136 1136 2351 377 377 2352 379 379 2353 1041 1041 2354 379 379 2355 1130 1130 2356 1041 1041 2357 374 374 2358 375 375 2359 1023 1023 2360 375 375 2361 1027 1027 2362 1023 1023 2363 386 386 2364 387 387 2365 389 389 2366 387 387 2367 1137 1137 2368 389 389 2369 389 389 2370 388 388 2371 391 391 2372 388 388 2373 1138 1138 2374 391 391 2375 391 391 2376 390 390 2377 445 445 2378 390 390 2379 392 392 2380 445 445 2381 394 394 2382 393 393 2383 396 396 2384 393 393 2385 1139 1139 2386 396 396 2387 396 396 2388 395 395 2389 398 398 2390 395 395 2391 1140 1140 2392 398 398 2393 398 398 2394 397 397 2395 399 399 2396 397 397 2397 426 426 2398 399 399 2399 401 401 2400 400 400 2401 403 403 2402 400 400 2403 402 402 2404 403 403 2405 434 434 2406 433 433 2407 404 404 2408 433 433 2409 405 405 2410 404 404 2411 407 407 2412 406 406 2413 409 409 2414 406 406 2415 408 408 2416 409 409 2417 411 411 2418 410 410 2419 408 408 2420 410 410 2421 409 409 2422 408 408 2423 412 412 2424 413 413 2425 411 411 2426 413 413 2427 410 410 2428 411 411 2429 387 387 2430 386 386 2431 416 416 2432 386 386 2433 417 417 2434 416 416 2435 414 414 2436 417 417 2437 413 413 2438 417 417 2439 410 410 2440 413 413 2441 415 415 2442 414 414 2443 412 412 2444 414 414 2445 413 413 2446 412 412 2447 389 389 2448 407 407 2449 386 386 2450 407 407 2451 409 409 2452 386 386 2453 416 416 2454 417 417 2455 415 415 2456 417 417 2457 414 414 2458 415 415 2459 410 410 2460 417 417 2461 409 409 2462 417 417 2463 386 386 2464 409 409 2465 400 400 2466 401 401 2467 418 418 2468 401 401 2469 419 419 2470 418 418 2471 418 418 2472 419 419 2473 420 420 2474 419 419 2475 421 421 2476 420 420 2477 420 420 2478 421 421 2479 422 422 2480 421 421 2481 423 423 2482 422 422 2483 422 422 2484 423 423 2485 424 424 2486 423 423 2487 425 425 2488 424 424 2489 424 424 2490 425 425 2491 426 426 2492 425 425 2493 399 399 2494 426 426 2495 401 401 2496 399 399 2497 419 419 2498 399 399 2499 425 425 2500 419 419 2501 419 419 2502 425 425 2503 421 421 2504 425 425 2505 423 423 2506 421 421 2507 403 403 2508 402 402 2509 428 428 2510 402 402 2511 427 427 2512 428 428 2513 428 428 2514 427 427 2515 430 430 2516 427 427 2517 429 429 2518 430 430 2519 430 430 2520 429 429 2521 432 432 2522 429 429 2523 431 431 2524 432 432 2525 432 432 2526 431 431 2527 434 434 2528 431 431 2529 433 433 2530 434 434 2531 398 398 2532 403 403 2533 430 430 2534 403 403 2535 428 428 2536 430 430 2537 398 398 2538 430 430 2539 434 434 2540 430 430 2541 432 432 2542 434 434 2543 445 445 2544 394 394 2545 391 391 2546 394 394 2547 396 396 2548 391 391 2549 396 396 2550 404 404 2551 391 391 2552 404 404 2553 436 436 2554 391 391 2555 404 404 2556 405 405 2557 436 436 2558 405 405 2559 435 435 2560 436 436 2561 436 436 2562 435 435 2563 453 453 2564 435 435 2565 452 452 2566 453 453 2567 398 398 2568 434 434 2569 396 396 2570 434 434 2571 404 404 2572 396 396 2573 399 399 2574 401 401 2575 398 398 2576 401 401 2577 403 403 2578 398 398 2579 393 393 2580 394 394 2581 437 437 2582 394 394 2583 438 438 2584 437 437 2585 437 437 2586 438 438 2587 439 439 2588 438 438 2589 440 440 2590 439 439 2591 439 439 2592 440 440 2593 441 441 2594 440 440 2595 442 442 2596 441 441 2597 441 441 2598 442 442 2599 443 443 2600 442 442 2601 444 444 2602 443 443 2603 443 443 2604 444 444 2605 392 392 2606 444 444 2607 445 445 2608 392 392 2609 394 394 2610 445 445 2611 438 438 2612 445 445 2613 444 444 2614 438 438 2615 438 438 2616 444 444 2617 440 440 2618 444 444 2619 442 442 2620 440 440 2621 391 391 2622 436 436 2623 389 389 2624 436 436 2625 453 453 2626 389 389 2627 406 406 2628 407 407 2629 446 446 2630 407 407 2631 447 447 2632 446 446 2633 446 446 2634 447 447 2635 448 448 2636 447 447 2637 449 449 2638 448 448 2639 448 448 2640 449 449 2641 450 450 2642 449 449 2643 451 451 2644 450 450 2645 450 450 2646 451 451 2647 452 452 2648 451 451 2649 453 453 2650 452 452 2651 389 389 2652 449 449 2653 407 407 2654 449 449 2655 447 447 2656 407 407 2657 389 389 2658 453 453 2659 449 449 2660 453 453 2661 451 451 2662 449 449 2663 454 454 2664 455 455 2665 495 495 2666 455 455 2667 456 456 2668 495 495 2669 457 457 2670 454 454 2671 496 496 2672 454 454 2673 495 495 2674 496 496 2675 458 458 2676 457 457 2677 459 459 2678 457 457 2679 496 496 2680 459 459 2681 457 457 2682 458 458 2683 463 463 2684 458 458 2685 464 464 2686 463 463 2687 454 454 2688 457 457 2689 461 461 2690 457 457 2691 463 463 2692 461 461 2693 455 455 2694 454 454 2695 462 462 2696 454 454 2697 461 461 2698 462 462 2699 463 463 2700 464 464 2701 467 467 2702 464 464 2703 468 468 2704 467 467 2705 461 461 2706 463 463 2707 465 465 2708 463 463 2709 467 467 2710 465 465 2711 462 462 2712 461 461 2713 466 466 2714 461 461 2715 465 465 2716 466 466 2717 467 467 2718 468 468 2719 471 471 2720 468 468 2721 472 472 2722 471 471 2723 465 465 2724 467 467 2725 469 469 2726 467 467 2727 471 471 2728 469 469 2729 466 466 2730 465 465 2731 470 470 2732 465 465 2733 469 469 2734 470 470 2735 471 471 2736 472 472 2737 475 475 2738 472 472 2739 476 476 2740 475 475 2741 469 469 2742 471 471 2743 473 473 2744 471 471 2745 475 475 2746 473 473 2747 470 470 2748 469 469 2749 474 474 2750 469 469 2751 473 473 2752 474 474 2753 475 475 2754 476 476 2755 479 479 2756 476 476 2757 480 480 2758 479 479 2759 473 473 2760 475 475 2761 477 477 2762 475 475 2763 479 479 2764 477 477 2765 474 474 2766 473 473 2767 478 478 2768 473 473 2769 477 477 2770 478 478 2771 479 479 2772 480 480 2773 483 483 2774 480 480 2775 460 460 2776 483 483 2777 477 477 2778 479 479 2779 481 481 2780 479 479 2781 483 483 2782 481 481 2783 478 478 2784 477 477 2785 482 482 2786 477 477 2787 481 481 2788 482 482 2789 1164 1164 2790 851 851 2791 1161 1161 2792 851 851 2793 850 850 2794 1161 1161 2795 849 849 2796 1162 1162 2797 460 460 2798 1162 1162 2799 483 483 2800 460 460 2801 481 481 2802 483 483 2803 1163 1163 2804 483 483 2805 1162 1162 2806 1163 1163 2807 482 482 2808 481 481 2809 852 852 2810 481 481 2811 1163 1163 2812 852 852 2813 1143 1143 2814 1144 1144 2815 490 490 2816 1141 1141 2817 1143 1143 2818 489 489 2819 1143 1143 2820 490 490 2821 489 489 2822 1142 1142 2823 1141 1141 2824 488 488 2825 1141 1141 2826 489 489 2827 488 488 2828 490 490 2829 1144 1144 2830 493 493 2831 1144 1144 2832 494 494 2833 493 493 2834 489 489 2835 490 490 2836 492 492 2837 490 490 2838 493 493 2839 492 492 2840 488 488 2841 489 489 2842 491 491 2843 489 489 2844 492 492 2845 491 491 2846 493 493 2847 494 494 2848 496 496 2849 494 494 2850 459 459 2851 496 496 2852 492 492 2853 493 493 2854 495 495 2855 493 493 2856 496 496 2857 495 495 2858 491 491 2859 492 492 2860 456 456 2861 492 492 2862 495 495 2863 456 456 2864 497 497 2865 498 498 2866 526 526 2867 498 498 2868 527 527 2869 526 526 2870 524 524 2871 525 525 2872 504 504 2873 525 525 2874 503 503 2875 504 504 2876 505 505 2877 569 569 2878 584 584 2879 569 569 2880 506 506 2881 584 584 2882 508 508 2883 507 507 2884 510 510 2885 507 507 2886 509 509 2887 510 510 2888 512 512 2889 511 511 2890 514 514 2891 511 511 2892 1145 1145 2893 514 514 2894 514 514 2895 513 513 2896 515 515 2897 513 513 2898 568 568 2899 515 515 2900 504 504 2901 497 497 2902 524 524 2903 497 497 2904 526 526 2905 524 524 2906 501 501 2907 502 502 2908 516 516 2909 502 502 2910 517 517 2911 516 516 2912 516 516 2913 517 517 2914 518 518 2915 517 517 2916 519 519 2917 518 518 2918 518 518 2919 519 519 2920 520 520 2921 519 519 2922 521 521 2923 520 520 2924 520 520 2925 521 521 2926 522 522 2927 521 521 2928 523 523 2929 522 522 2930 522 522 2931 523 523 2932 499 499 2933 523 523 2934 500 500 2935 499 499 2936 502 502 2937 500 500 2938 517 517 2939 500 500 2940 523 523 2941 517 517 2942 517 517 2943 523 523 2944 519 519 2945 523 523 2946 521 521 2947 519 519 2948 527 527 2949 531 531 2950 526 526 2951 531 531 2952 530 530 2953 526 526 2954 526 526 2955 530 530 2956 524 524 2957 530 530 2958 528 528 2959 524 524 2960 524 524 2961 528 528 2962 525 525 2963 528 528 2964 529 529 2965 525 525 2966 531 531 2967 535 535 2968 530 530 2969 535 535 2970 534 534 2971 530 530 2972 530 530 2973 534 534 2974 528 528 2975 534 534 2976 532 532 2977 528 528 2978 528 528 2979 532 532 2980 529 529 2981 532 532 2982 533 533 2983 529 529 2984 535 535 2985 539 539 2986 534 534 2987 539 539 2988 538 538 2989 534 534 2990 534 534 2991 538 538 2992 532 532 2993 538 538 2994 536 536 2995 532 532 2996 532 532 2997 536 536 2998 533 533 2999 536 536 3000 537 537 3001 533 533 3002 539 539 3003 543 543 3004 538 538 3005 543 543 3006 542 542 3007 538 538 3008 538 538 3009 542 542 3010 536 536 3011 542 542 3012 540 540 3013 536 536 3014 536 536 3015 540 540 3016 537 537 3017 540 540 3018 541 541 3019 537 537 3020 543 543 3021 547 547 3022 542 542 3023 547 547 3024 546 546 3025 542 542 3026 542 542 3027 546 546 3028 540 540 3029 546 546 3030 544 544 3031 540 540 3032 540 540 3033 544 544 3034 541 541 3035 544 544 3036 545 545 3037 541 541 3038 545 545 3039 544 544 3040 501 501 3041 544 544 3042 502 502 3043 501 501 3044 544 544 3045 546 546 3046 502 502 3047 546 546 3048 500 500 3049 502 502 3050 546 546 3051 547 547 3052 500 500 3053 547 547 3054 499 499 3055 500 500 3056 497 497 3057 504 504 3058 548 548 3059 504 504 3060 551 551 3061 548 548 3062 504 504 3063 503 503 3064 551 551 3065 503 503 3066 550 550 3067 551 551 3068 498 498 3069 497 497 3070 549 549 3071 497 497 3072 548 548 3073 549 549 3074 548 548 3075 551 551 3076 552 552 3077 551 551 3078 555 555 3079 552 552 3080 551 551 3081 550 550 3082 555 555 3083 550 550 3084 554 554 3085 555 555 3086 549 549 3087 548 548 3088 553 553 3089 548 548 3090 552 552 3091 553 553 3092 552 552 3093 555 555 3094 556 556 3095 555 555 3096 559 559 3097 556 556 3098 555 555 3099 554 554 3100 559 559 3101 554 554 3102 558 558 3103 559 559 3104 553 553 3105 552 552 3106 557 557 3107 552 552 3108 556 556 3109 557 557 3110 556 556 3111 559 559 3112 560 560 3113 559 559 3114 563 563 3115 560 560 3116 559 559 3117 558 558 3118 563 563 3119 558 558 3120 562 562 3121 563 563 3122 557 557 3123 556 556 3124 561 561 3125 556 556 3126 560 560 3127 561 561 3128 560 560 3129 563 563 3130 564 564 3131 563 563 3132 567 567 3133 564 564 3134 563 563 3135 562 562 3136 567 567 3137 562 562 3138 566 566 3139 567 567 3140 561 561 3141 560 560 3142 565 565 3143 560 560 3144 564 564 3145 565 565 3146 564 564 3147 567 567 3148 515 515 3149 567 567 3150 505 505 3151 515 515 3152 567 567 3153 566 566 3154 505 505 3155 566 566 3156 569 569 3157 505 505 3158 565 565 3159 564 564 3160 568 568 3161 564 564 3162 515 515 3163 568 568 3164 511 511 3165 512 512 3166 570 570 3167 512 512 3168 571 571 3169 570 570 3170 570 570 3171 571 571 3172 572 572 3173 571 571 3174 573 573 3175 572 572 3176 572 572 3177 573 573 3178 574 574 3179 573 573 3180 575 575 3181 574 574 3182 574 574 3183 575 575 3184 576 576 3185 575 575 3186 577 577 3187 576 576 3188 576 576 3189 577 577 3190 509 509 3191 577 577 3192 510 510 3193 509 509 3194 512 512 3195 510 510 3196 571 571 3197 510 510 3198 577 577 3199 571 571 3200 571 571 3201 577 577 3202 573 573 3203 577 577 3204 575 575 3205 573 573 3206 507 507 3207 508 508 3208 578 578 3209 508 508 3210 579 579 3211 578 578 3212 578 578 3213 579 579 3214 580 580 3215 579 579 3216 581 581 3217 580 580 3218 580 580 3219 581 581 3220 582 582 3221 581 581 3222 583 583 3223 582 582 3224 582 582 3225 583 583 3226 506 506 3227 583 583 3228 584 584 3229 506 506 3230 583 583 3231 581 581 3232 584 584 3233 581 581 3234 514 514 3235 584 584 3236 514 514 3237 581 581 3238 508 508 3239 581 581 3240 579 579 3241 508 508 3242 508 508 3243 510 510 3244 514 514 3245 510 510 3246 512 512 3247 514 514 3248 515 515 3249 505 505 3250 514 514 3251 505 505 3252 584 584 3253 514 514 3254 596 596 3255 595 595 3256 593 593 3257 595 595 3258 594 594 3259 593 593 3260 597 597 3261 598 598 3262 596 596 3263 598 598 3264 595 595 3265 596 596 3266 612 612 3267 611 611 3268 589 589 3269 611 611 3270 590 590 3271 589 589 3272 585 585 3273 586 586 3274 588 588 3275 586 586 3276 1146 1146 3277 588 588 3278 588 588 3279 587 587 3280 590 590 3281 587 587 3282 589 589 3283 590 590 3284 593 593 3285 594 594 3286 592 592 3287 594 594 3288 591 591 3289 592 592 3290 598 598 3291 597 597 3292 620 620 3293 597 597 3294 619 619 3295 620 620 3296 600 600 3297 599 599 3298 609 609 3299 599 599 3300 610 610 3301 609 609 3302 598 598 3303 590 590 3304 595 595 3305 590 590 3306 611 611 3307 595 595 3308 592 592 3309 591 591 3310 612 612 3311 591 591 3312 611 611 3313 612 612 3314 590 590 3315 598 598 3316 588 588 3317 598 598 3318 620 620 3319 588 588 3320 586 586 3321 585 585 3322 602 602 3323 585 585 3324 601 601 3325 602 602 3326 602 602 3327 601 601 3328 604 604 3329 601 601 3330 603 603 3331 604 604 3332 604 604 3333 603 603 3334 606 606 3335 603 603 3336 605 605 3337 606 606 3338 606 606 3339 605 605 3340 608 608 3341 605 605 3342 607 607 3343 608 608 3344 608 608 3345 607 607 3346 610 610 3347 607 607 3348 609 609 3349 610 610 3350 585 585 3351 609 609 3352 601 601 3353 609 609 3354 607 607 3355 601 601 3356 601 601 3357 607 607 3358 603 603 3359 607 607 3360 605 605 3361 603 603 3362 591 591 3363 594 594 3364 611 611 3365 594 594 3366 595 595 3367 611 611 3368 599 599 3369 600 600 3370 613 613 3371 600 600 3372 614 614 3373 613 613 3374 613 613 3375 614 614 3376 615 615 3377 614 614 3378 616 616 3379 615 615 3380 615 615 3381 616 616 3382 617 617 3383 616 616 3384 618 618 3385 617 617 3386 617 617 3387 618 618 3388 619 619 3389 618 618 3390 620 620 3391 619 619 3392 588 588 3393 620 620 3394 616 616 3395 620 620 3396 618 618 3397 616 616 3398 588 588 3399 616 616 3400 600 600 3401 616 616 3402 614 614 3403 600 600 3404 588 588 3405 600 600 3406 585 585 3407 600 600 3408 609 609 3409 585 585 3410 621 621 3411 622 622 3412 624 624 3413 622 622 3414 1147 1147 3415 624 624 3416 624 624 3417 623 623 3418 626 626 3419 623 623 3420 1148 1148 3421 626 626 3422 626 626 3423 625 625 3424 680 680 3425 625 625 3426 627 627 3427 680 680 3428 629 629 3429 628 628 3430 631 631 3431 628 628 3432 1149 1149 3433 631 631 3434 631 631 3435 630 630 3436 633 633 3437 630 630 3438 1150 1150 3439 633 633 3440 633 633 3441 632 632 3442 634 634 3443 632 632 3444 661 661 3445 634 634 3446 636 636 3447 635 635 3448 638 638 3449 635 635 3450 637 637 3451 638 638 3452 669 669 3453 668 668 3454 639 639 3455 668 668 3456 640 640 3457 639 639 3458 642 642 3459 641 641 3460 644 644 3461 641 641 3462 643 643 3463 644 644 3464 646 646 3465 645 645 3466 643 643 3467 645 645 3468 644 644 3469 643 643 3470 647 647 3471 648 648 3472 646 646 3473 648 648 3474 645 645 3475 646 646 3476 622 622 3477 621 621 3478 651 651 3479 621 621 3480 652 652 3481 651 651 3482 649 649 3483 652 652 3484 648 648 3485 652 652 3486 645 645 3487 648 648 3488 650 650 3489 649 649 3490 647 647 3491 649 649 3492 648 648 3493 647 647 3494 624 624 3495 642 642 3496 621 621 3497 642 642 3498 644 644 3499 621 621 3500 651 651 3501 652 652 3502 650 650 3503 652 652 3504 649 649 3505 650 650 3506 645 645 3507 652 652 3508 644 644 3509 652 652 3510 621 621 3511 644 644 3512 635 635 3513 636 636 3514 653 653 3515 636 636 3516 654 654 3517 653 653 3518 653 653 3519 654 654 3520 655 655 3521 654 654 3522 656 656 3523 655 655 3524 655 655 3525 656 656 3526 657 657 3527 656 656 3528 658 658 3529 657 657 3530 657 657 3531 658 658 3532 659 659 3533 658 658 3534 660 660 3535 659 659 3536 659 659 3537 660 660 3538 661 661 3539 660 660 3540 634 634 3541 661 661 3542 636 636 3543 634 634 3544 654 654 3545 634 634 3546 660 660 3547 654 654 3548 654 654 3549 660 660 3550 656 656 3551 660 660 3552 658 658 3553 656 656 3554 638 638 3555 637 637 3556 663 663 3557 637 637 3558 662 662 3559 663 663 3560 663 663 3561 662 662 3562 665 665 3563 662 662 3564 664 664 3565 665 665 3566 665 665 3567 664 664 3568 667 667 3569 664 664 3570 666 666 3571 667 667 3572 667 667 3573 666 666 3574 669 669 3575 666 666 3576 668 668 3577 669 669 3578 633 633 3579 638 638 3580 665 665 3581 638 638 3582 663 663 3583 665 665 3584 633 633 3585 665 665 3586 669 669 3587 665 665 3588 667 667 3589 669 669 3590 680 680 3591 629 629 3592 626 626 3593 629 629 3594 631 631 3595 626 626 3596 631 631 3597 639 639 3598 626 626 3599 639 639 3600 671 671 3601 626 626 3602 639 639 3603 640 640 3604 671 671 3605 640 640 3606 670 670 3607 671 671 3608 671 671 3609 670 670 3610 688 688 3611 670 670 3612 687 687 3613 688 688 3614 633 633 3615 669 669 3616 631 631 3617 669 669 3618 639 639 3619 631 631 3620 634 634 3621 636 636 3622 633 633 3623 636 636 3624 638 638 3625 633 633 3626 628 628 3627 629 629 3628 672 672 3629 629 629 3630 673 673 3631 672 672 3632 672 672 3633 673 673 3634 674 674 3635 673 673 3636 675 675 3637 674 674 3638 674 674 3639 675 675 3640 676 676 3641 675 675 3642 677 677 3643 676 676 3644 676 676 3645 677 677 3646 678 678 3647 677 677 3648 679 679 3649 678 678 3650 678 678 3651 679 679 3652 627 627 3653 679 679 3654 680 680 3655 627 627 3656 629 629 3657 680 680 3658 673 673 3659 680 680 3660 679 679 3661 673 673 3662 673 673 3663 679 679 3664 675 675 3665 679 679 3666 677 677 3667 675 675 3668 626 626 3669 671 671 3670 624 624 3671 671 671 3672 688 688 3673 624 624 3674 641 641 3675 642 642 3676 681 681 3677 642 642 3678 682 682 3679 681 681 3680 681 681 3681 682 682 3682 683 683 3683 682 682 3684 684 684 3685 683 683 3686 683 683 3687 684 684 3688 685 685 3689 684 684 3690 686 686 3691 685 685 3692 685 685 3693 686 686 3694 687 687 3695 686 686 3696 688 688 3697 687 687 3698 624 624 3699 684 684 3700 642 642 3701 684 684 3702 682 682 3703 642 642 3704 624 624 3705 688 688 3706 684 684 3707 688 688 3708 686 686 3709 684 684 3710 691 691 3711 1159 1159 3712 692 692 3713 1159 1159 3714 1158 1158 3715 692 692 3716 690 690 3717 1160 1160 3718 691 691 3719 1160 1160 3720 1159 1159 3721 691 691 3722 848 848 3723 845 845 3724 847 847 3725 845 845 3726 846 846 3727 847 847 3728 1155 1155 3729 689 689 3730 1151 1151 3731 689 689 3732 715 715 3733 1151 1151 3734 1152 1152 3735 1151 1151 3736 716 716 3737 1151 1151 3738 715 715 3739 716 716 3740 843 843 3741 844 844 3742 842 842 3743 844 844 3744 841 841 3745 842 842 3746 1157 1157 3747 694 694 3748 1158 1158 3749 694 694 3750 692 692 3751 1158 1158 3752 1152 1152 3753 716 716 3754 1156 1156 3755 716 716 3756 693 693 3757 1156 1156 3758 692 692 3759 694 694 3760 697 697 3761 694 694 3762 698 698 3763 697 697 3764 691 691 3765 692 692 3766 696 696 3767 692 692 3768 697 697 3769 696 696 3770 690 690 3771 691 691 3772 695 695 3773 691 691 3774 696 696 3775 695 695 3776 697 697 3777 698 698 3778 701 701 3779 698 698 3780 702 702 3781 701 701 3782 696 696 3783 697 697 3784 700 700 3785 697 697 3786 701 701 3787 700 700 3788 695 695 3789 696 696 3790 699 699 3791 696 696 3792 700 700 3793 699 699 3794 701 701 3795 702 702 3796 705 705 3797 702 702 3798 706 706 3799 705 705 3800 700 700 3801 701 701 3802 704 704 3803 701 701 3804 705 705 3805 704 704 3806 699 699 3807 700 700 3808 703 703 3809 700 700 3810 704 704 3811 703 703 3812 705 705 3813 706 706 3814 709 709 3815 706 706 3816 710 710 3817 709 709 3818 704 704 3819 705 705 3820 708 708 3821 705 705 3822 709 709 3823 708 708 3824 703 703 3825 704 704 3826 707 707 3827 704 704 3828 708 708 3829 707 707 3830 709 709 3831 710 710 3832 713 713 3833 710 710 3834 714 714 3835 713 713 3836 708 708 3837 709 709 3838 712 712 3839 709 709 3840 713 713 3841 712 712 3842 707 707 3843 708 708 3844 711 711 3845 708 708 3846 712 712 3847 711 711 3848 713 713 3849 714 714 3850 716 716 3851 714 714 3852 693 693 3853 716 716 3854 712 712 3855 713 713 3856 715 715 3857 713 713 3858 716 716 3859 715 715 3860 711 711 3861 712 712 3862 689 689 3863 712 712 3864 715 715 3865 689 689 3866 717 717 3867 718 718 3868 746 746 3869 718 718 3870 747 747 3871 746 746 3872 744 744 3873 745 745 3874 724 724 3875 745 745 3876 723 723 3877 724 724 3878 725 725 3879 789 789 3880 804 804 3881 789 789 3882 726 726 3883 804 804 3884 728 728 3885 727 727 3886 730 730 3887 727 727 3888 729 729 3889 730 730 3890 732 732 3891 731 731 3892 734 734 3893 731 731 3894 1153 1153 3895 734 734 3896 734 734 3897 733 733 3898 735 735 3899 733 733 3900 788 788 3901 735 735 3902 724 724 3903 717 717 3904 744 744 3905 717 717 3906 746 746 3907 744 744 3908 721 721 3909 722 722 3910 736 736 3911 722 722 3912 737 737 3913 736 736 3914 736 736 3915 737 737 3916 738 738 3917 737 737 3918 739 739 3919 738 738 3920 738 738 3921 739 739 3922 740 740 3923 739 739 3924 741 741 3925 740 740 3926 740 740 3927 741 741 3928 742 742 3929 741 741 3930 743 743 3931 742 742 3932 742 742 3933 743 743 3934 719 719 3935 743 743 3936 720 720 3937 719 719 3938 722 722 3939 720 720 3940 737 737 3941 720 720 3942 743 743 3943 737 737 3944 737 737 3945 743 743 3946 739 739 3947 743 743 3948 741 741 3949 739 739 3950 747 747 3951 751 751 3952 746 746 3953 751 751 3954 750 750 3955 746 746 3956 746 746 3957 750 750 3958 744 744 3959 750 750 3960 748 748 3961 744 744 3962 744 744 3963 748 748 3964 745 745 3965 748 748 3966 749 749 3967 745 745 3968 751 751 3969 755 755 3970 750 750 3971 755 755 3972 754 754 3973 750 750 3974 750 750 3975 754 754 3976 748 748 3977 754 754 3978 752 752 3979 748 748 3980 748 748 3981 752 752 3982 749 749 3983 752 752 3984 753 753 3985 749 749 3986 755 755 3987 759 759 3988 754 754 3989 759 759 3990 758 758 3991 754 754 3992 754 754 3993 758 758 3994 752 752 3995 758 758 3996 756 756 3997 752 752 3998 752 752 3999 756 756 4000 753 753 4001 756 756 4002 757 757 4003 753 753 4004 759 759 4005 763 763 4006 758 758 4007 763 763 4008 762 762 4009 758 758 4010 758 758 4011 762 762 4012 756 756 4013 762 762 4014 760 760 4015 756 756 4016 756 756 4017 760 760 4018 757 757 4019 760 760 4020 761 761 4021 757 757 4022 763 763 4023 767 767 4024 762 762 4025 767 767 4026 766 766 4027 762 762 4028 762 762 4029 766 766 4030 760 760 4031 766 766 4032 764 764 4033 760 760 4034 760 760 4035 764 764 4036 761 761 4037 764 764 4038 765 765 4039 761 761 4040 765 765 4041 764 764 4042 721 721 4043 764 764 4044 722 722 4045 721 721 4046 764 764 4047 766 766 4048 722 722 4049 766 766 4050 720 720 4051 722 722 4052 766 766 4053 767 767 4054 720 720 4055 767 767 4056 719 719 4057 720 720 4058 717 717 4059 724 724 4060 768 768 4061 724 724 4062 771 771 4063 768 768 4064 724 724 4065 723 723 4066 771 771 4067 723 723 4068 770 770 4069 771 771 4070 718 718 4071 717 717 4072 769 769 4073 717 717 4074 768 768 4075 769 769 4076 768 768 4077 771 771 4078 772 772 4079 771 771 4080 775 775 4081 772 772 4082 771 771 4083 770 770 4084 775 775 4085 770 770 4086 774 774 4087 775 775 4088 769 769 4089 768 768 4090 773 773 4091 768 768 4092 772 772 4093 773 773 4094 772 772 4095 775 775 4096 776 776 4097 775 775 4098 779 779 4099 776 776 4100 775 775 4101 774 774 4102 779 779 4103 774 774 4104 778 778 4105 779 779 4106 773 773 4107 772 772 4108 777 777 4109 772 772 4110 776 776 4111 777 777 4112 776 776 4113 779 779 4114 780 780 4115 779 779 4116 783 783 4117 780 780 4118 779 779 4119 778 778 4120 783 783 4121 778 778 4122 782 782 4123 783 783 4124 777 777 4125 776 776 4126 781 781 4127 776 776 4128 780 780 4129 781 781 4130 780 780 4131 783 783 4132 784 784 4133 783 783 4134 787 787 4135 784 784 4136 783 783 4137 782 782 4138 787 787 4139 782 782 4140 786 786 4141 787 787 4142 781 781 4143 780 780 4144 785 785 4145 780 780 4146 784 784 4147 785 785 4148 784 784 4149 787 787 4150 735 735 4151 787 787 4152 725 725 4153 735 735 4154 787 787 4155 786 786 4156 725 725 4157 786 786 4158 789 789 4159 725 725 4160 785 785 4161 784 784 4162 788 788 4163 784 784 4164 735 735 4165 788 788 4166 731 731 4167 732 732 4168 790 790 4169 732 732 4170 791 791 4171 790 790 4172 790 790 4173 791 791 4174 792 792 4175 791 791 4176 793 793 4177 792 792 4178 792 792 4179 793 793 4180 794 794 4181 793 793 4182 795 795 4183 794 794 4184 794 794 4185 795 795 4186 796 796 4187 795 795 4188 797 797 4189 796 796 4190 796 796 4191 797 797 4192 729 729 4193 797 797 4194 730 730 4195 729 729 4196 732 732 4197 730 730 4198 791 791 4199 730 730 4200 797 797 4201 791 791 4202 791 791 4203 797 797 4204 793 793 4205 797 797 4206 795 795 4207 793 793 4208 727 727 4209 728 728 4210 798 798 4211 728 728 4212 799 799 4213 798 798 4214 798 798 4215 799 799 4216 800 800 4217 799 799 4218 801 801 4219 800 800 4220 800 800 4221 801 801 4222 802 802 4223 801 801 4224 803 803 4225 802 802 4226 802 802 4227 803 803 4228 726 726 4229 803 803 4230 804 804 4231 726 726 4232 803 803 4233 801 801 4234 804 804 4235 801 801 4236 734 734 4237 804 804 4238 734 734 4239 801 801 4240 728 728 4241 801 801 4242 799 799 4243 728 728 4244 728 728 4245 730 730 4246 734 734 4247 730 730 4248 732 732 4249 734 734 4250 735 735 4251 725 725 4252 734 734 4253 725 725 4254 804 804 4255 734 734 4256 816 816 4257 815 815 4258 813 813 4259 815 815 4260 814 814 4261 813 813 4262 817 817 4263 818 818 4264 816 816 4265 818 818 4266 815 815 4267 816 816 4268 832 832 4269 831 831 4270 809 809 4271 831 831 4272 810 810 4273 809 809 4274 805 805 4275 806 806 4276 808 808 4277 806 806 4278 1154 1154 4279 808 808 4280 808 808 4281 807 807 4282 810 810 4283 807 807 4284 809 809 4285 810 810 4286 813 813 4287 814 814 4288 812 812 4289 814 814 4290 811 811 4291 812 812 4292 818 818 4293 817 817 4294 840 840 4295 817 817 4296 839 839 4297 840 840 4298 820 820 4299 819 819 4300 829 829 4301 819 819 4302 830 830 4303 829 829 4304 818 818 4305 810 810 4306 815 815 4307 810 810 4308 831 831 4309 815 815 4310 812 812 4311 811 811 4312 832 832 4313 811 811 4314 831 831 4315 832 832 4316 810 810 4317 818 818 4318 808 808 4319 818 818 4320 840 840 4321 808 808 4322 806 806 4323 805 805 4324 822 822 4325 805 805 4326 821 821 4327 822 822 4328 822 822 4329 821 821 4330 824 824 4331 821 821 4332 823 823 4333 824 824 4334 824 824 4335 823 823 4336 826 826 4337 823 823 4338 825 825 4339 826 826 4340 826 826 4341 825 825 4342 828 828 4343 825 825 4344 827 827 4345 828 828 4346 828 828 4347 827 827 4348 830 830 4349 827 827 4350 829 829 4351 830 830 4352 805 805 4353 829 829 4354 821 821 4355 829 829 4356 827 827 4357 821 821 4358 821 821 4359 827 827 4360 823 823 4361 827 827 4362 825 825 4363 823 823 4364 811 811 4365 814 814 4366 831 831 4367 814 814 4368 815 815 4369 831 831 4370 819 819 4371 820 820 4372 833 833 4373 820 820 4374 834 834 4375 833 833 4376 833 833 4377 834 834 4378 835 835 4379 834 834 4380 836 836 4381 835 835 4382 835 835 4383 836 836 4384 837 837 4385 836 836 4386 838 838 4387 837 837 4388 837 837 4389 838 838 4390 839 839 4391 838 838 4392 840 840 4393 839 839 4394 808 808 4395 840 840 4396 836 836 4397 840 840 4398 838 838 4399 836 836 4400 808 808 4401 836 836 4402 820 820 4403 836 836 4404 834 834 4405 820 820 4406 808 808 4407 820 820 4408 805 805 4409 820 820 4410 829 829 4411 805 805 4412 484 484 4413 487 487 4414 485 485 4415 487 487 4416 486 486 4417 485 485 4418 1201 1201 4419 1205 1205 4420 1223 1223 4421 1205 1205 4422 1220 1220 4423 1223 1223 4424 1169 1169 4425 1170 1170 4426 1171 1171 4427 1170 1170 4428 1173 1173 4429 1171 1171 4430 1170 1170 4431 1168 1168 4432 1173 1173 4433 1168 1168 4434 1172 1172 4435 1173 1173 4436 1175 1175 4437 1176 1176 4438 1177 1177 4439 1176 1176 4440 1179 1179 4441 1177 1177 4442 1176 1176 4443 1174 1174 4444 1179 1179 4445 1174 1174 4446 1178 1178 4447 1179 1179 4448 1190 1190 4449 1191 1191 4450 1192 1192 4451 1191 1191 4452 1194 1194 4453 1192 1192 4454 1191 1191 4455 1189 1189 4456 1194 1194 4457 1189 1189 4458 1193 1193 4459 1194 1194 4460 1177 1177 4461 1179 1179 4462 1180 1180 4463 1179 1179 4464 1182 1182 4465 1180 1180 4466 1179 1179 4467 1178 1178 4468 1182 1182 4469 1178 1178 4470 1181 1181 4471 1182 1182 4472 1180 1180 4473 1182 1182 4474 1183 1183 4475 1182 1182 4476 1185 1185 4477 1183 1183 4478 1182 1182 4479 1181 1181 4480 1185 1185 4481 1181 1181 4482 1184 1184 4483 1185 1185 4484 1192 1192 4485 1194 1194 4486 1195 1195 4487 1194 1194 4488 1197 1197 4489 1195 1195 4490 1194 1194 4491 1193 1193 4492 1197 1197 4493 1193 1193 4494 1196 1196 4495 1197 1197 4496 1195 1195 4497 1197 1197 4498 1198 1198 4499 1197 1197 4500 1200 1200 4501 1198 1198 4502 1197 1197 4503 1196 1196 4504 1200 1200 4505 1196 1196 4506 1199 1199 4507 1200 1200 4508 1205 1205 4509 1206 1206 4510 1207 1207 4511 1206 1206 4512 1209 1209 4513 1207 1207 4514 1206 1206 4515 1204 1204 4516 1209 1209 4517 1204 1204 4518 1208 1208 4519 1209 1209 4520 1183 1183 4521 1185 1185 4522 1186 1186 4523 1185 1185 4524 1188 1188 4525 1186 1186 4526 1185 1185 4527 1184 1184 4528 1188 1188 4529 1184 1184 4530 1187 1187 4531 1188 1188 4532 1186 1186 4533 1188 1188 4534 1190 1190 4535 1188 1188 4536 1191 1191 4537 1190 1190 4538 1188 1188 4539 1187 1187 4540 1191 1191 4541 1187 1187 4542 1189 1189 4543 1191 1191 4544 1198 1198 4545 1200 1200 4546 1201 1201 4547 1200 1200 4548 1203 1203 4549 1201 1201 4550 1200 1200 4551 1199 1199 4552 1203 1203 4553 1199 1199 4554 1202 1202 4555 1203 1203 4556 1201 1201 4557 1203 1203 4558 1205 1205 4559 1203 1203 4560 1206 1206 4561 1205 1205 4562 1203 1203 4563 1202 1202 4564 1206 1206 4565 1202 1202 4566 1204 1204 4567 1206 1206 4568 1207 1207 4569 1209 1209 4570 1210 1210 4571 1209 1209 4572 1212 1212 4573 1210 1210 4574 1209 1209 4575 1208 1208 4576 1212 1212 4577 1208 1208 4578 1211 1211 4579 1212 1212 4580 1171 1171 4581 1173 1173 4582 1175 1175 4583 1173 1173 4584 1176 1176 4585 1175 1175 4586 1173 1173 4587 1172 1172 4588 1176 1176 4589 1172 1172 4590 1174 1174 4591 1176 1176 4592 1210 1210 4593 1212 1212 4594 1165 1165 4595 1212 1212 4596 1167 1167 4597 1165 1165 4598 1212 1212 4599 1211 1211 4600 1167 1167 4601 1211 1211 4602 1166 1166 4603 1167 1167 4604 1165 1165 4605 1167 1167 4606 1169 1169 4607 1167 1167 4608 1170 1170 4609 1169 1169 4610 1167 1167 4611 1166 1166 4612 1170 1170 4613 1166 1166 4614 1168 1168 4615 1170 1170 4616 1217 1217 4617 1213 1213 4618 1218 1218 4619 1213 1213 4620 1215 1215 4621 1218 1218 4622 1218 1218 4623 1215 1215 4624 1216 1216 4625 1215 1215 4626 1214 1214 4627 1216 1216 4628 1220 1220 4629 1217 1217 4630 1221 1221 4631 1217 1217 4632 1218 1218 4633 1221 1221 4634 1221 1221 4635 1218 1218 4636 1219 1219 4637 1218 1218 4638 1216 1216 4639 1219 1219 4640 1223 1223 4641 1220 1220 4642 1224 1224 4643 1220 1220 4644 1221 1221 4645 1224 1224 4646 1224 1224 4647 1221 1221 4648 1222 1222 4649 1221 1221 4650 1219 1219 4651 1222 1222 4652 1226 1226 4653 1223 1223 4654 1227 1227 4655 1223 1223 4656 1224 1224 4657 1227 1227 4658 1227 1227 4659 1224 1224 4660 1225 1225 4661 1224 1224 4662 1222 1222 4663 1225 1225 4664 1229 1229 4665 1226 1226 4666 1230 1230 4667 1226 1226 4668 1227 1227 4669 1230 1230 4670 1230 1230 4671 1227 1227 4672 1228 1228 4673 1227 1227 4674 1225 1225 4675 1228 1228 4676 1232 1232 4677 1229 1229 4678 1233 1233 4679 1229 1229 4680 1230 1230 4681 1233 1233 4682 1233 1233 4683 1230 1230 4684 1231 1231 4685 1230 1230 4686 1228 1228 4687 1231 1231 4688 1235 1235 4689 1232 1232 4690 1236 1236 4691 1232 1232 4692 1233 1233 4693 1236 1236 4694 1236 1236 4695 1233 1233 4696 1234 1234 4697 1233 1233 4698 1231 1231 4699 1234 1234 4700 1238 1238 4701 1235 1235 4702 1239 1239 4703 1235 1235 4704 1236 1236 4705 1239 1239 4706 1239 1239 4707 1236 1236 4708 1237 1237 4709 1236 1236 4710 1234 1234 4711 1237 1237 4712 1241 1241 4713 1238 1238 4714 1242 1242 4715 1238 1238 4716 1239 1239 4717 1242 1242 4718 1242 1242 4719 1239 1239 4720 1240 1240 4721 1239 1239 4722 1237 1237 4723 1240 1240 4724 1244 1244 4725 1241 1241 4726 1245 1245 4727 1241 1241 4728 1242 1242 4729 1245 1245 4730 1245 1245 4731 1242 1242 4732 1243 1243 4733 1242 1242 4734 1240 1240 4735 1243 1243 4736 1247 1247 4737 1244 1244 4738 1248 1248 4739 1244 1244 4740 1245 1245 4741 1248 1248 4742 1248 1248 4743 1245 1245 4744 1246 1246 4745 1245 1245 4746 1243 1243 4747 1246 1246 4748 1250 1250 4749 1247 1247 4750 1251 1251 4751 1247 1247 4752 1248 1248 4753 1251 1251 4754 1251 1251 4755 1248 1248 4756 1249 1249 4757 1248 1248 4758 1246 1246 4759 1249 1249 4760 1253 1253 4761 1250 1250 4762 1254 1254 4763 1250 1250 4764 1251 1251 4765 1254 1254 4766 1254 1254 4767 1251 1251 4768 1252 1252 4769 1251 1251 4770 1249 1249 4771 1252 1252 4772 1256 1256 4773 1253 1253 4774 1257 1257 4775 1253 1253 4776 1254 1254 4777 1257 1257 4778 1257 1257 4779 1254 1254 4780 1255 1255 4781 1254 1254 4782 1252 1252 4783 1255 1255 4784 1259 1259 4785 1256 1256 4786 1260 1260 4787 1256 1256 4788 1257 1257 4789 1260 1260 4790 1260 1260 4791 1257 1257 4792 1258 1258 4793 1257 1257 4794 1255 1255 4795 1258 1258 4796 1213 1213 4797 1259 1259 4798 1215 1215 4799 1259 1259 4800 1260 1260 4801 1215 1215 4802 1215 1215 4803 1260 1260 4804 1214 1214 4805 1260 1260 4806 1258 1258 4807 1214 1214 4808 1180 1180 4809 1183 1183 4810 1244 1244 4811 1183 1183 4812 1241 1241 4813 1244 1244 4814 1205 1205 4815 1207 1207 4816 1220 1220 4817 1207 1207 4818 1217 1217 4819 1220 1220 4820 1183 1183 4821 1186 1186 4822 1241 1241 4823 1186 1186 4824 1238 1238 4825 1241 1241 4826 1213 1213 4827 1210 1210 4828 1259 1259 4829 1210 1210 4830 1165 1165 4831 1259 1259 4832 1207 1207 4833 1210 1210 4834 1217 1217 4835 1210 1210 4836 1213 1213 4837 1217 1217 4838 1186 1186 4839 1190 1190 4840 1238 1238 4841 1190 1190 4842 1235 1235 4843 1238 1238 4844 1259 1259 4845 1165 1165 4846 1256 1256 4847 1165 1165 4848 1169 1169 4849 1256 1256 4850 1190 1190 4851 1192 1192 4852 1235 1235 4853 1192 1192 4854 1232 1232 4855 1235 1235 4856 1169 1169 4857 1171 1171 4858 1256 1256 4859 1171 1171 4860 1253 1253 4861 1256 1256 4862 1192 1192 4863 1195 1195 4864 1232 1232 4865 1195 1195 4866 1229 1229 4867 1232 1232 4868 1171 1171 4869 1175 1175 4870 1253 1253 4871 1175 1175 4872 1250 1250 4873 1253 1253 4874 1195 1195 4875 1198 1198 4876 1229 1229 4877 1198 1198 4878 1226 1226 4879 1229 1229 4880 1175 1175 4881 1177 1177 4882 1250 1250 4883 1177 1177 4884 1247 1247 4885 1250 1250 4886 1198 1198 4887 1201 1201 4888 1226 1226 4889 1201 1201 4890 1223 1223 4891 1226 1226 4892 1177 1177 4893 1180 1180 4894 1247 1247 4895 1180 1180 4896 1244 1244 4897 1247 1247 4898 1299 1299 4899 1302 1302 4900 1268 1268 4901 1302 1302 4902 1269 1269 4903 1268 1268 4904 1199 1199 4905 1196 1196 4906 1289 1289 4907 1196 1196 4908 1292 1292 4909 1289 1289 4910 1314 1314 4911 1317 1317 4912 1273 1273 4913 1317 1317 4914 1274 1274 4915 1273 1273 4916 1287 1287 4917 1290 1290 4918 1264 1264 4919 1290 1290 4920 1265 1265 4921 1264 1264 4922 1317 1317 4923 1320 1320 4924 1274 1274 4925 1320 1320 4926 1275 1275 4927 1274 1274 4928 1304 1304 4929 1184 1184 4930 1307 1307 4931 1184 1184 4932 1181 1181 4933 1307 1307 4934 1193 1193 4935 1189 1189 4936 1295 1295 4937 1189 1189 4938 1298 1298 4939 1295 1295 4940 1277 1277 4941 1281 1281 4942 1261 1261 4943 1281 1281 4944 1262 1262 4945 1261 1261 4946 1184 1184 4947 1304 1304 4948 1187 1187 4949 1304 1304 4950 1301 1301 4951 1187 1187 4952 1278 1278 4953 1322 1322 4954 1211 1211 4955 1322 1322 4956 1166 1166 4957 1211 1211 4958 1320 1320 4959 1323 1323 4960 1275 1275 4961 1323 1323 4962 1276 1276 4963 1275 1275 4964 1308 1308 4965 1311 1311 4966 1271 1271 4967 1311 1311 4968 1272 1272 4969 1271 1271 4970 1168 1168 4971 1166 1166 4972 1319 1319 4973 1166 1166 4974 1322 1322 4975 1319 1319 4976 1283 1283 4977 1204 1204 4978 1286 1286 4979 1204 1204 4980 1202 1202 4981 1286 1286 4982 1283 1283 4983 1280 1280 4984 1204 1204 4985 1280 1280 4986 1208 1208 4987 1204 1204 4988 1293 1293 4989 1296 1296 4990 1266 1266 4991 1296 1296 4992 1267 1267 4993 1266 1266 4994 1302 1302 4995 1305 1305 4996 1269 1269 4997 1305 1305 4998 1270 1270 4999 1269 1269 5000 1289 1289 5001 1286 1286 5002 1199 1199 5003 1286 1286 5004 1202 1202 5005 1199 1199 5006 1311 1311 5007 1314 1314 5008 1272 1272 5009 1314 1314 5010 1273 1273 5011 1272 1272 5012 1284 1284 5013 1287 1287 5014 1263 1263 5015 1287 1287 5016 1264 1264 5017 1263 1263 5018 1316 1316 5019 1313 1313 5020 1172 1172 5021 1313 1313 5022 1174 1174 5023 1172 1172 5024 1305 1305 5025 1308 1308 5026 1270 1270 5027 1308 1308 5028 1271 1271 5029 1270 1270 5030 1296 1296 5031 1299 1299 5032 1267 1267 5033 1299 1299 5034 1268 1268 5035 1267 1267 5036 1301 1301 5037 1298 1298 5038 1187 1187 5039 1298 1298 5040 1189 1189 5041 1187 1187 5042 1196 1196 5043 1193 1193 5044 1292 1292 5045 1193 1193 5046 1295 1295 5047 1292 1292 5048 1323 1323 5049 1277 1277 5050 1276 1276 5051 1277 1277 5052 1261 1261 5053 1276 1276 5054 1172 1172 5055 1168 1168 5056 1316 1316 5057 1168 1168 5058 1319 1319 5059 1316 1316 5060 1281 1281 5061 1284 1284 5062 1262 1262 5063 1284 1284 5064 1263 1263 5065 1262 1262 5066 1178 1178 5067 1174 1174 5068 1310 1310 5069 1174 1174 5070 1313 1313 5071 1310 1310 5072 1290 1290 5073 1293 1293 5074 1265 1265 5075 1293 1293 5076 1266 1266 5077 1265 1265 5078 1307 1307 5079 1181 1181 5080 1310 1310 5081 1181 1181 5082 1178 1178 5083 1310 1310 5084 1281 1281 5085 1277 1277 5086 1282 1282 5087 1277 1277 5088 1279 1279 5089 1282 1282 5090 1282 1282 5091 1279 1279 5092 1280 1280 5093 1279 1279 5094 1278 1278 5095 1280 1280 5096 1284 1284 5097 1281 1281 5098 1285 1285 5099 1281 1281 5100 1282 1282 5101 1285 1285 5102 1285 1285 5103 1282 1282 5104 1283 1283 5105 1282 1282 5106 1280 1280 5107 1283 1283 5108 1287 1287 5109 1284 1284 5110 1288 1288 5111 1284 1284 5112 1285 1285 5113 1288 1288 5114 1288 1288 5115 1285 1285 5116 1286 1286 5117 1285 1285 5118 1283 1283 5119 1286 1286 5120 1290 1290 5121 1287 1287 5122 1291 1291 5123 1287 1287 5124 1288 1288 5125 1291 1291 5126 1291 1291 5127 1288 1288 5128 1289 1289 5129 1288 1288 5130 1286 1286 5131 1289 1289 5132 1293 1293 5133 1290 1290 5134 1294 1294 5135 1290 1290 5136 1291 1291 5137 1294 1294 5138 1294 1294 5139 1291 1291 5140 1292 1292 5141 1291 1291 5142 1289 1289 5143 1292 1292 5144 1296 1296 5145 1293 1293 5146 1297 1297 5147 1293 1293 5148 1294 1294 5149 1297 1297 5150 1297 1297 5151 1294 1294 5152 1295 1295 5153 1294 1294 5154 1292 1292 5155 1295 1295 5156 1299 1299 5157 1296 1296 5158 1300 1300 5159 1296 1296 5160 1297 1297 5161 1300 1300 5162 1300 1300 5163 1297 1297 5164 1298 1298 5165 1297 1297 5166 1295 1295 5167 1298 1298 5168 1302 1302 5169 1299 1299 5170 1303 1303 5171 1299 1299 5172 1300 1300 5173 1303 1303 5174 1303 1303 5175 1300 1300 5176 1301 1301 5177 1300 1300 5178 1298 1298 5179 1301 1301 5180 1305 1305 5181 1302 1302 5182 1306 1306 5183 1302 1302 5184 1303 1303 5185 1306 1306 5186 1306 1306 5187 1303 1303 5188 1304 1304 5189 1303 1303 5190 1301 1301 5191 1304 1304 5192 1308 1308 5193 1305 1305 5194 1309 1309 5195 1305 1305 5196 1306 1306 5197 1309 1309 5198 1309 1309 5199 1306 1306 5200 1307 1307 5201 1306 1306 5202 1304 1304 5203 1307 1307 5204 1311 1311 5205 1308 1308 5206 1312 1312 5207 1308 1308 5208 1309 1309 5209 1312 1312 5210 1312 1312 5211 1309 1309 5212 1310 1310 5213 1309 1309 5214 1307 1307 5215 1310 1310 5216 1314 1314 5217 1311 1311 5218 1315 1315 5219 1311 1311 5220 1312 1312 5221 1315 1315 5222 1315 1315 5223 1312 1312 5224 1313 1313 5225 1312 1312 5226 1310 1310 5227 1313 1313 5228 1317 1317 5229 1314 1314 5230 1318 1318 5231 1314 1314 5232 1315 1315 5233 1318 1318 5234 1318 1318 5235 1315 1315 5236 1316 1316 5237 1315 1315 5238 1313 1313 5239 1316 1316 5240 1320 1320 5241 1317 1317 5242 1321 1321 5243 1317 1317 5244 1318 1318 5245 1321 1321 5246 1321 1321 5247 1318 1318 5248 1319 1319 5249 1318 1318 5250 1316 1316 5251 1319 1319 5252 1323 1323 5253 1320 1320 5254 1324 1324 5255 1320 1320 5256 1321 1321 5257 1324 1324 5258 1324 1324 5259 1321 1321 5260 1322 1322 5261 1321 1321 5262 1319 1319 5263 1322 1322 5264 1277 1277 5265 1323 1323 5266 1279 1279 5267 1323 1323 5268 1324 1324 5269 1279 1279 5270 1279 1279 5271 1324 1324 5272 1278 1278 5273 1324 1324 5274 1322 1322 5275 1278 1278 5276 1280 1280 5277 1278 1278 5278 1208 1208 5279 1278 1278 5280 1211 1211 5281 1208 1208 5282 1361 1361 5283 1365 1365 5284 1383 1383 5285 1365 1365 5286 1380 1380 5287 1383 1383 5288 1329 1329 5289 1330 1330 5290 1331 1331 5291 1330 1330 5292 1333 1333 5293 1331 1331 5294 1330 1330 5295 1328 1328 5296 1333 1333 5297 1328 1328 5298 1332 1332 5299 1333 1333 5300 1335 1335 5301 1336 1336 5302 1337 1337 5303 1336 1336 5304 1339 1339 5305 1337 1337 5306 1336 1336 5307 1334 1334 5308 1339 1339 5309 1334 1334 5310 1338 1338 5311 1339 1339 5312 1350 1350 5313 1351 1351 5314 1352 1352 5315 1351 1351 5316 1354 1354 5317 1352 1352 5318 1351 1351 5319 1349 1349 5320 1354 1354 5321 1349 1349 5322 1353 1353 5323 1354 1354 5324 1337 1337 5325 1339 1339 5326 1340 1340 5327 1339 1339 5328 1342 1342 5329 1340 1340 5330 1339 1339 5331 1338 1338 5332 1342 1342 5333 1338 1338 5334 1341 1341 5335 1342 1342 5336 1340 1340 5337 1342 1342 5338 1343 1343 5339 1342 1342 5340 1345 1345 5341 1343 1343 5342 1342 1342 5343 1341 1341 5344 1345 1345 5345 1341 1341 5346 1344 1344 5347 1345 1345 5348 1352 1352 5349 1354 1354 5350 1355 1355 5351 1354 1354 5352 1357 1357 5353 1355 1355 5354 1354 1354 5355 1353 1353 5356 1357 1357 5357 1353 1353 5358 1356 1356 5359 1357 1357 5360 1355 1355 5361 1357 1357 5362 1358 1358 5363 1357 1357 5364 1360 1360 5365 1358 1358 5366 1357 1357 5367 1356 1356 5368 1360 1360 5369 1356 1356 5370 1359 1359 5371 1360 1360 5372 1365 1365 5373 1366 1366 5374 1367 1367 5375 1366 1366 5376 1369 1369 5377 1367 1367 5378 1366 1366 5379 1364 1364 5380 1369 1369 5381 1364 1364 5382 1368 1368 5383 1369 1369 5384 1343 1343 5385 1345 1345 5386 1346 1346 5387 1345 1345 5388 1348 1348 5389 1346 1346 5390 1345 1345 5391 1344 1344 5392 1348 1348 5393 1344 1344 5394 1347 1347 5395 1348 1348 5396 1346 1346 5397 1348 1348 5398 1350 1350 5399 1348 1348 5400 1351 1351 5401 1350 1350 5402 1348 1348 5403 1347 1347 5404 1351 1351 5405 1347 1347 5406 1349 1349 5407 1351 1351 5408 1358 1358 5409 1360 1360 5410 1361 1361 5411 1360 1360 5412 1363 1363 5413 1361 1361 5414 1360 1360 5415 1359 1359 5416 1363 1363 5417 1359 1359 5418 1362 1362 5419 1363 1363 5420 1361 1361 5421 1363 1363 5422 1365 1365 5423 1363 1363 5424 1366 1366 5425 1365 1365 5426 1363 1363 5427 1362 1362 5428 1366 1366 5429 1362 1362 5430 1364 1364 5431 1366 1366 5432 1367 1367 5433 1369 1369 5434 1370 1370 5435 1369 1369 5436 1372 1372 5437 1370 1370 5438 1369 1369 5439 1368 1368 5440 1372 1372 5441 1368 1368 5442 1371 1371 5443 1372 1372 5444 1331 1331 5445 1333 1333 5446 1335 1335 5447 1333 1333 5448 1336 1336 5449 1335 1335 5450 1333 1333 5451 1332 1332 5452 1336 1336 5453 1332 1332 5454 1334 1334 5455 1336 1336 5456 1370 1370 5457 1372 1372 5458 1325 1325 5459 1372 1372 5460 1327 1327 5461 1325 1325 5462 1372 1372 5463 1371 1371 5464 1327 1327 5465 1371 1371 5466 1326 1326 5467 1327 1327 5468 1325 1325 5469 1327 1327 5470 1329 1329 5471 1327 1327 5472 1330 1330 5473 1329 1329 5474 1327 1327 5475 1326 1326 5476 1330 1330 5477 1326 1326 5478 1328 1328 5479 1330 1330 5480 1377 1377 5481 1373 1373 5482 1378 1378 5483 1373 1373 5484 1375 1375 5485 1378 1378 5486 1378 1378 5487 1375 1375 5488 1376 1376 5489 1375 1375 5490 1374 1374 5491 1376 1376 5492 1380 1380 5493 1377 1377 5494 1381 1381 5495 1377 1377 5496 1378 1378 5497 1381 1381 5498 1381 1381 5499 1378 1378 5500 1379 1379 5501 1378 1378 5502 1376 1376 5503 1379 1379 5504 1383 1383 5505 1380 1380 5506 1384 1384 5507 1380 1380 5508 1381 1381 5509 1384 1384 5510 1384 1384 5511 1381 1381 5512 1382 1382 5513 1381 1381 5514 1379 1379 5515 1382 1382 5516 1386 1386 5517 1383 1383 5518 1387 1387 5519 1383 1383 5520 1384 1384 5521 1387 1387 5522 1387 1387 5523 1384 1384 5524 1385 1385 5525 1384 1384 5526 1382 1382 5527 1385 1385 5528 1389 1389 5529 1386 1386 5530 1390 1390 5531 1386 1386 5532 1387 1387 5533 1390 1390 5534 1390 1390 5535 1387 1387 5536 1388 1388 5537 1387 1387 5538 1385 1385 5539 1388 1388 5540 1392 1392 5541 1389 1389 5542 1393 1393 5543 1389 1389 5544 1390 1390 5545 1393 1393 5546 1393 1393 5547 1390 1390 5548 1391 1391 5549 1390 1390 5550 1388 1388 5551 1391 1391 5552 1395 1395 5553 1392 1392 5554 1396 1396 5555 1392 1392 5556 1393 1393 5557 1396 1396 5558 1396 1396 5559 1393 1393 5560 1394 1394 5561 1393 1393 5562 1391 1391 5563 1394 1394 5564 1398 1398 5565 1395 1395 5566 1399 1399 5567 1395 1395 5568 1396 1396 5569 1399 1399 5570 1399 1399 5571 1396 1396 5572 1397 1397 5573 1396 1396 5574 1394 1394 5575 1397 1397 5576 1401 1401 5577 1398 1398 5578 1402 1402 5579 1398 1398 5580 1399 1399 5581 1402 1402 5582 1402 1402 5583 1399 1399 5584 1400 1400 5585 1399 1399 5586 1397 1397 5587 1400 1400 5588 1404 1404 5589 1401 1401 5590 1405 1405 5591 1401 1401 5592 1402 1402 5593 1405 1405 5594 1405 1405 5595 1402 1402 5596 1403 1403 5597 1402 1402 5598 1400 1400 5599 1403 1403 5600 1407 1407 5601 1404 1404 5602 1408 1408 5603 1404 1404 5604 1405 1405 5605 1408 1408 5606 1408 1408 5607 1405 1405 5608 1406 1406 5609 1405 1405 5610 1403 1403 5611 1406 1406 5612 1410 1410 5613 1407 1407 5614 1411 1411 5615 1407 1407 5616 1408 1408 5617 1411 1411 5618 1411 1411 5619 1408 1408 5620 1409 1409 5621 1408 1408 5622 1406 1406 5623 1409 1409 5624 1413 1413 5625 1410 1410 5626 1414 1414 5627 1410 1410 5628 1411 1411 5629 1414 1414 5630 1414 1414 5631 1411 1411 5632 1412 1412 5633 1411 1411 5634 1409 1409 5635 1412 1412 5636 1416 1416 5637 1413 1413 5638 1417 1417 5639 1413 1413 5640 1414 1414 5641 1417 1417 5642 1417 1417 5643 1414 1414 5644 1415 1415 5645 1414 1414 5646 1412 1412 5647 1415 1415 5648 1419 1419 5649 1416 1416 5650 1420 1420 5651 1416 1416 5652 1417 1417 5653 1420 1420 5654 1420 1420 5655 1417 1417 5656 1418 1418 5657 1417 1417 5658 1415 1415 5659 1418 1418 5660 1373 1373 5661 1419 1419 5662 1375 1375 5663 1419 1419 5664 1420 1420 5665 1375 1375 5666 1375 1375 5667 1420 1420 5668 1374 1374 5669 1420 1420 5670 1418 1418 5671 1374 1374 5672 1340 1340 5673 1343 1343 5674 1404 1404 5675 1343 1343 5676 1401 1401 5677 1404 1404 5678 1365 1365 5679 1367 1367 5680 1380 1380 5681 1367 1367 5682 1377 1377 5683 1380 1380 5684 1343 1343 5685 1346 1346 5686 1401 1401 5687 1346 1346 5688 1398 1398 5689 1401 1401 5690 1373 1373 5691 1370 1370 5692 1419 1419 5693 1370 1370 5694 1325 1325 5695 1419 1419 5696 1367 1367 5697 1370 1370 5698 1377 1377 5699 1370 1370 5700 1373 1373 5701 1377 1377 5702 1346 1346 5703 1350 1350 5704 1398 1398 5705 1350 1350 5706 1395 1395 5707 1398 1398 5708 1419 1419 5709 1325 1325 5710 1416 1416 5711 1325 1325 5712 1329 1329 5713 1416 1416 5714 1350 1350 5715 1352 1352 5716 1395 1395 5717 1352 1352 5718 1392 1392 5719 1395 1395 5720 1329 1329 5721 1331 1331 5722 1416 1416 5723 1331 1331 5724 1413 1413 5725 1416 1416 5726 1352 1352 5727 1355 1355 5728 1392 1392 5729 1355 1355 5730 1389 1389 5731 1392 1392 5732 1331 1331 5733 1335 1335 5734 1413 1413 5735 1335 1335 5736 1410 1410 5737 1413 1413 5738 1355 1355 5739 1358 1358 5740 1389 1389 5741 1358 1358 5742 1386 1386 5743 1389 1389 5744 1335 1335 5745 1337 1337 5746 1410 1410 5747 1337 1337 5748 1407 1407 5749 1410 1410 5750 1358 1358 5751 1361 1361 5752 1386 1386 5753 1361 1361 5754 1383 1383 5755 1386 1386 5756 1337 1337 5757 1340 1340 5758 1407 1407 5759 1340 1340 5760 1404 1404 5761 1407 1407 5762 1459 1459 5763 1462 1462 5764 1428 1428 5765 1462 1462 5766 1429 1429 5767 1428 1428 5768 1359 1359 5769 1356 1356 5770 1449 1449 5771 1356 1356 5772 1452 1452 5773 1449 1449 5774 1474 1474 5775 1477 1477 5776 1433 1433 5777 1477 1477 5778 1434 1434 5779 1433 1433 5780 1447 1447 5781 1450 1450 5782 1424 1424 5783 1450 1450 5784 1425 1425 5785 1424 1424 5786 1477 1477 5787 1480 1480 5788 1434 1434 5789 1480 1480 5790 1435 1435 5791 1434 1434 5792 1464 1464 5793 1344 1344 5794 1467 1467 5795 1344 1344 5796 1341 1341 5797 1467 1467 5798 1353 1353 5799 1349 1349 5800 1455 1455 5801 1349 1349 5802 1458 1458 5803 1455 1455 5804 1437 1437 5805 1441 1441 5806 1421 1421 5807 1441 1441 5808 1422 1422 5809 1421 1421 5810 1344 1344 5811 1464 1464 5812 1347 1347 5813 1464 1464 5814 1461 1461 5815 1347 1347 5816 1438 1438 5817 1482 1482 5818 1371 1371 5819 1482 1482 5820 1326 1326 5821 1371 1371 5822 1480 1480 5823 1483 1483 5824 1435 1435 5825 1483 1483 5826 1436 1436 5827 1435 1435 5828 1468 1468 5829 1471 1471 5830 1431 1431 5831 1471 1471 5832 1432 1432 5833 1431 1431 5834 1328 1328 5835 1326 1326 5836 1479 1479 5837 1326 1326 5838 1482 1482 5839 1479 1479 5840 1443 1443 5841 1364 1364 5842 1446 1446 5843 1364 1364 5844 1362 1362 5845 1446 1446 5846 1443 1443 5847 1440 1440 5848 1364 1364 5849 1440 1440 5850 1368 1368 5851 1364 1364 5852 1453 1453 5853 1456 1456 5854 1426 1426 5855 1456 1456 5856 1427 1427 5857 1426 1426 5858 1462 1462 5859 1465 1465 5860 1429 1429 5861 1465 1465 5862 1430 1430 5863 1429 1429 5864 1449 1449 5865 1446 1446 5866 1359 1359 5867 1446 1446 5868 1362 1362 5869 1359 1359 5870 1471 1471 5871 1474 1474 5872 1432 1432 5873 1474 1474 5874 1433 1433 5875 1432 1432 5876 1444 1444 5877 1447 1447 5878 1423 1423 5879 1447 1447 5880 1424 1424 5881 1423 1423 5882 1476 1476 5883 1473 1473 5884 1332 1332 5885 1473 1473 5886 1334 1334 5887 1332 1332 5888 1465 1465 5889 1468 1468 5890 1430 1430 5891 1468 1468 5892 1431 1431 5893 1430 1430 5894 1456 1456 5895 1459 1459 5896 1427 1427 5897 1459 1459 5898 1428 1428 5899 1427 1427 5900 1461 1461 5901 1458 1458 5902 1347 1347 5903 1458 1458 5904 1349 1349 5905 1347 1347 5906 1356 1356 5907 1353 1353 5908 1452 1452 5909 1353 1353 5910 1455 1455 5911 1452 1452 5912 1483 1483 5913 1437 1437 5914 1436 1436 5915 1437 1437 5916 1421 1421 5917 1436 1436 5918 1332 1332 5919 1328 1328 5920 1476 1476 5921 1328 1328 5922 1479 1479 5923 1476 1476 5924 1441 1441 5925 1444 1444 5926 1422 1422 5927 1444 1444 5928 1423 1423 5929 1422 1422 5930 1338 1338 5931 1334 1334 5932 1470 1470 5933 1334 1334 5934 1473 1473 5935 1470 1470 5936 1450 1450 5937 1453 1453 5938 1425 1425 5939 1453 1453 5940 1426 1426 5941 1425 1425 5942 1467 1467 5943 1341 1341 5944 1470 1470 5945 1341 1341 5946 1338 1338 5947 1470 1470 5948 1441 1441 5949 1437 1437 5950 1442 1442 5951 1437 1437 5952 1439 1439 5953 1442 1442 5954 1442 1442 5955 1439 1439 5956 1440 1440 5957 1439 1439 5958 1438 1438 5959 1440 1440 5960 1444 1444 5961 1441 1441 5962 1445 1445 5963 1441 1441 5964 1442 1442 5965 1445 1445 5966 1445 1445 5967 1442 1442 5968 1443 1443 5969 1442 1442 5970 1440 1440 5971 1443 1443 5972 1447 1447 5973 1444 1444 5974 1448 1448 5975 1444 1444 5976 1445 1445 5977 1448 1448 5978 1448 1448 5979 1445 1445 5980 1446 1446 5981 1445 1445 5982 1443 1443 5983 1446 1446 5984 1450 1450 5985 1447 1447 5986 1451 1451 5987 1447 1447 5988 1448 1448 5989 1451 1451 5990 1451 1451 5991 1448 1448 5992 1449 1449 5993 1448 1448 5994 1446 1446 5995 1449 1449 5996 1453 1453 5997 1450 1450 5998 1454 1454 5999 1450 1450 6000 1451 1451 6001 1454 1454 6002 1454 1454 6003 1451 1451 6004 1452 1452 6005 1451 1451 6006 1449 1449 6007 1452 1452 6008 1456 1456 6009 1453 1453 6010 1457 1457 6011 1453 1453 6012 1454 1454 6013 1457 1457 6014 1457 1457 6015 1454 1454 6016 1455 1455 6017 1454 1454 6018 1452 1452 6019 1455 1455 6020 1459 1459 6021 1456 1456 6022 1460 1460 6023 1456 1456 6024 1457 1457 6025 1460 1460 6026 1460 1460 6027 1457 1457 6028 1458 1458 6029 1457 1457 6030 1455 1455 6031 1458 1458 6032 1462 1462 6033 1459 1459 6034 1463 1463 6035 1459 1459 6036 1460 1460 6037 1463 1463 6038 1463 1463 6039 1460 1460 6040 1461 1461 6041 1460 1460 6042 1458 1458 6043 1461 1461 6044 1465 1465 6045 1462 1462 6046 1466 1466 6047 1462 1462 6048 1463 1463 6049 1466 1466 6050 1466 1466 6051 1463 1463 6052 1464 1464 6053 1463 1463 6054 1461 1461 6055 1464 1464 6056 1468 1468 6057 1465 1465 6058 1469 1469 6059 1465 1465 6060 1466 1466 6061 1469 1469 6062 1469 1469 6063 1466 1466 6064 1467 1467 6065 1466 1466 6066 1464 1464 6067 1467 1467 6068 1471 1471 6069 1468 1468 6070 1472 1472 6071 1468 1468 6072 1469 1469 6073 1472 1472 6074 1472 1472 6075 1469 1469 6076 1470 1470 6077 1469 1469 6078 1467 1467 6079 1470 1470 6080 1474 1474 6081 1471 1471 6082 1475 1475 6083 1471 1471 6084 1472 1472 6085 1475 1475 6086 1475 1475 6087 1472 1472 6088 1473 1473 6089 1472 1472 6090 1470 1470 6091 1473 1473 6092 1477 1477 6093 1474 1474 6094 1478 1478 6095 1474 1474 6096 1475 1475 6097 1478 1478 6098 1478 1478 6099 1475 1475 6100 1476 1476 6101 1475 1475 6102 1473 1473 6103 1476 1476 6104 1480 1480 6105 1477 1477 6106 1481 1481 6107 1477 1477 6108 1478 1478 6109 1481 1481 6110 1481 1481 6111 1478 1478 6112 1479 1479 6113 1478 1478 6114 1476 1476 6115 1479 1479 6116 1483 1483 6117 1480 1480 6118 1484 1484 6119 1480 1480 6120 1481 1481 6121 1484 1484 6122 1484 1484 6123 1481 1481 6124 1482 1482 6125 1481 1481 6126 1479 1479 6127 1482 1482 6128 1437 1437 6129 1483 1483 6130 1439 1439 6131 1483 1483 6132 1484 1484 6133 1439 1439 6134 1439 1439 6135 1484 1484 6136 1438 1438 6137 1484 1484 6138 1482 1482 6139 1438 1438 6140 1440 1440 6141 1438 1438 6142 1368 1368 6143 1438 1438 6144 1371 1371 6145 1368 1368 6146 1580 1580 6147 1577 1577 6148 1506 1506 6149 1577 1577 6150 1505 1505 6151 1506 1506 6152 1611 1611 6153 1562 1562 6154 1608 1608 6155 1562 1562 6156 1559 1559 6157 1608 1608 6158 1611 1611 6159 1565 1565 6160 1562 1562 6161 1565 1565 6162 1518 1518 6163 1562 1562 6164 1583 1583 6165 1580 1580 6166 1507 1507 6167 1580 1580 6168 1506 1506 6169 1507 1507 6170 1572 1572 6171 1575 1575 6172 1523 1523 6173 1575 1575 6174 1526 1526 6175 1523 1523 6176 1586 1586 6177 1583 1583 6178 1508 1508 6179 1583 1583 6180 1507 1507 6181 1508 1508 6182 1568 1568 6183 1566 1566 6184 1502 1502 6185 1566 1566 6186 1501 1501 6187 1502 1502 6188 1577 1577 6189 1574 1574 6190 1505 1505 6191 1574 1574 6192 1504 1504 6193 1505 1505 6194 1589 1589 6195 1586 1586 6196 1509 1509 6197 1586 1586 6198 1508 1508 6199 1509 1509 6200 1529 1529 6201 1526 1526 6202 1578 1578 6203 1526 1526 6204 1575 1575 6205 1578 1578 6206 1592 1592 6207 1589 1589 6208 1510 1510 6209 1589 1589 6210 1509 1509 6211 1510 1510 6212 1532 1532 6213 1529 1529 6214 1581 1581 6215 1529 1529 6216 1578 1578 6217 1581 1581 6218 1595 1595 6219 1592 1592 6220 1511 1511 6221 1592 1592 6222 1510 1510 6223 1511 1511 6224 1535 1535 6225 1532 1532 6226 1584 1584 6227 1532 1532 6228 1581 1581 6229 1584 1584 6230 1598 1598 6231 1595 1595 6232 1512 1512 6233 1595 1595 6234 1511 1511 6235 1512 1512 6236 1535 1535 6237 1584 1584 6238 1538 1538 6239 1584 1584 6240 1587 1587 6241 1538 1538 6242 1601 1601 6243 1598 1598 6244 1513 1513 6245 1598 1598 6246 1512 1512 6247 1513 1513 6248 1538 1538 6249 1587 1587 6250 1541 1541 6251 1587 1587 6252 1590 1590 6253 1541 1541 6254 1604 1604 6255 1601 1601 6256 1514 1514 6257 1601 1601 6258 1513 1513 6259 1514 1514 6260 1590 1590 6261 1593 1593 6262 1541 1541 6263 1593 1593 6264 1544 1544 6265 1541 1541 6266 1605 1605 6267 1608 1608 6268 1556 1556 6269 1608 1608 6270 1559 1559 6271 1556 1556 6272 1547 1547 6273 1544 1544 6274 1596 1596 6275 1544 1544 6276 1593 1593 6277 1596 1596 6278 1607 1607 6279 1604 1604 6280 1515 1515 6281 1604 1604 6282 1514 1514 6283 1515 1515 6284 1550 1550 6285 1547 1547 6286 1599 1599 6287 1547 1547 6288 1596 1596 6289 1599 1599 6290 1610 1610 6291 1607 1607 6292 1516 1516 6293 1607 1607 6294 1515 1515 6295 1516 1516 6296 1523 1523 6297 1520 1520 6298 1572 1572 6299 1520 1520 6300 1569 1569 6301 1572 1572 6302 1599 1599 6303 1602 1602 6304 1550 1550 6305 1602 1602 6306 1553 1553 6307 1550 1550 6308 1574 1574 6309 1571 1571 6310 1504 1504 6311 1571 1571 6312 1503 1503 6313 1504 1504 6314 1605 1605 6315 1556 1556 6316 1602 1602 6317 1556 1556 6318 1553 1553 6319 1602 1602 6320 1571 1571 6321 1568 1568 6322 1503 1503 6323 1568 1568 6324 1502 1502 6325 1503 1503 6326 1539 1539 6327 1492 1492 6328 1536 1536 6329 1492 1492 6330 1491 1491 6331 1536 1536 6332 1551 1551 6333 1496 1496 6334 1548 1548 6335 1496 1496 6336 1495 1495 6337 1548 1548 6338 1548 1548 6339 1495 1495 6340 1545 1545 6341 1495 1495 6342 1494 1494 6343 1545 1545 6344 1521 1521 6345 1486 1486 6346 1517 1517 6347 1486 1486 6348 1485 1485 6349 1517 1517 6350 1530 1530 6351 1489 1489 6352 1527 1527 6353 1489 1489 6354 1488 1488 6355 1527 1527 6356 1542 1542 6357 1493 1493 6358 1539 1539 6359 1493 1493 6360 1492 1492 6361 1539 1539 6362 1533 1533 6363 1490 1490 6364 1530 1530 6365 1490 1490 6366 1489 1489 6367 1530 1530 6368 1557 1557 6369 1498 1498 6370 1554 1554 6371 1498 1498 6372 1497 1497 6373 1554 1554 6374 1560 1560 6375 1499 1499 6376 1557 1557 6377 1499 1499 6378 1498 1498 6379 1557 1557 6380 1527 1527 6381 1488 1488 6382 1524 1524 6383 1488 1488 6384 1487 1487 6385 1524 1524 6386 1554 1554 6387 1497 1497 6388 1551 1551 6389 1497 1497 6390 1496 1496 6391 1551 1551 6392 1536 1536 6393 1491 1491 6394 1533 1533 6395 1491 1491 6396 1490 1490 6397 1533 1533 6398 1545 1545 6399 1494 1494 6400 1542 1542 6401 1494 1494 6402 1493 1493 6403 1542 1542 6404 1563 1563 6405 1500 1500 6406 1560 1560 6407 1500 1500 6408 1499 1499 6409 1560 1560 6410 1524 1524 6411 1487 1487 6412 1521 1521 6413 1487 1487 6414 1486 1486 6415 1521 1521 6416 1521 1521 6417 1517 1517 6418 1522 1522 6419 1517 1517 6420 1519 1519 6421 1522 1522 6422 1522 1522 6423 1519 1519 6424 1520 1520 6425 1519 1519 6426 1518 1518 6427 1520 1520 6428 1524 1524 6429 1521 1521 6430 1525 1525 6431 1521 1521 6432 1522 1522 6433 1525 1525 6434 1525 1525 6435 1522 1522 6436 1523 1523 6437 1522 1522 6438 1520 1520 6439 1523 1523 6440 1527 1527 6441 1524 1524 6442 1528 1528 6443 1524 1524 6444 1525 1525 6445 1528 1528 6446 1528 1528 6447 1525 1525 6448 1526 1526 6449 1525 1525 6450 1523 1523 6451 1526 1526 6452 1530 1530 6453 1527 1527 6454 1531 1531 6455 1527 1527 6456 1528 1528 6457 1531 1531 6458 1531 1531 6459 1528 1528 6460 1529 1529 6461 1528 1528 6462 1526 1526 6463 1529 1529 6464 1533 1533 6465 1530 1530 6466 1534 1534 6467 1530 1530 6468 1531 1531 6469 1534 1534 6470 1534 1534 6471 1531 1531 6472 1532 1532 6473 1531 1531 6474 1529 1529 6475 1532 1532 6476 1536 1536 6477 1533 1533 6478 1537 1537 6479 1533 1533 6480 1534 1534 6481 1537 1537 6482 1537 1537 6483 1534 1534 6484 1535 1535 6485 1534 1534 6486 1532 1532 6487 1535 1535 6488 1539 1539 6489 1536 1536 6490 1540 1540 6491 1536 1536 6492 1537 1537 6493 1540 1540 6494 1540 1540 6495 1537 1537 6496 1538 1538 6497 1537 1537 6498 1535 1535 6499 1538 1538 6500 1542 1542 6501 1539 1539 6502 1543 1543 6503 1539 1539 6504 1540 1540 6505 1543 1543 6506 1543 1543 6507 1540 1540 6508 1541 1541 6509 1540 1540 6510 1538 1538 6511 1541 1541 6512 1545 1545 6513 1542 1542 6514 1546 1546 6515 1542 1542 6516 1543 1543 6517 1546 1546 6518 1546 1546 6519 1543 1543 6520 1544 1544 6521 1543 1543 6522 1541 1541 6523 1544 1544 6524 1548 1548 6525 1545 1545 6526 1549 1549 6527 1545 1545 6528 1546 1546 6529 1549 1549 6530 1549 1549 6531 1546 1546 6532 1547 1547 6533 1546 1546 6534 1544 1544 6535 1547 1547 6536 1551 1551 6537 1548 1548 6538 1552 1552 6539 1548 1548 6540 1549 1549 6541 1552 1552 6542 1552 1552 6543 1549 1549 6544 1550 1550 6545 1549 1549 6546 1547 1547 6547 1550 1550 6548 1554 1554 6549 1551 1551 6550 1555 1555 6551 1551 1551 6552 1552 1552 6553 1555 1555 6554 1555 1555 6555 1552 1552 6556 1553 1553 6557 1552 1552 6558 1550 1550 6559 1553 1553 6560 1557 1557 6561 1554 1554 6562 1558 1558 6563 1554 1554 6564 1555 1555 6565 1558 1558 6566 1558 1558 6567 1555 1555 6568 1556 1556 6569 1555 1555 6570 1553 1553 6571 1556 1556 6572 1560 1560 6573 1557 1557 6574 1561 1561 6575 1557 1557 6576 1558 1558 6577 1561 1561 6578 1561 1561 6579 1558 1558 6580 1559 1559 6581 1558 1558 6582 1556 1556 6583 1559 1559 6584 1563 1563 6585 1560 1560 6586 1564 1564 6587 1560 1560 6588 1561 1561 6589 1564 1564 6590 1564 1564 6591 1561 1561 6592 1562 1562 6593 1561 1561 6594 1559 1559 6595 1562 1562 6596 1517 1517 6597 1563 1563 6598 1519 1519 6599 1563 1563 6600 1564 1564 6601 1519 1519 6602 1519 1519 6603 1564 1564 6604 1518 1518 6605 1564 1564 6606 1562 1562 6607 1518 1518 6608 1566 1566 6609 1610 1610 6610 1501 1501 6611 1610 1610 6612 1516 1516 6613 1501 1501 6614 1569 1569 6615 1565 1565 6616 1570 1570 6617 1565 1565 6618 1567 1567 6619 1570 1570 6620 1570 1570 6621 1567 1567 6622 1568 1568 6623 1567 1567 6624 1566 1566 6625 1568 1568 6626 1572 1572 6627 1569 1569 6628 1573 1573 6629 1569 1569 6630 1570 1570 6631 1573 1573 6632 1573 1573 6633 1570 1570 6634 1571 1571 6635 1570 1570 6636 1568 1568 6637 1571 1571 6638 1575 1575 6639 1572 1572 6640 1576 1576 6641 1572 1572 6642 1573 1573 6643 1576 1576 6644 1576 1576 6645 1573 1573 6646 1574 1574 6647 1573 1573 6648 1571 1571 6649 1574 1574 6650 1578 1578 6651 1575 1575 6652 1579 1579 6653 1575 1575 6654 1576 1576 6655 1579 1579 6656 1579 1579 6657 1576 1576 6658 1577 1577 6659 1576 1576 6660 1574 1574 6661 1577 1577 6662 1581 1581 6663 1578 1578 6664 1582 1582 6665 1578 1578 6666 1579 1579 6667 1582 1582 6668 1582 1582 6669 1579 1579 6670 1580 1580 6671 1579 1579 6672 1577 1577 6673 1580 1580 6674 1584 1584 6675 1581 1581 6676 1585 1585 6677 1581 1581 6678 1582 1582 6679 1585 1585 6680 1585 1585 6681 1582 1582 6682 1583 1583 6683 1582 1582 6684 1580 1580 6685 1583 1583 6686 1587 1587 6687 1584 1584 6688 1588 1588 6689 1584 1584 6690 1585 1585 6691 1588 1588 6692 1588 1588 6693 1585 1585 6694 1586 1586 6695 1585 1585 6696 1583 1583 6697 1586 1586 6698 1590 1590 6699 1587 1587 6700 1591 1591 6701 1587 1587 6702 1588 1588 6703 1591 1591 6704 1591 1591 6705 1588 1588 6706 1589 1589 6707 1588 1588 6708 1586 1586 6709 1589 1589 6710 1593 1593 6711 1590 1590 6712 1594 1594 6713 1590 1590 6714 1591 1591 6715 1594 1594 6716 1594 1594 6717 1591 1591 6718 1592 1592 6719 1591 1591 6720 1589 1589 6721 1592 1592 6722 1596 1596 6723 1593 1593 6724 1597 1597 6725 1593 1593 6726 1594 1594 6727 1597 1597 6728 1597 1597 6729 1594 1594 6730 1595 1595 6731 1594 1594 6732 1592 1592 6733 1595 1595 6734 1599 1599 6735 1596 1596 6736 1600 1600 6737 1596 1596 6738 1597 1597 6739 1600 1600 6740 1600 1600 6741 1597 1597 6742 1598 1598 6743 1597 1597 6744 1595 1595 6745 1598 1598 6746 1602 1602 6747 1599 1599 6748 1603 1603 6749 1599 1599 6750 1600 1600 6751 1603 1603 6752 1603 1603 6753 1600 1600 6754 1601 1601 6755 1600 1600 6756 1598 1598 6757 1601 1601 6758 1605 1605 6759 1602 1602 6760 1606 1606 6761 1602 1602 6762 1603 1603 6763 1606 1606 6764 1606 1606 6765 1603 1603 6766 1604 1604 6767 1603 1603 6768 1601 1601 6769 1604 1604 6770 1608 1608 6771 1605 1605 6772 1609 1609 6773 1605 1605 6774 1606 1606 6775 1609 1609 6776 1609 1609 6777 1606 1606 6778 1607 1607 6779 1606 1606 6780 1604 1604 6781 1607 1607 6782 1611 1611 6783 1608 1608 6784 1612 1612 6785 1608 1608 6786 1609 1609 6787 1612 1612 6788 1612 1612 6789 1609 1609 6790 1610 1610 6791 1609 1609 6792 1607 1607 6793 1610 1610 6794 1565 1565 6795 1611 1611 6796 1567 1567 6797 1611 1611 6798 1612 1612 6799 1567 1567 6800 1567 1567 6801 1612 1612 6802 1566 1566 6803 1612 1612 6804 1610 1610 6805 1566 1566 6806 1565 1565 6807 1569 1569 6808 1518 1518 6809 1569 1569 6810 1520 1520 6811 1518 1518 6812 1517 1517 6813 1485 1485 6814 1563 1563 6815 1485 1485 6816 1500 1500 6817 1563 1563 6818 1708 1708 6819 1705 1705 6820 1634 1634 6821 1705 1705 6822 1633 1633 6823 1634 1634 6824 1739 1739 6825 1690 1690 6826 1736 1736 6827 1690 1690 6828 1687 1687 6829 1736 1736 6830 1739 1739 6831 1693 1693 6832 1690 1690 6833 1693 1693 6834 1646 1646 6835 1690 1690 6836 1711 1711 6837 1708 1708 6838 1635 1635 6839 1708 1708 6840 1634 1634 6841 1635 1635 6842 1700 1700 6843 1703 1703 6844 1651 1651 6845 1703 1703 6846 1654 1654 6847 1651 1651 6848 1714 1714 6849 1711 1711 6850 1636 1636 6851 1711 1711 6852 1635 1635 6853 1636 1636 6854 1696 1696 6855 1694 1694 6856 1630 1630 6857 1694 1694 6858 1629 1629 6859 1630 1630 6860 1705 1705 6861 1702 1702 6862 1633 1633 6863 1702 1702 6864 1632 1632 6865 1633 1633 6866 1717 1717 6867 1714 1714 6868 1637 1637 6869 1714 1714 6870 1636 1636 6871 1637 1637 6872 1657 1657 6873 1654 1654 6874 1706 1706 6875 1654 1654 6876 1703 1703 6877 1706 1706 6878 1720 1720 6879 1717 1717 6880 1638 1638 6881 1717 1717 6882 1637 1637 6883 1638 1638 6884 1660 1660 6885 1657 1657 6886 1709 1709 6887 1657 1657 6888 1706 1706 6889 1709 1709 6890 1723 1723 6891 1720 1720 6892 1639 1639 6893 1720 1720 6894 1638 1638 6895 1639 1639 6896 1663 1663 6897 1660 1660 6898 1712 1712 6899 1660 1660 6900 1709 1709 6901 1712 1712 6902 1726 1726 6903 1723 1723 6904 1640 1640 6905 1723 1723 6906 1639 1639 6907 1640 1640 6908 1663 1663 6909 1712 1712 6910 1666 1666 6911 1712 1712 6912 1715 1715 6913 1666 1666 6914 1729 1729 6915 1726 1726 6916 1641 1641 6917 1726 1726 6918 1640 1640 6919 1641 1641 6920 1666 1666 6921 1715 1715 6922 1669 1669 6923 1715 1715 6924 1718 1718 6925 1669 1669 6926 1732 1732 6927 1729 1729 6928 1642 1642 6929 1729 1729 6930 1641 1641 6931 1642 1642 6932 1718 1718 6933 1721 1721 6934 1669 1669 6935 1721 1721 6936 1672 1672 6937 1669 1669 6938 1733 1733 6939 1736 1736 6940 1684 1684 6941 1736 1736 6942 1687 1687 6943 1684 1684 6944 1675 1675 6945 1672 1672 6946 1724 1724 6947 1672 1672 6948 1721 1721 6949 1724 1724 6950 1735 1735 6951 1732 1732 6952 1643 1643 6953 1732 1732 6954 1642 1642 6955 1643 1643 6956 1678 1678 6957 1675 1675 6958 1727 1727 6959 1675 1675 6960 1724 1724 6961 1727 1727 6962 1738 1738 6963 1735 1735 6964 1644 1644 6965 1735 1735 6966 1643 1643 6967 1644 1644 6968 1651 1651 6969 1648 1648 6970 1700 1700 6971 1648 1648 6972 1697 1697 6973 1700 1700 6974 1727 1727 6975 1730 1730 6976 1678 1678 6977 1730 1730 6978 1681 1681 6979 1678 1678 6980 1702 1702 6981 1699 1699 6982 1632 1632 6983 1699 1699 6984 1631 1631 6985 1632 1632 6986 1733 1733 6987 1684 1684 6988 1730 1730 6989 1684 1684 6990 1681 1681 6991 1730 1730 6992 1699 1699 6993 1696 1696 6994 1631 1631 6995 1696 1696 6996 1630 1630 6997 1631 1631 6998 1667 1667 6999 1620 1620 7000 1664 1664 7001 1620 1620 7002 1619 1619 7003 1664 1664 7004 1679 1679 7005 1624 1624 7006 1676 1676 7007 1624 1624 7008 1623 1623 7009 1676 1676 7010 1676 1676 7011 1623 1623 7012 1673 1673 7013 1623 1623 7014 1622 1622 7015 1673 1673 7016 1649 1649 7017 1614 1614 7018 1645 1645 7019 1614 1614 7020 1613 1613 7021 1645 1645 7022 1658 1658 7023 1617 1617 7024 1655 1655 7025 1617 1617 7026 1616 1616 7027 1655 1655 7028 1670 1670 7029 1621 1621 7030 1667 1667 7031 1621 1621 7032 1620 1620 7033 1667 1667 7034 1661 1661 7035 1618 1618 7036 1658 1658 7037 1618 1618 7038 1617 1617 7039 1658 1658 7040 1685 1685 7041 1626 1626 7042 1682 1682 7043 1626 1626 7044 1625 1625 7045 1682 1682 7046 1688 1688 7047 1627 1627 7048 1685 1685 7049 1627 1627 7050 1626 1626 7051 1685 1685 7052 1655 1655 7053 1616 1616 7054 1652 1652 7055 1616 1616 7056 1615 1615 7057 1652 1652 7058 1682 1682 7059 1625 1625 7060 1679 1679 7061 1625 1625 7062 1624 1624 7063 1679 1679 7064 1664 1664 7065 1619 1619 7066 1661 1661 7067 1619 1619 7068 1618 1618 7069 1661 1661 7070 1673 1673 7071 1622 1622 7072 1670 1670 7073 1622 1622 7074 1621 1621 7075 1670 1670 7076 1691 1691 7077 1628 1628 7078 1688 1688 7079 1628 1628 7080 1627 1627 7081 1688 1688 7082 1652 1652 7083 1615 1615 7084 1649 1649 7085 1615 1615 7086 1614 1614 7087 1649 1649 7088 1649 1649 7089 1645 1645 7090 1650 1650 7091 1645 1645 7092 1647 1647 7093 1650 1650 7094 1650 1650 7095 1647 1647 7096 1648 1648 7097 1647 1647 7098 1646 1646 7099 1648 1648 7100 1652 1652 7101 1649 1649 7102 1653 1653 7103 1649 1649 7104 1650 1650 7105 1653 1653 7106 1653 1653 7107 1650 1650 7108 1651 1651 7109 1650 1650 7110 1648 1648 7111 1651 1651 7112 1655 1655 7113 1652 1652 7114 1656 1656 7115 1652 1652 7116 1653 1653 7117 1656 1656 7118 1656 1656 7119 1653 1653 7120 1654 1654 7121 1653 1653 7122 1651 1651 7123 1654 1654 7124 1658 1658 7125 1655 1655 7126 1659 1659 7127 1655 1655 7128 1656 1656 7129 1659 1659 7130 1659 1659 7131 1656 1656 7132 1657 1657 7133 1656 1656 7134 1654 1654 7135 1657 1657 7136 1661 1661 7137 1658 1658 7138 1662 1662 7139 1658 1658 7140 1659 1659 7141 1662 1662 7142 1662 1662 7143 1659 1659 7144 1660 1660 7145 1659 1659 7146 1657 1657 7147 1660 1660 7148 1664 1664 7149 1661 1661 7150 1665 1665 7151 1661 1661 7152 1662 1662 7153 1665 1665 7154 1665 1665 7155 1662 1662 7156 1663 1663 7157 1662 1662 7158 1660 1660 7159 1663 1663 7160 1667 1667 7161 1664 1664 7162 1668 1668 7163 1664 1664 7164 1665 1665 7165 1668 1668 7166 1668 1668 7167 1665 1665 7168 1666 1666 7169 1665 1665 7170 1663 1663 7171 1666 1666 7172 1670 1670 7173 1667 1667 7174 1671 1671 7175 1667 1667 7176 1668 1668 7177 1671 1671 7178 1671 1671 7179 1668 1668 7180 1669 1669 7181 1668 1668 7182 1666 1666 7183 1669 1669 7184 1673 1673 7185 1670 1670 7186 1674 1674 7187 1670 1670 7188 1671 1671 7189 1674 1674 7190 1674 1674 7191 1671 1671 7192 1672 1672 7193 1671 1671 7194 1669 1669 7195 1672 1672 7196 1676 1676 7197 1673 1673 7198 1677 1677 7199 1673 1673 7200 1674 1674 7201 1677 1677 7202 1677 1677 7203 1674 1674 7204 1675 1675 7205 1674 1674 7206 1672 1672 7207 1675 1675 7208 1679 1679 7209 1676 1676 7210 1680 1680 7211 1676 1676 7212 1677 1677 7213 1680 1680 7214 1680 1680 7215 1677 1677 7216 1678 1678 7217 1677 1677 7218 1675 1675 7219 1678 1678 7220 1682 1682 7221 1679 1679 7222 1683 1683 7223 1679 1679 7224 1680 1680 7225 1683 1683 7226 1683 1683 7227 1680 1680 7228 1681 1681 7229 1680 1680 7230 1678 1678 7231 1681 1681 7232 1685 1685 7233 1682 1682 7234 1686 1686 7235 1682 1682 7236 1683 1683 7237 1686 1686 7238 1686 1686 7239 1683 1683 7240 1684 1684 7241 1683 1683 7242 1681 1681 7243 1684 1684 7244 1688 1688 7245 1685 1685 7246 1689 1689 7247 1685 1685 7248 1686 1686 7249 1689 1689 7250 1689 1689 7251 1686 1686 7252 1687 1687 7253 1686 1686 7254 1684 1684 7255 1687 1687 7256 1691 1691 7257 1688 1688 7258 1692 1692 7259 1688 1688 7260 1689 1689 7261 1692 1692 7262 1692 1692 7263 1689 1689 7264 1690 1690 7265 1689 1689 7266 1687 1687 7267 1690 1690 7268 1645 1645 7269 1691 1691 7270 1647 1647 7271 1691 1691 7272 1692 1692 7273 1647 1647 7274 1647 1647 7275 1692 1692 7276 1646 1646 7277 1692 1692 7278 1690 1690 7279 1646 1646 7280 1694 1694 7281 1738 1738 7282 1629 1629 7283 1738 1738 7284 1644 1644 7285 1629 1629 7286 1697 1697 7287 1693 1693 7288 1698 1698 7289 1693 1693 7290 1695 1695 7291 1698 1698 7292 1698 1698 7293 1695 1695 7294 1696 1696 7295 1695 1695 7296 1694 1694 7297 1696 1696 7298 1700 1700 7299 1697 1697 7300 1701 1701 7301 1697 1697 7302 1698 1698 7303 1701 1701 7304 1701 1701 7305 1698 1698 7306 1699 1699 7307 1698 1698 7308 1696 1696 7309 1699 1699 7310 1703 1703 7311 1700 1700 7312 1704 1704 7313 1700 1700 7314 1701 1701 7315 1704 1704 7316 1704 1704 7317 1701 1701 7318 1702 1702 7319 1701 1701 7320 1699 1699 7321 1702 1702 7322 1706 1706 7323 1703 1703 7324 1707 1707 7325 1703 1703 7326 1704 1704 7327 1707 1707 7328 1707 1707 7329 1704 1704 7330 1705 1705 7331 1704 1704 7332 1702 1702 7333 1705 1705 7334 1709 1709 7335 1706 1706 7336 1710 1710 7337 1706 1706 7338 1707 1707 7339 1710 1710 7340 1710 1710 7341 1707 1707 7342 1708 1708 7343 1707 1707 7344 1705 1705 7345 1708 1708 7346 1712 1712 7347 1709 1709 7348 1713 1713 7349 1709 1709 7350 1710 1710 7351 1713 1713 7352 1713 1713 7353 1710 1710 7354 1711 1711 7355 1710 1710 7356 1708 1708 7357 1711 1711 7358 1715 1715 7359 1712 1712 7360 1716 1716 7361 1712 1712 7362 1713 1713 7363 1716 1716 7364 1716 1716 7365 1713 1713 7366 1714 1714 7367 1713 1713 7368 1711 1711 7369 1714 1714 7370 1718 1718 7371 1715 1715 7372 1719 1719 7373 1715 1715 7374 1716 1716 7375 1719 1719 7376 1719 1719 7377 1716 1716 7378 1717 1717 7379 1716 1716 7380 1714 1714 7381 1717 1717 7382 1721 1721 7383 1718 1718 7384 1722 1722 7385 1718 1718 7386 1719 1719 7387 1722 1722 7388 1722 1722 7389 1719 1719 7390 1720 1720 7391 1719 1719 7392 1717 1717 7393 1720 1720 7394 1724 1724 7395 1721 1721 7396 1725 1725 7397 1721 1721 7398 1722 1722 7399 1725 1725 7400 1725 1725 7401 1722 1722 7402 1723 1723 7403 1722 1722 7404 1720 1720 7405 1723 1723 7406 1727 1727 7407 1724 1724 7408 1728 1728 7409 1724 1724 7410 1725 1725 7411 1728 1728 7412 1728 1728 7413 1725 1725 7414 1726 1726 7415 1725 1725 7416 1723 1723 7417 1726 1726 7418 1730 1730 7419 1727 1727 7420 1731 1731 7421 1727 1727 7422 1728 1728 7423 1731 1731 7424 1731 1731 7425 1728 1728 7426 1729 1729 7427 1728 1728 7428 1726 1726 7429 1729 1729 7430 1733 1733 7431 1730 1730 7432 1734 1734 7433 1730 1730 7434 1731 1731 7435 1734 1734 7436 1734 1734 7437 1731 1731 7438 1732 1732 7439 1731 1731 7440 1729 1729 7441 1732 1732 7442 1736 1736 7443 1733 1733 7444 1737 1737 7445 1733 1733 7446 1734 1734 7447 1737 1737 7448 1737 1737 7449 1734 1734 7450 1735 1735 7451 1734 1734 7452 1732 1732 7453 1735 1735 7454 1739 1739 7455 1736 1736 7456 1740 1740 7457 1736 1736 7458 1737 1737 7459 1740 1740 7460 1740 1740 7461 1737 1737 7462 1738 1738 7463 1737 1737 7464 1735 1735 7465 1738 1738 7466 1693 1693 7467 1739 1739 7468 1695 1695 7469 1739 1739 7470 1740 1740 7471 1695 1695 7472 1695 1695 7473 1740 1740 7474 1694 1694 7475 1740 1740 7476 1738 1738 7477 1694 1694 7478 1693 1693 7479 1697 1697 7480 1646 1646 7481 1697 1697 7482 1648 1648 7483 1646 1646 7484 1645 1645 7485 1613 1613 7486 1691 1691 7487 1613 1613 7488 1628 1628 7489 1691 1691 7490 1836 1836 7491 1833 1833 7492 1762 1762 7493 1833 1833 7494 1761 1761 7495 1762 1762 7496 1867 1867 7497 1818 1818 7498 1864 1864 7499 1818 1818 7500 1815 1815 7501 1864 1864 7502 1867 1867 7503 1821 1821 7504 1818 1818 7505 1821 1821 7506 1774 1774 7507 1818 1818 7508 1839 1839 7509 1836 1836 7510 1763 1763 7511 1836 1836 7512 1762 1762 7513 1763 1763 7514 1828 1828 7515 1831 1831 7516 1779 1779 7517 1831 1831 7518 1782 1782 7519 1779 1779 7520 1842 1842 7521 1839 1839 7522 1764 1764 7523 1839 1839 7524 1763 1763 7525 1764 1764 7526 1824 1824 7527 1822 1822 7528 1758 1758 7529 1822 1822 7530 1757 1757 7531 1758 1758 7532 1833 1833 7533 1830 1830 7534 1761 1761 7535 1830 1830 7536 1760 1760 7537 1761 1761 7538 1845 1845 7539 1842 1842 7540 1765 1765 7541 1842 1842 7542 1764 1764 7543 1765 1765 7544 1785 1785 7545 1782 1782 7546 1834 1834 7547 1782 1782 7548 1831 1831 7549 1834 1834 7550 1848 1848 7551 1845 1845 7552 1766 1766 7553 1845 1845 7554 1765 1765 7555 1766 1766 7556 1788 1788 7557 1785 1785 7558 1837 1837 7559 1785 1785 7560 1834 1834 7561 1837 1837 7562 1851 1851 7563 1848 1848 7564 1767 1767 7565 1848 1848 7566 1766 1766 7567 1767 1767 7568 1791 1791 7569 1788 1788 7570 1840 1840 7571 1788 1788 7572 1837 1837 7573 1840 1840 7574 1854 1854 7575 1851 1851 7576 1768 1768 7577 1851 1851 7578 1767 1767 7579 1768 1768 7580 1791 1791 7581 1840 1840 7582 1794 1794 7583 1840 1840 7584 1843 1843 7585 1794 1794 7586 1857 1857 7587 1854 1854 7588 1769 1769 7589 1854 1854 7590 1768 1768 7591 1769 1769 7592 1794 1794 7593 1843 1843 7594 1797 1797 7595 1843 1843 7596 1846 1846 7597 1797 1797 7598 1860 1860 7599 1857 1857 7600 1770 1770 7601 1857 1857 7602 1769 1769 7603 1770 1770 7604 1846 1846 7605 1849 1849 7606 1797 1797 7607 1849 1849 7608 1800 1800 7609 1797 1797 7610 1861 1861 7611 1864 1864 7612 1812 1812 7613 1864 1864 7614 1815 1815 7615 1812 1812 7616 1803 1803 7617 1800 1800 7618 1852 1852 7619 1800 1800 7620 1849 1849 7621 1852 1852 7622 1863 1863 7623 1860 1860 7624 1771 1771 7625 1860 1860 7626 1770 1770 7627 1771 1771 7628 1806 1806 7629 1803 1803 7630 1855 1855 7631 1803 1803 7632 1852 1852 7633 1855 1855 7634 1866 1866 7635 1863 1863 7636 1772 1772 7637 1863 1863 7638 1771 1771 7639 1772 1772 7640 1779 1779 7641 1776 1776 7642 1828 1828 7643 1776 1776 7644 1825 1825 7645 1828 1828 7646 1855 1855 7647 1858 1858 7648 1806 1806 7649 1858 1858 7650 1809 1809 7651 1806 1806 7652 1830 1830 7653 1827 1827 7654 1760 1760 7655 1827 1827 7656 1759 1759 7657 1760 1760 7658 1861 1861 7659 1812 1812 7660 1858 1858 7661 1812 1812 7662 1809 1809 7663 1858 1858 7664 1827 1827 7665 1824 1824 7666 1759 1759 7667 1824 1824 7668 1758 1758 7669 1759 1759 7670 1795 1795 7671 1748 1748 7672 1792 1792 7673 1748 1748 7674 1747 1747 7675 1792 1792 7676 1807 1807 7677 1752 1752 7678 1804 1804 7679 1752 1752 7680 1751 1751 7681 1804 1804 7682 1804 1804 7683 1751 1751 7684 1801 1801 7685 1751 1751 7686 1750 1750 7687 1801 1801 7688 1777 1777 7689 1742 1742 7690 1773 1773 7691 1742 1742 7692 1741 1741 7693 1773 1773 7694 1786 1786 7695 1745 1745 7696 1783 1783 7697 1745 1745 7698 1744 1744 7699 1783 1783 7700 1798 1798 7701 1749 1749 7702 1795 1795 7703 1749 1749 7704 1748 1748 7705 1795 1795 7706 1789 1789 7707 1746 1746 7708 1786 1786 7709 1746 1746 7710 1745 1745 7711 1786 1786 7712 1813 1813 7713 1754 1754 7714 1810 1810 7715 1754 1754 7716 1753 1753 7717 1810 1810 7718 1816 1816 7719 1755 1755 7720 1813 1813 7721 1755 1755 7722 1754 1754 7723 1813 1813 7724 1783 1783 7725 1744 1744 7726 1780 1780 7727 1744 1744 7728 1743 1743 7729 1780 1780 7730 1810 1810 7731 1753 1753 7732 1807 1807 7733 1753 1753 7734 1752 1752 7735 1807 1807 7736 1792 1792 7737 1747 1747 7738 1789 1789 7739 1747 1747 7740 1746 1746 7741 1789 1789 7742 1801 1801 7743 1750 1750 7744 1798 1798 7745 1750 1750 7746 1749 1749 7747 1798 1798 7748 1819 1819 7749 1756 1756 7750 1816 1816 7751 1756 1756 7752 1755 1755 7753 1816 1816 7754 1780 1780 7755 1743 1743 7756 1777 1777 7757 1743 1743 7758 1742 1742 7759 1777 1777 7760 1777 1777 7761 1773 1773 7762 1778 1778 7763 1773 1773 7764 1775 1775 7765 1778 1778 7766 1778 1778 7767 1775 1775 7768 1776 1776 7769 1775 1775 7770 1774 1774 7771 1776 1776 7772 1780 1780 7773 1777 1777 7774 1781 1781 7775 1777 1777 7776 1778 1778 7777 1781 1781 7778 1781 1781 7779 1778 1778 7780 1779 1779 7781 1778 1778 7782 1776 1776 7783 1779 1779 7784 1783 1783 7785 1780 1780 7786 1784 1784 7787 1780 1780 7788 1781 1781 7789 1784 1784 7790 1784 1784 7791 1781 1781 7792 1782 1782 7793 1781 1781 7794 1779 1779 7795 1782 1782 7796 1786 1786 7797 1783 1783 7798 1787 1787 7799 1783 1783 7800 1784 1784 7801 1787 1787 7802 1787 1787 7803 1784 1784 7804 1785 1785 7805 1784 1784 7806 1782 1782 7807 1785 1785 7808 1789 1789 7809 1786 1786 7810 1790 1790 7811 1786 1786 7812 1787 1787 7813 1790 1790 7814 1790 1790 7815 1787 1787 7816 1788 1788 7817 1787 1787 7818 1785 1785 7819 1788 1788 7820 1792 1792 7821 1789 1789 7822 1793 1793 7823 1789 1789 7824 1790 1790 7825 1793 1793 7826 1793 1793 7827 1790 1790 7828 1791 1791 7829 1790 1790 7830 1788 1788 7831 1791 1791 7832 1795 1795 7833 1792 1792 7834 1796 1796 7835 1792 1792 7836 1793 1793 7837 1796 1796 7838 1796 1796 7839 1793 1793 7840 1794 1794 7841 1793 1793 7842 1791 1791 7843 1794 1794 7844 1798 1798 7845 1795 1795 7846 1799 1799 7847 1795 1795 7848 1796 1796 7849 1799 1799 7850 1799 1799 7851 1796 1796 7852 1797 1797 7853 1796 1796 7854 1794 1794 7855 1797 1797 7856 1801 1801 7857 1798 1798 7858 1802 1802 7859 1798 1798 7860 1799 1799 7861 1802 1802 7862 1802 1802 7863 1799 1799 7864 1800 1800 7865 1799 1799 7866 1797 1797 7867 1800 1800 7868 1804 1804 7869 1801 1801 7870 1805 1805 7871 1801 1801 7872 1802 1802 7873 1805 1805 7874 1805 1805 7875 1802 1802 7876 1803 1803 7877 1802 1802 7878 1800 1800 7879 1803 1803 7880 1807 1807 7881 1804 1804 7882 1808 1808 7883 1804 1804 7884 1805 1805 7885 1808 1808 7886 1808 1808 7887 1805 1805 7888 1806 1806 7889 1805 1805 7890 1803 1803 7891 1806 1806 7892 1810 1810 7893 1807 1807 7894 1811 1811 7895 1807 1807 7896 1808 1808 7897 1811 1811 7898 1811 1811 7899 1808 1808 7900 1809 1809 7901 1808 1808 7902 1806 1806 7903 1809 1809 7904 1813 1813 7905 1810 1810 7906 1814 1814 7907 1810 1810 7908 1811 1811 7909 1814 1814 7910 1814 1814 7911 1811 1811 7912 1812 1812 7913 1811 1811 7914 1809 1809 7915 1812 1812 7916 1816 1816 7917 1813 1813 7918 1817 1817 7919 1813 1813 7920 1814 1814 7921 1817 1817 7922 1817 1817 7923 1814 1814 7924 1815 1815 7925 1814 1814 7926 1812 1812 7927 1815 1815 7928 1819 1819 7929 1816 1816 7930 1820 1820 7931 1816 1816 7932 1817 1817 7933 1820 1820 7934 1820 1820 7935 1817 1817 7936 1818 1818 7937 1817 1817 7938 1815 1815 7939 1818 1818 7940 1773 1773 7941 1819 1819 7942 1775 1775 7943 1819 1819 7944 1820 1820 7945 1775 1775 7946 1775 1775 7947 1820 1820 7948 1774 1774 7949 1820 1820 7950 1818 1818 7951 1774 1774 7952 1822 1822 7953 1866 1866 7954 1757 1757 7955 1866 1866 7956 1772 1772 7957 1757 1757 7958 1825 1825 7959 1821 1821 7960 1826 1826 7961 1821 1821 7962 1823 1823 7963 1826 1826 7964 1826 1826 7965 1823 1823 7966 1824 1824 7967 1823 1823 7968 1822 1822 7969 1824 1824 7970 1828 1828 7971 1825 1825 7972 1829 1829 7973 1825 1825 7974 1826 1826 7975 1829 1829 7976 1829 1829 7977 1826 1826 7978 1827 1827 7979 1826 1826 7980 1824 1824 7981 1827 1827 7982 1831 1831 7983 1828 1828 7984 1832 1832 7985 1828 1828 7986 1829 1829 7987 1832 1832 7988 1832 1832 7989 1829 1829 7990 1830 1830 7991 1829 1829 7992 1827 1827 7993 1830 1830 7994 1834 1834 7995 1831 1831 7996 1835 1835 7997 1831 1831 7998 1832 1832 7999 1835 1835 8000 1835 1835 8001 1832 1832 8002 1833 1833 8003 1832 1832 8004 1830 1830 8005 1833 1833 8006 1837 1837 8007 1834 1834 8008 1838 1838 8009 1834 1834 8010 1835 1835 8011 1838 1838 8012 1838 1838 8013 1835 1835 8014 1836 1836 8015 1835 1835 8016 1833 1833 8017 1836 1836 8018 1840 1840 8019 1837 1837 8020 1841 1841 8021 1837 1837 8022 1838 1838 8023 1841 1841 8024 1841 1841 8025 1838 1838 8026 1839 1839 8027 1838 1838 8028 1836 1836 8029 1839 1839 8030 1843 1843 8031 1840 1840 8032 1844 1844 8033 1840 1840 8034 1841 1841 8035 1844 1844 8036 1844 1844 8037 1841 1841 8038 1842 1842 8039 1841 1841 8040 1839 1839 8041 1842 1842 8042 1846 1846 8043 1843 1843 8044 1847 1847 8045 1843 1843 8046 1844 1844 8047 1847 1847 8048 1847 1847 8049 1844 1844 8050 1845 1845 8051 1844 1844 8052 1842 1842 8053 1845 1845 8054 1849 1849 8055 1846 1846 8056 1850 1850 8057 1846 1846 8058 1847 1847 8059 1850 1850 8060 1850 1850 8061 1847 1847 8062 1848 1848 8063 1847 1847 8064 1845 1845 8065 1848 1848 8066 1852 1852 8067 1849 1849 8068 1853 1853 8069 1849 1849 8070 1850 1850 8071 1853 1853 8072 1853 1853 8073 1850 1850 8074 1851 1851 8075 1850 1850 8076 1848 1848 8077 1851 1851 8078 1855 1855 8079 1852 1852 8080 1856 1856 8081 1852 1852 8082 1853 1853 8083 1856 1856 8084 1856 1856 8085 1853 1853 8086 1854 1854 8087 1853 1853 8088 1851 1851 8089 1854 1854 8090 1858 1858 8091 1855 1855 8092 1859 1859 8093 1855 1855 8094 1856 1856 8095 1859 1859 8096 1859 1859 8097 1856 1856 8098 1857 1857 8099 1856 1856 8100 1854 1854 8101 1857 1857 8102 1861 1861 8103 1858 1858 8104 1862 1862 8105 1858 1858 8106 1859 1859 8107 1862 1862 8108 1862 1862 8109 1859 1859 8110 1860 1860 8111 1859 1859 8112 1857 1857 8113 1860 1860 8114 1864 1864 8115 1861 1861 8116 1865 1865 8117 1861 1861 8118 1862 1862 8119 1865 1865 8120 1865 1865 8121 1862 1862 8122 1863 1863 8123 1862 1862 8124 1860 1860 8125 1863 1863 8126 1867 1867 8127 1864 1864 8128 1868 1868 8129 1864 1864 8130 1865 1865 8131 1868 1868 8132 1868 1868 8133 1865 1865 8134 1866 1866 8135 1865 1865 8136 1863 1863 8137 1866 1866 8138 1821 1821 8139 1867 1867 8140 1823 1823 8141 1867 1867 8142 1868 1868 8143 1823 1823 8144 1823 1823 8145 1868 1868 8146 1822 1822 8147 1868 1868 8148 1866 1866 8149 1822 1822 8150 1821 1821 8151 1825 1825 8152 1774 1774 8153 1825 1825 8154 1776 1776 8155 1774 1774 8156 1773 1773 8157 1741 1741 8158 1819 1819 8159 1741 1741 8160 1756 1756 8161 1819 1819 8162</p>
				</triangles>
			</mesh>
		</geometry>
	</library_geometries>
	<library_visual_scenes>
		<visual_scene id="Scene" name="Scene">
			<node id="Part_0" name="Part.0" type="NODE">
				<matrix sid="transform">1 0 0 0 0 1 0 0 0 0 1 60 0 0 0 1</matrix>
				<instance_geometry url="#13F025DF-8D08-4967-A699-6E0BA8672DB8-mesh">
					<bind_material>
						<technique_common>
							<instance_material symbol="MB|1-material" target="#MB|1-material"/>
						</technique_common>
					</bind_material>
				</instance_geometry>
			</node>
			<node id="Part_1" name="Part.1" type="NODE">
				<matrix sid="transform">1 0 0 0 0 1 0 0 0 0 1 0 0 0 0 1</matrix>
				<instance_geometry url="#0001B401-17F3-4386-854E-FAE469007B56-mesh">
					<bind_material>
						<technique_common>
							<instance_material symbol="MB|1-material" target="#MB|1-material"/>
						</technique_common>
					</bind_material>
				</instance_geometry>
			</node>
		</visual_scene>
	</library_visual_scenes>
	<scene>
		<instance_visual_scene url="#Scene"/>
	</scene>
</COLLADA>